x,y,yaw,0.266,2.151,0.002
-4203.784,1707.201,-1.478,1.297,1.469,0.011
-4203.899,1707.204,-1.479,-0.085,1.278,0.004
-4204.085,1707.157,-1.48,-1.984,0.615,-0.005
-4203.993,1707.151,-1.481,-0.742,0.455,-0.022
-4203.899,1707.281,-1.482,0.335,1.73,-0.026
-4204.063,1707.16,-1.484,-1.4,0.226,-0.034
-4203.971,1707.139,-1.482,-0.251,-0.017,-0.015
-4204.009,1707.201,-1.481,-0.6,0.616,-0.006
-4203.827,1707.098,-1.48,1.36,-0.533,0.003
-4203.72,1707.026,-1.481,2.26,-1.191,0.002
-4203.692,1707.104,-1.48,2.214,-0.21,0.006
-4203.785,1707.17,-1.481,0.937,0.499,-0.004
-4203.736,1707.1,-1.481,1.296,-0.302,0.002
-4203.881,1707,-1.48,-0.383,-1.281,0.005
-4203.955,1707.007,-1.48,-1.087,-1.027,0.002
-4204.075,1706.916,-1.481,-2.16,-1.814,-0.004
-4204.084,1706.973,-1.481,-1.941,-0.955,-0.008
-4204.163,1706.974,-1.482,-2.466,-0.804,-0.009
-4204.169,1706.919,-1.483,-2.169,-1.251,-0.019
-4204.172,1706.975,-1.483,-1.878,-0.489,-0.015
-4204.134,1707.017,-1.482,-1.21,0.014,-0.008
-4204.145,1706.933,-1.482,-1.149,-0.853,-0.003
-4204.25,1706.932,-1.481,-2.055,-0.735,0.004
-4204.189,1706.808,-1.481,-1.13,-1.908,0.007
-4204.086,1706.809,-1.481,0.095,-1.621,-0.001
-4204.261,1706.933,-1.482,-1.713,-0.101,-0.007
-4204.19,1707.02,-1.481,-0.734,0.81,0.006
-4204.115,1707.349,-1.481,0.145,4.073,0.004
-4204.083,1707.416,-1.479,0.456,4.167,0.025
-4204.18,1707.373,-1.479,-0.61,3.115,0.021
-4204.354,1707.143,-1.48,-2.315,0.288,0.01
-4204.48,1706.986,-1.479,-3.275,-1.374,0.013
-4204.415,1707.018,-1.479,-2.122,-0.846,0.014
-4204.423,1707.154,-1.479,-1.894,0.687,0.012
-4204.233,1707.127,-1.479,0.339,0.306,0.009
-4204.08,1707.26,-1.481,1.874,1.628,-0.011
-4204.115,1707.177,-1.481,1.237,0.535,-0.01
-4204.029,1707.169,-1.481,1.939,0.376,-0.007
-4204.075,1707.108,-1.48,1.178,-0.306,-0.002
-4204.247,1707.216,-1.48,-0.762,0.851,0.001
-4204.325,1707.323,-1.48,-1.454,1.828,0
-4204.215,1707.45,-1.481,-0.113,2.859,-0.004
-4204.195,1707.391,-1.482,0.113,1.83,-0.014
-4204.261,1707.345,-1.482,-0.582,1.092,-0.011
-4204.129,1707.269,-1.481,0.864,0.152,-0.005
-4204.138,1707.143,-1.482,0.641,-1.167,-0.01
-4204.079,1707.004,-1.482,1.152,-2.432,-0.01
-4204.045,1707.006,-1.481,1.335,-2.054,0.004
-4204.089,1706.99,-1.481,0.688,-1.916,0.005
-4204.238,1706.841,-1.481,-0.95,-3.168,-0.001
-4204.424,1706.941,-1.481,-2.727,-1.676,-0.001
-4204.28,1706.88,-1.481,-0.846,-2.054,0.004
-4204.241,1706.912,-1.481,-0.318,-1.421,0.001
-4204.297,1707.016,-1.481,-0.847,-0.144,-0.005
-4204.209,1706.998,-1.482,0.184,-0.306,-0.01
-4204.175,1707.125,-1.482,0.507,1.049,-0.007
-4204.235,1707.005,-1.482,-0.187,-0.338,-0.003
-4204.273,1707.114,-1.482,-0.552,0.827,-0.004
-4204.272,1707.101,-1.481,-0.462,0.578,0.001
-4204.198,1707.172,-1.481,0.376,1.222,0.001
-4204.187,1707.06,-1.482,0.434,-0.116,-0.004
-4204.274,1707.152,-1.481,-0.532,0.853,-0.001
-4204.199,1707.112,-1.481,0.32,0.313,0.003
-4204.131,1707.082,-1.48,0.97,-0.04,0.014
-4203.944,1706.876,-1.48,2.762,-2.157,0.01
-4204.026,1706.999,-1.48,1.506,-0.575,0.006
-4203.965,1707.171,-1.48,1.916,1.285,0.006
-4204.053,1707.168,-1.481,0.722,1.061,0.002
-4204.138,1707.191,-1.481,-0.251,1.148,-0.004
-4204.07,1707.142,-1.482,0.486,0.466,-0.008
-4204.058,1707.039,-1.481,0.533,-0.663,-0.003
-4204.13,1707.021,-1.481,-0.282,-0.744,0.002
-4204.183,1706.99,-1.481,-0.791,-0.957,0.002
-4204.117,1706.998,-1.481,0.009,-0.73,-0.001
-4204.161,1706.913,-1.481,-0.449,-1.505,0
-4204.121,1707.021,-1.481,0.029,-0.169,0
-4204.131,1706.867,-1.481,-0.08,-1.727,0.002
-4204.098,1706.845,-1.48,0.271,-1.703,0.008
-4204.028,1706.999,-1.48,0.951,0.139,0.008
-4203.987,1707.155,-1.48,1.238,1.724,0.007
-4204.04,1707.233,-1.48,0.513,2.273,0.01
-4203.882,1707.29,-1.482,2.065,2.521,-0.012
-4203.932,1707.335,-1.481,1.242,2.616,-0.008
-4204.083,1707.377,-1.482,-0.496,2.659,-0.009
-4204.091,1707.303,-1.481,-0.509,1.513,0.003
-4203.982,1707.235,-1.481,0.687,0.59,-0.003
-4204.153,1707.378,-1.48,-1.174,1.974,0.004
-4204.198,1707.375,-1.48,-1.458,1.651,0.009
-4204.08,1707.565,-1.479,-0.028,3.368,0.013
-4204.064,1707.597,-1.479,0.139,3.199,0.011
-4204.188,1707.316,-1.48,-1.165,-0.164,0.003
-4204.126,1707.367,-1.48,-0.351,0.385,-0.002
-4204.247,1707.321,-1.48,-1.542,-0.145,-0.001
-4204.194,1707.232,-1.48,-0.767,-1.045,0
-4204.175,1707.189,-1.479,-0.461,-1.328,0.012
-4203.987,1707.421,-1.48,1.541,1.254,0.003
-4203.929,1707.281,-1.48,1.914,-0.375,-0.003
-4203.795,1707.278,-1.481,3.008,-0.345,-0.011
-4203.861,1707.375,-1.481,1.882,0.701,-0.01
-4203.934,1707.232,-1.48,0.857,-0.877,0.002
-4204.052,1707.089,-1.481,-0.48,-2.22,-0.009
-4203.987,1707.165,-1.481,0.255,-1.105,-0.007
-4203.887,1707.276,-1.482,1.25,0.195,-0.009
-4203.938,1707.262,-1.482,0.546,0.029,-0.009
-4203.873,1707.195,-1.482,1.135,-0.666,-0.006
-4203.729,1706.943,-1.481,2.452,-3.169,-0.002
-4203.72,1707.008,-1.481,2.18,-2.032,0
-4203.566,1706.901,-1.482,3.439,-2.838,-0.004
-4203.698,1707.089,-1.482,1.581,-0.483,-0.009
-4203.783,1707.074,-1.483,0.473,-0.56,-0.013
-4203.937,1707.112,-1.483,-1.185,-0.091,-0.013
-4204.095,1707.077,-1.483,-2.639,-0.434,-0.014
-4204.054,1707.057,-1.483,-1.827,-0.582,-0.011
-4204.087,1707.193,-1.483,-1.9,0.903,-0.005
-4204.11,1707.201,-1.482,-1.859,0.855,0.001
-4204.181,1707.343,-1.482,-2.312,2.195,0.004
-4204.239,1707.312,-1.481,-2.574,1.546,0.007
-4204.285,1707.364,-1.482,-2.666,1.855,0.003
-4204.226,1707.198,-1.481,-1.665,-0.127,0.009
-4204.105,1707.211,-1.48,-0.173,0.027,0.018
-4204.083,1707.144,-1.479,0.072,-0.668,0.021
-4204.374,1707.299,-1.481,-2.923,1.032,0.004
-4204.619,1707.432,-1.482,-5.023,2.247,-0.01
-4204.568,1707.334,-1.482,-3.758,0.911,-0.006
-4204.68,1707.254,-1.48,-4.36,-0.047,0.011
-4204.542,1707.349,-1.481,-2.292,0.93,0.004
-4204.591,1707.397,-1.479,-2.463,1.297,0.016
-4204.549,1707.4,-1.48,-1.671,1.13,0.004
-4204.391,1707.478,-1.482,0.205,1.773,-0.01
-4204.292,1707.422,-1.483,1.187,0.934,-0.016
-4204.301,1707.331,-1.482,0.928,-0.14,-0.009
-4204.191,1707.16,-1.481,1.915,-1.886,0
-4204.411,1707.156,-1.482,-0.627,-1.65,-0.006
-4204.296,1707.141,-1.481,0.645,-1.564,0.002
-4204.194,1707.047,-1.48,1.605,-2.297,0.01
-4204.229,1707.137,-1.48,1.009,-1.03,0.014
-4204.303,1707.193,-1.481,0.102,-0.303,0.001
-4203.955,1707.35,-1.48,3.665,1.362,0.005
-4203.925,1707.171,-1.481,3.437,-0.685,0.004
-4203.925,1707.023,-1.481,2.935,-2.106,0.002
-4203.983,1707.082,-1.48,1.898,-1.192,0.004
-4203.909,1707.045,-1.481,2.389,-1.399,-0.003
-4203.797,1706.944,-1.482,3.188,-2.228,-0.012
-4204.104,1706.88,-1.481,-0.438,-2.562,-0.002
-4204.102,1706.922,-1.481,-0.351,-1.749,0.002
-4204.226,1707.009,-1.48,-1.578,-0.598,0.011
-4204.176,1707.092,-1.479,-0.832,0.341,0.021
-4203.875,1707.171,-1.479,2.383,1.109,0.014
-4203.85,1707.335,-1.479,2.299,2.632,0.012
-4203.813,1707.19,-1.48,2.336,0.751,0.004
-4203.719,1707.016,-1.481,2.961,-1.154,-0.006
-4203.669,1706.964,-1.482,3.041,-1.52,-0.015
-4203.67,1707.133,-1.481,2.583,0.446,-0.007
-4203.661,1707.276,-1.481,2.296,1.85,-0.008
-4203.715,1707.309,-1.481,1.4,1.924,-0.003
-4203.768,1707.381,-1.48,0.655,2.38,0.002
-4203.739,1707.215,-1.481,0.849,0.322,-0.002
-4203.675,1707.282,-1.48,1.384,0.96,0.009
-4203.919,1707.214,-1.479,-1.335,0.121,0.011
-4203.879,1707.295,-1.48,-0.728,0.941,0.007
-4203.92,1707.456,-1.479,-1.038,2.453,0.012
-4204.011,1707.457,-1.479,-1.819,2.103,0.011
-4204.187,1707.378,-1.479,-3.363,0.983,0.008
-4204.275,1707.127,-1.479,-3.774,-1.745,0.006
-4204.27,1707.067,-1.479,-3.165,-2.107,0.01
-4204.25,1707.126,-1.48,-2.497,-1.185,-0.001
-4204.274,1707.249,-1.481,-2.379,0.254,-0.016
-4204.389,1707.297,-1.482,-3.216,0.708,-0.024
-4204.361,1707.258,-1.482,-2.451,0.199,-0.02
-4204.432,1707.184,-1.482,-2.823,-0.586,-0.011
-4204.429,1707.21,-1.482,-2.375,-0.234,-0.012
-4204.385,1707.104,-1.481,-1.577,-1.296,-0.004
-4204.054,1707.094,-1.481,2.064,-1.206,0.001
-4204.184,1707.06,-1.482,0.425,-1.382,-0.007
-4204.227,1707.019,-1.481,-0.079,-1.591,-0.002
-4204.159,1707.017,-1.482,0.63,-1.384,-0.008
-4204.067,1706.907,-1.482,1.487,-2.313,-0.007
-4204.075,1706.821,-1.482,1.185,-2.854,-0.004
-4204.052,1706.767,-1.482,1.244,-2.997,-0.003
-4204.045,1706.875,-1.482,1.129,-1.441,-0.009
-4204.021,1707.051,-1.483,1.218,0.581,-0.01
-4203.873,1707.213,-1.482,2.559,2.163,-0.001
-4203.807,1707.326,-1.483,2.867,3.009,-0.014
-4203.848,1707.278,-1.483,2.019,2.074,-0.01
-4204.081,1707.323,-1.481,-0.674,2.235,0.008
-4204.04,1707.424,-1.481,-0.154,2.949,0.01
-4204.006,1707.477,-1.481,0.213,3.058,0.006
-4204.11,1707.366,-1.48,-0.887,1.466,0.014
-4204.047,1707.297,-1.479,-0.107,0.538,0.021
-4204.112,1707.38,-1.479,-0.753,1.315,0.015
-4204.054,1707.299,-1.479,-0.047,0.284,0.02
-4204.309,1707.534,-1.48,-2.67,2.662,0.005
-4204.32,1707.679,-1.481,-2.392,3.767,-0.006
-4204.312,1707.577,-1.48,-1.961,2.156,0.004
-4204.285,1707.521,-1.481,-1.384,1.262,-0.002
-4204.301,1707.502,-1.48,-1.354,0.883,0.004
-4204.371,1707.526,-1.481,-1.87,1.002,-0.004
-4204.341,1707.502,-1.481,-1.292,0.611,-0.002
-4204.378,1707.567,-1.48,-1.479,1.191,0.001
-4204.44,1707.596,-1.481,-1.901,1.313,-0.007
-4204.589,1707.6,-1.481,-3.158,1.161,-0.002
-4204.803,1707.535,-1.48,-4.886,0.324,0.008
-4204.846,1707.585,-1.482,-4.612,0.791,-0.011
-4204.973,1707.557,-1.482,-5.248,0.377,-0.014
-4205.118,1707.629,-1.482,-5.961,1.065,-0.009
-4205.446,1707.624,-1.483,-8.462,0.863,-0.016
-4205.745,1707.54,-1.484,-10.301,-0.129,-0.028
-4206.159,1707.518,-1.487,-13.047,-0.336,-0.048
-4206.553,1707.466,-1.49,-15.184,-0.827,-0.07
-4206.894,1707.661,-1.493,-16.456,1.301,-0.089
-4207.193,1707.829,-1.494,-17.122,2.841,-0.087
-4207.42,1707.847,-1.497,-16.935,2.61,-0.105
-4207.689,1707.887,-1.5,-17.221,2.639,-0.113
-4207.892,1707.917,-1.502,-16.77,2.559,-0.119
-4208.234,1708.031,-1.502,-17.827,3.357,-0.097
-4208.508,1708.131,-1.503,-18.028,3.888,-0.091
-4208.906,1708.063,-1.502,-19.468,2.621,-0.071
-4208.931,1708.073,-1.503,-16.868,2.337,-0.067
-4209.222,1708.083,-1.504,-17.377,2.092,-0.068
-4209.229,1708.127,-1.503,-14.893,2.244,-0.048
-4209.351,1708.351,-1.503,-13.959,4.222,-0.042
-4209.493,1708.547,-1.503,-13.37,5.615,-0.039
-4209.745,1708.57,-1.504,-14,5.021,-0.038
-4210.014,1708.706,-1.505,-14.706,5.688,-0.043
-4210.238,1708.728,-1.506,-14.856,5.074,-0.044
-4210.615,1708.693,-1.507,-16.546,3.967,-0.052
-4211.148,1709.091,-1.509,-19.606,7.479,-0.057
-4211.585,1709.027,-1.51,-21.226,5.723,-0.065
-4211.844,1708.796,-1.512,-20.76,2.507,-0.076
-4212.472,1708.758,-1.513,-24.171,1.741,-0.066
-4213.036,1708.912,-1.513,-26.423,3.073,-0.057
-4213.343,1709.13,-1.513,-25.707,4.869,-0.05
-4214.009,1709.227,-1.512,-28.781,5.154,-0.04
-4214.519,1709.445,-1.513,-29.792,6.635,-0.039
-4215.279,1709.448,-1.512,-33.236,5.69,-0.023
-4216.256,1709.74,-1.511,-38.407,7.861,-0.013
-4217.311,1710.136,-1.51,-43.623,10.78,-0.004
-4218.465,1710.121,-1.51,-49.082,9.042,0.005
-4219.462,1710.381,-1.508,-52.133,10.389,0.018
-4220.744,1710.809,-1.506,-57.656,13.268,0.036
-4221.748,1711.156,-1.504,-59.519,14.885,0.049
-4223.207,1711.39,-1.503,-65.781,15.104,0.048
-4224.554,1711.643,-1.504,-69.981,15.494,0.036
-4225.88,1712.092,-1.505,-73.335,17.837,0.021
-4227.316,1712.239,-1.505,-77.331,16.724,0.018
-4228.827,1712.561,-1.506,-81.519,17.583,0.007
-4230.159,1712.798,-1.507,-83.237,17.436,-0.008
-4231.488,1713.147,-1.51,-84.683,18.463,-0.028
-4232.787,1713.432,-1.512,-85.597,18.678,-0.048
-4234.372,1713.802,-1.515,-89.324,19.746,-0.069
-4236.119,1714.215,-1.518,-94.178,21.091,-0.085
-4237.723,1714.565,-1.52,-96.84,21.596,-0.088
-4239.164,1714.905,-1.523,-97.425,21.911,-0.111
-4240.868,1715.193,-1.526,-100.64,21.661,-0.123
-4242.271,1715.503,-1.528,-100.286,21.665,-0.121
-4243.991,1716.042,-1.53,-103.244,24.03,-0.116
-4245.695,1716.482,-1.532,-105.601,25.023,-0.119
-4247.381,1716.873,-1.53,-107.432,25.371,-0.09
-4249.107,1717.269,-1.53,-109.403,25.711,-0.072
-4250.768,1717.578,-1.529,-110.406,25.11,-0.049
-4252.455,1717.807,-1.524,-111.542,23.777,-0.001
-4254.176,1718.087,-1.519,-112.85,23.161,0.047
-4255.85,1718.192,-1.515,-113.485,20.841,0.084
-4257.519,1718.293,-1.509,-113.976,18.816,0.127
-4259.347,1718.464,-1.503,-116.033,17.811,0.164
-4261.056,1718.686,-1.499,-116.567,17.474,0.181
-4262.779,1718.854,-1.494,-117.16,16.627,0.198
-4264.443,1719.125,-1.49,-117.058,16.979,0.21
-4266.221,1719.237,-1.488,-118.145,15.637,0.197
-4267.912,1719.451,-1.487,-118.18,15.536,0.177
-4269.577,1719.617,-1.487,-117.939,14.959,0.15
-4271.159,1719.778,-1.488,-116.885,14.422,0.122
-4272.773,1719.943,-1.49,-116.313,13.993,0.088
-4274.457,1720.425,-1.489,-116.539,16.904,0.078
-4276.167,1720.677,-1.492,-117.007,17.003,0.042
-4277.436,1720.863,-1.494,-112.855,16.422,0.016
-4279.258,1721.388,-1.497,-115.023,19.412,-0.016
-4280.983,1721.553,-1.5,-115.861,18.259,-0.044
-4282.266,1721.663,-1.503,-112.027,16.705,-0.065
-4284.008,1721.842,-1.508,-113.496,16.089,-0.101
-4285.816,1722.027,-1.511,-115.408,15.623,-0.117
-4287.908,1722.124,-1.514,-119.975,14.327,-0.121
-4289.834,1722.432,-1.513,-122.161,15.392,-0.102
-4291.541,1722.61,-1.513,-121.758,14.965,-0.081
-4293.745,1723.449,-1.513,-126.547,21.395,-0.066
-4295.424,1724.136,-1.512,-125.22,25.321,-0.055
-4297.721,1724.485,-1.508,-130.45,25.187,-0.01
-4299.934,1724.907,-1.507,-134.046,25.835,0.003
-4301.705,1725.347,-1.504,-132.57,26.565,0.032
-4303.505,1725.668,-1.5,-131.602,25.961,0.067
-4305.37,1725.772,-1.496,-131.444,23.207,0.093
-4306.904,1725.936,-1.493,-127.908,21.483,0.106
-4308.623,1726.029,-1.49,-126.788,19.282,0.12
-4309.97,1726.1,-1.487,-122.019,17.18,0.133
-4311.715,1726.126,-1.485,-122.032,14.927,0.13
-4313.172,1726.532,-1.483,-119.088,16.91,0.132
-4314.665,1726.728,-1.48,-116.939,16.44,0.141
-4316.022,1726.752,-1.477,-113.72,14.261,0.148
-4317.602,1726.819,-1.476,-113.259,12.861,0.139
-4319.149,1726.696,-1.476,-112.523,9.7,0.124
-4320.432,1726.927,-1.474,-109.185,10.65,0.116
-4321.622,1726.889,-1.471,-105.379,8.693,0.129
-4322.936,1727.172,-1.469,-103.41,10.331,0.133
-4324.455,1727.197,-1.466,-103.833,9.064,0.137
-4325.791,1727.402,-1.465,-102.321,9.85,0.127
-4326.762,1727.563,-1.464,-97.272,10.053,0.118
-4327.426,1727.683,-1.463,-89.803,9.816,0.112
-4329.042,1727.808,-1.463,-93.234,9.656,0.096
-4330.34,1727.992,-1.465,-92.884,10.127,0.06
-4331.82,1728.164,-1.468,-94.458,10.406,0.03
-4333.136,1728.45,-1.469,-94.113,11.827,0.008
-4334.546,1728.783,-1.47,-94.791,13.517,0.001
-4335.978,1729.014,-1.472,-95.581,13.906,-0.022
-4337.347,1729.255,-1.474,-95.623,14.333,-0.032
-4338.674,1729.467,-1.475,-95.224,14.413,-0.04
-4340.124,1729.551,-1.478,-96.147,13.158,-0.056
-4341.205,1729.6,-1.48,-93.133,11.726,-0.068
-4342.574,1729.838,-1.481,-93.529,12.457,-0.07
-4344.011,1730,-1.482,-94.571,12.283,-0.067
-4345.084,1730.117,-1.483,-91.706,11.683,-0.064
-4346.926,1730.32,-1.482,-97.179,12.063,-0.047
-4348.711,1730.721,-1.482,-101.266,14.415,-0.044
-4350.105,1731.08,-1.48,-100.724,15.992,-0.014
-4351.784,1731.269,-1.48,-103.198,15.582,-0.014
-4353.671,1731.564,-1.48,-107.449,16.331,-0.015
-4355.543,1731.899,-1.479,-110.917,17.376,-0.003
-4357.678,1732.027,-1.478,-116.579,16.137,0.009
-4359.695,1732.05,-1.476,-120.206,14.004,0.022
-4361.224,1732.045,-1.475,-118.265,11.889,0.031
-4362.92,1732.233,-1.474,-118.335,12.079,0.036
-4364.679,1732.393,-1.472,-119.033,11.947,0.047
-4366.323,1732.548,-1.472,-118.449,11.789,0.045
-4367.999,1732.693,-1.47,-118.29,11.542,0.052
-4369.87,1732.885,-1.467,-120.155,11.827,0.073
-4371.272,1733.031,-1.465,-116.915,11.583,0.089
-4373.204,1733.154,-1.464,-119.611,11.147,0.078
-4375.006,1733.175,-1.463,-120.568,9.731,0.076
-4376.347,1733.177,-1.462,-116.641,8.311,0.075
-4378.283,1733.316,-1.464,-119.419,8.522,0.053
-4379.979,1733.445,-1.462,-119.315,8.6,0.056
-4381.706,1733.612,-1.463,-119.548,9.052,0.04
-4383.506,1733.703,-1.464,-120.5,8.665,0.023
-4385.218,1733.884,-1.464,-120.4,9.244,0.025
-4386.958,1734.268,-1.463,-120.613,11.843,0.031
-4388.632,1734.473,-1.464,-120.101,12.212,0.019
-4390.423,1734.632,-1.464,-120.881,12.057,0.008
-4392.096,1734.824,-1.465,-120.324,12.254,0.005
-4393.975,1734.906,-1.465,-121.967,11.295,0.001
-4395.774,1735.078,-1.466,-122.554,11.41,-0.006
-4397.391,1735.158,-1.467,-121.177,10.554,-0.015
-4398.962,1735.302,-1.469,-119.529,10.48,-0.033
-4400.77,1735.38,-1.47,-120.561,9.747,-0.036
-4402.45,1735.427,-1.471,-120.126,8.795,-0.043
-4403.687,1735.451,-1.472,-115.188,7.753,-0.048
-4405.497,1735.502,-1.474,-116.883,7.131,-0.054
-4407.071,1735.574,-1.474,-115.898,6.826,-0.054
-4408.223,1735.624,-1.475,-110.716,6.339,-0.054
-4410.016,1735.713,-1.475,-112.893,6.316,-0.041
-4411.747,1735.767,-1.474,-114.104,5.948,-0.028
-4413.038,1735.803,-1.473,-110.613,5.448,-0.018
-4414.785,1735.921,-1.473,-112.333,5.853,-0.008
-4416.646,1736.039,-1.47,-114.974,6.208,0.018
-4418.312,1735.893,-1.469,-115.219,3.793,0.029
-4419.545,1735.76,-1.467,-110.971,1.863,0.037
-4421.193,1735.5,-1.465,-111.608,-1.083,0.049
-4422.908,1735.426,-1.462,-112.854,-1.683,0.072
-4424.682,1735.665,-1.46,-114.515,1.027,0.079
-4426.009,1735.871,-1.459,-111.34,2.99,0.083
-4427.632,1735.449,-1.456,-111.668,-1.793,0.098
-4429.37,1735.132,-1.452,-113.139,-4.796,0.12
-4431.062,1734.722,-1.45,-113.925,-8.303,0.12
-4432.321,1734.383,-1.448,-110.127,-10.575,0.12
-4433.881,1734.136,-1.445,-109.995,-11.565,0.137
-4435.517,1733.792,-1.442,-110.65,-13.399,0.145
-4437.088,1733.645,-1.439,-110.553,-12.949,0.15
-4438.535,1733.452,-1.437,-109.191,-13.034,0.153
-4440.038,1733.221,-1.435,-108.611,-13.495,0.144
-4441.858,1732.959,-1.432,-111.373,-14.2,0.154
-4443.374,1732.891,-1.431,-110.594,-12.82,0.14
-4444.857,1732.724,-1.429,-109.604,-12.646,0.144
-4446.239,1732.774,-1.428,-107.706,-10.272,0.125
-4447.671,1732.737,-1.428,-106.614,-9.147,0.111
-4449.119,1732.67,-1.429,-105.835,-8.485,0.087
-4450.18,1732.628,-1.429,-101.192,-7.67,0.07
-4451.723,1732.739,-1.431,-102.195,-5.401,0.044
-4453.168,1732.65,-1.431,-102.044,-5.53,0.035
-4454.745,1732.627,-1.431,-103.273,-4.948,0.027
-4455.923,1732.616,-1.431,-100.212,-4.329,0.021
-4457.224,1732.924,-1.433,-98.865,-0.522,0.008
-4458.752,1733.216,-1.434,-100.058,2.557,-0.003
-4460.323,1733.286,-1.436,-101.513,2.901,-0.022
-4461.567,1733.493,-1.437,-99.392,4.61,-0.03
-4463.028,1733.641,-1.439,-99.815,5.449,-0.048
-4464.395,1733.784,-1.441,-99.209,6.12,-0.057
-4465.398,1733.897,-1.442,-94.948,6.381,-0.063
-4466.763,1733.968,-1.443,-95.028,6.172,-0.062
-4468.318,1734.428,-1.444,-97.063,10.007,-0.06
-4469.521,1734.767,-1.447,-95.171,12.023,-0.079
-4470.389,1735.039,-1.45,-90.115,13.051,-0.092
-4471.834,1735.399,-1.45,-91.737,14.838,-0.084
-4473.27,1735.626,-1.45,-93.022,14.999,-0.075
-4474.821,1735.793,-1.453,-95.321,14.511,-0.084
-4475.992,1735.911,-1.455,-93.355,13.592,-0.091
-4477.676,1736.231,-1.455,-96.963,14.882,-0.082
-4479.421,1736.484,-1.455,-100.667,15.303,-0.073
-4480.75,1736.676,-1.456,-99.533,15.025,-0.065
-4482.414,1736.98,-1.456,-102.035,15.948,-0.058
-4483.816,1737.193,-1.457,-101.464,15.79,-0.059
-4485.246,1737.385,-1.458,-101.257,15.452,-0.059
-4487.018,1737.524,-1.458,-104.604,14.608,-0.054
-4488.617,1737.729,-1.457,-105.684,14.571,-0.036
-4490.177,1737.856,-1.456,-106.204,13.734,-0.015
-4492.105,1738.008,-1.455,-110.435,13.276,-0.008
-4493.875,1738.311,-1.454,-112.408,14.445,0.001
-4495.586,1738.449,-1.452,-113.495,13.748,0.019
-4497.335,1738.651,-1.45,-114.808,13.798,0.037
-4498.981,1738.769,-1.45,-114.877,12.982,0.038
-4500.852,1738.931,-1.448,-117.24,12.743,0.048
-4502.437,1739.072,-1.447,-116.314,12.327,0.049
-4503.823,1739.371,-1.445,-113.478,13.591,0.06
-4505.4,1739.556,-1.445,-113.022,13.495,0.05
-4506.988,1739.507,-1.445,-112.75,11.006,0.05
-4508.613,1739.72,-1.444,-112.897,11.58,0.048
-4510.218,1739.623,-1.444,-112.812,8.874,0.042
-4511.583,1739.761,-1.443,-110.278,8.996,0.042
-4512.565,1739.865,-1.443,-104.168,8.741,0.041
-4514.285,1739.675,-1.44,-106.548,5.5,0.061
-4515.97,1739.858,-1.44,-108.233,6.569,0.055
-4517.233,1740.004,-1.439,-105.317,7.107,0.05
-4518.916,1739.952,-1.441,-107.146,5.526,0.031
-4520.464,1739.854,-1.443,-107.336,3.712,0.007
-4521.94,1739.85,-1.444,-106.745,3.123,-0.01
-4523.35,1739.767,-1.447,-105.556,1.804,-0.034
-4524.378,1739.691,-1.449,-100.621,0.761,-0.052
-4525.81,1739.699,-1.451,-100.558,0.729,-0.063
-4527.396,1739.873,-1.452,-102.093,2.419,-0.057
-4528.932,1739.921,-1.453,-102.892,2.551,-0.057
-4530.565,1739.988,-1.455,-104.575,2.871,-0.071
-4532.04,1740.109,-1.456,-104.383,3.688,-0.071
-4533.594,1740.341,-1.456,-105.031,5.538,-0.063
-4534.749,1740.532,-1.457,-101.474,6.692,-0.057
-4536.288,1740.518,-1.459,-102.391,5.565,-0.071
-4537.861,1740.562,-1.46,-103.531,5.191,-0.073
-4539.319,1740.603,-1.462,-103.31,4.851,-0.079
-4540.58,1740.961,-1.465,-101.097,7.828,-0.096
-4542.187,1740.956,-1.468,-102.768,6.62,-0.104
-4543.764,1741.31,-1.471,-103.897,9.293,-0.118
-4545.266,1741.653,-1.475,-104.077,11.457,-0.143
-4546.439,1741.74,-1.479,-100.85,10.672,-0.158
-4548.021,1742.157,-1.482,-102.3,13.393,-0.166
-4549.379,1742.338,-1.485,-101.239,13.288,-0.163
-4551.006,1742.814,-1.488,-103.095,16.23,-0.165
-4552.4,1743.228,-1.491,-102.291,18.106,-0.169
-4553.822,1743.663,-1.494,-101.884,19.922,-0.172
-4555.164,1744.075,-1.495,-100.714,21.238,-0.161
-4556.649,1744.31,-1.497,-101.192,20.528,-0.16
-4557.981,1744.599,-1.499,-100.022,20.484,-0.152
-4559.145,1744.979,-1.498,-97.294,21.385,-0.12
-4559.976,1745.269,-1.497,-91.539,21.229,-0.096
-4561.352,1745.602,-1.498,-92.241,21.532,-0.085
-4562.795,1745.78,-1.498,-93.531,20.196,-0.078
-4564.122,1746.09,-1.5,-93.441,20.423,-0.082
-4565.444,1746.501,-1.501,-93.304,21.651,-0.08
-4566.602,1746.822,-1.503,-91.502,21.771,-0.085
-4567.599,1747.095,-1.504,-88.308,21.379,-0.085
-4568.772,1747.514,-1.505,-87.399,22.547,-0.084
-4569.791,1748.148,-1.506,-85.035,25.752,-0.082
-4570.854,1748.566,-1.507,-83.476,26.269,-0.08
-4571.623,1748.88,-1.509,-79.117,25.641,-0.078
-4572.589,1749.22,-1.508,-77.427,25.368,-0.064
-4573.607,1749.511,-1.508,-76.519,24.637,-0.05
-4574.562,1749.772,-1.508,-75.097,23.701,-0.046
-4575.403,1750.064,-1.509,-72.71,23.22,-0.045
-4576.2,1750.31,-1.508,-70.215,22.338,-0.031
-4576.761,1750.483,-1.507,-65.674,20.829,-0.02
-4577.706,1750.849,-1.507,-65.737,21.54,-0.018
-4578.829,1751.253,-1.507,-67.634,22.529,-0.015
-4579.809,1751.498,-1.507,-67.772,21.735,-0.013
-4580.534,1751.67,-1.507,-65.269,20.313,-0.012
-4581.407,1751.94,-1.508,-64.655,20.105,-0.012
-4582.531,1752.366,-1.506,-66.721,21.534,0.004
-4583.624,1752.733,-1.504,-68.159,22.145,0.024
-4584.923,1753.24,-1.501,-71.507,24.11,0.044
-4586.396,1753.413,-1.5,-76.154,22.346,0.049
-4587.567,1753.838,-1.5,-77.017,23.426,0.042
-4588.823,1754.189,-1.5,-78.619,23.603,0.043
-4590.062,1754.496,-1.498,-79.816,23.283,0.051
-4591.396,1754.776,-1.496,-81.808,22.746,0.06
-4592.768,1755.059,-1.494,-83.892,22.311,0.071
-4594.115,1755.209,-1.492,-85.426,20.575,0.079
-4595.707,1755.281,-1.489,-89.249,18.287,0.102
-4597.182,1755.476,-1.486,-91.313,17.611,0.115
-4598.942,1755.77,-1.483,-96.003,18.052,0.123
-4600.465,1755.762,-1.481,-97.561,15.313,0.13
-4601.886,1755.864,-1.477,-97.837,14.111,0.148
-4603.501,1755.719,-1.474,-100.08,10.538,0.153
-4604.908,1755.762,-1.47,-99.843,9.431,0.169
-4606.562,1755.652,-1.467,-102.193,6.911,0.172
-4608.103,1755.646,-1.463,-103.024,5.84,0.183
-4609.785,1755.396,-1.46,-105.183,2.399,0.186
-4611.049,1755.174,-1.457,-102.736,-0.236,0.188
-4612.839,1754.989,-1.457,-106.052,-2.108,0.157
-4614.844,1754.856,-1.456,-111.096,-3.164,0.151
-4616.571,1754.597,-1.455,-112.53,-5.37,0.137
-4618.612,1754.489,-1.455,-116.996,-5.684,0.116
-4620.625,1754.345,-1.454,-120.507,-6.333,0.105
-4622.366,1754.132,-1.454,-120.714,-7.596,0.093
-4623.655,1753.961,-1.453,-116.227,-8.237,0.083
-4624.559,1753.828,-1.453,-108.446,-8.394,0.076
-4626.943,1753.47,-1.453,-117.042,-10.844,0.067
-4629.083,1753.123,-1.453,-121.863,-12.829,0.05
-4631.371,1752.623,-1.454,-127.484,-16.087,0.036
-4633.508,1752.322,-1.454,-130.734,-16.818,0.033
-4635.473,1752.211,-1.452,-131.739,-15.492,0.042
-4637.729,1751.818,-1.451,-135.586,-17.257,0.047
-4639.676,1751.67,-1.45,-135.695,-16.244,0.053
-4641.659,1751.41,-1.447,-136.157,-16.528,0.068
-4643.735,1750.997,-1.446,-137.5,-18.348,0.069
-4645.805,1750.638,-1.445,-138.59,-19.345,0.072
-4647.816,1750.208,-1.445,-138.911,-20.932,0.064
-4649.759,1749.82,-1.446,-138.481,-21.844,0.043
-4651.189,1749.524,-1.447,-132.84,-21.677,0.028
-4653.544,1749.142,-1.447,-137.55,-22.421,0.018
-4655.415,1748.749,-1.449,-136.577,-23.171,-0.003
-4657.43,1748.324,-1.452,-137.24,-24.136,-0.023
-4659.729,1747.981,-1.454,-140.718,-24.123,-0.038
-4661.7,1747.626,-1.456,-140.312,-24.232,-0.059
-4663.607,1747.425,-1.457,-139.317,-22.731,-0.058
-4665.844,1747.112,-1.459,-141.856,-22.618,-0.065
-4667.916,1746.547,-1.461,-142.318,-25.103,-0.074
-4669.948,1746.178,-1.461,-142.306,-25.205,-0.068
-4671.448,1745.905,-1.462,-136.827,-24.311,-0.063
-4673.598,1745.555,-1.463,-138.829,-24.338,-0.065
-4676.042,1745.11,-1.463,-143.575,-25.345,-0.056
-4678.301,1744.724,-1.462,-145.719,-25.589,-0.035
-4679.993,1744.437,-1.461,-141.701,-24.785,-0.019
-4682.516,1744.28,-1.458,-146.835,-22.754,0.005
-4684.637,1744.04,-1.457,-147.083,-21.874,0.016
-4686.207,1743.873,-1.456,-141.614,-20.383,0.025
-4688.721,1743.545,-1.453,-146.664,-20.759,0.05
-4690.631,1743.299,-1.45,-144.758,-20.239,0.068
-4693.54,1742.745,-1.446,-153.42,-22.96,0.097
-4696.116,1742.242,-1.442,-157.374,-24.761,0.121
-4698.77,1741.679,-1.439,-161.549,-26.917,0.137
-4700.774,1741.241,-1.435,-158.424,-27.475,0.148
-4703.304,1740.677,-1.431,-161.168,-29.241,0.169
-4705.674,1740.044,-1.428,-161.862,-31.448,0.176
-4708.039,1739.803,-1.423,-162.404,-29.303,0.195
-4709.791,1739.648,-1.419,-156.563,-26.593,0.209
-4711.72,1739.296,-1.417,-153.397,-26.31,0.198
-4713.458,1738.808,-1.415,-148.731,-27.46,0.184
-4714.693,1738.436,-1.413,-139.569,-27.255,0.173
-4716.585,1738.205,-1.412,-138.52,-25.618,0.157
-4718.372,1737.992,-1.412,-136.539,-24.046,0.136
-4720.167,1737.75,-1.412,-134.948,-23.007,0.113
-4722.13,1737.537,-1.414,-135.309,-21.81,0.084
-4723.853,1737.571,-1.415,-133.137,-18.258,0.06
-4725.454,1737.492,-1.417,-130.047,-16.386,0.032
-4726.901,1737.734,-1.418,-125.814,-11.479,0.017
-4728.636,1737.85,-1.42,-125.174,-8.603,-0.001
-4729.943,1737.926,-1.421,-120.22,-6.556,-0.016
-4731.49,1738.293,-1.423,-118.462,-1.808,-0.027
-4732.885,1738.519,-1.424,-115.401,0.785,-0.037
-4734.431,1738.72,-1.426,-114.342,2.742,-0.052
-4735.681,1738.931,-1.429,-110.398,4.506,-0.066
-4736.974,1739.227,-1.431,-107.478,6.889,-0.078
-4738.455,1739.47,-1.434,-106.909,8.383,-0.097
-4740.049,1739.622,-1.437,-107.599,8.715,-0.107
-4741.204,1739.799,-1.439,-103.662,9.255,-0.115
-4742.015,1739.936,-1.442,-96.77,9.299,-0.12
-4743.608,1740.288,-1.443,-98.946,11.558,-0.118
-4745.225,1740.545,-1.445,-101.037,12.501,-0.115
-4746.441,1740.744,-1.446,-98.698,12.716,-0.111
-4747.967,1740.91,-1.447,-99.889,12.548,-0.106
-4749.572,1741.227,-1.449,-101.719,13.965,-0.104
-4751,1741.376,-1.45,-101.464,13.446,-0.103
-4752.053,1741.48,-1.452,-97.376,12.546,-0.102
-4753.632,1741.986,-1.452,-99.318,15.906,-0.093
-4755.358,1742.299,-1.453,-102.483,16.793,-0.087
-4757.203,1742.562,-1.455,-106.397,17.029,-0.09
-4758.896,1742.806,-1.456,-108.174,17.036,-0.083
-4760.425,1742.992,-1.456,-108.014,16.445,-0.075
-4762.151,1743.128,-1.456,-109.898,15.429,-0.067
-4763.446,1743.218,-1.457,-107.066,14.086,-0.06
-4765.013,1743.604,-1.458,-107.454,15.984,-0.066
-4766.175,1743.909,-1.46,-103.612,16.771,-0.069
-4767.838,1744.276,-1.457,-105.497,18.09,-0.032
-4769.679,1744.535,-1.456,-108.927,18.097,-0.021
-4771.519,1744.743,-1.453,-111.849,17.574,0.008
-4772.909,1744.891,-1.451,-109.708,16.512,0.029
-4774.777,1745.097,-1.449,-112.807,16.203,0.048
-4776.535,1745.283,-1.447,-114.313,15.736,0.056
-4777.849,1745.416,-1.446,-111.032,14.787,0.061
-4779.784,1745.512,-1.443,-114.624,13.608,0.077
-4781.589,1745.583,-1.441,-116.348,12.329,0.085
-4783.291,1745.736,-1.441,-116.759,12.094,0.075
-4785.074,1745.917,-1.44,-117.944,12.18,0.069
-4786.805,1746.196,-1.44,-118.42,13.263,0.064
-4788.321,1746.614,-1.44,-116.61,15.616,0.053
-4789.896,1746.698,-1.438,-115.678,14.18,0.061
-4791.572,1746.715,-1.439,-115.91,12.274,0.048
-4793.408,1746.742,-1.439,-117.773,10.746,0.037
-4794.785,1746.746,-1.439,-114.622,9.204,0.029
-4796.416,1746.823,-1.44,-114.554,8.65,0.018
-4797.916,1747.049,-1.442,-113.15,9.7,-0.001
-4799.009,1747.227,-1.443,-107.764,10.103,-0.016
-4800.834,1747,-1.443,-110.702,6.284,-0.016
-4802.439,1746.816,-1.445,-110.948,3.468,-0.025
-4804.327,1746.783,-1.444,-114.066,2.613,-0.019
-4806.075,1746.523,-1.444,-115.284,-0.45,-0.01
-4807.379,1746.298,-1.443,-111.752,-2.696,-0.003
-4809.243,1746.211,-1.442,-114.504,-3.197,0.007
-4810.934,1746.056,-1.443,-115.072,-4.319,-0.001
-4812.188,1745.93,-1.444,-111.068,-4.982,-0.007
-4814.043,1745.94,-1.444,-113.825,-4.147,-0.009
-4816.017,1746.112,-1.443,-117.408,-1.765,-0.002
-4818.006,1746.277,-1.444,-120.617,0.187,-0.004
-4819.998,1746.677,-1.444,-123.382,4.279,-0.004
-4821.909,1747.092,-1.447,-124.91,7.929,-0.033
-4823.837,1747.436,-1.448,-126.395,10.302,-0.041
-4825.523,1747.603,-1.451,-125.161,10.505,-0.067
-4827.201,1747.85,-1.454,-124.03,11.504,-0.085
-4828.98,1748.207,-1.459,-124.102,13.49,-0.114
-4830.709,1748.382,-1.46,-123.646,13.302,-0.111
-4832.413,1748.645,-1.466,-123.001,14.057,-0.144
-4833.664,1748.848,-1.47,-117.797,14.073,-0.167
-4835.574,1749.333,-1.474,-120.136,16.996,-0.172
-4837.01,1749.722,-1.477,-117.246,18.501,-0.175
-4838.04,1750.025,-1.479,-110.605,18.902,-0.176
-4839.806,1750.676,-1.483,-112.526,22.824,-0.184
-4841.591,1751.209,-1.487,-114.353,24.959,-0.192
-4843.506,1751.488,-1.49,-117.252,24.152,-0.193
-4845.341,1751.749,-1.491,-118.899,23.287,-0.174
-4847.269,1752.275,-1.492,-121.256,25.28,-0.159
-4848.973,1752.731,-1.495,-120.964,26.263,-0.167
-4850.776,1753.171,-1.498,-121.74,26.921,-0.168
-4852.589,1753.519,-1.499,-122.499,26.547,-0.153
-4853.936,1753.772,-1.5,-118.351,25.251,-0.141
-4855.926,1754.035,-1.501,-121.431,24.244,-0.126
-4858.038,1754.236,-1.501,-125.318,22.748,-0.109
-4860.055,1754.395,-1.5,-127.645,21.036,-0.081
-4861.943,1754.528,-1.5,-128.315,19.315,-0.072
-4863.778,1754.725,-1.5,-128.333,18.5,-0.058
-4865.619,1754.734,-1.498,-128.409,15.875,-0.034
-4867.653,1754.746,-1.497,-130.464,13.661,-0.016
-4869.665,1754.744,-1.496,-131.992,11.632,-0.011
-4871.514,1754.637,-1.493,-131.615,8.825,0.022
-4873.277,1754.508,-1.491,-130.409,6.191,0.043
-4875.019,1754.234,-1.487,-129.165,2.46,0.068
-4876.293,1753.992,-1.484,-123.282,-0.39,0.086
-4877.172,1753.783,-1.482,-114.198,-2.481,0.099
-4879.072,1753.077,-1.477,-116.969,-9.382,0.129
-4880.959,1752.498,-1.474,-119.188,-13.964,0.14
-4882.658,1751.883,-1.47,-119.153,-18.244,0.159
-4883.913,1751.383,-1.466,-114.547,-20.705,0.172
-4885.897,1750.682,-1.462,-118.134,-24.879,0.187
-4887.881,1750.261,-1.46,-121.181,-25.552,0.181
-4889.762,1749.895,-1.458,-122.724,-25.567,0.167
-4891.625,1749.331,-1.456,-123.846,-27.615,0.168
-4893.555,1748.68,-1.454,-125.504,-30.254,0.16
-4895.326,1748.119,-1.453,-125.283,-31.58,0.15
-4897.146,1747.473,-1.451,-125.594,-33.583,0.138
-4899.07,1746.936,-1.45,-126.933,-34.171,0.135
-4900.742,1746.403,-1.449,-125.468,-34.631,0.126
-4901.96,1746.005,-1.447,-119.564,-33.64,0.12
-4903.913,1745.376,-1.445,-122.082,-35.167,0.125
-4905.897,1744.739,-1.443,-124.559,-36.553,0.126
-4908.372,1744.216,-1.44,-131.709,-36.56,0.139
-4910.686,1743.708,-1.435,-136.167,-36.411,0.159
-4913.007,1743.185,-1.434,-140.034,-36.443,0.147
-4915.165,1742.728,-1.431,-141.656,-35.789,0.153
-4916.776,1742.397,-1.428,-137.409,-33.931,0.158
-4918.875,1741.667,-1.426,-138.803,-36.459,0.161
-4921.031,1740.973,-1.422,-140.592,-38.238,0.171
-4923.149,1740.441,-1.419,-141.717,-38.09,0.18
-4924.725,1740.05,-1.415,-137.101,-36.517,0.187
-4925.841,1739.778,-1.412,-128.422,-33.952,0.191
-4928.192,1739.142,-1.412,-133.747,-35.501,0.165
-4930.356,1738.558,-1.41,-136.346,-36.292,0.154
-4932.456,1738.009,-1.41,-137.918,-36.607,0.132
-4934.024,1737.6,-1.41,-133.778,-35.433,0.115
-4936.355,1737.073,-1.41,-138.098,-35.646,0.095
-4938.352,1736.39,-1.412,-138.341,-37.441,0.064
-4940.4,1735.979,-1.414,-139.087,-36.161,0.033
-4942.473,1735.645,-1.415,-139.965,-34.286,0.021
-4944.519,1735.309,-1.418,-140.449,-32.702,-0.006
-4946.535,1734.965,-1.421,-140.548,-31.428,-0.034
-4948.436,1734.601,-1.422,-139.449,-30.559,-0.042
-4950.468,1734.191,-1.424,-139.857,-30.28,-0.057
-4952.514,1733.963,-1.427,-140.35,-28.181,-0.077
-4954.03,1733.816,-1.43,-135.319,-25.547,-0.091
-4956.078,1733.843,-1.433,-136.503,-21.512,-0.104
-4958.086,1733.804,-1.435,-137.096,-18.751,-0.113
-4959.996,1733.678,-1.437,-136.592,-17.289,-0.108
-4961.4,1733.6,-1.438,-130.969,-15.544,-0.103
-4963.248,1733.492,-1.441,-130.726,-14.376,-0.12
-4965.203,1733.513,-1.444,-131.631,-12.042,-0.125
-4966.657,1733.554,-1.446,-127.24,-9.854,-0.128
-4968.683,1733.588,-1.447,-129.384,-8.055,-0.115
-4970.715,1733.628,-1.448,-131.274,-6.458,-0.116
-4972.504,1733.683,-1.449,-130.384,-4.937,-0.103
-4973.816,1733.74,-1.449,-124.716,-3.625,-0.093
-4975.523,1733.683,-1.45,-123.954,-3.68,-0.086
-4977.159,1733.781,-1.452,-122.557,-2.133,-0.092
-4978.799,1733.839,-1.451,-121.416,-1.219,-0.068
-4980.347,1733.965,-1.449,-119.502,0.256,-0.043
-4981.868,1734.117,-1.448,-117.584,1.785,-0.025
-4983.312,1734.143,-1.449,-115.155,1.794,-0.027
-4984.818,1734.191,-1.448,-113.72,2.017,-0.021
-4986.418,1734.191,-1.448,-113.471,1.724,-0.011
-4987.949,1734.287,-1.45,-112.542,2.456,-0.027
-4989.34,1734.391,-1.451,-110.318,3.168,-0.034
-4990.345,1734.476,-1.452,-104.435,3.573,-0.039
-4992.065,1734.827,-1.453,-106.785,6.665,-0.044
-4993.427,1734.871,-1.452,-105.094,6.137,-0.028
-4994.414,1734.898,-1.451,-99.806,5.51,-0.015
-4995.645,1735.056,-1.454,-97.792,6.333,-0.037
-4997.036,1735.226,-1.456,-97.736,7.146,-0.053
-4998.5,1735.268,-1.457,-98.433,6.531,-0.056
-4999.604,1735.68,-1.46,-95.327,9.814,-0.073
-5000.813,1736.193,-1.462,-93.753,13.647,-0.085
-5002.161,1736.352,-1.465,-93.837,13.281,-0.097
-5003.487,1736.536,-1.465,-93.69,13.223,-0.083
-5004.783,1736.595,-1.464,-93.257,11.884,-0.061
-5005.79,1736.879,-1.463,-89.9,13.061,-0.045
-5006.497,1737.102,-1.462,-83.964,13.429,-0.033
-5007.35,1737.271,-1.463,-80.395,13.196,-0.038
-5008.16,1737.465,-1.464,-76.912,13.255,-0.041
-5008.956,1737.648,-1.465,-73.794,13.187,-0.038
-5009.966,1737.913,-1.464,-73.339,13.982,-0.029
-5010.629,1738.118,-1.463,-69.38,14.03,-0.017
-5011.261,1738.458,-1.463,-65.676,15.464,-0.006
-5011.822,1738.771,-1.463,-61.799,16.417,-0.012
-5012.622,1738.929,-1.464,-60.94,15.628,-0.013
-5013.167,1739.466,-1.466,-57.592,18.856,-0.029
-5013.837,1739.889,-1.467,-56.021,20.44,-0.04
-5014.301,1740.354,-1.469,-52.556,22.223,-0.052
-5014.978,1740.714,-1.469,-51.793,22.662,-0.041
-5015.264,1740.891,-1.469,-47.129,21.148,-0.039
-5015.427,1741.006,-1.469,-41.873,19.217,-0.037
-5015.414,1741.22,-1.471,-35.583,18.597,-0.05
-5015.304,1741.417,-1.472,-29.216,17.894,-0.044
-5015.16,1741.402,-1.47,-23.437,15.107,-0.027
-5015.009,1741.346,-1.47,-18.435,12.303,-0.015
-5014.856,1741.148,-1.469,-14.155,8.463,-0.002
-5014.681,1741.099,-1.468,-10.262,6.711,0.004
-5014.47,1740.977,-1.466,-6.584,4.465,0.02
-5014.276,1740.863,-1.464,-3.615,2.634,0.033
-5013.87,1740.781,-1.463,1.096,1.411,0.043
-5013.572,1740.839,-1.461,3.994,1.798,0.053
-5013.284,1740.761,-1.46,6.377,0.724,0.061
-5013.033,1740.648,-1.46,8.028,-0.537,0.051
-5012.816,1740.597,-1.458,9.076,-0.993,0.057
-5012.712,1740.5,-1.458,8.809,-1.842,0.048
-5012.616,1740.358,-1.457,8.503,-3.028,0.049
-5012.434,1740.294,-1.459,9.126,-3.242,0.029
-5012.385,1740.44,-1.459,8.291,-1.264,0.023
-5012.319,1740.505,-1.459,7.754,-0.411,0.019
-5012.39,1740.575,-1.46,5.884,0.374,0.003
-5012.564,1740.404,-1.461,3.224,-1.44,0
-5012.544,1740.339,-1.46,2.954,-1.897,0.006
-5012.532,1740.287,-1.459,2.641,-2.161,0.01
-5012.447,1740.415,-1.46,3.13,-0.521,0.005
-5012.4,1740.515,-1.461,3.15,0.579,-0.007
-5012.446,1740.468,-1.461,2.221,0.018,-0.009
-5012.371,1740.526,-1.462,2.664,0.61,-0.017
-5012.311,1740.575,-1.463,2.89,1.023,-0.022
-5012.373,1740.565,-1.462,1.827,0.769,-0.01
-5012.496,1740.574,-1.462,0.29,0.75,-0.01
-5012.537,1740.591,-1.462,-0.177,0.812,-0.008
-5012.492,1740.588,-1.462,0.313,0.661,-0.004
-5012.657,1740.713,-1.462,-1.426,1.854,-0.008
-5012.708,1740.522,-1.462,-1.75,-0.385,-0.006
-5012.667,1740.454,-1.461,-1.071,-1.032,0.004
-5012.603,1740.505,-1.461,-0.244,-0.346,0.008
-5012.651,1740.423,-1.461,-0.705,-1.144,0.003
-5012.718,1740.328,-1.46,-1.297,-1.95,0.011
-5012.911,1740.446,-1.46,-3.085,-0.453,0.009
-5012.913,1740.489,-1.461,-2.652,0.058,0.006
-5012.767,1740.415,-1.46,-0.767,-0.713,0.016
-5012.876,1740.558,-1.46,-1.771,0.864,0.011
-5012.743,1740.528,-1.46,-0.139,0.428,0.004
-5012.721,1740.435,-1.459,0.108,-0.589,0.014
-5012.656,1740.294,-1.459,0.756,-1.956,0.014
-5012.739,1740.205,-1.458,-0.21,-2.582,0.019
-5012.922,1740.34,-1.458,-2.064,-0.818,0.017
-5012.747,1740.41,-1.459,0.042,0.019,0.01
-5012.712,1740.348,-1.46,0.391,-0.623,-0.008
-5012.83,1740.387,-1.46,-0.873,-0.126,-0.005
-5012.815,1740.224,-1.461,-0.593,-1.788,-0.008
-5012.801,1740.085,-1.461,-0.364,-2.948,-0.011
-5012.749,1740.23,-1.463,0.227,-1.024,-0.028
-5012.465,1740.275,-1.462,3.12,-0.408,-0.018
-5012.207,1740.287,-1.462,5.319,-0.224,-0.008
-5012.143,1740.372,-1.462,5.198,0.677,-0.014
-5012.102,1740.651,-1.462,4.852,3.45,-0.008
-5012.288,1740.625,-1.461,2.222,2.677,-0.002
-5012.45,1740.622,-1.46,0.23,2.249,0.011
-5012.404,1740.571,-1.459,0.661,1.399,0.017
-5012.458,1740.662,-1.46,0.018,2.13,0.009
-5012.457,1740.77,-1.461,0.024,2.931,0
-5012.495,1740.639,-1.46,-0.371,1.145,0.007
-5012.441,1740.691,-1.46,0.235,1.512,0.003
-5012.422,1740.712,-1.461,0.397,1.51,0.001
-5012.404,1740.791,-1.459,0.519,2.1,0.011
-5012.48,1740.929,-1.459,-0.336,3.207,0.01
-5012.521,1741.077,-1.459,-0.705,4.266,0.013
-5012.567,1740.905,-1.458,-1.083,1.863,0.017
-5012.554,1740.851,-1.457,-0.783,1.033,0.029
-5012.585,1740.774,-1.458,-0.986,0.093,0.015
-5012.548,1740.687,-1.458,-0.465,-0.816,0.013
-5012.467,1740.626,-1.457,0.443,-1.328,0.013
-5012.397,1740.575,-1.457,1.098,-1.656,0.013
-5012.61,1740.75,-1.458,-1.264,0.39,0.007
-5012.374,1740.644,-1.458,1.364,-0.765,0.007
-5012.549,1740.732,-1.459,-0.641,0.257,-0.008
-5012.512,1740.601,-1.46,-0.165,-1.126,-0.014
-5012.575,1740.672,-1.46,-0.79,-0.234,-0.012
-5012.548,1740.581,-1.461,-0.398,-1.139,-0.019
-5012.462,1740.663,-1.461,0.54,-0.12,-0.016
-5012.389,1740.735,-1.461,1.213,0.637,-0.013
-5012.504,1740.659,-1.461,-0.148,-0.236,-0.012
-5012.578,1740.839,-1.46,-0.883,1.65,-0.002
-5012.624,1740.835,-1.462,-1.227,1.36,-0.019
-5012.646,1740.804,-1.462,-1.273,0.844,-0.015
-5012.551,1740.645,-1.46,-0.113,-0.912,0
-5012.705,1740.785,-1.462,-1.683,0.66,-0.014
-5012.838,1740.798,-1.463,-2.806,0.699,-0.021
-5012.93,1740.523,-1.463,-3.333,-2.238,-0.025
-5012.863,1740.562,-1.463,-2.155,-1.509,-0.014
-5012.718,1740.522,-1.464,-0.349,-1.694,-0.021
-5012.753,1740.318,-1.462,-0.654,-3.547,-0.006
-5012.647,1740.416,-1.462,0.526,-2.017,0
-5012.558,1740.505,-1.461,1.377,-0.809,0.004
-5012.519,1740.561,-1.462,1.569,-0.114,0.001
-5012.579,1740.464,-1.461,0.724,-1.092,0.006
-5012.654,1740.316,-1.462,-0.158,-2.451,-0.003
-5012.668,1740.33,-1.462,-0.285,-1.954,-0.001
-5012.707,1740.451,-1.462,-0.637,-0.415,0
-5012.736,1740.5,-1.46,-0.847,0.148,0.02
-5012.503,1740.393,-1.461,1.682,-0.976,0.007
-5012.548,1740.254,-1.46,0.974,-2.262,0.015
-5012.666,1740.221,-1.459,-0.39,-2.264,0.016
-5012.685,1740.238,-1.459,-0.523,-1.757,0.013
-5012.681,1740.163,-1.46,-0.409,-2.275,0.005
-5012.677,1740.102,-1.46,-0.309,-2.571,0
-5012.628,1740.313,-1.46,0.244,-0.013,0.004
-5012.567,1740.37,-1.461,0.835,0.574,-0.002
-5012.53,1740.369,-1.461,1.098,0.474,-0.002
-5012.618,1740.488,-1.461,0.024,1.633,-0.009
-5012.688,1740.473,-1.461,-0.693,1.234,0
-5012.566,1740.55,-1.461,0.662,1.845,-0.007
-5012.58,1740.527,-1.463,0.422,1.34,-0.017
-5012.583,1740.533,-1.462,0.332,1.202,-0.011
-5012.678,1740.665,-1.461,-0.702,2.383,-0.003
-5012.709,1740.621,-1.461,-0.918,1.585,0.006
-5012.734,1740.581,-1.46,-1.043,0.935,0.012
-5012.753,1740.539,-1.46,-1.082,0.366,0.006
-5012.767,1740.502,-1.461,-1.069,-0.068,0.002
-5012.633,1740.324,-1.461,0.473,-1.886,0
-5012.663,1740.196,-1.461,0.096,-2.925,0.003
-5012.688,1740.172,-1.461,-0.185,-2.751,-0.002
-5012.662,1740.367,-1.46,0.118,-0.329,0.006
-5012.633,1740.306,-1.459,0.4,-0.91,0.012
-5012.719,1740.438,-1.459,-0.543,0.584,0.016
-5012.744,1740.57,-1.458,-0.721,1.855,0.017
-5012.708,1740.779,-1.459,-0.245,3.735,0.007
-5012.698,1740.649,-1.459,-0.106,1.844,0.007
-5012.694,1740.6,-1.46,-0.052,1.067,-0.007
-5012.69,1740.555,-1.462,-0.011,0.453,-0.016
-5012.575,1740.554,-1.462,1.186,0.376,-0.021
-5012.732,1740.322,-1.463,-0.606,-2.068,-0.022
-5012.833,1740.319,-1.463,-1.567,-1.794,-0.023
-5012.784,1740.202,-1.464,-0.827,-2.744,-0.025
-5012.612,1740.177,-1.464,1.071,-2.593,-0.026
-5012.814,1740.169,-1.464,-1.173,-2.291,-0.021
-5012.695,1740.129,-1.463,0.223,-2.365,-0.008
-5012.678,1740.248,-1.462,0.369,-0.797,0.003
-5012.607,1740.283,-1.462,1.048,-0.322,0.007
-5012.626,1740.419,-1.462,0.699,1.126,0.004
-5012.44,1740.453,-1.462,2.512,1.309,0.001
-5012.502,1740.61,-1.462,1.497,2.738,0.002
-5012.511,1740.578,-1.461,1.194,2.002,0.009
-5012.418,1740.656,-1.462,1.966,2.51,0.004
-5012.398,1740.519,-1.461,1.886,0.734,0.011
-5012.292,1740.681,-1.46,2.706,2.297,0.013
-5012.325,1740.781,-1.459,1.966,2.984,0.024
-5012.357,1740.862,-1.458,1.344,3.378,0.032
-5012.497,1740.714,-1.457,-0.295,1.362,0.032
-5012.543,1740.695,-1.458,-0.723,0.963,0.017
-5012.604,1740.761,-1.459,-1.244,1.501,0.013
-5012.614,1740.83,-1.46,-1.165,1.989,0
-5012.521,1740.842,-1.459,-0.04,1.818,0.004
-5012.589,1740.623,-1.46,-0.731,-0.699,-0.003
-5012.656,1740.428,-1.461,-1.311,-2.608,-0.011
-5012.666,1740.376,-1.46,-1.225,-2.752,-0.005
-5012.488,1740.312,-1.46,0.786,-3.005,0
-5012.43,1740.228,-1.459,1.267,-3.434,0.008
-5012.291,1740.187,-1.46,2.519,-3.349,-0.001
-5012.333,1740.298,-1.46,1.716,-1.718,0.003
-5012.304,1740.222,-1.459,1.758,-2.248,0.007
-5012.149,1740.226,-1.458,3.098,-1.873,0.016
-5012.17,1740.146,-1.459,2.424,-2.423,0.004
-5012.405,1740.174,-1.46,-0.357,-1.78,-0.003
-5012.604,1740.175,-1.461,-2.348,-1.501,-0.013
-5013.016,1740.14,-1.461,-6.239,-1.642,-0.011
-5013.015,1740.238,-1.461,-5.312,-0.398,-0.013
-5013.083,1740.259,-1.462,-5.234,-0.121,-0.014
-5013.141,1740.423,-1.461,-5.06,1.586,-0.005
-5013.182,1740.562,-1.46,-4.736,2.787,0.002
-5013.228,1740.508,-1.461,-4.515,1.819,-0.01
-5013.297,1740.53,-1.463,-4.568,1.773,-0.019
-5013.282,1740.581,-1.461,-3.733,2.045,0.002
-5013.227,1740.561,-1.459,-2.618,1.532,0.013
-5013.094,1740.554,-1.46,-0.866,1.239,0.009
-5013.057,1740.633,-1.46,-0.361,1.868,0.008
-5012.772,1740.473,-1.461,2.623,-0.048,-0.002
-5012.698,1740.356,-1.46,3.006,-1.254,0.001
-5012.595,1740.475,-1.46,3.623,0.156,0.002
-5012.627,1740.361,-1.46,2.756,-1.037,0.001
-5012.573,1740.513,-1.46,2.905,0.68,-0.001
-5012.526,1740.483,-1.46,2.963,0.27,0.005
-5012.741,1740.51,-1.46,0.32,0.509,-0.001
-5012.709,1740.413,-1.46,0.597,-0.56,0.002
-5012.647,1740.438,-1.459,1.147,-0.229,0.01
-5012.577,1740.492,-1.459,1.702,0.37,0.005
-5012.581,1740.484,-1.46,1.413,0.234,-0.005
-5012.522,1740.578,-1.461,1.806,1.159,-0.011
-5012.649,1740.454,-1.461,0.237,-0.282,-0.008
-5012.716,1740.348,-1.461,-0.492,-1.336,-0.01
-5012.837,1740.409,-1.462,-1.661,-0.507,-0.011
-5012.77,1740.33,-1.462,-0.722,-1.251,-0.016
-5012.699,1740.318,-1.463,0.111,-1.193,-0.019
-5012.629,1740.386,-1.463,0.81,-0.313,-0.021
-5012.543,1740.48,-1.463,1.578,0.698,-0.017
-5012.501,1740.427,-1.462,1.776,0.055,-0.006
-5012.688,1740.551,-1.463,-0.4,1.317,-0.006
-5012.716,1740.493,-1.462,-0.635,0.529,-0.005
-5012.708,1740.618,-1.462,-0.466,1.735,-0.002
-5012.701,1740.605,-1.464,-0.316,1.349,-0.015
-5012.766,1740.365,-1.463,-0.937,-1.315,-0.01
-5012.938,1740.274,-1.462,-2.58,-2.059,0.004
-5013.083,1740.199,-1.461,-3.694,-2.529,0.015
-5012.921,1740.307,-1.46,-1.477,-1.049,0.022
-5012.975,1740.31,-1.46,-1.814,-0.86,0.018
-5012.897,1740.293,-1.46,-0.75,-0.911,0.016
-5012.87,1740.471,-1.46,-0.36,1.058,0.015
-5013.001,1740.594,-1.46,-1.657,2.165,0.01
-5012.897,1740.604,-1.459,-0.339,1.946,0.022
-5012.697,1740.721,-1.458,1.771,2.865,0.027
-5012.665,1740.681,-1.459,1.846,2.038,0.01
-5012.779,1740.723,-1.46,0.396,2.173,-0.002
-5012.741,1740.608,-1.46,0.732,0.664,-0.002
-5012.737,1740.709,-1.46,0.66,1.608,0.003
-5012.713,1740.683,-1.462,0.81,1.102,-0.018
-5012.856,1740.469,-1.462,-0.786,-1.257,-0.019
-5012.979,1740.287,-1.463,-1.935,-2.951,-0.02
-5012.927,1740.267,-1.463,-1.11,-2.724,-0.016
-5012.967,1740.324,-1.462,-1.356,-1.739,-0.009
-5012.776,1740.322,-1.463,0.81,-1.501,-0.014
-5012.812,1740.244,-1.464,0.309,-2.082,-0.02
-5012.855,1740.364,-1.463,-0.17,-0.543,-0.011
-5012.956,1740.498,-1.465,-1.181,0.923,-0.028
-5013.027,1740.402,-1.465,-1.74,-0.204,-0.023
-5012.981,1740.382,-1.464,-1.013,-0.382,-0.009
-5013.095,1740.492,-1.462,-2.04,0.802,0.013
-5013.189,1740.533,-1.462,-2.706,1.111,0.005
-5013.091,1740.664,-1.462,-1.304,2.293,0.01
-5013.324,1740.66,-1.462,-3.507,1.922,0.005
-5013.434,1740.896,-1.462,-4.119,4.061,0.002
-5013.521,1740.881,-1.463,-4.41,3.311,-0.002
-5013.531,1740.857,-1.463,-3.872,2.579,-0.004
-5013.583,1740.821,-1.462,-3.828,1.834,0.001
-5013.534,1740.742,-1.463,-2.761,0.751,-0.004
-5013.513,1740.8,-1.463,-2.141,1.237,-0.008
-5013.432,1740.712,-1.464,-0.992,0.144,-0.01
-5013.391,1740.598,-1.464,-0.429,-1.052,-0.008
-5013.364,1740.658,-1.463,-0.081,-0.272,-0.003
-5013.249,1740.626,-1.462,1.111,-0.561,0.006
-5013.223,1740.62,-1.463,1.217,-0.547,-0.001
-5012.965,1740.544,-1.464,3.695,-1.251,-0.006
-5012.965,1740.52,-1.464,3.144,-1.308,-0.009
-5013.037,1740.455,-1.465,1.948,-1.789,-0.021
-5013.18,1740.464,-1.465,0.185,-1.435,-0.012
-5013.252,1740.732,-1.464,-0.582,1.537,-0.006
-5013.473,1740.859,-1.465,-2.776,2.624,-0.013
-5013.759,1740.926,-1.466,-5.308,2.921,-0.019
-5013.997,1740.978,-1.467,-6.974,3.028,-0.022
-5014.19,1741.017,-1.467,-7.937,2.99,-0.025
-5014.412,1741.173,-1.466,-9.057,4.156,-0.013
-5014.588,1741.301,-1.466,-9.535,4.857,-0.004
-5014.723,1741.402,-1.465,-9.522,5.188,0.003
-5015.021,1741.409,-1.466,-11.19,4.497,-0.004
-5015.4,1741.51,-1.464,-13.455,4.871,0.009
-5015.719,1741.491,-1.464,-14.758,3.96,0.011
-5016.083,1741.598,-1.464,-16.337,4.475,0.011
-5016.412,1741.766,-1.462,-17.311,5.552,0.028
-5016.797,1741.699,-1.46,-18.729,4.042,0.041
-5017.186,1741.887,-1.458,-19.982,5.388,0.057
-5017.734,1742.011,-1.456,-22.69,5.873,0.066
-5018.445,1742.243,-1.454,-26.665,7.398,0.075
-5019.075,1742.495,-1.453,-29.231,8.901,0.07
-5019.806,1742.741,-1.453,-32.459,10.119,0.064
-5020.37,1743.019,-1.451,-33.485,11.501,0.068
-5021.308,1743.629,-1.449,-38.22,16.088,0.078
-5022.113,1743.937,-1.447,-40.89,16.889,0.09
-5022.736,1744.173,-1.445,-41.291,16.832,0.099
-5023.545,1744.228,-1.445,-43.544,14.924,0.084
-5024.39,1744.2,-1.445,-45.842,12.448,0.07
-5025.366,1744.251,-1.446,-49.142,11.137,0.051
-5026.11,1744.214,-1.445,-49.582,9.119,0.047
-5026.665,1744.166,-1.445,-48.002,7.278,0.045
-5027.059,1744.11,-1.444,-44.99,5.639,0.043
-5028.416,1743.979,-1.444,-52.351,3.461,0.039
-5029.664,1743.955,-1.445,-57.493,2.707,0.025
-5030.951,1743.868,-1.447,-62.296,1.414,0
-5032.367,1743.649,-1.449,-67.711,-1.052,-0.018
-5033.47,1743.461,-1.451,-69.108,-2.834,-0.032
-5034.952,1743.516,-1.452,-74.192,-1.851,-0.043
-5036.303,1743.541,-1.454,-77.195,-1.323,-0.048
-5037.617,1743.612,-1.456,-79.364,-0.397,-0.067
-5038.969,1743.703,-1.459,-81.619,0.603,-0.085
-5039.992,1743.781,-1.462,-80.147,1.318,-0.098
-5041.247,1743.979,-1.461,-81.279,3.162,-0.07
-5042.57,1744.28,-1.458,-82.942,5.787,-0.034
-5043.812,1744.562,-1.459,-83.529,7.849,-0.039
-5045.488,1744.765,-1.458,-88.504,8.779,-0.023
-5047.071,1745.078,-1.455,-91.781,10.706,0.004
-5048.491,1745.215,-1.456,-92.904,10.549,0.001
-5049.959,1745.481,-1.456,-94.356,11.728,0
-5051.431,1745.577,-1.457,-95.632,10.997,-0.016
-5052.997,1745.652,-1.459,-97.683,10.15,-0.031
-5054.207,1745.872,-1.461,-95.778,10.928,-0.045
-5055.472,1746.027,-1.463,-94.709,10.911,-0.058
-5056.583,1746.207,-1.465,-92.225,11.158,-0.069
-5057.653,1746.328,-1.468,-89.673,10.76,-0.083
-5058.651,1746.573,-1.471,-86.758,11.71,-0.098
-5059.661,1746.716,-1.474,-84.401,11.454,-0.116
-5060.383,1746.818,-1.478,-79.416,10.825,-0.129
-5061.54,1747.06,-1.481,-79.652,11.721,-0.145
-5062.39,1747.252,-1.484,-76.685,11.974,-0.152
-5063.181,1747.501,-1.488,-73.546,12.771,-0.162
-5064.059,1747.82,-1.491,-71.77,14.177,-0.164
-5064.88,1748.136,-1.494,-69.669,15.347,-0.174
-5065.665,1748.464,-1.497,-67.509,16.465,-0.175
-5066.223,1748.718,-1.5,-63.319,16.657,-0.176
-5066.59,1748.907,-1.503,-57.79,16.16,-0.175
-5067.425,1749.322,-1.505,-57.883,18.056,-0.171
-5068.042,1749.649,-1.507,-55.727,18.764,-0.167
-5068.476,1749.898,-1.51,-51.992,18.565,-0.164
-5069.738,1750.432,-1.51,-57.339,21.331,-0.147
-5070.517,1750.994,-1.513,-56.927,23.982,-0.147
-5071.616,1751.657,-1.516,-59.873,27.279,-0.156
-5072.688,1752.269,-1.515,-62.095,29.573,-0.127
-5073.502,1752.746,-1.515,-61.35,30.131,-0.105
-5074.314,1753.334,-1.517,-60.685,31.757,-0.108
-5075.45,1753.919,-1.517,-63.453,33.109,-0.095
-5076.305,1754.419,-1.516,-62.928,33.384,-0.068
-5076.954,1754.948,-1.515,-60.348,33.921,-0.055
-5077.405,1755.344,-1.515,-56.123,33.014,-0.045
-5078.44,1756.172,-1.515,-58.527,36.676,-0.039
-5079.215,1756.621,-1.516,-57.892,35.907,-0.039
-5079.984,1757.02,-1.516,-57.297,34.733,-0.031
-5080.546,1757.302,-1.515,-54.655,32.531,-0.026
-5081.231,1757.827,-1.515,-53.67,33.149,-0.016
-5081.727,1758.221,-1.514,-50.879,32.331,-0.009
-5082.618,1758.642,-1.512,-52.57,31.91,0.015
-5083.569,1758.996,-1.51,-54.635,30.859,0.031
-5084.366,1759.312,-1.508,-54.796,29.574,0.044
-5085.23,1759.642,-1.507,-55.635,28.623,0.053
-5085.877,1759.876,-1.505,-54.117,26.821,0.059
-5086.681,1760.346,-1.506,-54.429,27.716,0.044
-5087.283,1760.977,-1.506,-52.624,30.138,0.038
-5088.108,1761.426,-1.505,-53.386,30.322,0.036
-5088.988,1761.937,-1.508,-54.588,31.13,0.008
-5089.875,1762.431,-1.507,-55.689,31.639,0.013
-5090.64,1762.813,-1.508,-55.374,30.914,0
-5091.578,1763.082,-1.507,-56.885,29.141,0.009
-5092.286,1763.263,-1.506,-55.814,26.71,0.016
-5092.798,1763.37,-1.506,-52.878,23.889,0.02
-5093.146,1763.42,-1.505,-48.676,20.886,0.024
-5094.23,1763.845,-1.501,-52.679,22.194,0.059
-5095.413,1764.28,-1.498,-57.116,23.405,0.078
-5096.567,1764.563,-1.496,-60.594,22.877,0.089
-5097.438,1764.813,-1.491,-60.651,22.092,0.121
-5098.083,1764.99,-1.487,-58.363,20.662,0.145
-5098.936,1765.061,-1.481,-58.563,18.349,0.178
-5100.165,1765.22,-1.479,-62.605,17.296,0.169
-5101.253,1765.542,-1.478,-64.603,18.066,0.152
-5102.564,1765.653,-1.478,-68.598,16.553,0.133
-5103.575,1765.719,-1.478,-68.912,14.799,0.119
-5104.859,1765.78,-1.477,-71.998,13.24,0.104
-5105.906,1765.651,-1.478,-72.189,9.975,0.081
-5107.094,1765.722,-1.479,-73.8,9.231,0.061
-5107.988,1765.766,-1.48,-72.153,8.326,0.046
-5109.035,1765.53,-1.481,-72.317,4.671,0.021
-5109.81,1765.317,-1.483,-69.658,1.792,0.003
-5110.85,1765.269,-1.483,-70.123,1.039,0.005
-5112.085,1765.233,-1.484,-72.525,0.511,-0.01
-5113.477,1765.394,-1.487,-76.191,2.101,-0.035
-5114.643,1765.35,-1.489,-76.984,1.33,-0.046
-5115.741,1765.377,-1.49,-76.971,1.415,-0.051
-5116.843,1765.018,-1.49,-76.991,-2.487,-0.046
-5117.998,1764.797,-1.49,-77.557,-4.393,-0.037
-5119.188,1764.888,-1.489,-78.411,-2.815,-0.018
-5120.077,1764.971,-1.487,-76.028,-1.542,-0.004
-5120.708,1765.046,-1.486,-71.345,-0.542,0.006
-5122.14,1765.116,-1.484,-75.589,0.251,0.025
-5123.455,1765.155,-1.48,-78.011,0.617,0.061
-5124.833,1765.164,-1.478,-80.729,0.624,0.07
-5126.254,1765.097,-1.477,-83.483,-0.163,0.067
-5127.333,1765.039,-1.477,-82.309,-0.738,0.066
-5128.117,1764.99,-1.476,-78.278,-1.135,0.064
-5129.668,1764.815,-1.474,-82.739,-2.767,0.07
-5131.075,1764.533,-1.472,-85.049,-5.261,0.082
-5132.138,1764.298,-1.47,-83.486,-6.902,0.091
-5132.907,1764.108,-1.468,-79.122,-7.848,0.098
-5134.842,1763.662,-1.466,-87.405,-11.283,0.097
-5136.411,1763.191,-1.465,-90.706,-14.472,0.089
-5137.977,1762.907,-1.468,-93.481,-15.267,0.054
-5139.596,1762.523,-1.467,-96.407,-16.974,0.051
-5141.196,1762.048,-1.466,-98.703,-19.374,0.051
-5142.711,1761.412,-1.466,-99.785,-23.069,0.049
-5144.144,1760.977,-1.467,-99.858,-24.15,0.034
-5145.756,1760.502,-1.468,-101.767,-25.494,0.012
-5147.354,1760.121,-1.469,-103.257,-25.665,0.003
-5149.057,1759.818,-1.469,-105.596,-25.006,0.001
-5150.679,1759.293,-1.469,-106.76,-26.742,0
-5152.236,1758.774,-1.469,-107.097,-28.148,0.005
-5153.391,1758.376,-1.469,-103.23,-28.105,0.008
-5155.18,1758.185,-1.468,-106.472,-25.938,0.013
-5156.808,1757.702,-1.466,-107.567,-27.095,0.032
-5158.52,1757.153,-1.466,-109.373,-28.759,0.026
-5159.804,1756.731,-1.466,-106.503,-28.882,0.021
-5161.64,1756.241,-1.464,-109.745,-29.678,0.039
-5163.385,1755.752,-1.462,-111.571,-30.34,0.046
-5165.238,1755.37,-1.461,-114.234,-29.816,0.055
-5166.634,1755.093,-1.459,-111.81,-28.283,0.061
-5167.64,1754.904,-1.458,-105.722,-26.064,0.066
-5169.644,1754.495,-1.456,-110.8,-26.446,0.078
-5171.177,1754.188,-1.453,-110.292,-25.713,0.086
-5172.305,1753.97,-1.452,-105.677,-24.182,0.092
-5174.403,1753.53,-1.451,-111.744,-25.155,0.084
-5176.501,1753.045,-1.446,-116.911,-26.442,0.118
-5178.718,1752.554,-1.443,-122.531,-27.615,0.132
-5180.697,1752.205,-1.44,-124.882,-27.147,0.136
-5182.183,1751.952,-1.438,-121.818,-25.758,0.14
-5183.249,1751.78,-1.436,-114.872,-23.742,0.142
-5185.078,1751.318,-1.437,-116.813,-25.001,0.106
-5187.012,1751.078,-1.439,-119.545,-23.795,0.07
-5188.661,1750.826,-1.442,-118.941,-22.893,0.036
-5190.272,1750.481,-1.445,-118.028,-23.074,-0.003
-5191.452,1750.225,-1.449,-112.816,-22.321,-0.033
-5193.023,1749.842,-1.453,-112.406,-22.974,-0.067
-5194.571,1749.512,-1.455,-111.811,-22.998,-0.081
-5195.656,1749.244,-1.457,-106.529,-22.37,-0.084
-5196.893,1749.236,-1.459,-103.597,-19.161,-0.092
-5198.226,1749.061,-1.46,-102.081,-18.149,-0.089
-5199.291,1748.911,-1.462,-98.036,-17.027,-0.096
-5200.035,1748.812,-1.464,-91.28,-15.543,-0.101
-5200.922,1748.904,-1.466,-86.983,-12.306,-0.099
-5201.893,1749.096,-1.466,-84.186,-8.518,-0.087
-5202.925,1749.302,-1.467,-82.432,-5.143,-0.09
-5203.669,1749.49,-1.469,-77.968,-2.453,-0.091
-5204.765,1749.523,-1.468,-77.781,-1.754,-0.069
-5205.504,1749.77,-1.465,-73.96,1.046,-0.027
-5206.749,1749.905,-1.461,-75.896,2.284,0.017
-5207.674,1750.146,-1.458,-74.259,4.43,0.04
-5208.776,1750.337,-1.456,-74.682,5.743,0.048
-5209.808,1750.63,-1.455,-74.317,7.913,0.058
-5210.614,1750.762,-1.453,-71.685,8.111,0.069
-5211.731,1750.941,-1.451,-72.652,8.754,0.076
-5212.722,1751.111,-1.45,-72.161,9.221,0.071
-5213.448,1751.242,-1.449,-69.024,9.212,0.067
-5213.951,1751.338,-1.449,-64.054,8.851,0.064
-5214.271,1751.406,-1.448,-57.921,8.244,0.062
-5215.439,1751.425,-1.452,-61.436,7.226,0.017
-5216.827,1751.257,-1.454,-66.679,4.44,-0.004
-5218.042,1751.174,-1.456,-69.381,2.932,-0.023
-5218.986,1751.297,-1.457,-68.902,3.765,-0.034
-5220.459,1751.312,-1.459,-73.937,3.369,-0.042
-5221.863,1751.138,-1.459,-77.51,1.075,-0.042
-5223.466,1750.943,-1.458,-82.619,-1.083,-0.026
-5224.809,1750.834,-1.456,-84.284,-2.053,-0.004
-5226.074,1750.756,-1.455,-84.921,-2.548,0.014
-5227.486,1750.706,-1.454,-86.963,-2.696,0.018
-5228.686,1750.574,-1.454,-86.525,-3.656,0.016
-5230.01,1750.478,-1.452,-87.438,-4.108,0.028
-5231.172,1750.497,-1.45,-86.537,-3.305,0.046
-5232.258,1750.197,-1.448,-84.994,-5.908,0.054
-5233.38,1750.15,-1.449,-84.047,-5.52,0.042
-5234.2,1750.12,-1.449,-80.117,-5.021,0.033
-5235.41,1750.058,-1.449,-80.791,-4.917,0.026
-5236.696,1750.224,-1.448,-82.158,-2.482,0.033
-5237.704,1750.238,-1.447,-80.442,-1.978,0.035
-5238.588,1750.132,-1.447,-77.72,-2.78,0.038
-5239.658,1750.18,-1.448,-77.306,-1.879,0.023
-5240.772,1750.124,-1.45,-77.404,-2.172,-0.006
-5241.909,1750.07,-1.453,-77.728,-2.41,-0.033
-5243.181,1750.178,-1.453,-79.39,-0.94,-0.025
-5244.065,1750.299,-1.454,-76.819,0.442,-0.036
-5244.977,1750.112,-1.456,-74.901,-1.553,-0.045
-5245.629,1749.952,-1.457,-70.606,-2.967,-0.051
-5246.824,1749.98,-1.459,-72.517,-2.243,-0.057
-5247.726,1750.009,-1.46,-71.142,-1.622,-0.061
-5249.17,1750.165,-1.461,-75.545,0.229,-0.061
-5250.369,1750.28,-1.462,-76.773,1.379,-0.057
-5251.31,1750.291,-1.462,-75.169,1.288,-0.054
-5252.409,1750.332,-1.464,-75.43,1.523,-0.06
-5253.328,1750.476,-1.465,-73.795,2.779,-0.065
-5254.326,1750.553,-1.463,-73.217,3.162,-0.04
-5255.252,1750.65,-1.465,-71.99,3.692,-0.049
-5256.4,1750.73,-1.465,-73.214,3.979,-0.04
-5257.26,1750.793,-1.465,-71.304,4.039,-0.032
-5258.391,1751.03,-1.463,-72.456,5.885,-0.011
-5259.604,1751.067,-1.462,-74.294,5.4,-0.001
-5260.52,1751.089,-1.461,-72.796,4.834,0.007
-5261.757,1751.218,-1.459,-74.82,5.449,0.031
-5262.691,1751.319,-1.456,-73.44,5.694,0.049
-5263.367,1751.397,-1.454,-69.597,5.656,0.062
-5264.87,1751.826,-1.454,-74.828,9.236,0.057
-5266.035,1752.18,-1.453,-75.815,11.526,0.054
-5266.905,1752.466,-1.453,-73.63,12.774,0.051
-5268.49,1752.49,-1.452,-79.113,11.146,0.053
-5270,1752.494,-1.452,-83.028,9.547,0.041
-5271.463,1752.527,-1.452,-85.878,8.479,0.037
-5272.898,1752.532,-1.453,-88.016,7.285,0.019
-5273.98,1752.523,-1.454,-86.212,6.123,0.005
-5275.447,1752.327,-1.453,-88.638,3.199,0.019
-5276.732,1752.044,-1.451,-88.831,-0.183,0.033
-5278.012,1751.766,-1.451,-88.943,-3.02,0.03
-5279.398,1751.39,-1.451,-90.132,-6.439,0.027
-5280.726,1751.059,-1.449,-90.548,-8.9,0.034
-5281.711,1750.789,-1.448,-87.374,-10.375,0.039
-5283.082,1750.678,-1.448,-88.635,-9.99,0.034
-5284.25,1750.403,-1.447,-87.624,-11.348,0.043
-5285.618,1750.234,-1.446,-88.813,-11.418,0.046
-5286.905,1749.984,-1.445,-89.006,-12.32,0.046
-5288.248,1749.658,-1.444,-89.745,-13.864,0.046
-5289.488,1749.326,-1.446,-89.305,-15.237,0.02
-5290.398,1749.067,-1.448,-85.547,-15.666,0
-5291.723,1749.01,-1.449,-86.6,-13.954,-0.007
-5293.027,1748.789,-1.449,-87.296,-14.17,-0.009
-5293.999,1748.624,-1.45,-84.456,-13.785,-0.01
-5295.39,1748.515,-1.45,-86.359,-12.877,-0.011
-5296.827,1748.353,-1.452,-88.454,-12.652,-0.028
-5297.911,1748.236,-1.454,-86.601,-11.999,-0.04
-5298.692,1748.156,-1.455,-81.904,-11.056,-0.049
-5300.023,1747.921,-1.454,-83.567,-11.851,-0.033
-5301.576,1747.8,-1.455,-87.262,-11.359,-0.039
-5302.762,1747.715,-1.456,-86.636,-10.559,-0.043
-5304.117,1747.644,-1.457,-87.84,-9.74,-0.046
-5305.205,1747.609,-1.458,-86.126,-8.66,-0.045
-5306.443,1747.661,-1.459,-86.211,-6.856,-0.048
-5307.558,1747.796,-1.461,-85.001,-4.457,-0.063
-5308.498,1747.895,-1.463,-82.177,-2.782,-0.073
-5309.162,1747.986,-1.465,-76.932,-1.438,-0.08
-5310.35,1748.012,-1.465,-77.851,-0.953,-0.063
-5311.378,1748.152,-1.463,-76.981,0.626,-0.036
-5312.343,1748.427,-1.461,-75.595,3.363,-0.019
-5313.317,1748.51,-1.459,-74.509,3.722,0.005
-5314.428,1748.738,-1.456,-74.982,5.517,0.034
-5315.253,1748.925,-1.453,-72.449,6.632,0.055
-5316.121,1748.952,-1.451,-70.728,5.938,0.067
-5317.204,1749.084,-1.448,-71.474,6.42,0.087
-5318.059,1749.302,-1.446,-69.771,7.725,0.094
-5319.107,1749.248,-1.445,-70.298,6.033,0.095
-5319.887,1749.19,-1.443,-67.985,4.552,0.096
-5320.438,1749.132,-1.442,-63.664,3.283,0.096
-5321.608,1749.267,-1.439,-66.349,4.192,0.105
-5322.555,1749.117,-1.437,-66.33,2.023,0.115
-5323.53,1748.719,-1.437,-66.615,-2.366,0.096
-5324.327,1748.366,-1.437,-65.022,-5.649,0.076
-5325.28,1748.077,-1.437,-65.27,-7.794,0.067
-5326.119,1747.83,-1.437,-64.308,-9.196,0.06
-5326.802,1747.369,-1.437,-61.888,-12.587,0.052
-5327.464,1747.16,-1.438,-59.598,-12.888,0.029
-5328.161,1747.001,-1.437,-58.007,-12.625,0.034
-5328.538,1746.746,-1.438,-53.353,-13.398,0.022
-5328.821,1746.693,-1.44,-48.425,-11.979,0
-5329.203,1746.599,-1.442,-45.231,-11.182,-0.018
-5329.426,1746.281,-1.443,-40.878,-12.812,-0.03
-5329.372,1746.047,-1.446,-34.313,-13.329,-0.045
-5329.451,1745.904,-1.447,-30.081,-12.846,-0.049
-5329.421,1745.853,-1.448,-25.353,-11.476,-0.058
-5329.41,1745.631,-1.451,-21.504,-12.079,-0.074
-5329.298,1745.244,-1.451,-17.189,-14.287,-0.067
-5329.428,1745.038,-1.452,-16.004,-14.309,-0.059
-5329.543,1744.967,-1.452,-14.829,-12.934,-0.054
-5329.934,1744.718,-1.453,-16.671,-13.595,-0.053
-5329.844,1744.402,-1.453,-13.294,-14.85,-0.048
-5329.902,1744.207,-1.454,-11.936,-14.67,-0.053
-5330.082,1743.876,-1.456,-12.038,-15.917,-0.064
-5330.078,1743.648,-1.457,-10.225,-15.926,-0.061
-5330.158,1743.442,-1.458,-9.541,-15.703,-0.064
-5330.294,1743.196,-1.459,-9.549,-15.924,-0.059
-5330.323,1742.895,-1.459,-8.435,-16.686,-0.053
-5330.432,1742.625,-1.459,-8.317,-17.013,-0.041
-5330.715,1742.315,-1.457,-10.011,-17.705,-0.023
-5330.796,1742.063,-1.456,-9.37,-17.69,-0.006
-5330.867,1741.84,-1.455,-8.726,-17.383,0.007
-5330.827,1741.591,-1.454,-7.03,-17.393,0.011
-5330.817,1741.519,-1.453,-5.895,-15.574,0.022
-5330.635,1741.265,-1.451,-3.154,-15.896,0.032
-5330.472,1741.125,-1.452,-1.007,-15.004,0.022
-5330.588,1741.194,-1.452,-2.055,-12.087,0.02
-5330.611,1741.206,-1.452,-1.987,-10.186,0.013
-5330.567,1741.258,-1.452,-1.245,-8.156,0.009
-5330.41,1741.228,-1.453,0.558,-7.262,-0.001
-5330.337,1741.244,-1.454,1.229,-6.03,-0.004
-5330.275,1741.269,-1.454,1.678,-4.887,-0.006
-5330.226,1741.299,-1.454,1.945,-3.856,-0.008
-5330.186,1741.332,-1.454,2.067,-2.946,-0.009
-5330.319,1741.107,-1.459,0.393,-4.831,-0.05
-5330.435,1740.921,-1.463,-0.859,-6.037,-0.08
-5330.534,1740.771,-1.466,-1.751,-6.697,-0.102
-5330.616,1740.653,-1.47,-2.343,-6.926,-0.117
-5330.618,1740.311,-1.473,-2.018,-9.421,-0.127
-5330.67,1740.027,-1.474,-2.255,-10.962,-0.12
-5330.711,1739.801,-1.475,-2.344,-11.679,-0.114
-5330.742,1739.626,-1.476,-2.319,-11.76,-0.11
-5330.765,1739.496,-1.478,-2.211,-11.367,-0.106
-5330.684,1739,-1.479,-1.054,-14.806,-0.107
-5330.734,1738.689,-1.479,-1.416,-15.831,-0.088
-5330.775,1738.448,-1.479,-1.628,-15.979,-0.075
-5330.808,1738.269,-1.479,-1.723,-15.475,-0.064
-5331.122,1737.846,-1.479,-4.709,-17.553,-0.056
-5331.283,1737.277,-1.479,-5.672,-20.83,-0.05
-5331.366,1736.796,-1.484,-5.693,-22.722,-0.084
-5331.609,1736.305,-1.486,-7.361,-24.431,-0.09
-5331.785,1735.737,-1.488,-8.087,-26.684,-0.095
-5331.973,1735.177,-1.491,-8.835,-28.529,-0.112
-5332.273,1734.673,-1.493,-10.626,-29.523,-0.118
-5332.304,1734.089,-1.496,-9.381,-31.188,-0.126
-5332.475,1733.679,-1.5,-9.755,-30.819,-0.142
-5332.463,1733.195,-1.502,-8.2,-31.271,-0.144
-5332.333,1732.895,-1.504,-5.651,-29.766,-0.135
-5332.209,1732.689,-1.505,-3.551,-27.511,-0.129
-5332.096,1732.56,-1.506,-1.864,-24.787,-0.123
-5332.206,1732.044,-1.506,-2.716,-26.459,-0.099
-5332.295,1731.644,-1.505,-3.241,-26.678,-0.081
-5332.31,1731.308,-1.505,-2.909,-26.221,-0.068
-5332.625,1731.137,-1.504,-5.736,-24.124,-0.043
-5332.621,1730.847,-1.504,-4.847,-23.559,-0.04
-5332.816,1730.634,-1.504,-6.14,-22.287,-0.035
-5332.837,1730.261,-1.505,-5.456,-22.85,-0.035
-5332.846,1729.979,-1.505,-4.741,-22.388,-0.035
-5332.909,1729.75,-1.505,-4.696,-21.454,-0.024
-5333.142,1729.516,-1.505,-6.397,-20.715,-0.026
-5333.331,1729.35,-1.506,-7.408,-19.373,-0.027
-5333.205,1729.182,-1.506,-5.02,-18.259,-0.029
-5333.19,1728.622,-1.506,-4.13,-21.338,-0.023
-5333.146,1727.855,-1.506,-3.069,-26.088,-0.015
-5333.138,1727.169,-1.507,-2.533,-29.312,-0.024
-5333.126,1726.629,-1.508,-2.04,-30.567,-0.031
-5333.112,1726.216,-1.509,-1.597,-30.319,-0.035
-5332.922,1725.68,-1.508,0.599,-31.385,-0.019
-5332.855,1725.09,-1.505,1.194,-32.843,0.01
-5332.8,1724.638,-1.503,1.588,-32.657,0.032
-5332.889,1724.082,-1.5,0.443,-33.583,0.048
-5332.8,1723.414,-1.5,1.293,-35.52,0.045
-5332.692,1722.504,-1.499,2.208,-39.664,0.044
-5332.749,1721.696,-1.501,1.304,-42.15,0.025
-5332.8,1721.073,-1.502,0.585,-42.366,0.012
-5333.135,1720.361,-1.502,-2.949,-43.462,0.009
-5333.222,1719.503,-1.501,-3.415,-45.903,0.016
-5333.51,1718.599,-1.501,-5.879,-48.466,0.008
-5333.599,1717.8,-1.504,-5.925,-49.558,-0.012
-5333.777,1716.808,-1.504,-6.889,-52.484,-0.015
-5333.752,1715.977,-1.505,-5.618,-53.323,-0.024
-5333.72,1715.354,-1.506,-4.464,-51.894,-0.031
-5333.685,1714.909,-1.507,-3.44,-48.843,-0.036
-5333.713,1713.678,-1.504,-3.229,-54.325,-0.001
-5333.754,1712.388,-1.504,-3.175,-59.614,0.002
-5333.94,1710.982,-1.503,-4.62,-65.321,0.007
-5334.163,1709.917,-1.5,-6.235,-66.685,0.033
-5334.344,1709.115,-1.498,-7.188,-65.129,0.053
-5334.62,1707.535,-1.498,-8.966,-71.82,0.042
-5335.021,1706.193,-1.499,-11.776,-75.076,0.03
-5335.224,1704.625,-1.501,-12.137,-80.176,0.006
-5335.5,1703.134,-1.501,-13.195,-83.734,0
-5335.715,1701.995,-1.502,-13.469,-83.143,-0.005
-5335.972,1700.486,-1.502,-14.132,-86.446,-0.003
-5336.183,1698.969,-1.502,-14.22,-89.357,-0.006
-5336.416,1697.624,-1.503,-14.534,-90.058,-0.016
-5336.679,1695.913,-1.502,-15.102,-94.425,-0.006
-5337.075,1694.634,-1.502,-16.955,-93.712,-0.002
-5337.508,1693.224,-1.503,-18.923,-94.445,-0.013
-5337.849,1692.174,-1.504,-19.649,-91.357,-0.02
-5338.155,1690.65,-1.504,-19.907,-93.613,-0.011
-5338.663,1689.291,-1.504,-22.215,-93.84,-0.01
-5339.052,1687.745,-1.503,-22.949,-95.957,-0.001
-5339.347,1686.245,-1.503,-22.614,-97.289,0.002
-5339.562,1685.122,-1.502,-21.498,-94.533,0.004
-5339.708,1684.323,-1.502,-19.847,-88.864,0.005
-5339.924,1682.968,-1.501,-19.148,-89.74,0.014
-5340.367,1681.474,-1.501,-20.891,-91.926,0.018
-5340.827,1680.154,-1.499,-22.55,-91.989,0.025
-5341.2,1678.593,-1.5,-23.077,-94.538,0.018
-5341.481,1677.412,-1.5,-22.579,-92.787,0.013
-5341.813,1675.81,-1.499,-22.673,-95.631,0.025
-5341.974,1674.387,-1.498,-20.992,-96.219,0.027
-5342.003,1672.911,-1.499,-18.206,-97.263,0.016
-5342.304,1671.615,-1.5,-18.625,-96.298,0.003
-5342.53,1670.668,-1.501,-18.219,-91.884,-0.006
-5342.876,1669.104,-1.504,-19.099,-94.481,-0.035
-5343.296,1667.681,-1.504,-20.61,-95.226,-0.031
-5343.705,1666.319,-1.505,-21.787,-95.247,-0.038
-5344.073,1665.109,-1.507,-22.378,-93.69,-0.052
-5344.364,1663.865,-1.509,-22.078,-92.718,-0.06
-5344.575,1662.957,-1.511,-21.008,-88.436,-0.065
-5344.708,1661.688,-1.513,-19.29,-88.496,-0.081
-5344.903,1660.33,-1.512,-18.458,-89.455,-0.06
-5345.087,1659.067,-1.513,-17.642,-89.306,-0.063
-5345.102,1657.934,-1.515,-15.199,-87.836,-0.063
-5345.087,1657.112,-1.516,-12.81,-83.374,-0.064
-5345.334,1656.083,-1.515,-13.47,-81.709,-0.046
-5345.524,1655.34,-1.514,-13.44,-77.339,-0.033
-5345.609,1654.134,-1.51,-12.34,-78.384,0.01
-5345.632,1652.996,-1.509,-10.758,-78.572,0.016
-5345.705,1651.836,-1.508,-9.931,-78.961,0.02
-5345.753,1650.673,-1.506,-8.962,-79.315,0.037
-5345.778,1649.811,-1.505,-7.902,-76.528,0.049
-5345.82,1648.521,-1.501,-7.174,-78.558,0.079
-5345.893,1647.363,-1.498,-6.863,-78.919,0.097
-5346.166,1646.059,-1.498,-8.669,-80.742,0.08
-5346.312,1645.036,-1.497,-8.892,-79.4,0.072
-5346.421,1644.294,-1.497,-8.715,-75.357,0.066
-5346.5,1643.789,-1.496,-8.25,-69.474,0.062
-5346.841,1642.57,-1.497,-10.542,-71.808,0.049
-5347.117,1641.645,-1.497,-11.83,-70.772,0.039
-5347.134,1640.378,-1.497,-10.268,-73.407,0.035
-5347.271,1639.182,-1.497,-10.168,-74.915,0.032
-5347.371,1638.284,-1.496,-9.704,-73.149,0.031
-5347.44,1637.639,-1.496,-8.988,-69.033,0.029
-5347.329,1636.25,-1.495,-6.52,-73.179,0.037
-5347.319,1634.8,-1.496,-5.464,-77.344,0.016
-5347.342,1633.569,-1.496,-4.89,-78.638,0.014
-5347.352,1632.647,-1.496,-4.278,-76.57,0.012
-5347.354,1631.987,-1.496,-3.661,-72.1,0.011
-5347.314,1630.755,-1.498,-2.717,-74.183,-0.006
-5347.109,1629.63,-1.499,-0.211,-74.853,-0.013
-5347.13,1628.143,-1.499,-0.393,-79.155,-0.014
-5347.359,1626.919,-1.498,-2.699,-80.105,-0.007
-5347.554,1626.006,-1.498,-4.298,-77.729,-0.002
-5347.435,1624.578,-1.498,-2.443,-80.994,0.003
-5347.327,1623.489,-1.497,-0.979,-80.294,0.008
-5347.258,1622.209,-1.499,-0.126,-81.665,-0.008
-5347.292,1620.948,-1.5,-0.46,-82.64,-0.017
-5347.428,1619.654,-1.5,-1.784,-83.807,-0.02
-5347.493,1618.576,-1.501,-2.19,-82.579,-0.026
-5347.804,1617.297,-1.504,-5.073,-83.595,-0.049
-5347.764,1616.131,-1.504,-3.915,-83.312,-0.043
-5347.888,1614.744,-1.504,-4.617,-85.333,-0.038
-5347.987,1613.699,-1.504,-4.958,-83.546,-0.035
-5348.199,1612.363,-1.506,-6.41,-85.013,-0.043
-5348.42,1610.681,-1.505,-7.742,-89.82,-0.03
-5348.618,1608.923,-1.506,-8.637,-94.709,-0.033
-5348.802,1607.253,-1.505,-9.26,-97.973,-0.022
-5348.896,1605.738,-1.507,-8.875,-99.167,-0.035
-5348.837,1604.255,-1.505,-6.957,-99.84,-0.011
-5348.933,1602.78,-1.502,-6.917,-100.35,0.016
-5349.309,1601.316,-1.5,-9.771,-100.665,0.037
-5349.617,1600.231,-1.498,-11.504,-97.029,0.053
-5349.601,1598.768,-1.494,-9.656,-97.822,0.079
-5349.443,1597.456,-1.489,-6.612,-96.942,0.119
-5349.436,1596.299,-1.486,-5.554,-94.588,0.133
-5349.532,1594.838,-1.483,-5.728,-95.721,0.135
-5349.604,1593.747,-1.481,-5.636,-92.879,0.136
-5349.722,1592.357,-1.478,-6.021,-93.523,0.143
-5349.792,1591.055,-1.476,-5.848,-93.179,0.144
-5349.976,1589.833,-1.475,-6.882,-92.054,0.136
-5350.022,1588.572,-1.473,-6.352,-91.496,0.131
-5350.051,1587.647,-1.472,-5.717,-87.566,0.126
-5350.066,1587.005,-1.47,-5.028,-81.298,0.122
-5350.183,1585.446,-1.468,-5.491,-85.385,0.122
-5350.229,1584.167,-1.468,-5.162,-85.999,0.108
-5350.312,1582.692,-1.465,-5.255,-88.535,0.121
-5350.512,1581.484,-1.463,-6.541,-87.947,0.122
-5350.673,1580.598,-1.461,-7.24,-84.132,0.122
-5350.816,1579.156,-1.462,-7.644,-86.612,0.096
-5351.112,1577.771,-1.463,-9.562,-88.122,0.072
-5351.279,1576.354,-1.462,-9.883,-89.759,0.072
-5351.577,1574.986,-1.461,-11.493,-90.64,0.07
-5351.814,1573.966,-1.46,-12.24,-87.807,0.069
-5352.005,1572.694,-1.46,-12.41,-87.987,0.056
-5352.148,1571.753,-1.46,-12.058,-84.738,0.047
-5352.383,1570.536,-1.458,-12.705,-84.801,0.062
-5352.593,1569.182,-1.456,-12.998,-86.276,0.067
-5352.91,1567.709,-1.456,-14.348,-88.746,0.059
-5353.158,1566.595,-1.456,-14.794,-87.16,0.053
-5353.379,1565.192,-1.455,-14.885,-88.794,0.049
-5353.472,1563.709,-1.454,-13.655,-90.995,0.06
-5353.525,1562.317,-1.453,-12.193,-91.948,0.054
-5353.549,1561.278,-1.453,-10.645,-89.118,0.05
-5353.51,1559.685,-1.452,-8.679,-92.411,0.055
-5353.439,1558.106,-1.45,-6.673,-95.077,0.061
-5353.448,1556.5,-1.449,-5.786,-97.625,0.065
-5353.519,1554.51,-1.446,-5.66,-103.75,0.081
-5353.709,1552.743,-1.445,-6.796,-106.684,0.077
-5353.793,1550.9,-1.443,-6.657,-109.973,0.087
-5354.135,1548.875,-1.441,-9.199,-114.65,0.097
-5354.415,1547.329,-1.438,-10.722,-113.698,0.105
-5354.601,1545.91,-1.436,-11.057,-111.588,0.112
-5354.462,1544.406,-1.435,-8.012,-110.657,0.109
-5354.329,1543.305,-1.433,-5.454,-105.717,0.107
-5354.203,1542.544,-1.432,-3.356,-98.004,0.105
-5354.145,1540.936,-1.431,-2.269,-100.146,0.095
-5353.984,1539.286,-1.432,-0.278,-102.401,0.068
-5353.861,1537.987,-1.433,1.032,-100.717,0.057
-5353.756,1537.045,-1.432,1.961,-95.601,0.049
-5353.668,1536.403,-1.432,2.571,-88.148,0.044
-5353.287,1535.12,-1.431,6.118,-88.392,0.045
-5352.91,1533.701,-1.434,9.103,-90.003,0.012
-5352.6,1532.636,-1.437,10.958,-87.734,-0.013
-5352.351,1531.873,-1.439,11.907,-82.686,-0.031
-5352.204,1530.383,-1.439,11.666,-85.868,-0.026
-5352.011,1528.985,-1.438,11.944,-87.631,-0.017
-5352.082,1527.622,-1.439,9.45,-88.772,-0.026
-5351.988,1526.173,-1.44,9.033,-90.63,-0.025
-5351.922,1525.084,-1.44,8.378,-88.519,-0.024
-5351.755,1523.728,-1.439,8.868,-89.452,-0.014
-5351.785,1522.571,-1.441,7.253,-88.21,-0.028
-5351.706,1521.358,-1.443,7.001,-87.725,-0.044
-5351.65,1520.467,-1.445,6.545,-83.994,-0.055
-5351.614,1519.849,-1.447,5.957,-78.011,-0.063
-5351.466,1518.57,-1.446,6.6,-79.703,-0.044
-5351.155,1517.388,-1.444,8.833,-80.143,-0.017
-5350.897,1516.338,-1.444,10.193,-79.167,-0.019
-5350.792,1515.211,-1.441,9.772,-79.134,0.013
-5350.772,1513.777,-1.44,8.545,-82.257,0.018
-5350.5,1512.433,-1.441,10.083,-83.989,0.01
-5350.336,1510.882,-1.44,10.287,-87.607,0.011
-5350.213,1509.698,-1.44,10.043,-86.912,0.013
-5349.813,1508.037,-1.439,12.679,-91.235,0.02
-5349.432,1506.641,-1.438,14.749,-92.185,0.032
-5349.127,1505.6,-1.436,15.711,-89.343,0.041
-5348.81,1503.792,-1.435,16.667,-94.813,0.047
-5348.565,1502.399,-1.434,16.733,-95.209,0.051
-5348.564,1500.435,-1.434,14.288,-101.435,0.045
-5348.662,1498.708,-1.433,11.182,-104.294,0.044
-5348.619,1496.776,-1.433,9.977,-108.841,0.033
-5348.6,1495.301,-1.434,8.703,-108.016,0.026
-5348.474,1493.332,-1.434,8.726,-112.41,0.017
-5348.469,1491.07,-1.435,7.493,-119.164,0.007
-5348.478,1489.328,-1.436,6.294,-119.573,0.001
-5348.356,1487.407,-1.437,6.623,-121.754,-0.009
-5348.473,1485.208,-1.437,4.447,-126.491,-0.01
-5348.529,1483.053,-1.439,3.211,-130.068,-0.026
-5348.458,1480.614,-1.438,3.476,-136.056,-0.019
-5348.402,1478.748,-1.438,3.538,-135.25,-0.013
-5348.373,1476.386,-1.438,3.316,-139.676,-0.007
-5348.354,1474.595,-1.437,3.025,-137.577,-0.002
-5348.25,1472.303,-1.436,3.658,-140.941,0.013
-5348.159,1469.776,-1.435,4.052,-146.227,0.016
-5348.019,1467.194,-1.436,4.894,-151.304,0.009
-5347.71,1464.982,-1.436,7.357,-151.82,0.006
-5347.554,1462.665,-1.434,7.879,-153.346,0.021
-5347.434,1460.937,-1.433,7.961,-148.578,0.032
-5347.695,1458.466,-1.432,4.095,-152.169,0.029
-5347.93,1456.603,-1.432,1.082,-148.973,0.026
-5347.894,1454.211,-1.43,1.294,-151.69,0.046
-5347.654,1451.964,-1.429,3.57,-152.507,0.047
-5347.453,1450.296,-1.428,5.114,-147.249,0.047
-5347.289,1449.12,-1.428,6.058,-137.705,0.048
-5347.46,1446.617,-1.424,3.402,-143.223,0.07
-5347.614,1444.709,-1.422,1.309,-141.794,0.087
-5347.751,1443.316,-1.419,-0.287,-135.289,0.099
-5347.61,1440.786,-1.415,1.208,-141.43,0.126
-5347.45,1438.371,-1.411,2.679,-145.492,0.138
-5347.316,1436.545,-1.408,3.662,-142.9,0.148
-5347.052,1434.31,-1.404,5.836,-144.895,0.173
-5346.835,1432.637,-1.399,7.217,-140.799,0.191
-5346.694,1430.515,-1.396,7.603,-141.946,0.189
-5346.564,1428.713,-1.393,7.82,-139.622,0.194
-5346.345,1426.682,-1.391,8.927,-139.993,0.179
-5346.166,1424.808,-1.391,9.459,-138.692,0.154
-5345.883,1423.218,-1.388,10.978,-134.673,0.168
-5345.659,1422.085,-1.384,11.678,-126.527,0.178
-5345.49,1420.316,-1.384,11.695,-126.133,0.147
-5345.192,1418.567,-1.385,13.044,-125.587,0.116
-5344.857,1416.836,-1.384,14.574,-124.931,0.11
-5344.573,1415.048,-1.385,15.35,-124.968,0.082
-5344.083,1413.431,-1.387,18.143,-123.238,0.051
-5343.691,1412.255,-1.389,19.509,-117.224,0.028
-5343.452,1410.381,-1.392,19.101,-119.273,-0.003
-5343.48,1408.613,-1.393,16,-119.928,-0.012
-5343.534,1407.301,-1.394,13.095,-115.802,-0.019
-5343.604,1406.375,-1.395,10.445,-108.303,-0.023
-5343.237,1404.497,-1.394,12.693,-111.706,-0.019
-5342.941,1403.074,-1.394,13.865,-109.927,-0.016
-5342.711,1402.042,-1.394,14.198,-104.387,-0.013
-5342.537,1401.338,-1.394,13.898,-96.283,-0.011
-5342.658,1399.073,-1.395,10.612,-105.442,-0.011
-5342.673,1396.843,-1.394,8.895,-112.892,-0.008
-5342.703,1395.117,-1.394,7.285,-114.056,-0.005
-5342.423,1392.97,-1.396,9.094,-119.388,-0.025
-5342.36,1390.815,-1.397,8.401,-124.009,-0.024
-5342.321,1389.175,-1.397,7.566,-122.657,-0.023
-5342.195,1387.286,-1.4,7.748,-124.068,-0.051
-5342.101,1385.875,-1.403,7.585,-120.343,-0.071
-5342.032,1384.873,-1.406,7.172,-112.965,-0.086
-5341.986,1384.21,-1.408,6.592,-103.174,-0.096
-5342.251,1381.866,-1.409,2.893,-112.133,-0.09
-5342.327,1379.672,-1.411,1.692,-118.226,-0.091
-5342.395,1377.987,-1.412,0.74,-118.183,-0.092
-5342.764,1376.051,-1.412,-3.166,-120.737,-0.078
-5342.746,1374.082,-1.412,-2.516,-123.25,-0.068
-5342.647,1371.374,-1.413,-1.131,-133.006,-0.062
-5342.951,1368.979,-1.417,-4.091,-138.097,-0.089
-5342.904,1366.757,-1.418,-3.007,-140.664,-0.09
-5342.858,1365.088,-1.42,-2.09,-137.154,-0.091
-5343.127,1363.1,-1.421,-4.55,-137.453,-0.09
-5343.257,1361.355,-1.423,-5.221,-135.197,-0.099
-5343.36,1360.091,-1.425,-5.517,-128.334,-0.105
-5343.44,1359.229,-1.428,-5.523,-118.332,-0.109
-5343.499,1358.698,-1.43,-5.315,-106.395,-0.112
-5343.61,1356.603,-1.431,-5.684,-112.319,-0.11
-5343.854,1354.697,-1.433,-7.362,-115.415,-0.114
-5344.053,1353.257,-1.435,-8.32,-113.265,-0.116
-5344.183,1351.226,-1.435,-8.436,-117.517,-0.099
-5344.339,1349.307,-1.437,-8.808,-119.997,-0.099
-5344.575,1347.214,-1.438,-9.939,-123.895,-0.097
-5344.761,1345.626,-1.439,-10.393,-122.013,-0.095
-5345.125,1343.747,-1.44,-12.613,-123.417,-0.085
-5345.589,1341.829,-1.44,-15.532,-125.009,-0.076
-5345.962,1340.396,-1.441,-17.092,-121.38,-0.07
-5346.07,1338.514,-1.442,-15.689,-122.906,-0.069
-5346.471,1336.532,-1.444,-17.505,-125.228,-0.079
-5346.704,1334.505,-1.445,-17.331,-127.679,-0.074
-5346.731,1332.47,-1.446,-15.06,-129.857,-0.073
-5346.831,1330.567,-1.446,-13.875,-130.351,-0.064
-5347.073,1328.567,-1.446,-14.324,-131.772,-0.055
-5347.238,1326.615,-1.448,-13.918,-132.487,-0.064
-5347.123,1324.716,-1.448,-10.685,-132.548,-0.054
-5347.259,1322.753,-1.445,-10.519,-133.268,-0.023
-5347.358,1321.295,-1.443,-9.992,-128.678,0.001
-5347.326,1319.321,-1.445,-8.192,-130.075,-0.019
-5347.362,1317.206,-1.446,-7.352,-132.712,-0.026
-5347.379,1315.617,-1.447,-6.449,-129.56,-0.032
-5347.367,1313.165,-1.448,-5.377,-135.742,-0.031
-5347.347,1311.289,-1.448,-4.378,-135.092,-0.03
-5347.321,1309.91,-1.448,-3.472,-129.419,-0.03
-5346.968,1307.394,-1.447,0.68,-136.288,-0.012
-5346.663,1305.463,-1.446,3.721,-136.124,0
-5346.878,1303.081,-1.446,0.956,-140.633,-0.005
-5347.013,1300.658,-1.448,-0.577,-144.887,-0.016
-5347.129,1298.824,-1.449,-1.687,-142.46,-0.025
-5347.162,1295.941,-1.447,-1.773,-151.193,-0.009
-5347.499,1293.35,-1.447,-4.983,-155.631,-0.004
-5347.793,1290.673,-1.447,-7.276,-160.299,-0.006
-5348.075,1288.028,-1.444,-9.111,-163.95,0.024
-5348.303,1286.036,-1.442,-10.115,-160.345,0.046
-5348.498,1283.34,-1.439,-10.634,-164.527,0.06
-5348.586,1280.462,-1.44,-9.985,-169.959,0.051
-5348.646,1278.278,-1.44,-9.121,-167.439,0.043
-5348.817,1275.516,-1.438,-9.548,-171.256,0.054
-5348.948,1273.435,-1.436,-9.496,-167.493,0.061
-5349.045,1271.937,-1.435,-9.092,-158.275,0.067
-5349.311,1269.052,-1.436,-10.492,-164.696,0.039
-5349.522,1266.854,-1.438,-11.122,-163.109,0.018
-5349.639,1264.054,-1.44,-10.69,-167.943,-0.003
-5349.72,1261.935,-1.442,-9.96,-165.059,-0.018
-5349.834,1259.373,-1.442,-9.668,-167.156,-0.021
-5349.916,1257.459,-1.443,-9.081,-162.281,-0.023
-5349.969,1256.096,-1.443,-8.299,-152.442,-0.025
-5349.944,1253.255,-1.446,-6.817,-159.275,-0.044
-5349.91,1251.084,-1.448,-5.461,-158.2,-0.058
-5349.55,1248.313,-1.448,-0.954,-163.465,-0.054
-5349.236,1246.21,-1.449,2.411,-161.071,-0.051
-5348.97,1244.682,-1.449,4.805,-153.112,-0.048
-5349.03,1241.866,-1.449,3.471,-159.582,-0.038
-5349.089,1239.718,-1.449,2.353,-158.227,-0.03
-5349.019,1236.972,-1.45,2.732,-163.228,-0.04
-5348.985,1234.223,-1.453,2.679,-167.525,-0.055
-5348.96,1232.147,-1.455,2.538,-164.26,-0.066
-5349.083,1229.743,-1.454,0.901,-164.853,-0.052
-5349.191,1227.96,-1.454,-0.343,-158.954,-0.041
-5349.284,1226.706,-1.454,-1.248,-148.488,-0.033
-5349.416,1223.997,-1.454,-2.419,-154.542,-0.03
-5349.525,1221.932,-1.454,-3.192,-153.074,-0.027
-5349.314,1219.371,-1.457,-0.547,-156.922,-0.052
-5349.251,1216.994,-1.459,0.18,-158.317,-0.062
-5349.197,1215.223,-1.461,0.709,-153.262,-0.07
-5349.013,1212.832,-1.463,2.505,-155.339,-0.082
-5348.857,1211.044,-1.465,3.736,-150.903,-0.091
-5348.78,1208.549,-1.469,3.978,-154.393,-0.11
-5348.709,1206.206,-1.471,4.126,-155.814,-0.118
-5348.55,1204.016,-1.473,5.153,-155.437,-0.12
-5348.325,1201.871,-1.478,6.712,-154.666,-0.149
-5348.247,1199.664,-1.48,6.53,-154.637,-0.138
-5348.009,1197.508,-1.479,8.021,-154.088,-0.115
-5347.817,1195.922,-1.479,8.815,-147.76,-0.097
-5347.412,1193.919,-1.481,11.692,-146.65,-0.098
-5347.082,1192.451,-1.482,13.368,-140.194,-0.098
-5346.809,1190.17,-1.482,14.213,-143.055,-0.083
-5346.604,1188.343,-1.484,14.233,-140.825,-0.083
-5346.453,1187.017,-1.485,13.701,-133.765,-0.083
-5346.265,1185.301,-1.484,13.619,-131.76,-0.067
-5346.132,1183.528,-1.486,12.982,-130.629,-0.071
-5346.041,1182.231,-1.487,12.012,-124.773,-0.074
-5345.956,1180.566,-1.488,11.124,-123.564,-0.068
-5345.833,1178.998,-1.486,10.745,-121.531,-0.042
-5345.747,1177.862,-1.485,10.052,-115.359,-0.023
-5345.691,1177.087,-1.484,9.153,-106.365,-0.008
-5345.248,1175.52,-1.483,12.372,-106.86,0
-5344.967,1173.747,-1.482,13.437,-109.395,0.012
-5344.749,1172.411,-1.48,13.708,-107.064,0.021
-5343.853,1170.624,-1.479,20.913,-109.707,0.028
-5343.284,1169.089,-1.481,23.703,-109.379,0.008
-5342.638,1167.398,-1.483,26.866,-110.697,-0.011
-5342.229,1165.766,-1.485,27.126,-111.218,-0.026
-5341.924,1164.556,-1.486,26.275,-107.327,-0.038
-5341.192,1163.104,-1.486,29.944,-106.491,-0.026
-5340.404,1161.391,-1.485,33.656,-108.457,-0.021
-5339.782,1160.106,-1.485,35.104,-105.74,-0.017
-5339.539,1158.328,-1.483,32.446,-108.486,0.006
-5339.341,1156.356,-1.485,29.713,-112.842,-0.012
-5339.32,1154.514,-1.488,25.561,-115.202,-0.035
-5339.348,1153.129,-1.49,21.512,-112.518,-0.052
-5339.412,1152.135,-1.492,17.694,-106.21,-0.065
-5339.471,1150.375,-1.494,14.484,-108.709,-0.075
-5339.399,1148.645,-1.499,13.087,-110.532,-0.106
-5339.361,1147.347,-1.503,11.552,-107.631,-0.128
-5339.017,1145.631,-1.505,13.397,-109.469,-0.134
-5338.952,1143.919,-1.508,12.097,-110.992,-0.14
-5338.918,1142.639,-1.511,10.671,-107.852,-0.145
-5338.357,1140.914,-1.507,14.872,-109.748,-0.089
-5337.899,1139.62,-1.504,17.403,-106.93,-0.047
-5337.214,1138.041,-1.501,21.893,-107.453,-0.012
-5336.541,1136.481,-1.5,25.604,-107.712,0.001
-5336.004,1135.326,-1.499,27.362,-103.763,0.01
-5335.429,1133.909,-1.495,29.265,-103.093,0.044
-5335.021,1132.515,-1.495,29.163,-102.279,0.04
-5334.72,1131.494,-1.495,27.967,-97.746,0.037
-5334.487,1130.188,-1.493,26.257,-96.821,0.044
-5334.332,1129.233,-1.492,23.985,-92.417,0.048
-5334.242,1128.573,-1.491,21.385,-85.611,0.052
-5334.203,1128.158,-1.49,18.642,-77.293,0.054
-5334.203,1127.939,-1.489,15.9,-68.179,0.056
-5334.232,1127.874,-1.488,13.263,-58.826,0.057
-5334.674,1126.379,-1.49,6.763,-65.565,0.03
-5334.955,1124.853,-1.49,2.877,-71.628,0.024
-5335.384,1123.499,-1.491,-1.968,-75.04,0.009
-5336.021,1122.302,-1.491,-8.233,-76.329,0.01
-5336.62,1121.539,-1.491,-13.185,-72.956,0.011
-5337.203,1120.849,-1.49,-17.246,-69.328,0.014
-5337.582,1120.466,-1.49,-18.613,-63.078,0.017
-5337.953,1120.443,-1.49,-19.693,-54.036,0.01
-5338.13,1120.476,-1.49,-18.622,-45.748,0.009
-5338.304,1120.391,-1.491,-17.679,-39.895,0.002
-5338.296,1120.525,-1.492,-14.991,-32.653,-0.004
-5338.229,1120.716,-1.494,-12.094,-25.876,-0.023
-5338.224,1120.997,-1.493,-10.265,-19.186,-0.016
-5338.307,1121.272,-1.494,-9.613,-13.524,-0.017
-5338.326,1121.452,-1.494,-8.4,-9.684,-0.014
-5338.291,1121.623,-1.495,-6.797,-6.5,-0.026
-5338.167,1121.742,-1.494,-4.53,-4.326,-0.011
-5338.257,1121.971,-1.493,-4.788,-1.323,-0.004
-5338.037,1121.982,-1.493,-1.816,-1.019,-0.004
-5337.879,1122.071,-1.493,0.081,0.051,-0.003
-5337.858,1122.231,-1.493,0.284,1.683,0.002
-5337.84,1122.366,-1.492,0.422,2.824,0.006
-5337.677,1122.271,-1.492,2.042,1.436,0.01
-5337.679,1122.433,-1.492,1.724,2.888,0.011
-5337.558,1122.654,-1.493,2.714,4.74,0
-5337.482,1122.642,-1.493,3.094,3.917,0
-5337.616,1122.685,-1.492,1.258,3.786,0.007
-5337.673,1122.798,-1.493,0.491,4.395,-0.001
-5337.622,1122.863,-1.494,0.948,4.414,-0.011
-5337.446,1122.887,-1.494,2.614,4.014,-0.009
-5337.442,1122.621,-1.495,2.27,0.691,-0.024
-5337.45,1122.725,-1.495,1.858,1.652,-0.018
-5337.5,1122.641,-1.494,1.062,0.542,-0.008
-5337.514,1122.594,-1.495,0.768,-0.021,-0.014
-5337.527,1122.624,-1.495,0.518,0.298,-0.013
-5337.474,1122.749,-1.494,0.992,1.534,-0.001
-5337.55,1122.871,-1.494,0.065,2.574,0
-5337.432,1122.77,-1.494,1.271,1.153,0.004
-5337.503,1122.756,-1.492,0.346,0.836,0.015
-5337.416,1122.645,-1.493,1.194,-0.425,0.003
-5337.342,1122.55,-1.494,1.775,-1.341,-0.006
-5337.565,1122.514,-1.495,-0.782,-1.515,-0.007
-5337.628,1122.463,-1.493,-1.31,-1.819,0.004
-5337.566,1122.498,-1.493,-0.478,-1.188,0.009
-5337.583,1122.604,-1.492,-0.584,0.069,0.013
-5337.688,1122.7,-1.493,-1.576,1.057,0.007
-5337.528,1122.742,-1.492,0.297,1.331,0.009
-5337.595,1122.682,-1.493,-0.437,0.521,0.002
-5337.561,1122.733,-1.494,-0.017,0.967,-0.011
-5337.767,1122.68,-1.494,-2.134,0.272,-0.007
-5337.798,1122.586,-1.493,-2.147,-0.727,0.003
-5337.773,1122.625,-1.494,-1.574,-0.217,-0.004
-5337.823,1122.696,-1.494,-1.848,0.54,-0.008
-5337.672,1122.857,-1.494,-0.029,2.114,-0.007
-5337.646,1122.83,-1.495,0.249,1.532,-0.009
-5337.585,1122.854,-1.493,0.838,1.546,0.009
-5337.55,1122.621,-1.493,1.079,-1.08,0.01
-5337.665,1122.727,-1.493,-0.271,0.176,0.002
-5337.744,1122.605,-1.493,-1.045,-1.102,0.004
-5337.68,1122.716,-1.493,-0.231,0.198,0.007
-5337.702,1122.6,-1.492,-0.426,-1.029,0.015
-5337.687,1122.649,-1.493,-0.204,-0.368,0.006
-5337.806,1122.583,-1.492,-1.401,-0.999,0.007
-5337.794,1122.59,-1.492,-1.069,-0.778,0.01
-5337.75,1122.436,-1.493,-0.454,-2.251,-0.003
-5337.823,1122.433,-1.491,-1.147,-1.951,0.016
-5337.871,1122.37,-1.491,-1.465,-2.304,0.01
-5337.841,1122.241,-1.493,-0.942,-3.294,-0.005
-5337.951,1122.228,-1.492,-1.941,-2.947,0.001
-5337.917,1122.326,-1.49,-1.301,-1.509,0.021
-5337.761,1122.326,-1.49,0.491,-1.282,0.024
-5337.87,1122.513,-1.49,-0.701,0.827,0.014
-5337.812,1122.456,-1.489,-0.003,0.12,0.024
-5337.849,1122.516,-1.488,-0.378,0.72,0.032
-5337.746,1122.294,-1.488,0.736,-1.672,0.025
-5337.707,1122.368,-1.487,1.027,-0.66,0.031
-5337.569,1122.38,-1.488,2.3,-0.443,0.014
-5337.453,1122.391,-1.49,3.152,-0.265,0.001
-5337.468,1122.466,-1.492,2.539,0.551,-0.02
-5337.373,1122.424,-1.492,3.143,0.037,-0.024
-5337.485,1122.531,-1.491,1.522,1.128,-0.009
-5337.483,1122.608,-1.492,1.315,1.755,-0.013
-5337.55,1122.481,-1.492,0.441,0.194,-0.013
-5337.645,1122.539,-1.492,-0.598,0.761,-0.013
-5337.625,1122.572,-1.493,-0.305,0.986,-0.018
-5337.739,1122.571,-1.493,-1.438,0.837,-0.02
-5337.85,1122.516,-1.493,-2.374,0.141,-0.013
-5338.007,1122.557,-1.494,-3.638,0.548,-0.017
-5337.938,1122.527,-1.495,-2.393,0.154,-0.023
-5337.848,1122.589,-1.494,-1.112,0.775,-0.016
-5337.792,1122.599,-1.495,-0.375,0.758,-0.018
-5337.915,1122.568,-1.493,-1.585,0.327,-0.002
-5337.917,1122.499,-1.494,-1.377,-0.427,-0.005
-5337.813,1122.382,-1.494,-0.099,-1.573,-0.009
-5337.855,1122.411,-1.496,-0.525,-1.045,-0.023
-5337.938,1122.493,-1.495,-1.291,-0.041,-0.015
-5337.812,1122.622,-1.494,0.192,1.29,-0.003
-5337.713,1122.555,-1.493,1.179,0.409,0.01
-5337.653,1122.664,-1.493,1.631,1.47,0.006
-5337.648,1122.644,-1.493,1.439,1.05,0.006
-5337.646,1122.625,-1.493,1.242,0.699,0.007
-5337.704,1122.457,-1.492,0.474,-1.127,0.016
-5337.721,1122.684,-1.492,0.227,1.374,0.007
-5337.783,1122.864,-1.491,-0.449,3.027,0.019
-5337.688,1122.786,-1.492,0.594,1.774,0.008
-5337.804,1122.851,-1.493,-0.686,2.184,-0.006
-5337.94,1122.836,-1.494,-1.991,1.705,-0.008
-5338.021,1122.578,-1.493,-2.53,-1.2,-0.003
-5337.823,1122.621,-1.493,-0.113,-0.579,-0.002
-5337.787,1122.628,-1.493,0.268,-0.423,-0.002
-5337.755,1122.577,-1.494,0.559,-0.882,-0.005
-5337.837,1122.577,-1.493,-0.364,-0.754,0.003
-5337.7,1122.584,-1.493,1.102,-0.569,0.004
-5337.726,1122.604,-1.49,0.667,-0.282,0.025
-5337.646,1122.732,-1.49,1.396,1.076,0.029
-5337.668,1122.779,-1.489,0.963,1.401,0.027
-5337.68,1122.819,-1.49,0.697,1.613,0.017
-5337.679,1122.719,-1.49,0.608,0.338,0.011
-5337.689,1122.771,-1.49,0.415,0.824,0.011
-5337.748,1122.797,-1.491,-0.254,0.974,0.004
-5337.805,1122.557,-1.491,-0.803,-1.639,0.002
-5337.794,1122.469,-1.49,-0.572,-2.303,0.004
-5337.882,1122.508,-1.492,-1.396,-1.57,-0.012
-5337.891,1122.396,-1.494,-1.277,-2.484,-0.024
-5337.875,1122.223,-1.496,-0.928,-3.9,-0.041
-5337.99,1122.054,-1.498,-1.98,-5.07,-0.053
-5337.966,1121.851,-1.499,-1.442,-6.414,-0.059
-5338.258,1121.6,-1.501,-4.234,-8.051,-0.068
-5338.419,1121.178,-1.503,-5.268,-11.211,-0.076
-5338.549,1120.833,-1.505,-5.828,-13.114,-0.082
-5338.487,1120.479,-1.505,-4.339,-14.829,-0.076
-5338.426,1120.2,-1.506,-3.073,-15.525,-0.071
-5338.368,1119.986,-1.507,-2.019,-15.442,-0.067
-5338.084,1119.755,-1.509,1.203,-15.548,-0.074
-5337.84,1119.584,-1.51,3.536,-15.029,-0.079
-5337.788,1119.439,-1.512,3.554,-14.311,-0.08
-5337.749,1119.339,-1.513,3.431,-13.231,-0.081
-5337.853,1119.24,-1.515,1.861,-12.304,-0.087
-5337.819,1118.988,-1.516,1.924,-13.091,-0.089
-5337.795,1118.793,-1.518,1.897,-13.17,-0.09
-5337.777,1118.649,-1.519,1.804,-12.721,-0.091
-5337.764,1118.547,-1.521,1.666,-11.901,-0.091
-5337.757,1118.48,-1.522,1.5,-10.838,-0.091
-5337.753,1118.432,-1.524,1.319,-9.734,-0.09
-5337.752,1118.409,-1.525,1.136,-8.544,-0.089
-5337.883,1118.041,-1.524,-0.379,-11.071,-0.072
-5337.995,1117.743,-1.524,-1.483,-12.511,-0.059
-5338.394,1117.546,-1.525,-5.37,-12.704,-0.056
-5338.734,1117.047,-1.525,-8.076,-15.975,-0.047
-5338.932,1116.549,-1.524,-8.926,-18.744,-0.035
-5339.07,1115.822,-1.526,-9.037,-23.472,-0.045
-5339.237,1115.202,-1.525,-9.43,-26.405,-0.027
-5339.671,1114.52,-1.526,-12.506,-29.545,-0.034
-5340.023,1113.983,-1.527,-14.297,-30.729,-0.039
-5340.303,1113.574,-1.528,-15.071,-30.422,-0.042
-5340.504,1112.543,-1.528,-14.932,-36.556,-0.034
-5340.742,1111.298,-1.526,-15.184,-43.997,-0.013
-5340.92,1110.3,-1.524,-14.787,-47.802,0.004
-5341.073,1109.019,-1.525,-14.185,-53.962,0.001
-5341.538,1107.128,-1.519,-16.883,-65.487,0.053
-5341.832,1105.261,-1.516,-17.421,-75.084,0.076
-5342.13,1103.308,-1.513,-17.933,-84.139,0.093
-5342.652,1101.516,-1.512,-20.663,-90.214,0.091
-5343.065,1100.128,-1.51,-21.886,-91.235,0.089
-5343.384,1099.092,-1.509,-21.949,-88.481,0.088
-5343.816,1097.079,-1.509,-23.171,-96.193,0.076
-5343.935,1094.938,-1.508,-20.976,-104.087,0.076
-5344.376,1092.949,-1.507,-22.437,-109.254,0.069
-5344.718,1091.426,-1.507,-22.655,-108.871,0.064
-5344.956,1089.695,-1.509,-21.773,-110.682,0.036
-5345.024,1087.927,-1.51,-19.276,-112.606,0.022
-5345.143,1086.156,-1.51,-17.659,-114.271,0.012
-5345.15,1084.419,-1.513,-15.141,-115.354,-0.013
-5345.222,1082.934,-1.514,-13.65,-113.673,-0.025
-5345.229,1081.441,-1.515,-11.72,-112.322,-0.026
-5345.37,1079.82,-1.514,-11.446,-112.493,-0.013
-5345.219,1078.063,-1.515,-8.214,-114.035,-0.017
-5345.154,1076.342,-1.515,-6.33,-114.98,-0.015
-5345.293,1074.692,-1.513,-6.831,-115.058,0.004
-5345.102,1073.164,-1.51,-3.861,-113.87,0.026
-5344.93,1072.048,-1.508,-1.519,-108.616,0.041
-5344.903,1070.396,-1.506,-1.022,-109.649,0.054
-5345.256,1068.713,-1.507,-4.503,-110.848,0.041
-5345.553,1067.457,-1.507,-6.901,-107.474,0.031
-5345.798,1066.565,-1.508,-8.407,-100.851,0.023
-5345.932,1064.669,-1.507,-8.545,-105.537,0.027
-5345.856,1062.813,-1.506,-6.513,-109.121,0.035
-5345.895,1060.955,-1.506,-5.954,-112.206,0.028
-5346.054,1059.132,-1.503,-6.721,-114.466,0.056
-5346.135,1057.153,-1.501,-6.558,-118.006,0.067
-5346.281,1055.217,-1.498,-7.097,-120.587,0.079
-5346.394,1053.759,-1.496,-7.223,-117.858,0.088
-5346.479,1052.711,-1.494,-7.038,-111.313,0.094
-5346.672,1050.628,-1.491,-7.981,-116.389,0.108
-5346.885,1048.664,-1.489,-9.003,-119.492,0.116
-5346.889,1046.693,-1.486,-7.723,-122.211,0.127
-5346.931,1044.672,-1.486,-7.015,-125.034,0.109
-5346.954,1043.151,-1.485,-6.222,-122.314,0.096
-5346.963,1042.055,-1.485,-5.397,-115.603,0.085
-5346.848,1039.905,-1.485,-3.417,-120.737,0.07
-5346.965,1037.775,-1.485,-4.128,-124.907,0.067
-5347.06,1036.158,-1.484,-4.495,-123.187,0.064
-5347.357,1033.934,-1.483,-6.899,-127.96,0.059
-5347.432,1031.924,-1.485,-6.647,-129.839,0.037
-5347.484,1030.419,-1.486,-6.206,-126.237,0.021
-5347.518,1029.345,-1.487,-5.642,-118.725,0.009
-5347.518,1027.069,-1.487,-4.815,-124.695,0.004
-5347.474,1025.126,-1.486,-3.651,-126.359,0.013
-5347.37,1023.046,-1.486,-2.048,-129.188,0.018
-5347.277,1021.48,-1.485,-0.786,-126.311,0.021
-5347.297,1019.602,-1.483,-0.878,-127.07,0.037
-5347.313,1018.206,-1.481,-0.912,-122.747,0.048
-5347.414,1016.153,-1.483,-1.82,-125.832,0.02
-5347.478,1014.211,-1.485,-2.206,-127.323,0.003
-5347.529,1012.76,-1.486,-2.406,-123.531,-0.009
-5347.693,1010.45,-1.487,-3.748,-129.151,-0.019
-5347.647,1008.482,-1.488,-2.724,-130.41,-0.019
-5347.74,1006.646,-1.488,-3.279,-130.131,-0.02
-5347.814,1005.293,-1.488,-3.563,-124.923,-0.021
-5347.873,1004.349,-1.489,-3.636,-116.275,-0.022
-5347.869,1002.235,-1.487,-3.068,-120.931,-0.003
-5347.861,1000.625,-1.486,-2.53,-119.722,0.011
-5347.849,999.449,-1.484,-2.036,-114.228,0.022
-5348.082,997.183,-1.484,-4.128,-120.753,0.025
-5348.307,995.165,-1.482,-5.839,-123.772,0.035
-5348.491,993.642,-1.481,-6.879,-121.245,0.041
-5348.638,992.544,-1.48,-7.382,-114.718,0.046
-5348.736,990.245,-1.481,-7.301,-121.516,0.025
-5348.807,988.475,-1.483,-6.96,-121.867,0.01
-5348.856,987.164,-1.484,-6.441,-117.442,-0.002
-5349.32,984.854,-1.482,-10.274,-123.95,0.014
-5349.672,982.772,-1.481,-12.39,-127.155,0.02
-5349.955,981.2,-1.48,-13.476,-124.635,0.025
-5350.175,980.066,-1.48,-13.761,-117.983,0.028
-5350.392,977.687,-1.48,-13.967,-125.118,0.023
-5350.789,975.549,-1.482,-15.995,-128.723,-0.003
-5351.103,973.933,-1.484,-16.878,-126.438,-0.022
-5351.344,972.762,-1.486,-16.882,-119.89,-0.036
-5351.626,970.574,-1.486,-17.303,-124.791,-0.026
-5351.717,968.534,-1.486,-15.694,-127.432,-0.029
-5351.767,967,-1.487,-13.902,-124.485,-0.031
-5352.045,965.113,-1.487,-14.718,-125.607,-0.03
-5352.073,963.067,-1.489,-12.839,-128.196,-0.037
-5352.321,961.18,-1.489,-13.504,-128.773,-0.034
-5352.511,959.779,-1.489,-13.476,-124.249,-0.031
-5352.687,957.844,-1.489,-13.303,-125.895,-0.028
-5352.868,955.954,-1.491,-13.21,-126.839,-0.042
-5352.999,954.134,-1.493,-12.618,-126.919,-0.05
-5353.194,952.362,-1.494,-12.77,-126.497,-0.052
-5353.437,950.524,-1.495,-13.396,-126.819,-0.056
-5353.777,948.808,-1.495,-14.93,-125.828,-0.053
-5354.045,947.552,-1.496,-15.489,-120.261,-0.052
-5354.297,945.806,-1.495,-15.806,-120.548,-0.032
-5354.418,943.912,-1.493,-14.722,-122.317,-0.013
-5354.575,942.079,-1.493,-14.175,-123.2,-0.009
-5354.716,940.377,-1.491,-13.539,-122.601,0.01
-5354.813,939.126,-1.49,-12.549,-117.446,0.024
-5355.062,937.117,-1.489,-13.266,-120.861,0.027
-5355.222,935.32,-1.488,-12.959,-121.585,0.032
-5355.336,933.985,-1.487,-12.234,-117.446,0.035
-5355.414,931.913,-1.488,-11.232,-121.508,0.019
-5355.444,929.839,-1.488,-9.89,-124.983,0.015
-5355.398,927.939,-1.489,-7.968,-126.166,0.007
-5355.344,926.523,-1.49,-6.242,-122.19,0.001
-5355.239,924.738,-1.491,-4.241,-122.59,-0.016
-5355.141,923.416,-1.493,-2.6,-118.173,-0.029
-5355.126,921.561,-1.492,-2.072,-119.892,-0.012
-5355.049,919.78,-1.493,-0.969,-120.594,-0.02
-5355.087,918.172,-1.493,-1.224,-119.415,-0.016
-5354.932,916.409,-1.492,0.552,-119.994,-0.01
-5354.776,914.7,-1.49,2.075,-119.947,0.008
-5354.677,912.871,-1.49,2.797,-121.13,0.007
-5354.597,911.267,-1.491,3.21,-119.834,0
-5354.533,910.095,-1.491,3.391,-114.271,-0.005
-5354.379,908.487,-1.492,4.48,-114.022,-0.011
-5354.214,906.748,-1.492,5.519,-115.157,-0.007
-5354.081,905.451,-1.492,6.075,-111.57,-0.004
-5353.977,904.531,-1.492,6.252,-104.631,-0.002
-5353.964,902.465,-1.49,5.467,-110.521,0.011
-5354.226,900.446,-1.489,1.969,-115.052,0.019
-5354.456,898.906,-1.488,-0.69,-113.977,0.024
-5354.654,897.781,-1.488,-2.627,-108.802,0.028
-5355.273,896,-1.486,-8.615,-111.137,0.044
-5355.714,894.143,-1.482,-11.888,-113.909,0.067
-5356.075,892.742,-1.48,-13.848,-111.579,0.084
-5356.361,891.732,-1.477,-14.764,-105.569,0.096
-5356.6,889.566,-1.478,-15.046,-112.334,0.074
-5356.778,887.896,-1.478,-14.675,-113.014,0.058
-5356.907,886.654,-1.479,-13.837,-109.172,0.046
-5356.993,885.778,-1.479,-12.687,-102.138,0.037
-5357.044,885.205,-1.479,-11.349,-93.017,0.03
-5357.146,882.081,-1.478,-10.73,-111.496,0.037
-5357.128,879.174,-1.476,-8.967,-125.025,0.047
-5357.13,876.278,-1.476,-7.673,-136.452,0.045
-5357.182,873.5,-1.477,-7.07,-144.984,0.031
-5357.063,870.936,-1.476,-4.81,-150.055,0.029
-5356.952,868.989,-1.476,-2.956,-148.033,0.028
-5356.915,866.378,-1.476,-2.146,-153.145,0.021
-5356.847,864.05,-1.476,-1.13,-154.587,0.022
-5356.786,862.315,-1.475,-0.335,-149.71,0.023
-5356.551,859.946,-1.475,2.133,-152.081,0.022
-5356.352,858.171,-1.475,3.874,-147.988,0.02
-5356.186,856.903,-1.475,5.01,-139.276,0.019
-5356.066,854.577,-1.476,5.504,-142.738,0.006
-5355.973,852.823,-1.477,5.657,-139.808,-0.004
-5355.902,851.558,-1.478,5.553,-132.271,-0.011
-5355.578,849.106,-1.477,8.075,-138.06,-0.006
-5355.312,847.233,-1.477,9.627,-137.03,-0.003
-5355.099,845.861,-1.477,10.404,-131.003,0
-5355.085,843.293,-1.476,9.011,-138.181,0.01
-5355.121,840.817,-1.474,7.316,-143.34,0.028
-5355.166,838.935,-1.472,5.783,-141.642,0.041
-5355.034,836.624,-1.469,6.291,-144.601,0.062
-5354.931,834.885,-1.467,6.425,-141.229,0.077
-5354.854,833.637,-1.464,6.276,-133.311,0.088
-5354.861,831.271,-1.464,5.278,-138.059,0.075
-5354.876,829.474,-1.464,4.338,-136.26,0.066
-5354.828,827.069,-1.464,4.204,-140.975,0.061
-5354.935,824.748,-1.464,2.478,-144.141,0.052
-5355.033,823,-1.464,1.107,-140.939,0.044
-5354.961,820.5,-1.463,1.682,-145.942,0.042
-5354.902,818.602,-1.463,2.041,-144.028,0.041
-5354.855,817.219,-1.462,2.228,-137.078,0.04
-5354.67,814.785,-1.46,3.802,-141.976,0.053
-5354.517,812.935,-1.458,4.818,-140.137,0.063
-5354.266,810.154,-1.456,6.694,-148.162,0.072
-5353.799,807.459,-1.455,10.524,-154.111,0.078
-5353.413,805.406,-1.453,12.949,-152.582,0.083
-5353.102,803.906,-1.451,14.242,-145.587,0.086
-5352.764,801.27,-1.452,15.625,-151.311,0.062
-5352.243,798.733,-1.451,18.694,-155.18,0.067
-5352.07,796.336,-1.453,17.722,-157.038,0.036
-5351.953,794.545,-1.455,16.322,-152.374,0.012
-5351.881,793.272,-1.457,14.661,-143.073,-0.005
-5351.813,791.069,-1.458,13.202,-144.71,-0.021
-5351.779,789.425,-1.46,11.616,-140.356,-0.033
-5351.771,788.256,-1.462,9.999,-131.746,-0.042
-5351.765,786.189,-1.46,8.58,-133.648,-0.025
-5351.776,784.642,-1.46,7.202,-129.916,-0.013
-5351.982,782.782,-1.459,4.022,-129.963,-0.011
-5351.945,780.921,-1.462,3.812,-130.011,-0.029
-5351.961,779.346,-1.462,3.088,-127.099,-0.027
-5351.981,778.214,-1.462,2.434,-120.062,-0.025
-5352.006,776.668,-1.463,1.819,-118.324,-0.033
-5352.031,775.544,-1.464,1.294,-112.492,-0.039
-5351.912,774.072,-1.467,2.323,-111.103,-0.055
-5351.814,772.999,-1.469,2.993,-105.808,-0.066
-5351.734,772.262,-1.471,3.374,-97.829,-0.074
-5351.6,770.408,-1.475,4.259,-102.531,-0.1
-5351.701,768.503,-1.476,2.593,-107.061,-0.1
-5351.793,767.048,-1.478,1.262,-106.293,-0.1
-5351.936,765.222,-1.477,-0.386,-109.461,-0.083
-5351.921,763.57,-1.48,-0.178,-110.374,-0.092
-5351.908,762.34,-1.482,-0.018,-106.806,-0.099
-5351.896,761.469,-1.484,0.101,-100.065,-0.103
-5351.854,759.368,-1.485,0.524,-106.973,-0.103
-5352.177,757.264,-1.486,-2.879,-112.904,-0.093
-5352.452,755.647,-1.487,-5.283,-112.945,-0.086
-5352.68,754.452,-1.487,-6.855,-108.634,-0.08
-5352.865,753.615,-1.488,-7.752,-101.275,-0.076
-5353.107,751.244,-1.487,-9.109,-110.793,-0.054
-5353.301,749.392,-1.486,-9.762,-113.565,-0.037
-5353.555,746.833,-1.485,-10.939,-123.206,-0.022
-5353.842,744.672,-1.484,-12.29,-127.326,-0.011
-5354.069,743.033,-1.484,-12.816,-125.476,-0.002
-5354.242,741.842,-1.483,-12.712,-119.286,0.004
-5354.372,739.608,-1.481,-12.184,-124.745,0.026
-5354.463,737.9,-1.478,-11.325,-123.983,0.042
-5354.721,735.452,-1.477,-12.318,-130.943,0.054
-5354.922,733.571,-1.475,-12.578,-131.05,0.063
-5355.017,731.466,-1.474,-11.706,-133.447,0.064
-5354.932,729.561,-1.474,-9.101,-133.432,0.054
-5354.841,728.154,-1.474,-6.827,-128.293,0.046
-5355.034,726.094,-1.472,-7.818,-130.64,0.058
-5355.095,724.331,-1.471,-7.294,-129.573,0.056
-5355.134,723.04,-1.47,-6.626,-123.805,0.054
-5355.157,722.148,-1.47,-5.878,-114.786,0.053
-5355.165,721.584,-1.469,-5.1,-103.712,0.052
-5355.2,719.684,-1.466,-4.714,-108.014,0.07
-5355.222,718.236,-1.464,-4.247,-107.04,0.083
-5355.233,717.176,-1.462,-3.74,-102.206,0.093
-5354.926,715.039,-1.459,-0.023,-109.18,0.101
-5355.047,713.338,-1.458,-1.271,-110.627,0.1
-5355.15,712.067,-1.457,-2.144,-107.444,0.098
-5355.236,711.162,-1.455,-2.706,-100.963,0.096
-5355.253,709.203,-1.456,-2.488,-106.283,0.077
-5355.106,707.454,-1.456,-0.604,-108.652,0.06
-5354.977,706.138,-1.457,0.812,-106.225,0.047
-5354.867,705.191,-1.457,1.826,-100.35,0.038
-5354.775,704.554,-1.457,2.505,-92.153,0.03
-5354.767,702.859,-1.458,2.217,-96.042,0.017
-5354.784,701.307,-1.459,1.713,-97.903,0.006
-5354.985,699.668,-1.458,-0.604,-100.374,0.016
-5355.157,698.432,-1.457,-2.291,-98.34,0.022
-5355.303,697.54,-1.456,-3.45,-93.059,0.028
-5355.467,695.704,-1.457,-4.635,-98.276,0.014
-5355.683,694.07,-1.456,-6.175,-100.645,0.019
-5355.943,692.566,-1.456,-7.946,-101.324,0.02
-5356.154,691.448,-1.456,-8.948,-97.931,0.021
-5356.32,690.658,-1.455,-9.345,-91.66,0.021
-5356.58,689.195,-1.453,-10.641,-93.237,0.036
-5356.902,687.731,-1.452,-12.393,-94.602,0.045
-5357.096,686.426,-1.452,-12.566,-94.119,0.039
-5357.241,685.468,-1.452,-12.21,-90.144,0.035
-5357.194,684.102,-1.45,-9.935,-90.954,0.046
-5357.196,682.777,-1.447,-8.496,-91.211,0.064
-5357.124,681.465,-1.446,-6.504,-91.308,0.064
-5357.233,680.172,-1.446,-6.666,-91.185,0.059
-5357.315,679.219,-1.445,-6.53,-87.589,0.055
-5357.171,678.103,-1.447,-4.092,-86.195,0.033
-5357.04,677.294,-1.448,-2.134,-81.852,0.017
-5357.18,676.067,-1.444,-3.263,-82.441,0.049
-5357.331,674.966,-1.443,-4.335,-81.648,0.056
-5357.31,673.998,-1.443,-3.486,-79.609,0.046
-5357.327,673.145,-1.44,-3.153,-76.687,0.07
-5357.336,672.545,-1.437,-2.785,-71.581,0.088
-5357.34,672.156,-1.434,-2.407,-65.058,0.1
-5357.338,671.938,-1.432,-2.035,-57.739,0.109
-5357.333,671.854,-1.429,-1.682,-50.114,0.116
-5357.325,671.872,-1.427,-1.357,-42.555,0.12
-5357.316,671.965,-1.425,-1.064,-35.337,0.123
-5357.263,671.167,-1.429,-0.361,-38.357,0.067
-5357.458,670.43,-1.433,-2.322,-40.305,0.02
-5357.569,669.768,-1.436,-3.118,-41.193,-0.013
-5357.679,669.312,-1.438,-3.785,-39.831,-0.033
-5357.627,668.895,-1.442,-2.699,-38.257,-0.061
-5357.663,668.737,-1.444,-2.672,-34.266,-0.074
-5357.537,668.728,-1.445,-0.979,-29.314,-0.068
-5357.623,668.772,-1.446,-1.724,-24.549,-0.073
-5357.727,668.847,-1.447,-2.54,-20.17,-0.072
-5357.678,668.908,-1.45,-1.657,-16.577,-0.088
-5357.655,668.978,-1.45,-1.178,-13.415,-0.079
-5357.633,669.063,-1.451,-0.778,-10.563,-0.071
-5357.761,668.978,-1.451,-1.983,-9.885,-0.065
-5357.854,669.112,-1.451,-2.646,-7.055,-0.052
-5357.964,669.122,-1.452,-3.397,-5.917,-0.051
-5358.061,669.17,-1.45,-3.892,-4.548,-0.03
-5358.045,669.165,-1.45,-3.157,-3.937,-0.024
-5357.991,669.323,-1.45,-2.134,-1.725,-0.023
-5358.061,669.308,-1.45,-2.543,-1.624,-0.017
-5358.022,669.31,-1.45,-1.773,-1.374,-0.015
-5357.979,669.454,-1.45,-1.065,0.315,-0.013
-5357.906,669.531,-1.451,-0.161,1.056,-0.02
-5358.108,669.473,-1.451,-2.216,0.305,-0.015
-5357.998,669.438,-1.45,-0.749,-0.093,-0.005
-5358.112,669.466,-1.45,-1.813,0.205,-0.005
-5358.217,669.64,-1.45,-2.631,1.966,-0.002
-5358.303,669.787,-1.45,-3.134,3.191,0
-5358.386,669.758,-1.45,-3.521,2.423,-0.002
-5358.498,669.638,-1.45,-4.153,0.827,-0.002
-5358.358,669.604,-1.451,-2.112,0.357,-0.014
-5358.231,669.623,-1.45,-0.49,0.506,-0.004
-5358.233,669.686,-1.451,-0.436,1.08,-0.004
-5358.234,669.739,-1.451,-0.38,1.463,-0.005
-5358.277,669.619,-1.448,-0.768,0.011,0.018
-5358.312,669.515,-1.446,-1.025,-1.062,0.035
-5358.342,669.427,-1.444,-1.175,-1.814,0.048
-5358.365,669.353,-1.443,-1.241,-2.3,0.057
-5358.389,669.605,-1.444,-1.301,0.624,0.035
-5358.407,669.821,-1.445,-1.296,2.759,0.018
-5358.42,670.003,-1.446,-1.242,4.231,0.006
-5358.429,670.153,-1.447,-1.154,5.155,-0.003
-5358.302,669.916,-1.45,0.322,1.948,-0.025
-5358.193,669.706,-1.452,1.401,-0.495,-0.042
-5358.101,669.526,-1.454,2.143,-2.281,-0.054
-5358.025,669.373,-1.455,2.61,-3.512,-0.063
-5357.964,669.248,-1.457,2.854,-4.287,-0.069
-5357.917,669.147,-1.459,2.924,-4.694,-0.073
-5357.88,669.068,-1.46,2.864,-4.814,-0.076
-5357.854,669.009,-1.461,2.709,-4.718,-0.078
-5357.837,668.966,-1.463,2.491,-4.466,-0.079
-5358.039,669.309,-1.461,0.052,-0.279,-0.052
-5358.169,669.64,-1.459,-1.298,3.173,-0.028
-5358.338,669.854,-1.458,-2.848,4.907,-0.012
-5358.479,670.03,-1.457,-3.883,5.998,-0.001
-5358.622,670.039,-1.457,-4.782,5.212,0.002
-5358.719,669.956,-1.459,-5.077,3.583,-0.019
-5358.793,669.877,-1.461,-5.099,2.243,-0.035
-5358.849,669.804,-1.463,-4.92,1.167,-0.046
-5358.888,669.739,-1.464,-4.599,0.327,-0.055
-5358.914,669.682,-1.466,-4.185,-0.306,-0.06
-5358.928,669.634,-1.467,-3.718,-0.762,-0.065
-5358.934,669.593,-1.469,-3.23,-1.069,-0.067
-5358.933,669.56,-1.47,-2.746,-1.255,-0.069
-5358.927,669.533,-1.471,-2.282,-1.344,-0.07
-5358.918,669.513,-1.472,-1.852,-1.359,-0.071
-5358.907,669.497,-1.473,-1.464,-1.317,-0.071
-5358.894,669.486,-1.474,-1.12,-1.235,-0.071
-5358.881,669.479,-1.476,-0.823,-1.128,-0.071
-5358.869,669.475,-1.477,-0.573,-1.005,-0.071
-5358.857,669.473,-1.478,-0.365,-0.875,-0.07
-5358.846,669.473,-1.479,-0.198,-0.746,-0.07
-5358.836,669.475,-1.48,-0.067,-0.622,-0.069
-5358.827,669.477,-1.481,0.032,-0.506,-0.068
-5358.82,669.48,-1.482,0.104,-0.402,-0.067
-5358.813,669.483,-1.483,0.154,-0.309,-0.067
-5358.808,669.487,-1.484,0.184,-0.228,-0.066
-5358.804,669.49,-1.485,0.2,-0.16,-0.065
-5358.801,669.493,-1.485,0.203,-0.104,-0.064
-5358.798,669.496,-1.486,0.198,-0.058,-0.063
-5358.797,669.499,-1.487,0.187,-0.022,-0.063
-5358.795,669.501,-1.488,0.171,0.006,-0.062
-5358.795,669.503,-1.489,0.153,0.026,-0.061
-5358.794,669.505,-1.49,0.134,0.04,-0.06
-5358.794,669.506,-1.491,0.115,0.048,-0.06
-5358.794,669.507,-1.492,0.096,0.053,-0.059
-5358.795,669.508,-1.492,0.078,0.054,-0.058
-5358.795,669.509,-1.493,0.063,0.053,-0.057
-5358.796,669.51,-1.494,0.048,0.05,-0.057
-5358.796,669.51,-1.495,0.036,0.046,-0.056
-5358.797,669.51,-1.496,0.025,0.041,-0.055
-5358.797,669.51,-1.496,0.017,0.036,-0.055
-5358.798,669.51,-1.497,0.01,0.031,-0.054
-5358.798,669.51,-1.498,0.004,0.026,-0.053
-5358.799,669.51,-1.499,0,0.021,-0.053
-5358.799,669.51,-1.5,-0.003,0.017,-0.052
-5358.799,669.51,-1.5,-0.006,0.013,-0.051
-5358.799,669.51,-1.501,-0.007,0.01,-0.051
-5358.696,669.934,-1.491,1.056,4.373,0.054
-5358.609,670.293,-1.482,1.801,7.427,0.132
-5358.536,670.59,-1.474,2.282,9.398,0.191
-5358.315,670.542,-1.464,4.221,7.521,0.257
-5358.17,670.593,-1.458,5.094,6.937,0.284
-5357.982,670.682,-1.452,6.28,6.838,0.297
-5357.831,670.748,-1.447,6.914,6.503,0.306
-5357.663,670.701,-1.444,7.63,5.062,0.285
-5357.573,670.714,-1.443,7.43,4.457,0.257
-5357.637,670.751,-1.442,5.677,4.182,0.224
-5357.708,670.737,-1.441,4.118,3.42,0.201
-5357.72,670.664,-1.442,3.387,2.172,0.157
-5357.819,670.793,-1.442,1.864,3.182,0.133
-5357.814,670.651,-1.442,1.64,1.249,0.116
-5357.881,670.637,-1.443,0.713,0.92,0.093
-5357.94,670.623,-1.443,0,0.641,0.076
-5357.991,670.61,-1.443,-0.526,0.411,0.063
-5358.116,670.534,-1.445,-1.73,-0.433,0.032
-5358.058,670.463,-1.448,-0.884,-1.095,0.007
-5358.124,670.392,-1.449,-1.424,-1.668,-0.009
-5358.177,670.333,-1.451,-1.768,-2.027,-0.021
-5358.126,670.164,-1.449,-0.98,-3.475,-0.007
-5358.267,670.122,-1.45,-2.292,-3.394,-0.014
-5358.386,670.092,-1.451,-3.173,-3.203,-0.02
-5358.328,670.102,-1.451,-2.108,-2.625,-0.011
-5358.231,670.226,-1.45,-0.805,-0.963,-0.005
-5358.146,670.335,-1.45,0.189,0.302,-0.001
-5358.073,670.429,-1.449,0.916,1.224,0.002
-5358.076,670.426,-1.449,0.744,1.014,0.002
-5358.026,670.343,-1.449,1.15,0.008,0.006
-5357.985,670.271,-1.449,1.406,-0.735,0.008
-5358.04,670.239,-1.448,0.634,-0.954,0.016
-5358.088,670.214,-1.447,0.039,-1.079,0.023
-5358.131,670.193,-1.446,-0.402,-1.13,0.027
-5358.326,670.31,-1.445,-2.356,0.239,0.032
-5358.385,670.507,-1.447,-2.615,2.228,0.01
-5358.325,670.54,-1.448,-1.608,2.242,-0.002
-5358.27,670.565,-1.449,-0.803,2.167,-0.011
-5358.22,670.582,-1.45,-0.177,2.028,-0.017
-5358.177,670.593,-1.45,0.292,1.847,-0.022
-5358.232,670.579,-1.45,-0.315,1.423,-0.01
-5358.279,670.563,-1.449,-0.751,1.055,-0.001
-5358.318,670.548,-1.448,-1.044,0.742,0.006
-5358.35,670.533,-1.447,-1.22,0.483,0.011
-5358.375,670.52,-1.447,-1.304,0.273,0.015
-5358.396,670.508,-1.446,-1.315,0.107,0.017
-5358.267,670.266,-1.447,0.201,-2.391,0.004
-5358.236,670.359,-1.446,0.492,-1.089,0.021
-5358.421,670.382,-1.446,-1.488,-0.69,0.012
-5358.467,670.184,-1.448,-1.748,-2.63,-0.003
-5358.526,670.229,-1.449,-2.092,-1.772,-0.013
-5358.537,670.108,-1.451,-1.897,-2.766,-0.029
-5358.543,670.007,-1.452,-1.681,-3.394,-0.04
-5358.749,670.244,-1.452,-3.549,-0.456,-0.036
-5358.92,670.45,-1.453,-4.792,1.731,-0.033
-5358.799,670.537,-1.452,-2.845,2.374,-0.019
-5358.689,670.608,-1.451,-1.298,2.757,-0.01
-5358.649,670.56,-1.451,-0.691,1.853,-0.008
-5358.613,670.514,-1.451,-0.216,1.113,-0.008
-5358.581,670.473,-1.451,0.143,0.524,-0.007
-5358.493,670.407,-1.451,1.03,-0.232,-0.004
-5358.418,670.35,-1.451,1.645,-0.781,-0.003
-5358.268,670.324,-1.451,2.957,-0.935,0
-5358.233,670.409,-1.45,2.88,0.071,0.004
-5358.178,670.461,-1.45,3.023,0.6,0.009
-5358.288,670.537,-1.448,1.445,1.292,0.023
-5358.386,670.6,-1.447,0.223,1.754,0.033
-5358.356,670.695,-1.446,0.5,2.467,0.036
-5358.433,670.61,-1.445,-0.365,1.231,0.034
-5358.499,670.534,-1.445,-0.989,0.27,0.033
-5358.474,670.418,-1.445,-0.59,-0.962,0.023
-5358.452,670.32,-1.446,-0.273,-1.836,0.016
-5358.432,670.237,-1.446,-0.028,-2.41,0.01
-5358.414,670.171,-1.446,0.154,-2.742,0.006
-5358.275,670.196,-1.448,1.564,-2.08,-0.008
-5358.256,670.132,-1.449,1.533,-2.436,-0.017
-5358.242,670.08,-1.45,1.452,-2.605,-0.023
-5358.232,670.041,-1.451,1.335,-2.63,-0.027
-5358.243,670.149,-1.455,1.032,-1.132,-0.064
-5358.254,670.244,-1.459,0.768,0.018,-0.091
-5358.379,670.248,-1.458,-0.639,0.048,-0.065
-5358.487,670.25,-1.456,-1.654,0.069,-0.045
-5358.415,670.309,-1.456,-0.67,0.668,-0.038
-5358.419,670.432,-1.456,-0.617,1.833,-0.026
-5358.422,670.535,-1.455,-0.553,2.623,-0.017
-5358.43,670.483,-1.454,-0.554,1.703,-0.005
-5358.481,670.65,-1.454,-1.002,3.174,-0.003
-5358.329,670.584,-1.453,0.719,2.027,0.01
-5358.198,670.523,-1.452,1.962,1.102,0.02
-5358.088,670.469,-1.451,2.804,0.376,0.027
-5358.261,670.324,-1.45,0.605,-1.163,0.024
-5358.413,670.202,-1.45,-1.043,-2.255,0.023
-5358.697,670.312,-1.45,-3.819,-0.784,0.022
-5358.578,670.491,-1.449,-2.027,1.164,0.027
-5358.536,670.404,-1.449,-1.295,0.107,0.025
-5358.497,670.33,-1.449,-0.705,-0.678,0.024
-5358.404,670.275,-1.447,0.351,-1.141,0.038
-5358.289,670.195,-1.446,1.494,-1.802,0.035
-5358.19,670.128,-1.446,2.281,-2.221,0.032
-5358.291,670.171,-1.446,0.914,-1.45,0.031
-5358.379,670.211,-1.445,-0.131,-0.825,0.03
-5358.456,670.247,-1.445,-0.897,-0.331,0.029
-5358.51,670.209,-1.446,-1.321,-0.68,0.019
-5358.359,670.1,-1.447,0.424,-1.704,0.005
-5358.279,670.143,-1.448,1.184,-1.006,-0.005
-5358.452,670.285,-1.448,-0.767,0.602,-0.004
-5358.6,670.407,-1.448,-2.179,1.766,-0.003
-5358.526,670.362,-1.447,-1.103,1.042,0.007
-5358.542,670.362,-1.447,-1.101,0.898,0.002
-5358.553,670.362,-1.448,-1.058,0.757,-0.003
-5358.438,670.657,-1.448,0.287,3.69,-0.009
-5358.338,670.907,-1.449,1.269,5.714,-0.014
-5358.254,671.112,-1.449,1.945,6.99,-0.017
-5358.249,671.018,-1.45,1.717,4.995,-0.016
-5358.247,670.928,-1.45,1.483,3.328,-0.016
-5358.307,670.833,-1.449,0.649,1.868,-0.002
-5358.16,670.726,-1.447,2.069,0.488,0.01
-5358.031,670.587,-1.447,3.092,-1.01,0.009
-5358.135,670.589,-1.447,1.566,-0.844,0.012
-5358.039,670.599,-1.447,2.321,-0.62,0.009
-5357.96,670.608,-1.447,2.789,-0.43,0.006
-5358.004,670.647,-1.447,1.93,0.028,0.008
-5358.019,670.556,-1.446,1.497,-0.91,0.012
-5358.034,670.479,-1.446,1.119,-1.567,0.015
-5358.049,670.416,-1.445,0.797,-1.993,0.017
-5358.145,670.605,-1.446,-0.3,0.255,0.011
-5358.077,670.583,-1.445,0.438,-0.012,0.017
-5358.02,670.564,-1.444,0.966,-0.209,0.021
-5357.972,670.548,-1.444,1.319,-0.346,0.024
-5358.066,670.627,-1.446,0.154,0.525,0.001
-5358.249,670.716,-1.447,-1.748,1.363,-0.008
-5358.403,670.791,-1.448,-3.086,1.929,-0.015
-5358.522,670.715,-1.449,-3.854,0.865,-0.026
-5358.527,670.656,-1.448,-3.337,0.131,-0.018
-5358.525,670.605,-1.448,-2.826,-0.416,-0.012
-5358.389,670.417,-1.448,-1.01,-2.282,-0.011
-5358.269,670.259,-1.448,0.371,-3.572,-0.011
-5358.317,670.478,-1.449,-0.174,-0.797,-0.013
-5358.358,670.669,-1.449,-0.57,1.283,-0.015
-5358.416,670.595,-1.45,-1.083,0.334,-0.023
-5358.464,670.53,-1.451,-1.421,-0.38,-0.028
-5358.503,670.475,-1.452,-1.616,-0.893,-0.032
-5358.364,670.488,-1.453,0.051,-0.629,-0.041
-5358.293,670.463,-1.453,0.773,-0.795,-0.034
-5358.264,670.44,-1.452,0.968,-0.917,-0.015
-5358.239,670.421,-1.451,1.075,-0.971,-0.001
-5358.237,670.516,-1.451,0.941,0.149,-0.005
-5358.312,670.536,-1.448,0.033,0.332,0.021
-5358.376,670.553,-1.446,-0.639,0.454,0.039
-5358.432,670.566,-1.444,-1.111,0.527,0.053
-5358.505,670.682,-1.443,-1.702,1.638,0.059
-5358.445,670.651,-1.443,-0.834,1.081,0.042
-5358.455,670.642,-1.444,-0.818,0.832,0.027
-5358.511,670.688,-1.445,-1.272,1.186,0.013
-5358.659,670.69,-1.447,-2.61,1.024,-0.008
-5358.628,670.704,-1.449,-1.912,1.021,-0.018
-5358.506,670.794,-1.45,-0.368,1.801,-0.032
-5358.466,670.831,-1.451,0.099,1.918,-0.034
-5358.431,670.86,-1.452,0.441,1.931,-0.036
-5358.402,670.881,-1.453,0.676,1.867,-0.037
-5358.147,670.826,-1.452,3.195,1.023,-0.022
-5358.018,670.7,-1.451,4.06,-0.427,-0.013
-5357.913,670.591,-1.45,4.542,-1.482,-0.007
-5357.925,670.461,-1.45,3.757,-2.608,0
-5357.834,670.645,-1.449,4.132,-0.325,0.008
-5357.837,670.403,-1.449,3.5,-2.775,0.006
-5357.989,670.433,-1.447,1.42,-2.055,0.026
-5357.979,670.294,-1.449,1.313,-3.187,0
-5357.977,670.392,-1.449,1.143,-1.708,0.001
-5357.977,670.48,-1.449,0.973,-0.549,0.003
-5357.979,670.557,-1.449,0.811,0.327,0.003
-5357.922,670.386,-1.448,1.274,-1.484,0.008
-5357.927,670.127,-1.45,1.033,-3.928,-0.01
-5357.832,670.092,-1.451,1.867,-3.712,-0.021
-5357.795,669.891,-1.452,1.97,-5.236,-0.026
-5357.849,669.674,-1.454,1.122,-6.705,-0.039
-5357.933,669.613,-1.455,0.094,-6.345,-0.043
-5357.983,669.362,-1.457,-0.433,-7.998,-0.051
-5358.043,669.21,-1.456,-0.996,-8.386,-0.036
-5357.938,668.964,-1.455,0.243,-9.678,-0.026
-5358.06,668.777,-1.455,-1.049,-10.186,-0.019
-5358.07,668.575,-1.456,-0.999,-10.769,-0.026
-5358.05,668.379,-1.458,-0.651,-11.203,-0.038
-5358.173,668.143,-1.459,-1.816,-11.985,-0.047
-5358.275,667.96,-1.461,-2.607,-12.101,-0.053
-5358.454,667.718,-1.461,-4.06,-12.811,-0.053
-5358.64,667.544,-1.462,-5.377,-12.716,-0.052
-5358.89,667.343,-1.465,-7.158,-12.917,-0.071
-5359.093,667.193,-1.467,-8.198,-12.569,-0.085
-5359.254,667.085,-1.47,-8.651,-11.828,-0.094
-5359.378,667.013,-1.472,-8.653,-10.827,-0.101
-5359.469,666.971,-1.474,-8.322,-9.671,-0.106
-5359.533,666.952,-1.476,-7.758,-8.445,-0.109
-5359.796,666.344,-1.479,-9.321,-13.456,-0.116
-5360.006,665.843,-1.481,-10.117,-16.64,-0.12
-5360.17,665.439,-1.483,-10.317,-18.352,-0.123
-5360.293,665.122,-1.485,-10.067,-18.912,-0.125
-5360.091,664.499,-1.483,-6.505,-22.544,-0.089
-5359.904,664.001,-1.482,-3.623,-24.36,-0.062
-5359.886,663.347,-1.482,-2.898,-27.51,-0.053
-5359.959,662.818,-1.481,-3.231,-28.906,-0.042
-5359.69,662.129,-1.484,0.014,-31.755,-0.059
-5359.807,661.499,-1.486,-1.189,-33.568,-0.073
-5359.906,661.015,-1.489,-2.031,-33.616,-0.083
-5359.988,660.656,-1.491,-2.576,-32.36,-0.091
-5359.839,659.925,-1.495,-0.668,-35.13,-0.118
-5359.885,659.142,-1.497,-1.044,-38.022,-0.124
-5359.789,658.349,-1.5,0.1,-40.598,-0.128
-5359.706,657.736,-1.502,0.941,-40.941,-0.131
-5359.496,656.614,-1.502,2.968,-46.472,-0.115
-5359.319,655.726,-1.503,4.352,-48.771,-0.103
-5359.174,655.047,-1.504,5.206,-48.595,-0.094
-5359.169,654.019,-1.505,4.489,-52.033,-0.098
-5359.25,652.72,-1.508,3,-57.745,-0.106
-5359.434,651.463,-1.508,0.658,-62.201,-0.096
-5359.757,650.148,-1.509,-2.76,-66.588,-0.087
-5360.031,649.13,-1.51,-5.178,-67.268,-0.08
-5360.259,648.372,-1.51,-6.765,-65.185,-0.075
-5360.127,647.038,-1.511,-4.417,-69.335,-0.067
-5360.161,645.709,-1.512,-4.109,-72.817,-0.074
-5360.182,644.691,-1.514,-3.723,-72.59,-0.079
-5360.194,643.941,-1.516,-3.295,-69.632,-0.082
-5360.349,642.362,-1.515,-4.404,-75.644,-0.059
-5360.666,640.794,-1.513,-7.024,-80.668,-0.034
-5360.875,639.258,-1.512,-8.143,-84.616,-0.019
-5361.041,638.081,-1.511,-8.657,-84.28,-0.009
-5361.135,636.343,-1.51,-8.353,-89.78,0.001
-5361.436,634.506,-1.507,-10.216,-95.489,0.027
-5361.677,633.089,-1.505,-11.2,-96.036,0.046
-5361.866,632.036,-1.503,-11.497,-92.749,0.06
-5362.008,631.293,-1.501,-11.274,-86.756,0.07
-5361.938,629.099,-1.498,-8.897,-96.591,0.09
-5361.862,627.374,-1.495,-6.799,-100.143,0.104
-5362.033,624.799,-1.492,-7.563,-111.925,0.117
-5362.018,622.74,-1.489,-6.291,-116.663,0.129
-5362.019,620.579,-1.484,-5.373,-121.744,0.154
-5362.009,618.93,-1.48,-4.489,-120.817,0.173
-5361.993,617.722,-1.476,-3.663,-115.489,0.186
-5362.299,615.406,-1.474,-6.268,-122.342,0.177
-5362.7,613.366,-1.472,-9.476,-125.354,0.171
-5363.03,611.827,-1.47,-11.481,-122.761,0.166
-5363.205,609.359,-1.469,-11.594,-130.113,0.148
-5363.516,606.943,-1.468,-13.094,-135.85,0.133
-5363.762,605.098,-1.468,-13.699,-134.866,0.122
-5363.884,602.815,-1.464,-12.939,-138.532,0.137
-5364.264,600.574,-1.464,-14.944,-141.226,0.119
-5364.461,598.408,-1.463,-14.778,-142.755,0.107
-5364.605,596.792,-1.463,-14.088,-138.398,0.098
-5364.812,594.86,-1.463,-14.144,-137.94,0.077
-5364.97,592.936,-1.465,-13.692,-137.454,0.047
-5365.082,591.521,-1.467,-12.831,-131.811,0.025
-5365.374,589.556,-1.465,-13.951,-132.653,0.038
-5365.489,587.711,-1.465,-13.088,-132.133,0.033
-5365.565,586.355,-1.465,-11.947,-126.669,0.029
-5365.61,585.41,-1.465,-10.645,-117.765,0.026
-5365.691,583.414,-1.462,-9.916,-120.994,0.05
-5365.712,581.255,-1.46,-8.671,-125.426,0.056
-5365.714,579.614,-1.459,-7.419,-123.878,0.06
-5365.703,578.417,-1.458,-6.209,-117.974,0.064
-5365.679,576.674,-1.456,-5.052,-118.572,0.073
-5365.68,574.744,-1.455,-4.317,-120.998,0.071
-5365.672,573.293,-1.454,-3.607,-118.14,0.069
-5365.66,572.252,-1.453,-2.945,-111.488,0.067
-5365.661,570.595,-1.452,-2.531,-112.148,0.065
-5365.718,568.861,-1.45,-2.746,-113.503,0.075
-5365.763,567.566,-1.448,-2.799,-110.141,0.083
-5365.796,566.645,-1.447,-2.731,-103.425,0.088
-5365.843,565.177,-1.447,-2.811,-103.327,0.069
-5365.732,563.697,-1.448,-1.253,-103.376,0.05
-5365.697,562.302,-1.448,-0.709,-102.53,0.047
-5365.665,561.281,-1.447,-0.28,-97.965,0.045
-5365.637,560.575,-1.447,0.048,-90.827,0.043
-5365.522,558.948,-1.449,1.229,-94.217,0.012
-5365.543,557.448,-1.448,0.832,-95.803,0.022
-5365.562,556.323,-1.447,0.507,-93.292,0.029
-5365.581,555.519,-1.446,0.248,-87.852,0.034
-5365.383,553.933,-1.446,2.242,-91.257,0.025
-5365.308,552.464,-1.449,2.693,-92.962,-0.004
-5365.247,551.36,-1.451,2.923,-90.649,-0.025
-5365.199,550.57,-1.453,2.98,-85.455,-0.041
-5365.164,550.041,-1.455,2.908,-78.335,-0.053
-5365.132,548.539,-1.458,2.804,-82.275,-0.074
-5365.137,546.892,-1.463,2.343,-87.131,-0.106
-5365.146,545.624,-1.467,1.912,-87.369,-0.129
-5365.156,544.685,-1.471,1.521,-84.186,-0.145
-5365.168,544.025,-1.474,1.173,-78.6,-0.157
-5365.426,542.217,-1.474,-1.655,-85.652,-0.135
-5365.525,540.415,-1.474,-2.427,-91.609,-0.107
-5365.604,538.615,-1.472,-2.881,-96.661,-0.074
-5365.667,537.233,-1.47,-3.105,-96.678,-0.05
-5365.855,535.501,-1.47,-4.589,-100.284,-0.044
-5366.09,533.692,-1.471,-6.331,-104.16,-0.044
-5366.282,532.315,-1.472,-7.374,-103.02,-0.043
-5366.434,531.31,-1.472,-7.861,-98.218,-0.043
-5366.347,529.528,-1.472,-5.811,-102.116,-0.03
-5366.386,527.784,-1.471,-5.356,-105.056,-0.016
-5366.41,526.464,-1.47,-4.814,-103.19,-0.005
-5366.422,525.509,-1.469,-4.229,-97.845,0.002
-5366.36,523.598,-1.47,-2.969,-103.129,-0.011
-5366.463,521.729,-1.471,-3.598,-107.209,-0.014
-5366.546,520.305,-1.471,-3.924,-106.102,-0.017
-5366.611,519.264,-1.472,-4.015,-101.206,-0.019
-5366.499,517.482,-1.474,-2.264,-104.669,-0.034
-5366.432,515.652,-1.475,-1.242,-108.112,-0.04
-5366.766,513.845,-1.475,-4.502,-110.823,-0.039
-5367.048,512.481,-1.476,-6.737,-108.567,-0.038
-5367.241,510.634,-1.477,-7.734,-111.613,-0.046
-5367.41,508.963,-1.478,-8.335,-112.4,-0.047
-5367.541,507.72,-1.479,-8.459,-108.661,-0.048
-5367.639,506.842,-1.48,-8.225,-101.722,-0.048
-5367.665,504.708,-1.481,-7.282,-108.729,-0.056
-5367.674,503.058,-1.483,-6.305,-109.726,-0.061
-5367.67,501.829,-1.484,-5.342,-106.245,-0.065
-5367.637,499.495,-1.484,-4.213,-114.649,-0.051
-5367.601,497.682,-1.483,-3.217,-116.451,-0.04
-5367.563,496.324,-1.483,-2.358,-113.305,-0.032
-5367.389,493.689,-1.481,-0.221,-123.765,-0.003
-5367.238,491.633,-1.478,1.367,-126.735,0.019
-5367.11,490.082,-1.476,2.487,-124.057,0.035
-5367.253,487.437,-1.474,0.639,-133.045,0.048
-5367.379,485.388,-1.473,-0.75,-134.57,0.058
-5367.406,482.91,-1.47,-0.912,-140.289,0.078
-5367.401,480.411,-1.468,-0.728,-145.388,0.084
-5367.396,478.511,-1.466,-0.565,-143.567,0.087
-5367.203,476.102,-1.464,1.499,-147.25,0.091
-5367.142,473.616,-1.462,1.911,-151.187,0.1
-5367.092,471.738,-1.46,2.141,-148.284,0.105
-5366.896,469.139,-1.459,3.848,-153.236,0.1
-5366.733,467.166,-1.458,4.96,-151.005,0.095
-5366.601,465.733,-1.457,5.592,-143.553,0.092
-5366.69,463.149,-1.456,3.842,-149.043,0.082
-5366.775,461.182,-1.456,2.402,-147.37,0.075
-5366.984,458.12,-1.452,-0.095,-157.219,0.099
-5367.164,455.755,-1.449,-1.936,-158.451,0.117
-5367.131,452.614,-1.447,-1.309,-167.478,0.116
-5367.239,449.789,-1.445,-2.227,-171.93,0.123
-5367.337,447.033,-1.442,-2.909,-175.02,0.127
-5367.486,444.129,-1.443,-4.023,-179.174,0.105
-5367.609,441.94,-1.443,-4.692,-175.355,0.088
-5367.575,439.026,-1.443,-3.655,-179.571,0.071
-5367.489,436.292,-1.44,-2.231,-181.306,0.088
-5367.411,434.254,-1.438,-1.093,-175.619,0.101
-5367.495,431.598,-1.435,-1.802,-177.141,0.11
-5367.565,429.619,-1.433,-2.256,-171.456,0.117
-5367.602,426.487,-1.431,-2.306,-178.482,0.115
-5367.63,424.1,-1.43,-2.255,-176.812,0.113
-5367.761,420.995,-1.426,-3.272,-182.774,0.128
-5367.868,418.638,-1.423,-3.897,-180.152,0.139
-5367.954,416.926,-1.42,-4.209,-171.291,0.147
-5368.184,413.88,-1.42,-5.955,-177.45,0.126
-5368.372,411.566,-1.42,-7.015,-175.179,0.111
-5368.51,408.496,-1.42,-7.406,-181.018,0.092
-5368.608,405.526,-1.419,-7.325,-184.974,0.086
-5368.606,402.51,-1.418,-6.224,-188.816,0.081
-5368.593,400.242,-1.418,-5.172,-184.396,0.077
-5368.69,396.965,-1.416,-5.418,-191.011,0.081
-5368.538,393.898,-1.416,-3.051,-194.495,0.073
-5368.4,391.596,-1.415,-1.186,-189.592,0.066
-5368.279,389.947,-1.415,0.237,-178.684,0.061
-5368.382,386.697,-1.414,-0.86,-185.86,0.059
-5368.47,384.221,-1.413,-1.638,-184.017,0.058
-5368.489,381.247,-1.414,-1.595,-187.57,0.037
-5368.404,378.133,-1.417,-0.482,-192.047,0.009
-5368.329,375.785,-1.419,0.359,-187.972,-0.012
-5368.173,372.771,-1.421,1.913,-191.353,-0.029
-5368.042,370.51,-1.423,2.987,-186.496,-0.042
-5367.811,367.469,-1.424,4.917,-190.368,-0.048
-5367.621,365.183,-1.425,6.154,-185.911,-0.052
-5367.467,363.541,-1.426,6.831,-175.473,-0.055
-5367.532,360.548,-1.426,5.156,-180.472,-0.044
-5367.413,356.816,-1.426,5.629,-192.359,-0.04
-5367.319,353.933,-1.427,5.762,-193.746,-0.037
-5367.146,350.583,-1.426,6.698,-199.742,-0.026
-5367.008,348.045,-1.426,7.132,-196.493,-0.017
-5366.969,344.93,-1.426,6.491,-199.663,-0.015
-5366.946,342.595,-1.426,5.768,-194.331,-0.013
-5367,339.542,-1.427,4.365,-197.182,-0.027
-5367.055,337.257,-1.429,3.161,-191.71,-0.037
-5367.108,335.627,-1.43,2.15,-180.299,-0.044
-5367.158,334.543,-1.431,1.32,-164.94,-0.049
-5367.203,333.904,-1.432,0.657,-147.256,-0.053
-5367.158,330.732,-1.434,1.024,-158.263,-0.056
-5367.093,327.436,-1.437,1.543,-168.915,-0.079
-5367.04,324.889,-1.44,1.867,-170.29,-0.096
-5367.054,321.837,-1.443,1.444,-176.671,-0.109
-5367.069,319.515,-1.446,1.076,-174.594,-0.119
-5367.084,317.821,-1.448,0.764,-166.35,-0.125
-5367.432,315.087,-1.451,-2.926,-170.034,-0.133
-5367.927,312.372,-1.456,-7.596,-172.979,-0.156
-5368.342,310.335,-1.46,-10.753,-168.507,-0.172
-5368.682,308.878,-1.464,-12.672,-158.726,-0.183
-5369.151,306.253,-1.468,-15.64,-162.408,-0.194
-5369.958,303.935,-1.47,-21.637,-162.381,-0.189
-5370.616,302.224,-1.473,-25.236,-156.119,-0.184
-5370.853,299.904,-1.478,-23.961,-157.036,-0.21
-5371.379,297.877,-1.48,-25.856,-154.817,-0.191
-5371.838,296.036,-1.483,-26.781,-150.997,-0.194
-5372.523,294.254,-1.486,-29.887,-147.136,-0.198
-5373.031,292.315,-1.49,-30.728,-145.463,-0.203
-5373.471,290.497,-1.493,-30.738,-142.779,-0.2
-5373.761,288.786,-1.494,-29.199,-139.401,-0.184
-5373.958,287.557,-1.496,-26.94,-131.547,-0.17
-5374.081,286.733,-1.497,-24.236,-120.69,-0.16
-5374.424,284.748,-1.499,-24.206,-123.372,-0.148
-5374.677,283.254,-1.5,-23.254,-120.611,-0.139
-5374.854,282.179,-1.501,-21.657,-113.936,-0.132
-5375.066,279.808,-1.5,-20.652,-121.585,-0.102
-5375.241,277.415,-1.497,-19.417,-128.341,-0.055
-5375.358,275.576,-1.494,-17.759,-128.399,-0.02
-5375.511,273.186,-1.491,-16.728,-134.116,0.008
-5375.614,271.361,-1.489,-15.323,-133.184,0.029
-5375.675,270.022,-1.487,-13.696,-127.377,0.044
-5375.62,267.272,-1.485,-11.116,-136.957,0.059
-5375.462,264.493,-1.484,-7.86,-145.43,0.06
-5375.287,261.788,-1.482,-4.897,-151.884,0.068
-5375.125,259.722,-1.48,-2.52,-150.814,0.073
-5375.003,256.181,-1.478,-0.89,-165.089,0.081
-5374.896,253.415,-1.477,0.349,-169.288,0.087
-5374.671,249.997,-1.474,2.605,-179.582,0.094
-5374.482,247.363,-1.473,4.171,-180.282,0.099
-5374.591,244.19,-1.472,2.432,-186.437,0.092
-5374.577,241.058,-1.471,2.229,-191.26,0.083
-5374.567,238.694,-1.471,1.993,-187.471,0.075
-5374.946,235.564,-1.472,-2.196,-192.124,0.054
-5375.27,233.202,-1.473,-5.206,-188.177,0.038
-5375.238,230.251,-1.47,-4.116,-190.888,0.055
-5375.204,228.042,-1.468,-3.152,-185.553,0.066
-5375.342,224.759,-1.467,-4.111,-192.06,0.064
-5375.454,222.266,-1.467,-4.662,-189.484,0.062
-5375.596,219.209,-1.47,-5.442,-193.08,0.018
-5375.709,216.914,-1.474,-5.809,-188.315,-0.015
-5375.762,213.791,-1.472,-5.498,-192.772,0.004
-5375.764,210.702,-1.473,-4.7,-196.222,-0.008
-5375.756,208.384,-1.474,-3.93,-191.228,-0.016
-5375.742,206.724,-1.475,-3.21,-180.19,-0.023
-5375.724,205.615,-1.476,-2.555,-165.11,-0.027
-5375.953,202.011,-1.475,-4.535,-177.929,-0.012
-5376.143,199.214,-1.474,-5.823,-180.558,0
-5376.147,195.631,-1.473,-5.012,-190.889,0.003
-5376.142,192.875,-1.473,-4.221,-191.184,0.005
-5376.126,189.484,-1.473,-3.432,-197.983,0.007
-5376.353,185.982,-1.472,-5.262,-204.912,0.013
-5376.54,183.323,-1.471,-6.411,-202.154,0.017
-5376.757,179.993,-1.472,-7.71,-206.704,0.008
-5376.965,176.679,-1.471,-8.716,-210.419,0.012
-5377.057,173.451,-1.471,-8.377,-212.71,0.016
-5384.855,153.7,-1.471,-87.426,-384.75,0.008
-5384.1,152.665,-1.471,-66.794,-338.821,0.009
-5390.993,135.653,-1.472,-127.935,-464.128,0.002
-5389.105,136.952,-1.473,-89.688,-382.497,-0.007
-5394.863,122.064,-1.472,-135.775,-479.515,-0.003
-5392.086,125.546,-1.472,-87.216,-373.142,0.001
-5389.674,128.44,-1.471,-49.554,-288.476,0.01
-5394.98,114.434,-1.469,-96.892,-390.232,0.025
-5392.103,118.59,-1.468,-53.021,-290.064,0.033
-5396.857,105.896,-1.465,-94.17,-378.089,0.058
-5393.392,110.959,-1.463,-44.646,-270.357,0.072
-5398.031,98.759,-1.46,-85.835,-356.189,0.089
-5394.189,104.564,-1.459,-33.666,-244.045,0.086
-5391.119,109.462,-1.457,2.897,-157.733,0.09
-5388.497,113.174,-1.456,29.46,-96.318,0.082
-5393.757,99.586,-1.456,-29.024,-222.038,0.072
-5398.475,87.622,-1.457,-73.32,-312.555,0.055
-5402.445,76.962,-1.456,-103.41,-376.325,0.051
-5398.424,84.141,-1.457,-46.808,-247.076,0.038
-5402.263,73.783,-1.458,-79.448,-317.376,0.018
-5398.162,80.884,-1.458,-25.546,-197.59,0.024
-5394.564,87.394,-1.457,15.251,-101.515,0.028
-5391.476,93.217,-1.456,44.799,-26.647,0.031
-5389.048,96.239,-1.454,63.206,8.389,0.049
-5387.061,98.842,-1.452,74.373,33.947,0.062
-5385.704,99.573,-1.447,77.399,36.486,0.092
-5384.67,100.141,-1.444,76.66,36.959,0.114
-5383.817,99.18,-1.442,74.167,21.631,0.118
-5383.213,98.308,-1.44,69.475,9.477,0.12
-5383.321,96.025,-1.436,58.146,-15.414,0.141
-5383.521,94.077,-1.432,47.543,-33.207,0.156
-5383.724,90.936,-1.428,38.457,-60.66,0.168
-5383.979,87.604,-1.425,30.182,-86.034,0.175
-5384.254,84.876,-1.422,22.909,-101.469,0.179
-5384.701,80.862,-1.419,14.935,-127.869,0.183
-5385.116,77.618,-1.416,8.471,-142.455,0.185
-5385.49,75.069,-1.413,3.371,-147.754,0.186
-5386.115,71.278,-1.411,-3.555,-165.048,0.18
-5386.649,68.296,-1.408,-8.534,-171.479,0.175
-5387.287,64.324,-1.408,-13.843,-187.142,0.155
-5387.813,61.226,-1.407,-17.232,-191.518,0.14
-5388.602,57.207,-1.406,-22.807,-204.725,0.129
-5389.242,54.099,-1.405,-26.048,-206.611,0.119
-5389.562,50.129,-1.406,-25.518,-217.095,0.089
-5389.794,47.086,-1.407,-24.145,-216.496,0.066
-5390.165,43.177,-1.408,-24.418,-224.899,0.052
-5390.442,40.201,-1.408,-23.681,-222.461,0.041
-5390.678,36.306,-1.41,-22.626,-229.84,0.019
-5390.841,33.351,-1.411,-20.977,-226.456,0.002
-5390.944,31.205,-1.412,-18.953,-215.252,-0.01
-5390.659,26.829,-1.411,-13.222,-228.646,0.009
-5390.387,23.455,-1.409,-8.48,-229.751,0.024
-5390.044,19.067,-1.408,-3.708,-241.133,0.028
-5389.741,15.706,-1.407,-0.041,-240.273,0.031
-5389.479,13.232,-1.407,2.669,-230.403,0.033
-5389.209,8.484,-1.403,5.053,-245.401,0.059
-5388.831,3.934,-1.4,8.198,-256.15,0.08
-5388.519,0.46,-1.397,10.205,-254.244,0.096
-5388.267,-2.086,-1.395,11.296,-243.064,0.107
-5388.07,-3.849,-1.392,11.668,-225.464,0.115
-5387.92,-4.965,-1.39,11.494,-203.798,0.121
-5387.232,-10.287,-1.388,16.888,-228.606,0.119
-5386.667,-14.479,-1.387,20.223,-238.144,0.117
-5386.214,-17.676,-1.385,21.909,-236.035,0.115
-5386.167,-22.858,-1.384,19.165,-254.671,0.113
-5386.162,-26.883,-1.382,16.401,-258.647,0.111
-5386.188,-29.897,-1.38,13.729,-251.643,0.11
-5386.234,-32.05,-1.379,11.228,-236.798,0.108
-5386.295,-33.484,-1.377,8.949,-216.731,0.107
-5385.833,-38.838,-1.378,12.388,-239.978,0.089
-5385.456,-43.038,-1.378,14.452,-247.925,0.075
-5385.155,-46.225,-1.378,15.421,-244.267,0.065
-5384.923,-48.54,-1.377,15.544,-232.176,0.057
-5384.75,-50.122,-1.377,15.038,-214.321,0.051
-5384.645,-55.737,-1.38,13.912,-240.603,0.021
-5384.579,-60.161,-1.382,12.546,-250.768,-0.001
-5384.544,-63.537,-1.383,11.055,-248.639,-0.018
-5384.535,-66.008,-1.385,9.529,-237.509,-0.03
-5385.256,-72.196,-1.386,0.7,-266.281,-0.037
-5385.672,-77.946,-1.387,-3.683,-286.313,-0.043
-5386.025,-82.404,-1.388,-6.779,-290.106,-0.047
-5386.516,-87.564,-1.385,-10.838,-300.564,-0.011
-5387.145,-92.063,-1.382,-15.714,-302.675,0.017
-5387.661,-95.409,-1.38,-18.712,-292.601,0.038
-5388.456,-99.37,-1.378,-24.15,-290.35,0.051
-5389.101,-102.272,-1.376,-27.238,-277.527,0.061
-5390.068,-105.892,-1.378,-33.184,-273.973,0.032
-5390.844,-108.528,-1.38,-36.301,-260.817,0.01
-5391.671,-111.92,-1.381,-39.468,-257.384,0.001
-5392.314,-114.39,-1.382,-40.29,-244.956,-0.006
-5392.798,-116.083,-1.382,-39.349,-226.36,-0.01
-5393.472,-119.29,-1.384,-40.491,-226.084,-0.029
-5393.981,-121.656,-1.386,-39.778,-217.191,-0.043
-5394.35,-123.309,-1.388,-37.723,-202.273,-0.053
-5394.6,-124.373,-1.39,-34.755,-183.48,-0.06
-5394.754,-124.961,-1.391,-31.227,-162.547,-0.066
-5395.428,-128.449,-1.392,-33.574,-174.545,-0.061
-5396.058,-132.086,-1.388,-35.126,-186.318,-0.022
-5396.541,-134.896,-1.386,-34.922,-187.853,0.007
-5397.287,-138.583,-1.385,-37.471,-198.177,0.015
-5397.865,-141.415,-1.384,-37.913,-198.186,0.02
-5398.297,-143.507,-1.383,-36.782,-190.576,0.025
-5398.604,-144.972,-1.383,-34.533,-177.629,0.028
-5398.807,-145.917,-1.382,-31.545,-161.239,0.03
-5399.334,-149.971,-1.382,-32.335,-179.261,0.023
-5399.732,-153.156,-1.382,-31.677,-185.683,0.018
-5400.019,-155.576,-1.382,-29.972,-183.29,0.014
-5400.213,-157.339,-1.383,-27.562,-174.477,0.011
-5400.398,-161.503,-1.382,-25.411,-191.688,0.012
-5400.512,-164.761,-1.382,-22.846,-197.034,0.012
-5400.569,-167.223,-1.382,-20.073,-193.409,0.012
-5400.582,-169.004,-1.382,-17.254,-183.298,0.012
-5400.562,-170.213,-1.381,-14.508,-168.784,0.013
-5400.518,-170.952,-1.381,-11.922,-151.576,0.013
-5400.352,-176.259,-1.383,-8.458,-183.909,-0.006
-5400.193,-181.874,-1.386,-5.587,-214.67,-0.037
-5400.103,-187.316,-1.39,-3.836,-239.127,-0.07
-5400.058,-192.298,-1.395,-2.804,-255.247,-0.104
-5400.194,-196.796,-1.399,-3.795,-264.01,-0.125
-5400.305,-200.211,-1.403,-4.38,-260.336,-0.14
-5400.544,-204.452,-1.406,-6.199,-265.715,-0.15
-5400.573,-208.461,-1.408,-5.588,-267.911,-0.148
-5400.819,-212.322,-1.412,-7.292,-268.254,-0.164
-5401.018,-215.177,-1.416,-8.27,-258.197,-0.175
-5401.272,-218.691,-1.416,-9.675,-256.396,-0.151
-5401.476,-221.267,-1.416,-10.341,-245.212,-0.132
-5401.887,-224.863,-1.418,-13.06,-246.167,-0.124
-5402.22,-227.529,-1.419,-14.566,-237.412,-0.117
-5402.806,-231.139,-1.419,-18.456,-239.653,-0.1
-5403.28,-233.828,-1.419,-20.62,-232.096,-0.086
-5403.664,-237.361,-1.416,-21.542,-234.333,-0.051
-5404.272,-240.992,-1.415,-24.637,-237.249,-0.026
-5404.591,-244.374,-1.412,-24.29,-237.174,0.003
-5404.822,-246.871,-1.41,-23.1,-228.003,0.025
-5405.223,-250.599,-1.406,-23.823,-232.85,0.053
-5405.526,-253.404,-1.403,-23.442,-227.48,0.074
-5405.852,-256.947,-1.403,-23.354,-230.494,0.066
-5406.092,-259.595,-1.402,-22.392,-223.861,0.061
-5406.351,-263.102,-1.401,-21.757,-227.038,0.063
-5406.535,-265.725,-1.4,-20.452,-220.658,0.064
-5406.657,-267.596,-1.399,-18.702,-207.465,0.065
-5406.614,-271.245,-1.398,-15.508,-214.519,0.068
-5406.737,-275.031,-1.395,-14.503,-221.945,0.082
-5406.595,-278.623,-1.394,-10.9,-226.283,0.085
-5406.451,-281.322,-1.392,-7.819,-220.79,0.088
-5406.312,-284.906,-1.392,-5.238,-225.214,0.08
-5406.182,-287.6,-1.391,-3.13,-219.826,0.073
-5406.064,-289.533,-1.39,-1.453,-207.397,0.068
-5405.938,-293.085,-1.388,0.054,-213.469,0.08
-5406.034,-296.664,-1.388,-0.94,-218.912,0.073
-5406.115,-299.364,-1.387,-1.639,-214.519,0.068
-5406.333,-302.854,-1.385,-3.641,-218.891,0.078
-5406.516,-305.477,-1.383,-4.981,-213.707,0.084
-5406.282,-309.158,-1.384,-1.845,-220.17,0.066
-5406.35,-312.334,-1.382,-2.275,-220.485,0.072
-5406.405,-314.683,-1.38,-2.505,-212.244,0.076
-5406.448,-316.331,-1.379,-2.579,-197.999,0.079
-5406.526,-320.603,-1.379,-3.006,-212.851,0.067
-5406.589,-323.914,-1.379,-3.205,-215.641,0.058
-5406.637,-326.39,-1.379,-3.23,-209.414,0.051
-5406.673,-328.153,-1.379,-3.124,-196.765,0.046
-5406.698,-329.322,-1.378,-2.925,-179.859,0.042
-5406.715,-330.007,-1.378,-2.666,-160.458,0.038
-5406.367,-334.611,-1.376,1.303,-184.257,0.049
-5406.109,-338.943,-1.374,3.764,-201.755,0.063
-5405.893,-342.327,-1.372,5.436,-206.926,0.074
-5405.716,-344.882,-1.37,6.463,-202.793,0.081
-5405.574,-346.725,-1.368,6.973,-191.945,0.086
-5405.178,-350.57,-1.366,10.028,-203.295,0.091
-5404.853,-353.529,-1.365,11.899,-203.865,0.095
-5404.45,-357.009,-1.363,14.29,-209.708,0.102
-5404.128,-359.641,-1.36,15.507,-205.963,0.106
-5403.875,-362.693,-1.358,15.831,-207.094,0.115
-5403.685,-364.96,-1.356,15.462,-199.97,0.121
-5403.548,-366.559,-1.353,14.595,-187.021,0.126
-5403.456,-367.603,-1.351,13.393,-170.269,0.129
-5402.926,-370.981,-1.353,16.886,-179.999,0.088
-5402.573,-374.21,-1.355,18.03,-186.767,0.06
-5402.301,-376.666,-1.356,18.182,-184.588,0.039
-5402.098,-378.457,-1.357,17.595,-175.884,0.024
-5401.955,-379.689,-1.358,16.486,-162.695,0.012
-5401.86,-380.459,-1.359,15.033,-146.699,0.004
-5401.806,-380.86,-1.359,13.381,-129.245,-0.002
-5401.783,-380.971,-1.36,11.647,-111.385,-0.007
-5401.785,-380.865,-1.36,9.919,-93.912,-0.01
-5401.804,-380.602,-1.361,8.261,-77.396,-0.013
-5401.836,-380.234,-1.361,6.719,-62.221,-0.015
-5401.875,-379.802,-1.361,5.321,-48.621,-0.016
-5401.92,-379.339,-1.362,4.085,-36.706,-0.017
-5401.965,-378.871,-1.362,3.014,-26.495,-0.018
-5402.01,-378.418,-1.362,2.108,-17.934,-0.018
-5402.053,-377.993,-1.363,1.357,-10.921,-0.018
-5402.093,-377.605,-1.363,0.75,-5.321,-0.018
-5402.128,-377.26,-1.363,0.273,-0.98,-0.018
-5402.16,-376.958,-1.363,-0.089,2.264,-0.018
-5402.187,-376.702,-1.364,-0.354,4.573,-0.018
-5402.209,-376.488,-1.364,-0.536,6.103,-0.018
-5402.228,-376.314,-1.364,-0.649,6.999,-0.018
-5402.243,-376.176,-1.365,-0.708,7.391,-0.018
-5402.255,-376.069,-1.365,-0.725,7.397,-0.018
-5402.264,-375.991,-1.365,-0.709,7.117,-0.017
-5402.27,-375.936,-1.365,-0.67,6.636,-0.017
-5402.274,-375.9,-1.366,-0.616,6.027,-0.017
-5402.277,-375.88,-1.366,-0.552,5.344,-0.017
-5402.278,-375.873,-1.366,-0.483,4.635,-0.017
-5402.278,-375.875,-1.366,-0.414,3.933,-0.016
-5402.278,-375.884,-1.367,-0.347,3.263,-0.016
-5402.276,-375.898,-1.367,-0.284,2.643,-0.016
-5402.275,-375.914,-1.367,-0.227,2.084,-0.016
-5402.273,-375.932,-1.367,-0.176,1.59,-0.016
-5402.271,-375.951,-1.367,-0.132,1.164,-0.016
-5402.27,-375.969,-1.368,-0.094,0.805,-0.015
-5402.268,-375.986,-1.368,-0.062,0.509,-0.015
-5402.266,-376.002,-1.368,-0.036,0.271,-0.015
-5402.265,-376.017,-1.368,-0.016,0.084,-0.015
-5402.264,-376.029,-1.369,0,-0.057,-0.015
-5402.263,-376.04,-1.369,0.011,-0.159,-0.014
-5402.262,-376.049,-1.369,0.02,-0.228,-0.014
-5402.261,-376.056,-1.369,0.025,-0.27,-0.014
-5402.26,-376.062,-1.369,0.028,-0.291,-0.014
-5402.26,-376.067,-1.37,0.029,-0.295,-0.014
-5402.259,-376.07,-1.37,0.028,-0.287,-0.014
-5402.259,-376.072,-1.37,0.027,-0.27,-0.013
-5402.259,-376.074,-1.37,0.025,-0.247,-0.013
-5402.259,-376.075,-1.37,0.023,-0.221,-0.013
-5402.258,-376.075,-1.37,0.02,-0.193,-0.013
-5402.258,-376.076,-1.371,0.017,-0.164,-0.013
-5402.258,-376.075,-1.371,0.015,-0.137,-0.013
-5402.259,-376.075,-1.371,0.012,-0.112,-0.012
-5402.259,-376.074,-1.371,0.01,-0.089,-0.012
-5402.259,-376.073,-1.371,0.008,-0.069,-0.012
-5402.259,-376.073,-1.372,0.006,-0.051,-0.012
-5402.259,-376.072,-1.372,0.004,-0.036,-0.012
-5402.259,-376.071,-1.372,0.003,-0.023,-0.012
-5402.259,-376.071,-1.372,0.002,-0.013,-0.012
-5402.259,-376.07,-1.372,0.001,-0.005,-0.011
-5402.259,-376.069,-1.372,0,0.001,-0.011
-5402.259,-376.069,-1.373,0,0.005,-0.011
-5402.259,-376.069,-1.373,-0.001,0.008,-0.011
-5402.259,-376.068,-1.373,-0.001,0.01,-0.011
-5402.259,-376.068,-1.373,-0.001,0.011,-0.011
-5402.259,-376.068,-1.373,-0.001,0.012,-0.011
-5402.259,-376.068,-1.373,-0.001,0.012,-0.011
-5402.259,-376.068,-1.373,-0.001,0.011,-0.01
-5402.259,-376.068,-1.374,-0.001,0.01,-0.01
-5402.259,-376.068,-1.374,-0.001,0.009,-0.01
-5402.259,-376.067,-1.374,-0.001,0.008,-0.01
-5402.259,-376.067,-1.374,-0.001,0.007,-0.01
-5402.259,-376.067,-1.374,-0.001,0.006,-0.01
-5402.259,-376.068,-1.374,-0.001,0.005,-0.01
-5402.259,-376.068,-1.374,0,0.004,-0.01
-5402.259,-376.068,-1.375,0,0.003,-0.009
-5402.259,-376.068,-1.375,0,0.002,-0.009
-5402.259,-376.068,-1.375,0,0.002,-0.009
-5402.259,-376.068,-1.375,0,0.001,-0.009
-5402.259,-376.068,-1.375,0,0.001,-0.009
-5402.259,-376.068,-1.375,0,0,-0.009
-5402.259,-376.068,-1.375,0,0,-0.009
-5402.259,-376.068,-1.376,0,0,-0.009
-5402.259,-376.068,-1.376,0,0,-0.009
-5402.259,-376.068,-1.376,0,0,-0.008
-5402.259,-376.068,-1.376,0,0,-0.008
-5402.259,-376.068,-1.376,0,0,-0.008
-5402.259,-376.068,-1.376,0,0,-0.008
-5402.259,-376.068,-1.376,0,0,-0.008
-5402.259,-376.068,-1.376,0,0,-0.008
-5402.259,-376.068,-1.376,0,0,-0.008
-5402.259,-376.068,-1.377,0,0,-0.008
-5402.259,-376.068,-1.377,0,0,-0.008
-5402.259,-376.068,-1.377,0,0,-0.008
-5402.259,-376.068,-1.377,0,0,-0.008
-5402.259,-376.068,-1.377,0,0,-0.007
-5402.259,-376.068,-1.377,0,0,-0.007
-5402.259,-376.068,-1.377,0,0,-0.007
-5414.285,-467.218,-1.368,-123.802,-938.361,0.084
-5424.598,-544.892,-1.359,-211.765,-1599.982,0.153
-5433.144,-609.247,-1.352,-268.599,-2027.193,0.204
-5440.057,-661.291,-1.345,-300.256,-2264.836,0.242
-5445.496,-702.241,-1.338,-312.099,-2353.321,0.269
-5449.639,-733.423,-1.332,-308.851,-2328.228,0.288
-5453.002,-759.638,-1.338,-298.053,-2255.7,0.19
-5455.314,-778.884,-1.343,-278.022,-2122.093,0.113
-5456.811,-791.69,-1.347,-252.54,-1941.84,0.057
-5457.731,-800.498,-1.353,-224.872,-1746.933,-0.01
-5458.178,-805.45,-1.359,-196.404,-1541.001,-0.061
-5458.427,-807.691,-1.364,-170.079,-1337.44,-0.097
-5458.298,-807.716,-1.368,-143.734,-1141.001,-0.127
-5458.109,-806.377,-1.372,-120.654,-959.422,-0.143
-5457.741,-803.984,-1.375,-99.123,-793.685,-0.145
-5457.343,-801.286,-1.376,-80.446,-649.185,-0.138
-5456.965,-798.495,-1.377,-64.725,-524.975,-0.128
-5456.718,-795.774,-1.377,-52.665,-419.759,-0.111
-5456.395,-793.07,-1.376,-41.588,-330.191,-0.085
-5456.247,-791.001,-1.375,-33.953,-260.335,-0.061
-5456.014,-789.355,-1.373,-26.561,-205.104,-0.035
-5455.967,-788.232,-1.371,-22.171,-163.377,-0.007
-5455.809,-787.688,-1.368,-17.286,-133.754,0.025
-5455.679,-787.587,-1.364,-13.397,-113.037,0.054
-5455.779,-787.855,-1.361,-12.464,-99.173,0.073
-5455.744,-788.695,-1.358,-10.271,-93.233,0.095
-5455.924,-789.829,-1.356,-10.614,-91.196,0.103
-5455.996,-791.392,-1.355,-9.792,-93.876,0.098
-5456.038,-793.147,-1.353,-8.787,-98.142,0.102
-5455.912,-795.164,-1.352,-6.191,-104.468,0.093
-5455.892,-797.336,-1.352,-5.081,-111.463,0.083
-5455.997,-800.328,-1.352,-5.405,-125.872,0.064
-5455.961,-803.4,-1.352,-4.248,-138.992,0.057
-5455.821,-806.413,-1.351,-2.182,-149.57,0.06
-5455.745,-809.408,-1.352,-1.08,-158.406,0.045
-5455.804,-812.305,-1.35,-1.524,-164.932,0.051
-5455.796,-815.161,-1.348,-1.219,-170.075,0.065
-5455.655,-818.108,-1.346,0.415,-175.404,0.077
-5455.514,-820.861,-1.343,1.806,-177.947,0.09
-5455.309,-823.444,-1.341,3.653,-178.367,0.099
-5455.228,-826.222,-1.338,3.945,-180.735,0.115
-5455.067,-828.688,-1.334,5.017,-179.535,0.135
-5454.729,-831.096,-1.331,7.761,-177.93,0.144
-5454.738,-833.312,-1.329,6.533,-174.572,0.143
-5454.607,-835.395,-1.324,6.916,-170.337,0.163
-5454.418,-837.347,-1.321,7.845,-165.386,0.176
-5454.364,-839.316,-1.316,7.251,-161.329,0.191
-5454.062,-841.184,-1.312,9.293,-156.84,0.202
-5454.018,-842.856,-1.307,8.378,-150.985,0.222
-5453.791,-844.249,-1.303,9.486,-143.116,0.227
-5453.908,-845.459,-1.3,6.884,-134.533,0.226
-5453.767,-846.532,-1.295,7.319,-125.792,0.241
-5453.653,-847.279,-1.292,7.418,-114.977,0.24
-5453.547,-847.835,-1.288,7.421,-103.793,0.242
-5453.41,-848.273,-1.286,7.736,-93.038,0.227
-5453.56,-848.446,-1.284,5.061,-81.133,0.209
-5453.572,-848.431,-1.283,4.184,-69.055,0.182
-5453.793,-848.409,-1.283,1.291,-58.67,0.157
-5453.784,-848.181,-1.284,1.199,-47.689,0.129
-5453.91,-847.661,-1.286,-0.27,-35.326,0.085
-5453.978,-847.007,-1.289,-0.934,-23.403,0.049
-5453.944,-846.469,-1.291,-0.447,-14.42,0.018
-5454.071,-846.063,-1.293,-1.685,-8.121,0.003
-5454.145,-845.591,-1.294,-2.196,-2.06,-0.013
-5454.155,-845.138,-1.294,-1.983,2.899,-0.011
-5454.251,-844.757,-1.293,-2.678,6.393,0
-5454.187,-844.421,-1.292,-1.62,8.918,0.015
-5454.161,-844.291,-1.29,-1.118,8.942,0.028
-5454.165,-844.069,-1.289,-0.998,9.913,0.036
-5454.111,-843.948,-1.288,-0.292,9.7,0.039
-5454.099,-843.905,-1.286,-0.13,8.721,0.047
-5454.184,-843.89,-1.285,-0.984,7.588,0.052
-5453.874,-843.957,-1.284,2.353,5.788,0.054
-5453.927,-843.985,-1.285,1.462,4.641,0.04
-5454.156,-843.885,-1.284,-1.108,4.986,0.039
-5454.25,-843.842,-1.284,-1.91,4.702,0.036
-5453.863,-844.093,-1.284,2.35,1.423,0.03
-5453.988,-844.141,-1.284,0.717,0.725,0.029
-5453.971,-844.019,-1.284,0.785,1.871,0.023
-5454.064,-843.889,-1.283,-0.29,2.936,0.026
-5454.152,-843.949,-1.283,-1.15,1.885,0.021
-5454.269,-843.986,-1.284,-2.18,1.225,0.013
-5454.106,-843.891,-1.284,-0.188,2.025,0.011
-5454.103,-844.014,-1.284,-0.13,0.464,0.01
-5454.072,-844.025,-1.284,0.214,0.28,0.009
-5454.2,-844.003,-1.284,-1.142,0.462,0.01
-5454.203,-843.987,-1.283,-1.002,0.556,0.011
-5454.415,-843.921,-1.284,-3.036,1.155,0.003
-5454.381,-843.847,-1.285,-2.238,1.752,-0.011
-5454.403,-843.894,-1.286,-2.143,1.01,-0.016
-5454.271,-843.953,-1.286,-0.468,0.253,-0.009
-5454.176,-843.914,-1.286,0.584,0.619,-0.008
-5454.253,-844.022,-1.286,-0.295,-0.586,-0.013
-5454.337,-844.153,-1.287,-1.115,-1.848,-0.022
-5454.487,-844.289,-1.288,-2.498,-2.98,-0.023
-5454.357,-844.331,-1.288,-0.791,-2.974,-0.017
-5454.464,-844.374,-1.288,-1.773,-2.978,-0.018
-5454.223,-844.51,-1.288,0.961,-3.939,-0.015
-5454.302,-844.427,-1.287,0.009,-2.504,-0.004
-5454.302,-844.486,-1.286,0.005,-2.745,0.003
-5454.262,-844.338,-1.286,0.423,-0.815,0.006
-5454.306,-844.452,-1.287,-0.091,-1.874,0
-5454.407,-844.291,-1.287,-1.119,0.065,-0.006
-5454.328,-843.988,-1.288,-0.139,3.174,-0.013
-5454.307,-843.832,-1.289,0.092,4.313,-0.02
-5454.153,-843.659,-1.29,1.661,5.461,-0.027
-5454.14,-843.597,-1.29,1.558,5.292,-0.023
-5454.143,-843.594,-1.291,1.293,4.543,-0.027
-5454.079,-843.532,-1.294,1.765,4.518,-0.053
-5454.026,-843.486,-1.297,2.046,4.326,-0.073
-5454.433,-843.541,-1.299,-2.44,3.128,-0.086
-5454.53,-843.607,-1.301,-3.079,1.983,-0.087
-5454.608,-843.668,-1.302,-3.432,1.061,-0.088
-5454.669,-843.723,-1.304,-3.561,0.339,-0.089
-5454.716,-843.772,-1.305,-3.52,-0.207,-0.089
-5454.99,-843.706,-1.302,-5.816,0.501,-0.043
-5455.216,-843.65,-1.299,-7.288,1.004,-0.009
-5455.398,-843.603,-1.296,-8.095,1.338,0.017
-5455.542,-843.565,-1.294,-8.381,1.533,0.036
-5455.433,-843.321,-1.292,-6.028,3.818,0.05
-5455.328,-843.117,-1.29,-4.059,5.359,0.06
-5455.229,-842.95,-1.288,-2.448,6.291,0.067
-5455.164,-843.043,-1.289,-1.411,4.403,0.051
-5455.104,-843.132,-1.29,-0.591,2.84,0.038
-5454.953,-843.25,-1.29,1.048,1.205,0.024
-5454.825,-843.355,-1.291,2.218,-0.048,0.013
-5454.717,-843.445,-1.292,2.997,-0.972,0.006
-5454.841,-843.508,-1.291,1.287,-1.477,0.014
-5454.95,-843.56,-1.29,-0.025,-1.793,0.02
-5455.044,-843.602,-1.289,-0.994,-1.957,0.025
-5455.122,-843.78,-1.289,-1.646,-3.505,0.02
-5455.227,-843.946,-1.289,-2.486,-4.696,0.019
-5455.313,-844.081,-1.289,-3.011,-5.396,0.018
-5455.383,-844.188,-1.289,-3.284,-5.705,0.018
-5455.183,-843.999,-1.289,-0.739,-2.916,0.014
-5455.025,-844.321,-1.288,0.992,-5.809,0.021
-5454.756,-844.344,-1.288,3.616,-5.191,0.017
-5454.709,-844.183,-1.288,3.569,-2.768,0.014
-5454.634,-844.2,-1.288,3.819,-2.535,0.015
-5454.582,-844.079,-1.287,3.787,-0.922,0.018
-5454.531,-843.984,-1.288,3.752,0.197,0.008
-5454.446,-844.033,-1.288,4.076,-0.337,0.007
-5454.43,-844.047,-1.288,3.642,-0.437,0.005
-5454.325,-844.045,-1.289,4.189,-0.346,-0.01
-5454.354,-843.891,-1.289,3.273,1.286,-0.006
-5454.386,-843.76,-1.289,2.47,2.443,-0.002
-5454.381,-843.888,-1.293,2.155,0.776,-0.044
-5454.381,-843.999,-1.297,1.839,-0.485,-0.075
-5454.384,-844.094,-1.301,1.536,-1.398,-0.098
-5454.39,-844.175,-1.304,1.252,-2.018,-0.114
-5454.396,-844.241,-1.307,0.995,-2.399,-0.125
-5454.405,-844.293,-1.31,0.766,-2.588,-0.133
-5454.413,-844.334,-1.313,0.568,-2.628,-0.139
-5454.421,-844.365,-1.315,0.4,-2.557,-0.142
-5454.429,-844.387,-1.318,0.26,-2.406,-0.144
-5454.436,-844.401,-1.32,0.147,-2.202,-0.146
-5454.443,-844.41,-1.322,0.058,-1.967,-0.146
-5454.449,-844.414,-1.325,-0.01,-1.717,-0.146
-5454.454,-844.414,-1.327,-0.06,-1.467,-0.145
-5454.458,-844.411,-1.329,-0.095,-1.226,-0.144
-5454.461,-844.407,-1.331,-0.117,-1,-0.143
-5454.464,-844.401,-1.333,-0.128,-0.796,-0.141
-5454.466,-844.395,-1.335,-0.132,-0.614,-0.14
-5454.468,-844.388,-1.337,-0.13,-0.456,-0.138
-5454.469,-844.382,-1.339,-0.123,-0.322,-0.137
-5454.47,-844.376,-1.341,-0.113,-0.21,-0.135
-5454.47,-844.37,-1.343,-0.102,-0.12,-0.133
-5454.471,-844.365,-1.345,-0.089,-0.048,-0.132
-5454.471,-844.36,-1.347,-0.077,0.006,-0.13
-5454.471,-844.356,-1.349,-0.064,0.046,-0.128
-5454.47,-844.353,-1.351,-0.053,0.074,-0.126
-5454.47,-844.35,-1.353,-0.042,0.092,-0.125
-5454.47,-844.348,-1.354,-0.033,0.101,-0.123
-5454.47,-844.346,-1.356,-0.025,0.105,-0.122
-5454.469,-844.345,-1.358,-0.018,0.103,-0.12
-5454.469,-844.344,-1.359,-0.012,0.098,-0.118
-5454.469,-844.343,-1.361,-0.007,0.09,-0.117
-5454.468,-844.343,-1.363,-0.003,0.081,-0.115
-5454.468,-844.342,-1.364,0,0.071,-0.114
-5454.468,-844.342,-1.366,0.002,0.061,-0.112
-5454.468,-844.342,-1.368,0.003,0.051,-0.111
-5454.468,-844.343,-1.369,0.004,0.042,-0.109
-5454.467,-844.343,-1.371,0.005,0.034,-0.108
-5454.467,-844.343,-1.372,0.005,0.026,-0.106
-5454.467,-844.343,-1.374,0.005,0.02,-0.105
-5454.467,-844.344,-1.375,0.005,0.014,-0.104
-5454.401,-844.205,-1.331,0.688,1.439,0.336
-5454.345,-844.088,-1.293,1.166,2.436,0.682
-5454.451,-844.042,-1.284,-0.101,2.544,0.666
-5454.543,-844.008,-1.275,-1.033,2.525,0.654
-5454.371,-844.114,-1.271,0.896,1.065,0.603
-5454.226,-844.146,-1.268,2.248,0.576,0.536
-5454.056,-843.982,-1.267,3.67,2.177,0.465
-5453.998,-844.091,-1.268,3.724,0.737,0.389
-5454.032,-844.095,-1.268,2.826,0.589,0.326
-5454.068,-844.065,-1.268,2.043,0.807,0.274
-5454.046,-844.066,-1.27,1.972,0.677,0.22
-5453.898,-844.158,-1.271,3.198,-0.364,0.172
-5453.998,-844.139,-1.273,1.705,-0.123,0.127
-5454.071,-844.193,-1.274,0.695,-0.66,0.098
-5454.086,-844.13,-1.276,0.438,0.09,0.065
-5453.932,-844.101,-1.278,1.964,0.37,0.038
-5454.055,-844.119,-1.279,0.414,0.139,0.022
-5454.17,-844.237,-1.28,-0.839,-1.099,0.01
-5454.157,-844.289,-1.281,-0.581,-1.473,0
-5454.213,-844.324,-1.283,-1.072,-1.623,-0.016
-5454.263,-844.182,-1.283,-1.429,0.079,-0.018
-5454.324,-844.25,-1.284,-1.844,-0.63,-0.02
-5454.393,-844.325,-1.285,-2.281,-1.312,-0.028
-5454.365,-844.269,-1.285,-1.66,-0.538,-0.024
-5454.376,-844.3,-1.285,-1.533,-0.775,-0.021
-5454.36,-844.316,-1.286,-1.141,-0.834,-0.026
-5454.431,-844.408,-1.285,-1.697,-1.649,-0.018
-5454.434,-844.324,-1.285,-1.478,-0.543,-0.012
-5454.418,-844.337,-1.285,-1.106,-0.6,-0.008
-5454.515,-844.388,-1.284,-1.93,-1.04,0
-5454.481,-844.283,-1.284,-1.304,0.201,-0.003
-5454.444,-844.329,-1.284,-0.732,-0.307,-0.002
-5454.336,-844.221,-1.284,0.485,0.855,0.003
-5454.28,-844.227,-1.284,0.991,0.667,0.002
-5454.031,-844.209,-1.285,3.415,0.755,-0.007
-5454.019,-844.289,-1.285,3.038,-0.181,-0.008
-5454.108,-844.289,-1.285,1.671,-0.154,-0.004
-5454.144,-844.402,-1.284,1.056,-1.294,0.003
-5454.122,-844.458,-1.283,1.124,-1.683,0.008
-5454.103,-844.298,-1.283,1.16,0.207,0.008
-5454.079,-844.282,-1.283,1.234,0.339,0.01
-5454.077,-844.233,-1.283,1.071,0.799,0.006
-5454.075,-844.209,-1.284,0.939,0.93,0
-5454.082,-844.158,-1.283,0.724,1.315,0.009
-5454.128,-844.113,-1.283,0.147,1.589,0.007
-5454.187,-844.046,-1.283,-0.479,2.038,0.006
-5454.194,-843.969,-1.282,-0.483,2.535,0.016
-5454.264,-843.904,-1.282,-1.136,2.834,0.007
-5454.224,-843.976,-1.283,-0.557,1.673,0.002
-5454.19,-844.077,-1.283,-0.126,0.391,0
-5454.188,-844.169,-1.284,-0.091,-0.62,-0.006
-5454.292,-844.133,-1.283,-1.147,-0.152,0.003
-5454.259,-844.035,-1.283,-0.638,0.881,0.002
-5454.081,-844.254,-1.284,1.294,-1.507,-0.006
-5453.981,-844.236,-1.283,2.125,-1.096,-0.001
-5453.829,-844.265,-1.284,3.381,-1.241,-0.007
-5453.911,-844.314,-1.283,2.047,-1.563,0.003
-5453.751,-844.28,-1.283,3.386,-0.975,0.006
-5453.999,-844.487,-1.283,0.338,-2.965,-0.001
-5453.996,-844.453,-1.284,0.319,-2.183,-0.006
-5453.994,-844.54,-1.284,0.29,-2.76,-0.01
-5454.006,-844.399,-1.284,0.12,-0.901,-0.005
-5454.057,-844.401,-1.284,-0.416,-0.788,-0.002
-5454.007,-844.216,-1.285,0.154,1.23,-0.01
-5454,-844.247,-1.284,0.202,0.732,-0.007
-5454.115,-844.227,-1.284,-1.01,0.833,-0.001
-5454.033,-844.199,-1.284,-0.008,1.001,-0.001
-5454.157,-844.266,-1.283,-1.286,0.158,0.003
-5454.152,-844.259,-1.283,-1.045,0.208,0.003
-5454.267,-844.249,-1.284,-2.078,0.28,0
-5454.326,-844.237,-1.285,-2.381,0.368,-0.012
-5454.375,-844.089,-1.285,-2.527,1.837,-0.011
-5454.375,-844.023,-1.285,-2.159,2.243,-0.011
-5454.288,-844.006,-1.284,-0.949,2.093,0
-5454.317,-843.961,-1.284,-1.107,2.247,0.002
-5454.275,-844.184,-1.283,-0.517,-0.385,0.007
-5454.308,-844.244,-1.283,-0.77,-0.941,0.008
-5454.186,-844.186,-1.283,0.597,-0.212,0.01
-5454.065,-844.134,-1.283,1.753,0.357,0.007
-5454.104,-844.023,-1.283,1.098,1.451,0.005
-5454.288,-844.138,-1.283,-0.961,0.046,0.005
-5454.041,-844.181,-1.283,1.718,-0.399,0.004
-5454.012,-844.115,-1.283,1.765,0.343,0.004
-5453.945,-844.209,-1.282,2.199,-0.678,0.009
-5453.89,-844.146,-1.283,2.437,0.066,0.002
-5453.893,-844.179,-1.284,2.056,-0.281,-0.004
-5453.856,-844.152,-1.284,2.126,0.039,-0.004
-5453.845,-844.242,-1.284,1.925,-0.89,-0.004
-5453.828,-844.247,-1.284,1.819,-0.813,-0.002
-5453.954,-844.315,-1.284,0.262,-1.391,-0.002
-5453.891,-844.271,-1.283,0.867,-0.732,0.002
-5454.026,-844.453,-1.282,-0.655,-2.499,0.009
-5454.035,-844.316,-1.282,-0.65,-0.729,0.008
-5453.97,-844.232,-1.282,0.112,0.249,0.007
-5454.048,-844.104,-1.283,-0.701,1.525,0
-5454.021,-844.011,-1.283,-0.316,2.26,-0.002
-5454.06,-844.022,-1.283,-0.675,1.815,0.004
-5453.987,-844.092,-1.283,0.173,0.832,0
-5453.787,-844.054,-1.284,2.213,1.095,-0.008
-5453.883,-844.057,-1.283,0.89,0.911,-0.001
-5453.958,-844.104,-1.283,-0.015,0.289,0.002
-5453.986,-844.044,-1.283,-0.301,0.859,0
-5453.981,-844.106,-1.283,-0.198,0.102,0.001
-5454.078,-844.115,-1.284,-1.165,-0.013,-0.005
-5454.279,-844.154,-1.283,-3.067,-0.407,0.001
-5454.207,-844.214,-1.284,-1.87,-0.961,-0.004
-5454.071,-844.177,-1.284,-0.199,-0.449,-0.002
-5454.194,-844.084,-1.284,-1.437,0.578,-0.004
-5454.116,-844.165,-1.283,-0.426,-0.335,0.001
-5454.25,-844.155,-1.283,-1.733,-0.186,0.001
-5454.277,-843.994,-1.283,-1.767,1.494,0.002
-5454.128,-843.812,-1.283,0.031,3.15,0.007
-5454.089,-843.825,-1.283,0.425,2.553,0.004
-5454.021,-843.764,-1.283,1.063,2.81,0.005
-5454.164,-843.842,-1.283,-0.561,1.588,0.003
-5454.096,-843.835,-1.283,0.217,1.426,0.002
-5454.137,-843.826,-1.283,-0.237,1.314,-0.002
-5454.253,-843.892,-1.283,-1.39,0.442,-0.001
-5454.273,-844.002,-1.282,-1.4,-0.754,0.005
-5454.266,-843.986,-1.283,-1.113,-0.483,0.003
-5454.302,-843.929,-1.282,-1.325,0.18,0.006
-5454.304,-843.963,-1.283,-1.144,-0.197,0.002
-5454.227,-843.971,-1.283,-0.181,-0.256,-0.005
-5454.251,-843.928,-1.283,-0.411,0.224,-0.004
-5454.136,-844.086,-1.284,0.836,-1.431,-0.011
-5453.998,-843.987,-1.283,2.137,-0.208,0.001
-5454.017,-843.93,-1.284,1.624,0.41,-0.005
-5454.067,-843.853,-1.283,0.873,1.145,-0.001
-5453.965,-843.959,-1.283,1.786,-0.11,0.003
-5453.955,-843.887,-1.283,1.634,0.644,0.003
-5453.987,-843.948,-1.283,1.066,-0.083,0.003
-5453.894,-843.906,-1.282,1.863,0.37,0.005
-5453.781,-843.846,-1.283,2.753,0.926,-0.002
-5453.943,-843.904,-1.284,0.683,0.194,-0.01
-5453.953,-843.959,-1.284,0.479,-0.403,-0.01
-5453.969,-843.93,-1.284,0.243,-0.041,-0.011
-5454.042,-843.967,-1.284,-0.541,-0.419,-0.008
-5454.018,-844.063,-1.285,-0.22,-1.338,-0.011
-5453.839,-844.117,-1.285,1.65,-1.705,-0.008
-5453.917,-844.145,-1.285,0.616,-1.736,-0.009
-5454.04,-844.177,-1.284,-0.745,-1.818,-0.004
-5454.027,-844.104,-1.284,-0.5,-0.795,0.005
-5454.018,-844.198,-1.284,-0.333,-1.648,0.004
-5454.169,-844.288,-1.283,-1.847,-2.325,0.005
-5454.08,-844.27,-1.283,-0.653,-1.798,0.007
-5454.081,-844.241,-1.283,-0.572,-1.243,0.007
-5454.049,-844.29,-1.283,-0.159,-1.558,0.004
-5454.062,-844.213,-1.283,-0.27,-0.539,0.004
-5453.937,-844.254,-1.283,1.06,-0.884,0.005
-5454.053,-844.223,-1.283,-0.292,-0.432,0.004
-5454.045,-844.187,-1.283,-0.166,0.005,-0.001
-5453.934,-844.283,-1.283,1.009,-0.985,0
-5453.951,-844.259,-1.283,0.676,-0.596,0.001
-5454.021,-844.206,-1.283,-0.145,0.039,0.004
-5454.151,-844.106,-1.283,-1.462,1.066,0.006
-5454.134,-844.096,-1.283,-1.07,1.011,0.003
-5454.033,-843.955,-1.283,0.135,2.314,0.001
-5454.082,-843.988,-1.283,-0.393,1.631,-0.003
-5454.212,-843.933,-1.284,-1.675,1.956,-0.003
-5454.133,-843.947,-1.284,-0.621,1.524,-0.003
-5454.226,-844.049,-1.283,-1.476,0.248,-0.001
-5454.204,-844.06,-1.284,-1.04,0.103,-0.005
-5454.182,-844.073,-1.284,-0.661,-0.046,-0.001
-5454.246,-844.078,-1.284,-1.215,-0.098,-0.003
-5454.254,-843.974,-1.283,-1.128,0.993,0.003
-5454.325,-843.93,-1.284,-1.688,1.296,-0.007
-5454.193,-843.94,-1.283,-0.08,1.003,0.004
-5454.114,-844.144,-1.284,0.744,-1.241,-0.003
-5454.165,-844.189,-1.283,0.113,-1.522,0.007
-5454.099,-844.202,-1.283,0.772,-1.436,0.001
-5453.952,-844.15,-1.284,2.168,-0.687,-0.005
-5454.004,-844.161,-1.284,1.315,-0.695,-0.002
-5454.038,-844.153,-1.283,0.779,-0.513,0.001
-5454.096,-844.128,-1.282,0.058,-0.178,0.013
-5454.037,-844.233,-1.282,0.666,-1.239,0.009
-5454.077,-844.218,-1.281,0.15,-0.896,0.016
-5454.079,-844.116,-1.281,0.11,0.279,0.014
-5454.16,-844.084,-1.281,-0.737,0.575,0.013
-5454.315,-844.06,-1.282,-2.228,0.729,0.001
-5454.098,-844.115,-1.283,0.335,0.06,-0.003
-5453.999,-844.238,-1.283,1.305,-1.213,-0.004
-5453.96,-844.217,-1.283,1.514,-0.819,-0.002
-5454.105,-844.185,-1.283,-0.21,-0.372,-0.002
-5454.129,-844.179,-1.283,-0.422,-0.253,-0.001
-5454.077,-844.176,-1.283,0.178,-0.188,-0.005
-5454.016,-844.044,-1.283,0.783,1.201,-0.006
-5454.283,-844.021,-1.284,-2.087,1.262,-0.007
-5454.224,-844.096,-1.283,-1.165,0.301,-0.001
-5454.405,-844.008,-1.283,-2.861,1.164,-0.005
-5454.326,-843.949,-1.284,-1.626,1.603,-0.008
-5454.196,-844.033,-1.284,-0.05,0.496,-0.01
-5454.153,-843.96,-1.284,0.403,1.18,-0.009
-5454.066,-844.011,-1.284,1.23,0.483,-0.006
-5453.792,-844.217,-1.284,3.883,-1.709,0
-5453.912,-844.222,-1.284,2.066,-1.507,-0.006
-5453.999,-844.265,-1.285,0.869,-1.733,-0.011
-5454.104,-844.387,-1.284,-0.336,-2.733,-0.002
-5454.238,-844.395,-1.284,-1.673,-2.419,0
-5454.089,-844.488,-1.283,0.105,-3.018,0.009
-5454.214,-844.373,-1.283,-1.193,-1.39,0.002
-5454.319,-844.371,-1.283,-2.095,-1.167,0.002
-5454.384,-844.42,-1.283,-2.457,-1.499,0.005
-5454.418,-844.379,-1.283,-2.449,-0.85,0.004
-5454.363,-844.301,-1.283,-1.525,0.072,0.008
-5454.333,-844.294,-1.283,-0.98,0.137,0.002
-5454.321,-844.345,-1.283,-0.725,-0.409,0.003
-5454.234,-844.174,-1.284,0.284,1.413,-0.004
-5454.042,-844.124,-1.284,2.211,1.715,-0.003
-5454.002,-844.165,-1.284,2.305,1.047,-0.003
-5454.085,-844.066,-1.284,1.106,1.913,-0.002
-5454.1,-844.248,-1.283,0.797,-0.25,0.003
-5454.134,-844.14,-1.282,0.326,0.898,0.009
-5454.23,-844.122,-1.283,-0.717,0.958,0.006
-5454.269,-844.178,-1.282,-1.004,0.24,0.009
-5454.312,-844.149,-1.283,-1.306,0.5,0.001
-5454.248,-844.099,-1.283,-0.444,0.94,0.003
-5454.195,-843.947,-1.283,0.156,2.366,-0.003
-5454.19,-844.068,-1.283,0.186,0.773,0
-5454.221,-844.046,-1.283,-0.152,0.888,-0.002
-5454.173,-844.102,-1.285,0.359,0.181,-0.018
-5454.167,-844.182,-1.285,0.369,-0.664,-0.013
-5454.149,-844.243,-1.285,0.499,-1.196,-0.011
-5454.234,-844.253,-1.284,-0.451,-1.127,-0.007
-5454.145,-844.247,-1.284,0.533,-0.9,-0.006
-5454.096,-844.29,-1.284,0.964,-1.21,-0.002
-5454.104,-844.174,-1.284,0.733,0.159,0.002
-5454.078,-844.221,-1.283,0.901,-0.343,0.006
-5454.024,-844.333,-1.284,1.319,-1.445,0.001
-5454.06,-844.295,-1.283,0.752,-0.843,0.005
-5454.06,-844.218,-1.283,0.644,0.074,0.005
-5454.005,-844.298,-1.283,1.117,-0.758,0.007
-5453.967,-844.232,-1.283,1.344,0.035,0.005
-5453.845,-844.129,-1.283,2.4,1.088,0.006
-5453.811,-844.184,-1.283,2.403,0.363,0.007
-5453.718,-844.062,-1.283,2.996,1.56,-0.002
-5453.774,-843.977,-1.283,1.985,2.203,0.003
-5453.851,-843.933,-1.283,0.898,2.342,-0.002
-5453.801,-843.925,-1.283,1.286,2.072,0
-5453.809,-843.984,-1.284,1.01,1.158,-0.008
-5453.849,-844.008,-1.284,0.456,0.75,-0.007
-5453.85,-844.011,-1.285,0.37,0.608,-0.016
-5453.816,-843.969,-1.284,0.665,0.945,-0.007
-5453.819,-844.008,-1.284,0.54,0.405,-0.004
-5453.727,-843.952,-1.284,1.414,0.925,0
-5453.753,-844.022,-1.283,0.935,0.066,0.008
-5453.817,-844.016,-1.283,0.135,0.121,0.004
-5454.011,-843.969,-1.284,-1.877,0.589,-0.001
-5454.034,-843.992,-1.283,-1.838,0.26,0.006
-5454.227,-844.158,-1.283,-3.553,-1.489,0.002
-5454.26,-844.118,-1.284,-3.38,-0.855,-0.004
-5454.297,-844.08,-1.284,-3.265,-0.341,-0.005
-5454.16,-843.966,-1.284,-1.364,0.885,-0.002
-5454.192,-844.043,-1.285,-1.497,-0.039,-0.007
-5454.167,-844.164,-1.284,-1.027,-1.277,-0.002
-5454.146,-844.215,-1.285,-0.651,-1.616,-0.009
