x,y,1.444,-0.084,-1.489,0
-4671.261,-1490.31,1.443,-0.169,-1.272,-0.003
-4671.19,-1490.222,1.444,0.584,-0.179,0
-4671.215,-1490.179,1.444,0.245,0.283,0.001
-4671.243,-1490.178,1.443,-0.08,0.258,-0.003
-4671.281,-1490.215,1.444,-0.455,-0.161,0.002
-4671.299,-1490.277,1.443,-0.58,-0.783,-0.003
-4671.346,-1490.303,1.443,-0.972,-0.93,-0.006
-4671.255,-1490.286,1.444,0.107,-0.621,0.004
-4671.2,-1490.212,1.444,0.657,0.232,0.002
-4671.182,-1490.209,1.444,0.746,0.228,0.001
-4671.205,-1490.175,1.444,0.394,0.548,0.001
-4671.147,-1490.208,1.443,0.929,0.13,-0.002
-4671.136,-1490.203,1.443,0.917,0.163,-0.006
-4671.121,-1490.168,1.443,0.931,0.491,-0.006
-4671.042,-1490.147,1.443,1.603,0.638,-0.005
-4670.976,-1490.139,1.444,2.055,0.631,0.002
-4671.004,-1490.111,1.443,1.456,0.821,-0.003
-4671.035,-1490.098,1.444,0.928,0.838,0.002
-4671.091,-1490.149,1.444,0.212,0.194,0.003
-4671.146,-1490.154,1.443,-0.39,0.106,0
-4671.099,-1490.12,1.443,0.155,0.439,-0.001
-4671.109,-1490.024,1.445,0.033,1.371,0.014
-4671.052,-1490.028,1.445,0.615,1.121,0.011
-4671.071,-1490.099,1.445,0.327,0.233,0.013
-4671.113,-1490.078,1.445,-0.152,0.41,0.008
-4671.196,-1490.168,1.445,-0.989,-0.58,0.005
-4671.233,-1490.205,1.444,-1.222,-0.875,0.001
-4671.194,-1490.158,1.444,-0.644,-0.26,-0.004
-4671.196,-1490.074,1.443,-0.562,0.642,-0.01
-4671.238,-1489.891,1.443,-0.919,2.432,-0.009
-4671.251,-1489.933,1.444,-0.917,1.647,0
-4671.235,-1490.028,1.444,-0.61,0.42,0.001
-4671.271,-1490.108,1.444,-0.899,-0.462,0.003
-4671.283,-1490.085,1.443,-0.886,-0.16,-0.007
-4671.253,-1490.128,1.443,-0.447,-0.582,-0.004
-4671.241,-1490.02,1.443,-0.259,0.622,-0.005
-4671.27,-1489.951,1.444,-0.512,1.239,0.001
-4671.27,-1490.006,1.444,-0.438,0.492,-0.001
-4671.267,-1490.059,1.443,-0.342,-0.124,-0.007
-4671.291,-1490.124,1.442,-0.545,-0.782,-0.014
-4671.349,-1490.158,1.443,-1.057,-1.014,-0.007
-4671.284,-1490.079,1.443,-0.24,-0.051,-0.004
-4671.226,-1490.123,1.443,0.403,-0.494,-0.003
-4671.168,-1490.201,1.443,0.93,-1.226,-0.002
-4671.165,-1490.254,1.443,0.831,-1.588,0.001
-4671.158,-1490.298,1.443,0.783,-1.817,0.002
-4671.183,-1490.256,1.442,0.405,-1.115,-0.009
-4671.215,-1490.244,1.441,0.015,-0.82,-0.018
-4671.195,-1490.242,1.441,0.218,-0.678,-0.014
-4671.131,-1490.226,1.44,0.85,-0.424,-0.02
-4671.084,-1490.31,1.442,1.201,-1.218,-0.005
-4671.14,-1490.246,1.443,0.457,-0.384,0.006
-4671.173,-1490.287,1.442,0.049,-0.753,0.001
-4671.212,-1490.223,1.443,-0.364,0.024,0.003
-4671.175,-1490.276,1.442,0.07,-0.528,-0.001
-4671.178,-1490.317,1.442,0.035,-0.875,0.001
-4671.178,-1490.196,1.442,0.028,0.501,-0.004
-4671.191,-1490.146,1.442,-0.116,0.947,-0.005
-4671.193,-1490.119,1.443,-0.116,1.083,0.006
-4671.216,-1490.133,1.444,-0.334,0.773,0.017
-4671.25,-1490.095,1.444,-0.631,1.059,0.012
-4671.194,-1490,1.443,0.035,1.874,0.005
-4671.259,-1489.896,1.445,-0.64,2.677,0.018
-4671.206,-1490.035,1.445,-0.005,0.849,0.015
-4671.223,-1490.145,1.445,-0.171,-0.409,0.018
-4671.262,-1490.153,1.445,-0.549,-0.435,0.014
-4671.231,-1490.257,1.446,-0.15,-1.437,0.017
-4671.248,-1490.135,1.445,-0.299,0.03,0.014
-4671.315,-1490.104,1.445,-0.954,0.341,0.004
-4671.321,-1490.024,1.444,-0.87,1.116,-0.001
-4671.27,-1490.147,1.444,-0.217,-0.316,-0.002
-4671.281,-1490.117,1.442,-0.301,0.038,-0.016
-4671.25,-1490.183,1.443,0.068,-0.64,-0.006
-4671.221,-1490.242,1.444,0.348,-1.161,0.003
-4671.28,-1490.187,1.444,-0.312,-0.423,0.004
-4671.188,-1490.182,1.444,0.69,-0.301,-0.003
-4671.178,-1490.182,1.444,0.69,-0.265,-0.003
-4671.163,-1490.227,1.443,0.739,-0.681,-0.005
-4671.14,-1490.209,1.443,0.867,-0.403,-0.006
-4671.17,-1490.128,1.443,0.425,0.496,-0.009
-4671.184,-1490.129,1.443,0.225,0.409,-0.002
-4671.184,-1490.007,1.444,0.195,1.606,0.004
-4671.215,-1489.98,1.444,-0.152,1.651,0.002
-4671.15,-1490.027,1.444,0.531,0.925,-0.001
-4671.067,-1490.052,1.444,1.313,0.524,0
-4671.072,-1490.136,1.443,1.068,-0.41,-0.004
-4671.032,-1490.207,1.443,1.323,-1.087,-0.005
-4671.134,-1490.097,1.444,0.076,0.206,0.005
-4671.216,-1490.045,1.444,-0.78,0.708,0.007
-4671.188,-1490.101,1.444,-0.377,0.033,0.004
-4671.227,-1490.141,1.445,-0.717,-0.387,0.01
-4671.212,-1490.205,1.444,-0.458,-0.991,0.003
-4671.275,-1490.191,1.444,-1.048,-0.699,0.004
-4671.254,-1490.194,1.444,-0.676,-0.627,-0.001
-4671.27,-1490.231,1.444,-0.737,-0.911,-0.003
-4671.289,-1490.178,1.444,-0.826,-0.233,0
-4671.258,-1490.116,1.445,-0.385,0.437,0.009
-4671.183,-1490.191,1.445,0.445,-0.399,0.007
-4671.149,-1490.265,1.443,0.732,-1.096,-0.006
-4671.295,-1490.177,1.444,-0.878,-0.033,-0.005
-4671.271,-1490.199,1.443,-0.504,-0.255,-0.006
-4671.286,-1490.121,1.443,-0.586,0.589,-0.008
-4671.251,-1490.163,1.443,-0.144,0.062,-0.011
-4671.276,-1490.142,1.443,-0.379,0.275,-0.003
-4671.306,-1490.049,1.444,-0.63,1.186,0
-4671.325,-1490.05,1.444,-0.733,1.002,0.002
-4671.297,-1490.106,1.444,-0.341,0.282,0.008
-4671.298,-1490.042,1.444,-0.295,0.897,0
-4671.265,-1490.116,1.444,0.085,0.006,0
-4671.243,-1490.182,1.443,0.3,-0.679,-0.008
-4671.284,-1490.231,1.442,-0.169,-1.076,-0.013
-4671.298,-1490.179,1.442,-0.28,-0.383,-0.012
-4671.223,-1490.144,1.442,0.53,0.026,-0.011
-4671.163,-1490.09,1.441,1.07,0.58,-0.015
-4671.195,-1490.1,1.441,0.586,0.392,-0.013
-4671.219,-1490.165,1.442,0.248,-0.329,-0.009
-4671.208,-1490.194,1.442,0.327,-0.579,-0.007
-4671.17,-1490.228,1.442,0.662,-0.851,-0.005
-4671.122,-1490.15,1.442,1.07,0.079,-0.005
-4671.12,-1490.153,1.443,0.931,0.041,0.006
-4671.16,-1490.099,1.443,0.378,0.587,0.006
-4671.198,-1490.115,1.443,-0.064,0.332,0.007
-4671.167,-1490.123,1.444,0.259,0.206,0.01
-4671.151,-1490.161,1.444,0.382,-0.221,0.013
-4671.187,-1490.141,1.444,-0.04,0.019,0.01
-4671.192,-1490.09,1.444,-0.08,0.543,0.01
-4671.251,-1490.03,1.444,-0.682,1.078,0.006
-4671.339,-1489.963,1.444,-1.488,1.614,0.004
-4671.386,-1489.918,1.444,-1.746,1.84,0.004
-4671.397,-1489.99,1.444,-1.605,0.83,0.01
-4671.411,-1489.967,1.444,-1.51,0.939,0.008
-4671.363,-1490.046,1.443,-0.794,-0.012,-0.004
-4671.369,-1490.04,1.443,-0.742,0.052,-0.007
-4671.379,-1490.024,1.443,-0.738,0.214,-0.003
-4671.295,-1489.956,1.443,0.232,0.877,0
-4671.257,-1489.983,1.443,0.588,0.478,-0.003
-4671.252,-1490.105,1.443,0.554,-0.858,-0.003
-4671.197,-1490.125,1.444,1.046,-0.927,0.005
-4671.21,-1490.137,1.444,0.75,-0.925,0.005
-4671.206,-1490.127,1.444,0.687,-0.684,0.005
-4671.196,-1490.197,1.444,0.687,-1.303,0.001
-4671.2,-1490.246,1.444,0.551,-1.609,0.006
-4671.171,-1490.241,1.444,0.763,-1.327,0
-4671.162,-1490.233,1.444,0.742,-1.046,0.001
-4671.171,-1490.173,1.443,0.538,-0.278,-0.006
-4671.185,-1490.168,1.444,0.325,-0.18,0
-4671.161,-1490.033,1.445,0.524,1.235,0.011
-4671.216,-1490.066,1.445,-0.129,0.716,0.009
-4671.25,-1490.132,1.445,-0.463,-0.078,0.012
-4671.175,-1490.197,1.444,0.381,-0.728,-0.001
-4671.194,-1490.213,1.444,0.135,-0.789,-0.002
-4671.139,-1490.227,1.443,0.683,-0.814,-0.008
-4671.161,-1490.225,1.443,0.354,-0.679,-0.011
-4671.145,-1490.201,1.442,0.47,-0.335,-0.019
-4671.13,-1490.211,1.442,0.547,-0.384,-0.017
-4671.112,-1490.156,1.442,0.652,0.239,-0.015
-4671.199,-1490.138,1.442,-0.336,0.39,-0.01
-4671.154,-1490.16,1.442,0.177,0.109,-0.01
-4671.274,-1490.113,1.443,-1.086,0.573,0.002
-4671.13,-1490.027,1.443,0.551,1.373,0.003
-4671.156,-1490.025,1.443,0.203,1.194,0.006
-4671.115,-1489.985,1.443,0.605,1.427,-0.003
-4671.181,-1489.985,1.443,-0.167,1.22,-0.001
-4671.155,-1490.049,1.442,0.125,0.377,-0.003
-4671.13,-1490.086,1.442,0.361,-0.053,-0.006
-4671.135,-1490.114,1.442,0.256,-0.337,-0.007
-4671.066,-1490.112,1.442,0.925,-0.266,-0.008
-4670.967,-1490.143,1.442,1.81,-0.545,-0.005
-4670.975,-1490.218,1.443,1.47,-1.238,0.004
-4670.981,-1490.173,1.443,1.182,-0.592,0.001
-4670.938,-1490.247,1.443,1.463,-1.271,0.007
-4671,-1490.099,1.444,0.605,0.442,0.013
-4671.052,-1490.107,1.444,-0.018,0.294,0.01
-4671.068,-1490.063,1.443,-0.188,0.708,0.004
-4671.117,-1490.164,1.443,-0.664,-0.438,0.001
-4671.139,-1490.13,1.443,-0.784,-0.028,0.001
-4671.222,-1490.14,1.443,-1.525,-0.121,-0.004
-4671.146,-1490.152,1.443,-0.525,-0.225,-0.003
-4671.093,-1490.183,1.443,0.106,-0.517,-0.003
-4671.094,-1490.126,1.443,0.078,0.152,0
-4671.098,-1490.167,1.442,0.025,-0.3,-0.005
-4671.02,-1490.138,1.442,0.82,0.048,-0.005
-4670.991,-1490.151,1.443,1.001,-0.094,0.001
-4671.019,-1490.144,1.444,0.57,-0.008,0.012
-4671.065,-1490.106,1.444,0.009,0.388,0.011
-4671.16,-1490.072,1.444,-0.975,0.674,0.01
-4671.173,-1490.073,1.444,-0.964,0.572,0.007
-4671.145,-1490.113,1.444,-0.525,0.075,0.005
-4671.224,-1490.074,1.444,-1.266,0.461,0.002
-4671.24,-1490.013,1.443,-1.249,1.024,0
-4671.215,-1490.065,1.445,-0.806,0.341,0.011
-4671.189,-1490.114,1.444,-0.426,-0.22,0.006
-4671.128,-1490.127,1.444,0.265,-0.321,0.004
-4671.121,-1490.214,1.444,0.302,-1.173,-0.001
-4671.167,-1490.216,1.444,-0.216,-1.021,0.002
-4671.21,-1490.22,1.444,-0.626,-0.903,-0.001
-4671.258,-1490.179,1.444,-1.026,-0.356,0.002
-4671.22,-1490.108,1.444,-0.489,0.431,0.002
-4671.267,-1490.129,1.444,-0.899,0.154,0.002
-4671.299,-1490.162,1.443,-1.095,-0.212,-0.006
-4671.259,-1490.192,1.443,-0.522,-0.485,-0.005
-4671.276,-1490.202,1.444,-0.623,-0.517,0.001
-4671.193,-1490.202,1.444,0.324,-0.444,0.003
-4671.126,-1490.123,1.444,0.97,0.437,0
-4671.182,-1490.101,1.444,0.249,0.594,0.002
-4671.149,-1490.056,1.443,0.547,0.971,-0.006
-4671.147,-1490.058,1.442,0.492,0.811,-0.014
-4671.165,-1490.033,1.441,0.24,0.948,-0.019
-4671.175,-1490.098,1.441,0.095,0.138,-0.016
-4671.153,-1490.095,1.441,0.309,0.153,-0.017
-4671.243,-1490.161,1.441,-0.66,-0.548,-0.012
-4671.275,-1490.167,1.442,-0.896,-0.53,-0.008
-4671.244,-1490.118,1.442,-0.439,0.052,0
-4671.25,-1490.089,1.443,-0.44,0.337,0.009
-4671.31,-1490.002,1.444,-0.995,1.187,0.011
-4671.29,-1489.995,1.444,-0.644,1.081,0.013
-4671.303,-1490.118,1.444,-0.684,-0.346,0.014
-4671.286,-1490.116,1.445,-0.407,-0.268,0.016
-4671.271,-1490.115,1.444,-0.185,-0.221,0.006
-4671.253,-1490.158,1.444,0.015,-0.634,0.001
-4671.255,-1490.209,1.444,-0.007,-1.063,0.008
-4671.177,-1490.13,1.444,0.799,-0.092,0.008
-4671.189,-1490.168,1.444,0.563,-0.469,0.007
-4671.165,-1490.16,1.445,0.729,-0.324,0.01
-4671.173,-1490.151,1.444,0.532,-0.176,0
-4671.218,-1490.251,1.443,-0.003,-1.188,-0.007
-4671.256,-1490.28,1.444,-0.395,-1.304,0
-4671.238,-1490.328,1.444,-0.156,-1.608,0.005
-4671.255,-1490.409,1.445,-0.309,-2.205,0.006
-4671.237,-1490.413,1.445,-0.079,-1.923,0.007
-4671.256,-1490.457,1.445,-0.262,-2.094,0.007
-4671.209,-1490.381,1.444,0.261,-1.003,-0.004
-4671.193,-1490.404,1.444,0.392,-1.095,-0.003
-4671.185,-1490.321,1.444,0.42,-0.077,-0.003
-4671.19,-1490.291,1.444,0.302,0.241,-0.003
-4671.227,-1490.137,1.444,-0.122,1.794,-0.003
-4671.161,-1490.071,1.443,0.571,2.208,-0.006
-4671.094,-1490.127,1.442,1.181,1.307,-0.015
-4671.067,-1490.129,1.442,1.285,1.091,-0.012
-4671.207,-1490.142,1.442,-0.346,0.798,-0.015
-4671.249,-1490.161,1.443,-0.723,0.489,-0.006
-4671.325,-1490.12,1.443,-1.402,0.833,-0.002
-4671.307,-1490.079,1.443,-1.013,1.132,0
-4671.344,-1490.117,1.442,-1.243,0.577,-0.009
-4671.346,-1490.152,1.442,-1.083,0.133,-0.011
-4671.395,-1490.132,1.442,-1.429,0.322,-0.005
-4671.347,-1490.114,1.443,-0.722,0.457,0.006
-4671.297,-1490.134,1.444,-0.101,0.186,0.008
-4671.274,-1490.036,1.444,0.153,1.171,0.008
-4671.194,-1490.089,1.445,0.953,0.448,0.015
-4671.268,-1490.032,1.444,0.055,0.973,0.011
-4671.254,-1490.149,1.444,0.182,-0.382,0.004
-4671.267,-1490.219,1.443,0.031,-1.041,-0.002
-4671.215,-1490.18,1.444,0.556,-0.491,0.001
-4671.243,-1490.1,1.444,0.191,0.41,0.006
-4671.259,-1490.079,1.445,-0.009,0.562,0.013
-4671.168,-1490.125,1.445,0.927,0.009,0.016
-4671.166,-1490.01,1.445,0.821,1.191,0.01
-4671.122,-1490.051,1.445,1.149,0.593,0.012
-4671.156,-1490.057,1.446,0.629,0.443,0.013
-4671.196,-1490.124,1.445,0.119,-0.305,0.002
-4671.194,-1490.147,1.445,0.126,-0.502,0.001
-4671.203,-1490.165,1.444,0.015,-0.618,-0.001
-4671.265,-1489.976,1.444,-0.624,1.422,-0.006
-4671.224,-1489.975,1.443,-0.109,1.22,-0.012
-4671.212,-1489.953,1.444,0.031,1.271,-0.006
-4671.289,-1489.913,1.443,-0.765,1.492,-0.014
-4671.194,-1490.029,1.442,0.326,0.08,-0.016
-4671.217,-1489.951,1.442,0.033,0.869,-0.015
-4671.174,-1490.041,1.442,0.471,-0.183,-0.013
-4671.151,-1490.142,1.442,0.641,-1.19,-0.01
-4671.177,-1490.178,1.442,0.282,-1.394,-0.013
-4671.232,-1490.27,1.442,-0.329,-2.128,-0.011
-4671.223,-1490.196,1.441,-0.187,-1.061,-0.014
-4671.236,-1490.26,1.441,-0.294,-1.555,-0.016
-4671.175,-1490.242,1.441,0.379,-1.143,-0.013
-4671.121,-1490.281,1.442,0.876,-1.384,-0.005
-4671.094,-1490.269,1.442,1.024,-1.047,-0.004
-4671.099,-1490.257,1.441,0.826,-0.775,-0.007
-4671.069,-1490.186,1.442,1.018,0.066,0
-4671.146,-1490.161,1.442,0.065,0.32,0.001
-4671.169,-1490.103,1.443,-0.182,0.865,0.006
-4671.194,-1490.128,1.442,-0.403,0.486,0.002
-4671.179,-1490.089,1.443,-0.187,0.81,0.006
-4671.213,-1490.091,1.442,-0.518,0.67,-0.004
-4671.218,-1490.109,1.442,-0.493,0.39,0
-4671.167,-1490.136,1.443,0.1,0.05,0.008
-4671.14,-1490.065,1.443,0.377,0.775,0.012
-4671.201,-1490.035,1.443,-0.315,0.977,0.01
-4671.172,-1489.983,1.444,0.032,1.369,0.016
-4671.26,-1489.927,1.445,-0.879,1.735,0.017
-4671.301,-1489.976,1.444,-1.168,0.982,0.011
-4671.211,-1490.001,1.445,-0.073,0.583,0.014
-4671.21,-1490.044,1.444,-0.057,0.053,0.009
-4671.253,-1490.07,1.445,-0.491,-0.227,0.01
-4671.201,-1490.094,1.445,0.118,-0.433,0.011
-4671.18,-1490.169,1.444,0.324,-1.143,0.005
-4671.164,-1490.06,1.445,0.437,0.144,0.007
-4671.234,-1490.041,1.445,-0.348,0.314,0.007
-4671.243,-1490.044,1.444,-0.388,0.245,0.001
-4671.331,-1490.004,1.444,-1.236,0.615,-0.004
-4671.298,-1489.981,1.444,-0.715,0.765,-0.001
-4671.317,-1489.986,1.444,-0.806,0.601,0.001
-4671.214,-1489.968,1.444,0.37,0.691,0.001
-4671.107,-1489.912,1.445,1.416,1.165,0.004
-4671.093,-1490.022,1.444,1.356,-0.134,-0.002
-4671.12,-1490.13,1.444,0.877,-1.231,-0.001
-4671.18,-1490.15,1.444,0.134,-1.253,-0.001
-4671.124,-1490.044,1.444,0.688,0.027,-0.003
-4671.162,-1489.946,1.444,0.193,1.025,-0.001
-4671.258,-1490.05,1.444,-0.826,-0.195,-0.003
-4671.202,-1489.969,1.444,-0.124,0.669,-0.002
-4671.192,-1490.024,1.443,-0.005,0.009,-0.011
-4671.178,-1490.036,1.442,0.138,-0.122,-0.013
-4671.079,-1490.119,1.442,1.141,-0.956,-0.013
-4671.134,-1490.203,1.443,0.407,-1.676,-0.006
-4671.202,-1490.208,1.443,-0.349,-1.48,0.001
-4671.188,-1490.231,1.443,-0.156,-1.508,-0.004
-4671.165,-1490.256,1.444,0.106,-1.543,0.009
-4671.217,-1490.218,1.444,-0.451,-0.919,0.009
-4671.274,-1490.294,1.443,-0.972,-1.57,-0.001
-4671.237,-1490.286,1.443,-0.441,-1.26,-0.001
-4671.179,-1490.335,1.443,0.214,-1.576,-0.003
-4671.185,-1490.352,1.444,0.126,-1.52,0.003
-4671.22,-1490.362,1.443,-0.256,-1.392,-0.005
-4671.195,-1490.319,1.443,0.039,-0.745,-0.006
-4671.212,-1490.318,1.442,-0.146,-0.633,-0.014
-4671.233,-1490.392,1.441,-0.338,-1.301,-0.018
-4671.234,-1490.397,1.442,-0.302,-1.156,-0.012
-4671.154,-1490.385,1.442,0.573,-0.869,-0.002
-4671.173,-1490.302,1.442,0.291,0.118,-0.006
-4671.204,-1490.321,1.442,-0.07,-0.099,-0.006
-4671.223,-1490.361,1.442,-0.258,-0.496,-0.001
-4671.218,-1490.329,1.443,-0.165,-0.089,0.005
-4671.199,-1490.39,1.443,0.058,-0.7,0.006
-4671.213,-1490.312,1.443,-0.097,0.205,0.003
-4671.212,-1490.302,1.443,-0.076,0.279,0.002
-4671.205,-1490.283,1.443,0.009,0.43,0.005
-4671.198,-1490.279,1.443,0.085,0.404,0.006
-4671.147,-1490.315,1.444,0.588,-0.026,0.01
-4671.147,-1490.353,1.444,0.506,-0.415,0.007
-4671.187,-1490.256,1.445,0.019,0.644,0.015
-4671.282,-1490.1,1.445,-0.959,2.158,0.017
-4671.282,-1490.106,1.446,-0.825,1.784,0.021
-4671.345,-1490.159,1.445,-1.348,0.971,0.01
-4671.356,-1490.214,1.444,-1.268,0.267,-0.004
-4671.308,-1489.672,1.442,-0.584,5.809,-0.022
-4671.502,-1488.645,1.441,-2.495,15.518,-0.026
-4671.384,-1487.127,1.44,-0.915,28.863,-0.033
-4671.206,-1485.059,1.439,1.062,45.909,-0.033
-4671.009,-1482.47,1.439,2.924,65.809,-0.027
-4670.604,-1479.486,1.44,6.669,86.85,-0.02
-4670.284,-1476.282,1.441,8.983,107.062,-0.007
-4669.878,-1472.946,1.441,11.834,125.658,-0.004
-4669.562,-1469.619,1.442,13.349,141.429,0.002
-4669.138,-1466.427,1.442,15.753,153.494,0.004
-4668.694,-1463.324,1.442,18.004,162.864,0.001
-4668.17,-1460.328,1.443,20.752,169.753,0.01
-4667.531,-1457.506,1.443,24.278,173.838,0.01
-4666.752,-1454.671,1.442,28.73,177.462,0.005
-4665.937,-1451.984,1.443,32.902,179.02,0.013
-4665.003,-1449.485,1.444,37.666,178.422,0.02
-4664.1,-1446.876,1.447,41.43,179.038,0.041
-4663.27,-1444.311,1.448,43.877,179.116,0.044
-4662.556,-1441.659,1.447,44.78,180.079,0.034
-4661.934,-1439.068,1.447,44.599,180.262,0.024
-4661.374,-1436.5,1.447,43.803,180.195,0.023
-4660.635,-1433.932,1.448,44.967,180.125,0.025
-4659.949,-1431.37,1.447,45.418,180.018,0.015
-4659.189,-1429.025,1.447,46.557,177.68,0.01
-4658.401,-1426.62,1.446,47.826,176.312,-0.001
-4657.685,-1424.289,1.445,48.163,174.376,-0.003
-4656.971,-1421.905,1.446,48.432,173.271,-0.001
-4656.166,-1419.442,1.445,49.601,173.144,-0.004
-4655.514,-1416.953,1.445,49.009,173.304,-0.009
-4655.01,-1414.315,1.444,46.996,174.975,-0.013
-4654.23,-1411.725,1.444,48.108,175.902,-0.011
-4653.51,-1409.243,1.444,48.447,175.592,-0.008
-4652.744,-1406.777,1.445,49.209,175.147,-0.002
-4651.814,-1404.184,1.445,51.546,176.09,-0.002
-4650.969,-1401.744,1.445,52.661,175.307,0.001
-4650.176,-1399.32,1.445,53.078,174.479,0.005
-4649.555,-1396.877,1.446,51.669,173.966,0.005
-4648.927,-1394.475,1.446,50.535,173.109,0.006
-4648.43,-1392.215,1.446,48.218,170.92,0.004
-4647.938,-1389.881,1.446,46.201,169.817,0.004
-4647.373,-1387.467,1.446,45.222,169.689,0.007
-4646.709,-1385.036,1.446,45.399,169.756,0.008
-4645.942,-1382.475,1.446,46.618,171.16,0.008
-4645.196,-1379.927,1.447,47.447,172.216,0.01
-4644.41,-1377.422,1.446,48.558,172.685,0.005
-4643.653,-1374.932,1.447,49.213,172.912,0.006
-4642.89,-1372.501,1.447,49.829,172.516,0.006
-4642.176,-1369.935,1.446,49.847,173.554,0
-4641.554,-1367.563,1.445,48.919,172.452,-0.008
-4640.875,-1365.188,1.445,48.722,171.538,-0.013
-4640.308,-1363.011,1.444,47.389,168.729,-0.02
-4639.686,-1360.782,1.442,46.826,166.852,-0.029
-4638.976,-1358.468,1.441,47.251,166.142,-0.033
-4638.302,-1356.072,1.442,47.235,166.372,-0.026
-4637.562,-1353.63,1.442,47.902,167.045,-0.015
-4636.866,-1351.156,1.444,48.027,167.949,0.001
-4636.25,-1348.594,1.445,47.305,169.62,0.011
-4635.618,-1346.119,1.447,46.851,170.153,0.025
-4634.851,-1343.581,1.447,47.862,171.263,0.021
-4634.211,-1340.96,1.446,47.405,173.054,0.012
-4633.495,-1338.495,1.446,47.806,172.978,0.008
-4632.84,-1336.203,1.445,47.524,171.141,0
-4632.09,-1333.845,1.445,48.255,170.244,-0.004
-4631.383,-1331.465,1.444,48.438,169.708,-0.006
-4630.686,-1329.185,1.444,48.486,168.222,-0.012
-4629.893,-1326.856,1.443,49.526,167.453,-0.02
-4629.118,-1324.549,1.442,50.218,166.583,-0.02
-4628.447,-1322.099,1.442,49.741,167.309,-0.018
-4627.904,-1319.733,1.442,48.011,167.052,-0.015
-4627.105,-1317.389,1.442,49.176,166.617,-0.012
-4626.403,-1314.889,1.443,49.171,167.855,-0.003
-4625.729,-1312.402,1.443,48.874,168.768,0
-4624.892,-1310.065,1.443,50.314,168.006,-0.007
-4624.029,-1307.604,1.442,51.791,168.631,-0.008
-4623.268,-1305.212,1.442,52.013,168.453,-0.007
-4622.557,-1302.961,1.441,51.676,166.853,-0.017
-4622.049,-1300.588,1.44,49.308,166.752,-0.022
-4621.412,-1298.274,1.44,48.612,166.042,-0.02
-4621.027,-1295.853,1.441,45.428,166.555,-0.009
-4620.541,-1293.45,1.441,43.755,166.79,-0.01
-4620.031,-1290.889,1.441,42.57,168.633,-0.01
-4619.361,-1288.499,1.44,43.199,168.431,-0.011
-4618.892,-1285.965,1.44,41.677,169.747,-0.018
-4618.338,-1283.381,1.439,41.256,171.389,-0.019
-4617.784,-1280.774,1.439,40.887,173.018,-0.014
-4617.16,-1278.324,1.438,41.3,172.793,-0.022
-4616.463,-1275.808,1.439,42.4,173.286,-0.012
-4615.834,-1273.425,1.44,42.637,172.329,-0.003
-4615.153,-1271,1.44,43.377,171.956,0.003
-4614.523,-1268.598,1.442,43.482,171.396,0.014
-4613.75,-1265.453,1.441,45.048,178.561,0.009
-4612.985,-1262.421,1.441,46.299,183.517,0.004
-4612.084,-1259.51,1.443,48.764,186.496,0.019
-4611.343,-1256.618,1.442,49.224,188.843,0.012
-4610.644,-1253.733,1.442,49.185,190.77,0.007
-4610.091,-1250.988,1.441,47.636,190.974,-0.002
-4609.388,-1248.411,1.44,47.876,189.409,-0.01
-4608.802,-1246.063,1.439,46.863,185.731,-0.021
-4608.184,-1243.607,1.438,46.333,183.695,-0.021
-4607.755,-1241.303,1.44,43.936,180.405,-0.004
-4607.104,-1238.88,1.44,44.181,178.818,0.001
-4606.36,-1236.431,1.441,45.333,177.724,0.007
-4605.687,-1233.886,1.441,45.603,177.79,0.004
-4604.856,-1231.357,1.442,47.441,177.673,0.014
-4604.096,-1228.908,1.442,48.293,176.757,0.013
-4603.337,-1226.455,1.442,49.006,176.017,0.015
-4602.653,-1223.945,1.443,48.844,175.968,0.016
-4602.108,-1221.527,1.442,47.263,174.979,0.006
-4601.61,-1219.163,1.441,45.444,173.586,-0.008
-4601.105,-1216.829,1.44,43.954,172.081,-0.014
-4600.679,-1214.389,1.44,41.877,171.903,-0.013
-4600.216,-1211.894,1.44,40.487,172.301,-0.008
-4599.725,-1209.394,1.441,39.59,172.701,-0.001
-4599.158,-1206.983,1.442,39.599,172.117,0.009
-4598.444,-1204.602,1.443,41.124,171.316,0.016
-4597.739,-1202.129,1.442,42.342,171.581,0.011
-4596.976,-1199.733,1.443,43.969,171.017,0.017
-4596.258,-1197.335,1.443,44.887,170.551,0.01
-4595.58,-1194.994,1.443,45.269,169.567,0.014
-4594.912,-1192.607,1.443,45.488,169.203,0.008
-4594.358,-1190.3,1.442,44.502,168.071,0
-4593.79,-1188.04,1.441,43.81,166.622,-0.006
-4593.282,-1185.652,1.44,42.59,166.701,-0.017
-4592.487,-1183.421,1.439,44.512,165.147,-0.024
-4591.764,-1181.175,1.44,45.409,163.985,-0.016
-4591.219,-1178.745,1.44,44.339,164.884,-0.014
-4590.478,-1176.216,1.441,45.453,166.672,-0.003
-4589.723,-1173.747,1.441,46.54,167.573,-0.001
-4588.962,-1171.135,1.441,47.526,169.822,0.001
-4588.484,-1168.465,1.441,45.459,172.335,0.005
-4587.933,-1165.843,1.442,44.444,173.978,0.007
-4587.304,-1163.338,1.441,44.386,174.179,0.004
-4586.555,-1160.969,1.442,45.571,172.948,0.006
-4585.82,-1158.572,1.441,46.43,172.192,0
-4585.054,-1156.137,1.442,47.492,171.936,0.008
-4584.322,-1153.724,1.443,48.038,171.493,0.012
-4583.8,-1151.388,1.444,46.351,170.318,0.02
-4583.158,-1149.087,1.444,46.143,168.962,0.026
-4582.521,-1146.753,1.443,45.908,168.138,0.01
-4582.045,-1144.323,1.444,44.064,168.428,0.014
-4581.529,-1141.827,1.443,42.893,169.359,0.002
-4580.975,-1139.384,1.443,42.293,169.596,0.004
-4580.522,-1136.964,1.443,40.727,169.564,0.003
-4579.969,-1134.524,1.443,40.442,169.745,0.002
-4579.589,-1132.23,1.442,38.398,168.399,-0.003
-4579.025,-1129.98,1.443,38.559,166.797,-0.001
-4578.364,-1127.776,1.444,39.695,164.955,0.011
-4577.727,-1125.524,1.443,40.412,163.887,0.001
-4576.908,-1123.221,1.444,42.899,163.489,0.01
-4576.27,-1120.988,1.443,43.163,162.434,0.002
-4575.625,-1118.693,1.444,43.448,162.167,0.006
-4574.956,-1116.271,1.444,43.951,163.257,0.012
-4574.433,-1113.858,1.444,42.877,164.085,0.01
-4573.897,-1111.424,1.445,42.081,165.015,0.011
-4573.267,-1108.967,1.445,42.38,166.036,0.012
-4572.635,-1106.487,1.445,42.649,167.155,0.013
-4571.907,-1103.926,1.445,43.876,168.936,0.011
-4571.095,-1101.52,1.446,45.781,168.859,0.014
-4570.353,-1099.041,1.446,46.695,169.54,0.018
-4569.598,-1096.665,1.446,47.598,169.066,0.013
-4568.908,-1094.252,1.445,47.697,169.046,0.005
-4568.216,-1091.988,1.446,47.808,167.497,0.006
-4567.631,-1089.556,1.445,46.794,167.892,-0.003
-4566.928,-1086.514,1.445,47.15,174.521,-0.003
-4566.391,-1083.532,1.444,45.751,179.555,-0.007
-4565.778,-1080.676,1.444,45.327,182.552,-0.01
-4564.892,-1077.909,1.443,47.787,184.189,-0.015
-4564.134,-1075.275,1.442,48.557,184.219,-0.021
-4563.472,-1072.644,1.441,48.232,184.208,-0.031
-4562.647,-1070.214,1.44,49.628,182.13,-0.033
-4561.956,-1067.537,1.44,49.45,182.908,-0.027
-4561.376,-1065.144,1.441,48.148,180.639,-0.02
-4560.878,-1062.652,1.441,46.191,179.726,-0.017
-4560.069,-1060.219,1.443,47.724,178.345,0.004
-4559.337,-1057.802,1.444,48.24,176.995,0.015
-4558.755,-1055.365,1.444,47.136,176.062,0.019
-4558.015,-1052.735,1.445,47.828,177.241,0.025
-4557.342,-1050.202,1.445,47.719,177.247,0.018
-4556.745,-1047.727,1.445,46.856,176.659,0.016
-4556.09,-1045.32,1.444,46.704,175.464,0.003
-4555.645,-1042.803,1.443,44.415,175.565,-0.004
-4555.083,-1040.485,1.442,43.668,173.613,-0.02
-4554.501,-1038.023,1.441,43.233,173.425,-0.02
-4554.062,-1035.781,1.441,41.402,170.996,-0.018
-4553.554,-1033.329,1.441,40.538,171.096,-0.015
-4553.06,-1030.871,1.442,39.667,171.232,-0.002
-4552.313,-1028.349,1.443,41.518,172.014,0.003
-4551.449,-1025.846,1.443,44.311,172.483,0.004
-4550.7,-1023.389,1.443,45.506,172.411,0.004
-4549.987,-1020.884,1.443,46.152,172.848,0
-4549.387,-1018.474,1.443,45.545,172.235,-0.001
-4548.72,-1016.096,1.442,45.708,171.385,-0.008
-4548.208,-1013.869,1.442,44.257,169.109,-0.009
-4547.73,-1011.627,1.44,42.663,167.321,-0.021
-4547.25,-1009.415,1.44,41.335,165.483,-0.02
-4546.739,-1007.286,1.44,40.517,163.064,-0.013
-4546.07,-1004.924,1.44,41.451,163.397,-0.018
-4545.536,-1002.631,1.44,40.852,162.971,-0.016
-4544.816,-1000.24,1.44,42.251,163.62,-0.005
-4544.145,-997.752,1.44,42.949,165.17,-0.005
-4543.402,-995.207,1.441,44.282,167.075,-0.002
-4542.562,-992.72,1.442,46.412,168.109,0.007
-4541.906,-990.113,1.442,46.342,170.22,0.007
-4541.181,-987.577,1.442,46.996,171.299,0.009
-4540.387,-984.987,1.442,48.25,172.765,0.009
-4539.563,-982.52,1.443,49.638,172.76,0.015
-4538.714,-980.143,1.443,51.082,171.82,0.016
-4537.956,-977.667,1.443,51.369,172.038,0.016
-4537.301,-975.281,1.444,50.56,171.308,0.019
-4536.62,-973.04,1.444,50.136,169.179,0.013
-4535.968,-970.749,1.444,49.474,167.888,0.01
-4535.227,-968.399,1.444,49.827,167.388,0.014
-4534.728,-966.086,1.443,47.632,166.58,0.001
-4534.14,-963.718,1.443,46.682,166.464,-0.003
-4533.452,-961.499,1.442,46.904,164.819,-0.012
-4532.624,-959.078,1.44,48.526,165.511,-0.021
-4531.759,-956.801,1.44,50.289,164.609,-0.024
-4530.816,-954.415,1.44,52.608,164.965,-0.023
-4530.032,-952.17,1.439,52.945,163.813,-0.026
-4529.275,-949.828,1.439,52.945,163.833,-0.025
-4528.815,-947.552,1.439,49.896,163.17,-0.018
-4528.177,-945.247,1.44,49.13,162.898,-0.005
-4527.659,-942.936,1.441,47.238,162.732,0.001
-4527,-940.649,1.441,47.075,162.342,0.008
-4526.438,-938.328,1.442,45.928,162.362,0.013
-4525.731,-935.922,1.442,46.452,163.258,0.012
-4524.91,-933.516,1.443,48.073,164.014,0.023
-4524.274,-931.141,1.443,47.554,164.342,0.016
-4523.474,-928.704,1.443,48.796,165.257,0.013
-4522.73,-926.454,1.444,49.273,164.118,0.022
-4521.803,-924.186,1.444,51.581,163.33,0.021
-4520.839,-921.949,1.446,53.909,162.34,0.034
-4519.888,-919.572,1.447,55.782,162.937,0.042
-4518.947,-917.197,1.449,57.256,163.428,0.047
-4517.982,-914.956,1.449,58.776,162.457,0.046
-4517.092,-912.697,1.45,59.29,161.822,0.043
-4516.359,-910.474,1.449,58.121,160.91,0.033
-4515.876,-908.061,1.449,54.544,162.082,0.023
-4515.366,-905.761,1.448,51.772,161.923,0.009
-4514.732,-903.452,1.446,50.687,161.883,-0.011
-4514.171,-901.067,1.445,49,162.627,-0.017
-4513.431,-898.813,1.445,49.421,161.92,-0.016
-4512.54,-896.548,1.444,51.32,161.418,-0.018
-4511.61,-894.243,1.444,53.352,161.411,-0.022
-4510.722,-891.915,1.443,54.643,161.641,-0.02
-4509.952,-889.51,1.445,54.533,162.622,-0.004
-4509.208,-887.264,1.445,54.18,161.834,0.001
-4508.386,-884.96,1.446,54.668,161.749,0.011
-4507.643,-882.578,1.446,54.279,162.487,0.011
-4506.936,-880.056,1.448,53.577,164.555,0.021
-4506.104,-877.636,1.448,54.261,165.261,0.02
-4505.417,-875.201,1.447,53.347,166.024,0.012
-4504.717,-872.696,1.448,52.711,167.397,0.013
-4504.067,-870.271,1.447,51.65,167.743,0.004
-4503.493,-867.848,1.446,49.961,168.016,-0.006
-4503.053,-865.533,1.445,47.148,167.141,-0.013
-4502.579,-863.222,1.443,45.092,166.355,-0.031
-4502.172,-860.706,1.442,42.654,167.786,-0.037
-4501.583,-858.182,1.443,42.444,169.093,-0.025
-4501.018,-855.693,1.443,42.014,169.855,-0.017
-4500.528,-853.058,1.443,40.879,171.992,-0.013
-4499.801,-850.488,1.443,42.353,173.164,-0.009
-4499.15,-848.086,1.444,42.83,172.426,-0.006
-4498.401,-845.737,1.442,44.236,171.243,-0.017
-4497.828,-843.325,1.441,43.635,170.887,-0.026
-4497.317,-840.861,1.439,42.473,171.13,-0.041
-4496.859,-838.711,1.439,40.944,168.092,-0.038
-4496.464,-836.547,1.438,38.992,165.648,-0.042
-4496.108,-834.237,1.438,36.916,165.068,-0.033
-4495.758,-831.85,1.438,35.09,165.365,-0.027
-4495.482,-829.46,1.439,32.769,165.654,-0.017
-4495.184,-826.871,1.44,31.027,167.945,-0.001
-4494.774,-824.366,1.442,30.675,169.029,0.016
-4494.306,-821.622,1.443,30.99,172.423,0.025
-4493.759,-819.146,1.445,32.063,172.557,0.034
-4493.121,-816.638,1.445,33.911,172.988,0.032
-4492.519,-814.147,1.445,35.126,173.202,0.024
-4492.039,-811.631,1.444,34.905,173.629,0.02
-4491.493,-809.279,1.443,35.39,172.308,0.006
-4490.957,-807.104,1.442,35.704,169.35,-0.01
-4490.511,-804.76,1.441,35.039,168.581,-0.014
-4490.192,-802.431,1.441,33.172,167.764,-0.016
-4489.891,-800.234,1.442,31.396,165.708,-0.005
-4489.635,-797.915,1.442,29.409,165.211,-0.002
-4489.367,-795.531,1.442,27.847,165.457,-0.001
-4489.157,-793.051,1.442,25.911,166.649,-0.001
-4488.726,-790.008,1.442,26.54,173.469,-0.005
-4488.284,-787.007,1.441,27.183,178.851,-0.006
-4487.856,-784.013,1.441,27.59,183.376,-0.007
-4487.087,-781.337,1.44,31.446,183.955,-0.014
-4486.438,-778.743,1.441,33.514,183.604,-0.006
-4485.756,-776.086,1.441,35.597,183.953,-0.004
-4485.164,-773.434,1.441,36.459,184.203,0
-4484.552,-771.038,1.442,37.399,181.782,0.006
-4483.967,-768.504,1.444,37.922,181.134,0.026
-4483.492,-765.946,1.444,37.234,180.827,0.024
-4483.037,-763.271,1.444,36.438,181.77,0.013
-4482.696,-760.765,1.445,34.591,180.841,0.019
-4482.385,-758.07,1.444,32.708,181.981,0.008
-4482.159,-755.614,1.443,30.227,180.508,0.001
-4481.843,-753.095,1.443,29.029,179.896,0
-4481.535,-750.596,1.443,27.934,179.167,0.002
-4481.086,-748.177,1.443,28.44,177.713,0.001
-4480.506,-745.772,1.443,30.234,176.339,-0.002
-4479.87,-743.487,1.443,32.338,173.925,0.001
-4479.272,-741.025,1.443,33.735,173.694,0.005
-4478.626,-738.631,1.443,35.426,172.795,0
-4477.938,-736.226,1.444,37.303,172.143,0.006
-4477.35,-733.877,1.444,37.867,171.006,0.007
-4476.661,-731.441,1.444,39.393,170.932,0.007
-4476.075,-728.999,1.443,39.626,170.937,-0.001
-4475.498,-726.593,1.443,39.741,170.564,0
-4474.965,-724.293,1.443,39.378,169.164,-0.004
-4474.292,-721.93,1.442,40.52,168.613,-0.015
-4473.566,-719.454,1.441,42.035,169.302,-0.016
-4472.671,-716.945,1.441,45.07,170.231,-0.02
-4471.813,-714.546,1.44,47.266,169.893,-0.021
-4470.919,-712.024,1.44,49.518,170.866,-0.017
-4470.028,-709.549,1.442,51.417,171.217,-0.002
-4469.307,-706.964,1.442,51.278,172.649,0.006
-4468.545,-704.486,1.443,51.575,172.769,0.014
-4467.875,-701.869,1.444,50.884,174.306,0.022
-4467.217,-699.353,1.445,50.182,174.573,0.024
-4466.575,-696.854,1.445,49.413,174.625,0.023
-4465.915,-694.342,1.444,48.935,174.806,0.009
-4465.299,-691.922,1.443,48.078,174.009,0.001
-4464.759,-689.28,1.443,46.575,175.618,-0.001
-4464.229,-686.919,1.442,45.173,174.09,-0.011
-4463.544,-684.377,1.442,45.585,174.66,-0.015
-4462.984,-681.919,1.441,44.646,174.277,-0.017
-4462.317,-679.405,1.442,44.947,174.524,-0.005
-4461.688,-676.84,1.442,44.819,175.269,-0.009
-4460.995,-674.271,1.442,45.357,175.935,-0.001
-4460.028,-671.846,1.442,48.638,175.025,-0.003
-4459.215,-669.331,1.441,49.851,175.174,-0.009
-4458.346,-666.906,1.441,51.475,174.377,-0.009
-4457.564,-664.503,1.44,51.945,173.476,-0.02
-4456.938,-662.116,1.439,50.761,172.537,-0.023
-4456.402,-659.657,1.44,48.807,172.474,-0.015
-4455.855,-657.42,1.44,47.259,170.134,-0.008
-4455.199,-655.127,1.44,47.066,168.723,-0.014
-4454.486,-652.712,1.439,47.482,168.768,-0.018
-4453.685,-650.269,1.439,48.746,169.104,-0.011
-4452.822,-647.727,1.439,50.466,170.402,-0.009
-4452,-645.025,1.44,51.497,173.157,-0.002
-4451.313,-642.256,1.44,51.002,176.193,0.001
-4450.557,-639.873,1.44,51.286,174.817,-0.002
-4449.864,-637.473,1.441,50.872,173.815,0.003
-4449.103,-634.974,1.441,51.233,173.978,0.006
-4448.294,-632.533,1.441,52.016,173.517,0.008
-4447.613,-630.146,1.443,51.378,172.58,0.02
-4446.798,-627.844,1.442,52.219,170.896,0.007
-4445.858,-624.905,1.441,54.209,176.018,0.002
-4445.077,-622.013,1.44,54.286,179.9,-0.012
-4444.284,-619.185,1.44,54.463,182.559,-0.01
-4443.746,-616.427,1.439,51.99,184.104,-0.018
-4443.166,-613.634,1.438,50.319,185.78,-0.022
-4442.519,-611.076,1.438,49.576,184.79,-0.017
-4441.897,-608.477,1.438,48.688,184.375,-0.021
-4441.144,-606.004,1.437,49.285,182.71,-0.021
-4440.36,-603.695,1.436,50.105,179.616,-0.03
-4439.433,-601.2,1.435,52.275,178.881,-0.03
-4438.612,-598.862,1.436,53.042,176.642,-0.023
-4437.854,-596.484,1.436,53.037,175.146,-0.018
-4437.172,-594.144,1.436,52.267,173.482,-0.014
-4436.508,-591.709,1.436,51.412,173.028,-0.009
-4435.747,-589.407,1.437,51.686,171.281,-0.005
-4435.111,-587.083,1.438,50.63,170.016,0.01
-4434.54,-584.838,1.439,49.065,168.124,0.015
-4433.906,-582.671,1.438,48.372,165.711,0.008
-4433.277,-580.286,1.437,47.737,165.894,-0.003
-4432.638,-577.865,1.437,47.3,166.415,-0.008
-4431.989,-575.536,1.436,47.018,165.925,-0.009
-4431.262,-572.595,1.438,47.586,171.8,0.003
-4430.246,-569.734,1.438,51.053,175.983,0.011
-4429.197,-566.911,1.439,54.346,179.159,0.019
-4428.088,-564.316,1.439,57.769,179.528,0.011
-4427.07,-561.784,1.438,59.747,179.193,0.004
-4426.116,-559.332,1.439,60.787,178.085,0.009
-4425.437,-556.862,1.44,58.838,177.319,0.014
-4424.726,-554.49,1.44,57.501,175.665,0.019
-4424.053,-552.156,1.44,55.978,173.851,0.013
-4423.312,-549.794,1.439,55.361,172.6,0.004
-4422.523,-547.565,1.439,55.344,170.17,-0.003
-4421.711,-545.391,1.437,55.565,167.521,-0.014
-4420.895,-543.301,1.436,55.8,164.399,-0.023
-4419.94,-541.371,1.435,57.424,160.086,-0.027
-4419.254,-539.287,1.435,56.043,157.997,-0.023
-4418.599,-537.314,1.437,54.542,155.078,-0.006
-4417.95,-535.095,1.438,53.201,155.116,0.007
-4417.14,-532.889,1.439,53.719,155.009,0.012
-4416.222,-530.538,1.439,55.265,156.419,0.015
-4415.396,-527.939,1.44,55.635,160.167,0.017
-4414.539,-525.492,1.44,56.282,161.808,0.022
-4413.824,-522.964,1.441,55.363,164.038,0.02
-4413.15,-520.397,1.442,54.163,166.336,0.031
-4412.4,-518.064,1.442,53.919,165.893,0.022
-4411.744,-515.662,1.442,52.742,166.218,0.018
-4411.135,-513.28,1.441,51.249,166.302,0.012
-4410.447,-511.039,1.441,50.799,164.915,0.011
-4409.632,-508.626,1.441,51.715,165.494,0.011
-4408.898,-506.344,1.441,51.664,164.652,0.003
-4408.113,-503.951,1.44,52.148,165.067,0
-4407.309,-501.772,1.441,52.764,163.223,0.002
-4406.639,-499.267,1.441,51.898,165.015,0.008
-4406,-496.869,1.441,50.849,165.431,0.002
-4405.333,-494.371,1.44,50.23,166.813,-0.008
-4404.481,-492.091,1.439,51.611,165.754,-0.014
-4403.796,-489.717,1.439,51.075,165.822,-0.017
-4403.122,-487.213,1.437,50.508,167.207,-0.027
-4402.356,-484.862,1.437,50.961,166.826,-0.028
-4401.647,-482.525,1.437,50.767,166.35,-0.025
-4401.084,-480.257,1.436,49.098,165.229,-0.025
-4400.529,-477.998,1.437,47.588,164.188,-0.01
-4399.936,-475.804,1.437,46.695,162.628,-0.008
-4399.308,-473.585,1.438,46.29,161.556,0
-4398.506,-470.759,1.438,47.737,166.881,-0.006
-4397.583,-467.953,1.437,50.23,171.228,-0.009
-4396.727,-465.322,1.436,51.654,173.132,-0.017
-4395.907,-462.534,1.435,52.489,176.374,-0.023
-4395.165,-459.887,1.435,52.418,177.686,-0.022
-4394.528,-457.164,1.435,51.26,179.583,-0.016
-4393.97,-454.701,1.433,49.468,178.53,-0.031
-4393.449,-452.278,1.433,47.558,177.221,-0.032
-4392.956,-450.004,1.433,45.64,174.564,-0.028
-4392.383,-447.686,1.433,44.825,172.753,-0.023
-4391.817,-445.404,1.433,44.06,170.84,-0.02
-4391.189,-442.977,1.433,44.04,170.702,-0.015
-4390.446,-440.469,1.433,45.218,171.414,-0.01
-4389.583,-438.104,1.434,47.454,170.554,-0.004
-4388.849,-435.688,1.434,48.024,170.34,0
-4388.216,-433.322,1.433,47.484,169.649,-0.009
-4387.652,-431.004,1.433,46.307,168.56,-0.009
-4386.938,-428.816,1.432,46.849,166.292,-0.015
-4386.29,-426.293,1.432,46.632,167.814,-0.012
-4385.626,-423.909,1.432,46.603,167.678,-0.013
-4385.002,-421.479,1.433,46.174,168.031,-0.006
-4384.39,-419.123,1.434,45.687,167.579,0.006
-4383.699,-416.767,1.434,46.081,167.179,0.007
-4383.083,-414.498,1.434,45.638,165.961,0.009
-4382.721,-412.15,1.434,42.658,165.723,0.004
-4382.38,-409.565,1.435,39.889,167.962,0.009
-4382.004,-407.067,1.433,37.892,168.974,-0.003
-4381.619,-404.637,1.433,36.291,169.141,-0.005
-4381.331,-402.16,1.433,33.92,169.769,-0.009
-4380.889,-399.761,1.433,33.474,169.492,0
-4380.294,-397.189,1.433,34.679,171.042,-0.001
-4379.545,-394.652,1.433,37.289,172.01,-0.008
-4378.87,-392.271,1.432,38.759,171.228,-0.008
-4378.307,-389.791,1.434,38.855,171.576,0.008
-4377.78,-387.373,1.433,38.563,171.228,0.001
-4377.236,-385.004,1.433,38.488,170.434,-0.004
-4376.608,-382.724,1.434,39.295,168.842,0.008
-4376.056,-380.45,1.433,39.201,167.425,-0.001
-4375.555,-378.209,1.433,38.595,165.868,-0.007
-4375.108,-376,1.432,37.522,164.22,-0.011
-4374.66,-373.702,1.432,36.618,163.729,-0.015
-4374.08,-371.614,1.431,37.204,161.145,-0.015
-4373.507,-369.261,1.432,37.623,161.663,-0.01
-4372.781,-366.988,1.433,39.562,161.294,0.003
-4372.008,-364.741,1.434,41.702,160.702,0.013
-4371.248,-362.453,1.435,43.395,160.623,0.021
-4370.42,-360.205,1.435,45.541,160.145,0.022
-4369.716,-357.822,1.436,46.092,161.124,0.021
-4369.001,-355.564,1.436,46.673,160.668,0.024
-4368.381,-353.197,1.437,46.184,161.409,0.023
-4367.807,-350.735,1.436,45.312,163.021,0.01
-4367.168,-348.302,1.435,45.219,164.092,0.004
-4366.508,-345.843,1.435,45.366,165.269,0.004
-4365.712,-343.529,1.435,46.886,164.788,0.002
-4364.963,-341.341,1.434,47.699,163.079,-0.003
-4364.206,-338.874,1.436,48.479,164.491,0.007
-4363.442,-336.533,1.435,49.22,164.395,-0.001
-4362.833,-334.026,1.436,48.248,166.031,0.009
-4362.204,-331.631,1.438,47.631,166.267,0.024
-4361.535,-329.078,1.438,47.509,168.095,0.021
-4360.701,-326.677,1.437,49.112,168.094,0.014
-4359.862,-324.262,1.437,50.525,168.235,0.008
-4359.064,-321.705,1.436,51.3,169.822,0.003
-4358.278,-319.421,1.436,51.854,168.355,-0.003
-4357.593,-317.146,1.435,51.283,167.016,-0.012
-4356.922,-314.932,1.433,50.641,165.245,-0.03
-4356.131,-312.019,1.433,51.335,170.936,-0.025
-4355.298,-309.092,1.433,52.369,175.924,-0.022
-4354.309,-306.366,1.435,54.846,178.115,0.006
-4353.4,-303.631,1.437,56.141,180.078,0.022
-4352.452,-300.922,1.438,57.642,181.485,0.03
-4351.576,-298.218,1.438,58.188,182.627,0.025
-4350.831,-295.626,1.438,57.296,182.453,0.019
-4350.142,-292.873,1.438,55.962,183.961,0.016
-4349.286,-290.391,1.439,56.543,182.461,0.024
-4348.454,-287.84,1.438,56.793,181.889,0.014
-4347.563,-285.336,1.438,57.61,180.92,0.013
-4346.694,-282.674,1.439,58.084,181.714,0.013
-4345.853,-280.184,1.438,58.2,180.622,0.001
-4345.023,-277.81,1.436,58.186,178.498,-0.017
-4344.244,-275.364,1.435,57.65,177.424,-0.021
-4343.605,-272.978,1.435,55.748,175.895,-0.019
-4342.954,-270.442,1.435,54.25,176.137,-0.017
-4342.089,-268.025,1.435,55.179,175.11,-0.011
-4341.265,-265.521,1.434,55.544,175.143,-0.021
-4340.38,-263.006,1.433,56.49,175.273,-0.022
-4339.515,-260.635,1.433,57.087,173.91,-0.02
-4338.611,-258.388,1.432,57.996,171.464,-0.028
-4337.646,-256.176,1.432,59.399,169.019,-0.029
-4336.621,-253.986,1.43,61.217,166.707,-0.038
-4335.579,-251.78,1.43,62.948,164.894,-0.033
-4334.585,-249.455,1.43,63.913,164.587,-0.026
-4333.735,-247.22,1.432,63.265,163.39,-0.011
-4332.913,-244.889,1.432,62.433,163.357,-0.009
-4332.162,-242.696,1.432,60.975,161.908,-0.008
-4331.589,-240.263,1.432,57.908,163.145,-0.004
-4331.08,-237.897,1.431,54.63,163.509,-0.01
-4330.317,-235.506,1.431,54.454,164.074,-0.007
-4329.522,-233.046,1.432,54.628,165.266,0.004
-4328.708,-230.766,1.434,54.975,164.43,0.016
-4327.643,-228.43,1.433,57.859,164.305,0.008
-4326.935,-226.163,1.433,56.632,163.472,0.01
-4326.061,-223.953,1.434,57.301,162.189,0.009
-4324.962,-221.783,1.436,60.185,160.676,0.027
-4323.972,-219.639,1.437,61.527,159.115,0.035
-4323.045,-217.467,1.437,62.023,158.069,0.033
-4321.973,-215.386,1.437,63.943,156.245,0.031
-4321.177,-213.136,1.437,62.725,156.438,0.026
-4320.556,-211.056,1.436,59.901,154.836,0.007
-4319.833,-208.997,1.436,58.529,153.265,0.009
-4319.209,-206.905,1.435,56.344,152.261,0.001
-4318.498,-204.68,1.432,55.38,152.77,-0.028
-4317.806,-202.532,1.431,54.361,152.424,-0.033
-4317.011,-200.366,1.432,54.551,152.297,-0.027
-4316.236,-198.017,1.432,54.5,154.091,-0.017
-4315.574,-195.813,1.431,53.301,154.119,-0.027
-4314.885,-193.498,1.43,52.555,155.279,-0.029
-4314.274,-191.189,1.431,51.122,156.215,-0.019
-4313.663,-188.915,1.432,49.891,156.654,-0.006
-4313.054,-186.444,1.432,48.819,159.047,-0.007
-4312.318,-184.013,1.432,49.216,160.682,-0.006
-4311.583,-181.558,1.431,49.544,162.332,-0.01
-4310.987,-179.128,1.433,48.399,163.468,0.008
-4310.346,-176.733,1.432,47.881,164.088,-0.006
-4309.702,-174.341,1.431,47.464,164.575,-0.008
-4309.056,-171.958,1.43,47.141,164.903,-0.015
-4308.408,-169.827,1.429,46.872,162.599,-0.026
-4307.702,-167.619,1.429,47.254,161.408,-0.024
-4307.157,-165.33,1.43,45.915,161.242,-0.013
-4306.484,-162.998,1.432,46.083,161.537,0.008
-4305.8,-160.54,1.432,46.35,163.079,0.008
-4304.955,-158.253,1.433,48.24,162.639,0.014
-4304.149,-155.969,1.432,49.436,162.235,0.007
-4303.585,-153.684,1.432,47.97,161.897,0.002
-4302.991,-151.544,1.431,47.037,160.121,-0.003
-4302.299,-149.325,1.431,47.24,159.42,-0.007
-4301.606,-147.129,1.43,47.419,158.581,-0.009
-4300.902,-145.02,1.43,47.697,156.966,-0.013
-4300.197,-142.968,1.43,47.939,155.009,-0.01
-4299.499,-140.86,1.43,48.084,153.907,-0.005
-4298.618,-138.668,1.431,50.078,153.839,-0.001
-4297.809,-136.438,1.431,51.041,154.174,0.007
-4297.109,-134.159,1.433,50.742,154.965,0.021
-4296.527,-132.106,1.434,49.269,153.311,0.029
-4296.187,-130.568,1.439,45.527,146.596,0.067
-4295.838,-129.425,1.446,42.414,136.804,0.131
-4295.854,-128.643,1.457,36.017,124.734,0.221
-4295.803,-128.542,1.468,31.247,107.425,0.291
-4295.842,-128.763,1.477,26.245,89.357,0.335
-4295.972,-129.186,1.483,21.049,71.854,0.348
-4296.147,-129.75,1.487,16.152,55.484,0.336
-4296.322,-130.33,1.491,11.975,41.352,0.329
-4296.5,-130.728,1.495,8.386,31.179,0.311
-4296.691,-131.26,1.497,5.184,21.115,0.291
-4296.763,-131.648,1.499,3.68,14.012,0.261
-4296.841,-132.118,1.499,2.337,7.109,0.223
-4296.931,-132.551,1.499,1.064,1.611,0.196
-4297.054,-132.904,1.499,-0.355,-2.261,0.16
-4297.05,-133.178,1.498,-0.26,-4.749,0.129
-4297.126,-133.413,1.497,-1.01,-6.465,0.102
-4297.124,-133.721,1.496,-0.834,-8.685,0.072
-4297.098,-133.904,1.494,-0.444,-9.297,0.05
-4297.029,-133.944,1.494,0.322,-8.345,0.036
-4297.042,-134.041,1.492,0.151,-8.111,0.016
-4297.113,-134.025,1.492,-0.611,-6.749,0.012
-4297.188,-133.927,1.492,-1.291,-4.752,0.007
-4297.28,-133.875,1.491,-2.05,-3.513,-0.002
-4297.217,-133.868,1.491,-1.101,-2.935,-0.001
-4297.181,-133.94,1.491,-0.558,-3.241,-0.003
-4297.121,-133.979,1.492,0.139,-3.161,0.009
-4297.183,-134.047,1.491,-0.524,-3.399,-0.003
-4297.25,-134.081,1.49,-1.134,-3.253,-0.013
-4297.28,-133.974,1.489,-1.279,-1.674,-0.014
-4297.231,-133.998,1.489,-0.582,-1.668,-0.013
-4297.288,-133.972,1.488,-1.087,-1.153,-0.019
-4297.153,-133.997,1.489,0.464,-1.243,-0.01
-4297.19,-133.969,1.49,0.017,-0.776,-0.001
-4297.125,-133.956,1.49,0.679,-0.521,-0.001
-4297.162,-133.755,1.49,0.201,1.615,0.002
-4297.071,-133.833,1.49,1.106,0.583,-0.003
-4297.063,-133.885,1.49,1.027,-0.038,0.005
-4297.147,-133.905,1.491,0.005,-0.244,0.008
-4297.279,-133.858,1.49,-1.352,0.277,-0.002
-4297.303,-133.871,1.489,-1.395,0.103,-0.015
-4297.476,-134.101,1.489,-2.974,-2.285,-0.007
-4297.928,-134.719,1.494,-7.186,-8.309,0.04
-4298.876,-136.03,1.5,-15.897,-20.583,0.095
-4299.911,-137.902,1.509,-24.209,-36.829,0.165
-4300.967,-140.276,1.515,-31.52,-55.845,0.2
-4301.947,-143.092,1.52,-36.976,-76.621,0.222
-4302.998,-146.015,1.524,-42.35,-95.45,0.226
-4304.097,-149.007,1.527,-47.442,-112.211,0.222
-4305.419,-151.891,1.529,-54.07,-125.404,0.202
-4306.583,-154.732,1.53,-58.107,-136.202,0.184
-4307.611,-157.535,1.529,-60.137,-145.028,0.153
-4308.492,-159.922,1.527,-60.364,-148.277,0.11
-4309.16,-162.543,1.526,-58.366,-153.448,0.079
-4309.723,-165.063,1.524,-55.58,-156.82,0.047
-4310.375,-167.721,1.523,-54.111,-161.128,0.03
-4311.047,-170.469,1.521,-53.072,-165.723,0.007
-4311.837,-173.058,1.521,-53.405,-167.997,0.006
-4312.719,-175.665,1.52,-54.631,-170.129,0.003
-4313.623,-178.35,1.522,-55.895,-172.755,0.016
-4314.293,-180.834,1.522,-54.577,-172.919,0.015
-4314.996,-183.291,1.522,-53.783,-172.775,0.012
-4315.696,-185.672,1.522,-53.09,-171.884,0.012
-4316.204,-187.981,1.522,-50.507,-170.374,0.01
-4316.826,-190.348,1.522,-49.48,-169.683,0.005
-4317.626,-192.627,1.521,-50.442,-168.197,-0.004
-4318.417,-195.154,1.521,-51.171,-169.473,0.002
-4319.289,-197.729,1.52,-52.614,-171.055,-0.015
-4320.275,-200.182,1.519,-55.027,-171.148,-0.022
-4320.878,-202.595,1.518,-53.142,-170.819,-0.021
-4321.678,-205.06,1.519,-53.568,-171.079,-0.012
-4322.905,-207.908,1.519,-58.315,-175.237,-0.013
-4324.168,-210.752,1.519,-62.748,-178.741,-0.013
-4325.3,-213.341,1.519,-65.167,-179.111,-0.003
-4326.431,-216.049,1.52,-67.231,-180.648,0.004
-4327.292,-218.53,1.521,-66.204,-179.618,0.012
-4328.082,-221.029,1.522,-64.601,-178.927,0.019
-4328.978,-223.428,1.523,-64.327,-177.309,0.027
-4329.863,-225.872,1.523,-63.981,-176.396,0.023
-4330.964,-228.208,1.523,-65.902,-174.504,0.023
-4332.056,-230.733,1.523,-67.452,-174.836,0.011
-4332.866,-233.283,1.524,-65.864,-175.375,0.02
-4333.76,-235.717,1.523,-65.391,-174.632,0.015
-4334.653,-238.167,1.521,-64.965,-174.181,-0.006
-4335.687,-240.307,1.521,-66.054,-170.595,-0.014
-4336.73,-242.766,1.521,-67.081,-170.812,-0.004
-4337.694,-244.95,1.521,-67.134,-168.184,-0.011
-4338.622,-247.169,1.521,-66.814,-166.288,-0.005
-4339.293,-249.383,1.521,-63.902,-164.623,-0.004
-4339.939,-251.588,1.521,-61.151,-163.115,-0.006
-4340.671,-253.972,1.522,-59.698,-163.67,0.004
-4341.373,-256.284,1.522,-58.135,-163.402,0.004
-4342.092,-258.691,1.523,-56.993,-164.149,0.017
-4343.039,-261.139,1.524,-58.355,-165.206,0.021
-4343.919,-263.573,1.525,-58.841,-165.965,0.028
-4344.832,-266.096,1.525,-59.581,-167.532,0.022
-4345.778,-268.594,1.525,-60.558,-168.612,0.021
-4346.74,-271.206,1.525,-61.553,-170.704,0.017
-4347.758,-273.653,1.525,-62.982,-170.796,0.017
-4348.751,-276.009,1.526,-63.948,-169.932,0.02
-4349.69,-278.634,1.525,-64.209,-171.96,0.013
-4350.515,-281.082,1.525,-63.249,-171.868,0.009
-4351.386,-283.544,1.525,-62.921,-171.944,0.01
-4352.222,-285.987,1.525,-62.273,-171.807,0.008
-4353.054,-288.68,1.525,-61.679,-174.257,0.007
-4353.981,-291.225,1.525,-62.153,-174.833,0.001
-4354.741,-293.957,1.525,-60.834,-177.25,0.007
-4355.798,-296.323,1.527,-62.773,-175.53,0.017
-4356.533,-298.93,1.527,-61.107,-176.56,0.018
-4357.418,-301.453,1.527,-61.23,-176.562,0.016
-4358.274,-303.882,1.527,-61.036,-175.609,0.012
-4359.102,-306.339,1.527,-60.579,-175.077,0.012
-4360.023,-308.764,1.526,-61.155,-174.288,0.003
-4361.025,-311.267,1.525,-62.478,-174.423,-0.007
-4362.088,-313.853,1.525,-64.229,-175.4,-0.004
-4362.94,-316.326,1.524,-63.558,-175.062,-0.016
-4363.635,-318.806,1.524,-61.36,-174.844,-0.016
-4364.452,-321.191,1.525,-60.752,-173.68,-0.006
-4365.067,-323.661,1.524,-58.149,-173.567,-0.007
-4365.675,-326.005,1.524,-55.853,-172.175,-0.009
-4366.28,-328.296,1.525,-53.865,-170.439,0.001
-4366.988,-330.695,1.526,-53.238,-170.07,0.006
-4367.761,-332.872,1.526,-53.362,-167.472,0.011
-4368.474,-335.333,1.527,-52.856,-168.171,0.014
-4369.135,-337.643,1.527,-51.892,-167.219,0.018
-4369.663,-340.105,1.527,-49.691,-167.976,0.008
-4370.374,-342.469,1.526,-49.701,-167.609,0.001
-4371.071,-344.883,1.525,-49.574,-167.806,-0.011
-4371.966,-347.284,1.524,-51.495,-167.845,-0.015
-4372.92,-349.753,1.524,-53.74,-168.586,-0.011
-4373.811,-352.225,1.525,-55.011,-169.237,-0.005
-4374.643,-354.472,1.525,-55.478,-167.483,-0.005
-4375.379,-356.831,1.525,-54.907,-167.13,-0.003
-4376.078,-359.199,1.525,-54.02,-166.929,-0.003
-4376.756,-361.669,1.524,-53.063,-167.811,-0.006
-4377.39,-363.928,1.524,-51.784,-166.389,-0.007
-4378.077,-366.432,1.524,-51.242,-167.693,-0.006
-4378.954,-369.694,1.523,-52.725,-176.616,-0.018
-4379.92,-372.629,1.521,-54.921,-180.85,-0.035
-4380.766,-375.648,1.522,-55.548,-185.338,-0.02
-4381.39,-378.411,1.523,-53.81,-186.522,-0.007
-4382.132,-381.153,1.523,-53.535,-187.32,-0.008
-4382.854,-383.713,1.523,-53.095,-186.123,-0.005
-4383.579,-386.331,1.523,-52.745,-185.704,-0.003
-4384.569,-388.725,1.524,-55.188,-183.043,0.007
-4385.359,-391.184,1.525,-55.204,-181.429,0.019
-4386,-393.707,1.527,-53.678,-180.727,0.027
-4386.711,-396.108,1.526,-53.105,-178.868,0.02
-4387.41,-398.638,1.527,-52.489,-178.601,0.022
-4388.076,-401.054,1.526,-51.63,-177.205,0.013
-4388.817,-403.587,1.526,-51.665,-177.23,0.012
-4389.348,-406.167,1.526,-49.53,-177.724,0.006
-4389.909,-408.708,1.526,-48.017,-177.747,0.009
-4390.628,-411.178,1.527,-48.365,-177.026,0.014
-4391.374,-413.787,1.526,-48.931,-177.853,0.008
-4392.351,-416.154,1.526,-51.785,-176.06,0.007
-4393.231,-418.714,1.526,-53.236,-176.522,-0.001
-4393.941,-421.147,1.526,-52.714,-175.618,-0.003
-4394.654,-423.631,1.525,-52.304,-175.356,-0.007
-4395.409,-425.89,1.525,-52.382,-172.822,-0.002
-4396.11,-428.401,1.526,-51.898,-173.262,0
-4396.785,-430.811,1.525,-51.216,-172.582,-0.001
-4397.427,-433.18,1.526,-50.291,-171.59,0
-4398.27,-435.551,1.525,-51.565,-170.769,-0.008
-4399.018,-438.106,1.525,-51.688,-171.961,-0.001
-4399.623,-440.593,1.526,-50.316,-172.271,0.003
-4400.276,-443.079,1.525,-49.642,-172.522,-0.002
-4400.903,-445.477,1.526,-48.793,-171.841,0.009
-4401.677,-447.927,1.527,-49.581,-171.788,0.011
-4402.633,-450.344,1.528,-52.135,-171.408,0.017
-4403.686,-452.593,1.527,-55.307,-169.356,0.01
-4404.645,-454.953,1.528,-57.045,-168.742,0.019
-4405.506,-457.324,1.529,-57.52,-168.334,0.021
-4406.377,-459.809,1.529,-58.03,-169.158,0.017
-4406.99,-462.158,1.528,-55.805,-168.462,0.009
-4407.712,-464.504,1.528,-55.028,-167.838,0.011
-4408.287,-466.971,1.529,-52.859,-168.553,0.016
-4408.938,-469.44,1.53,-51.789,-169.178,0.023
-4409.684,-471.86,1.53,-51.85,-169.218,0.02
-4410.522,-474.428,1.53,-52.852,-170.764,0.02
-4411.317,-476.918,1.531,-53.258,-171.29,0.024
-4412.114,-479.374,1.531,-53.631,-171.375,0.022
-4412.85,-481.88,1.531,-53.323,-171.969,0.018
-4413.661,-484.427,1.531,-53.829,-172.908,0.012
-4414.677,-486.908,1.531,-56.368,-173.017,0.013
-4415.659,-489.585,1.53,-58.187,-175.13,0.004
-4416.745,-492.026,1.529,-60.815,-174.5,-0.007
-4417.668,-494.47,1.529,-61.374,-173.999,-0.009
-4418.417,-496.967,1.528,-60.064,-174.116,-0.017
-4419.208,-499.519,1.528,-59.367,-174.786,-0.019
-4419.792,-502.057,1.528,-56.65,-175.2,-0.014
-4420.445,-504.399,1.528,-55.036,-173.549,-0.013
-4421.237,-506.812,1.529,-55.095,-172.868,-0.002
-4422.076,-509.166,1.528,-55.633,-171.68,-0.005
-4422.991,-511.591,1.528,-56.871,-171.397,-0.006
-4423.793,-514.032,1.528,-56.767,-171.313,-0.007
-4424.53,-516.461,1.527,-55.997,-171.123,-0.019
-4425.409,-518.864,1.526,-56.815,-170.701,-0.021
-4426.278,-521.353,1.525,-57.409,-171.217,-0.024
-4427.364,-523.858,1.525,-60.143,-171.819,-0.025
-4428.579,-526.153,1.526,-63.808,-170.178,-0.014
-4429.582,-528.641,1.525,-64.742,-170.769,-0.016
-4430.529,-531.151,1.525,-64.971,-171.493,-0.013
-4431.38,-533.578,1.525,-64.179,-171.254,-0.01
-4432.205,-535.84,1.525,-63.23,-169.36,-0.01
-4433.062,-538.143,1.525,-62.754,-168.157,-0.015
-4433.991,-540.522,1.524,-63.097,-167.92,-0.023
-4434.965,-542.963,1.523,-63.842,-168.349,-0.021
-4435.845,-545.194,1.524,-63.511,-166.567,-0.012
-4436.742,-547.632,1.524,-63.402,-167.168,-0.007
-4437.356,-550.043,1.524,-60.402,-167.398,-0.008
-4437.99,-552.617,1.524,-58.049,-169.282,-0.009
-4438.636,-554.973,1.524,-56.163,-168.642,-0.011
-4439.391,-557.389,1.524,-55.675,-168.707,-0.003
-4440.204,-559.745,1.524,-55.854,-168.147,-0.002
-4441.064,-562.203,1.525,-56.49,-168.732,0.007
-4441.825,-564.587,1.526,-56.023,-168.456,0.009
-4442.492,-566.964,1.527,-54.648,-168.147,0.026
-4443.215,-569.316,1.528,-54.051,-167.637,0.029
-4444.022,-571.763,1.528,-54.418,-168.168,0.026
-4444.776,-574.222,1.528,-54.172,-168.752,0.02
-4445.653,-576.662,1.529,-55.237,-169.053,0.024
-4446.468,-579.179,1.528,-55.503,-170.105,0.015
-4447.306,-581.618,1.53,-55.961,-170.2,0.026
-4448.167,-584.213,1.53,-56.6,-171.883,0.026
-4448.827,-586.646,1.53,-55.065,-171.648,0.023
-4449.628,-589.112,1.531,-55.219,-171.796,0.024
-4450.484,-591.519,1.53,-55.906,-171.303,0.014
-4451.417,-593.979,1.53,-57.287,-171.437,0.014
-4452.478,-596.38,1.53,-59.789,-170.946,0.015
-4453.445,-598.671,1.531,-60.945,-169.387,0.021
-4454.197,-601,1.532,-59.724,-168.455,0.024
-4455.081,-603.271,1.532,-60.039,-167.058,0.018
-4455.794,-605.627,1.531,-58.557,-166.747,0.009
-4456.364,-608.22,1.531,-55.814,-168.917,0.009
-4456.93,-610.862,1.531,-53.424,-171.274,0.009
-4457.531,-613.294,1.53,-51.755,-171.122,0
-4458.182,-615.729,1.531,-50.853,-171.022,0.009
-4458.831,-618.177,1.531,-50.05,-171.07,0.008
-4459.481,-620.858,1.532,-49.384,-173.512,0.015
-4460.263,-623.246,1.531,-50.175,-172.574,0
-4461.229,-626.318,1.531,-52.732,-178.824,-0.004
-4462.094,-629.455,1.53,-53.885,-184.814,-0.009
-4463.062,-632.448,1.53,-55.928,-188.455,-0.011
-4464.045,-635.354,1.53,-57.823,-190.649,-0.007
-4465.076,-638.059,1.53,-59.93,-190.455,-0.005
-4466.019,-640.873,1.53,-60.824,-191.421,-0.005
-4466.906,-643.642,1.529,-61.007,-191.777,-0.008
-4467.654,-646.353,1.53,-59.743,-191.482,-0.007
-4468.371,-648.988,1.529,-58.337,-190.442,-0.011
-4469.177,-651.473,1.53,-58.051,-188.018,-0.003
-4470.001,-654.05,1.53,-58,-186.898,0.003
-4470.98,-656.705,1.529,-59.552,-186.746,-0.006
-4471.95,-659.258,1.529,-60.773,-185.564,-0.005
-4472.884,-661.845,1.527,-61.457,-184.899,-0.024
-4473.617,-664.45,1.527,-59.962,-184.528,-0.018
-4474.455,-667.039,1.527,-59.763,-184.045,-0.019
-4475.302,-669.493,1.527,-59.7,-182.245,-0.018
-4476.112,-672.026,1.527,-59.258,-181.514,-0.01
-4477.027,-674.507,1.528,-59.965,-180.358,-0.007
-4477.812,-677.086,1.528,-59.226,-180.381,-0.001
-4478.626,-679.657,1.528,-58.895,-180.322,0.001
-4479.354,-682.161,1.529,-57.726,-179.588,0.009
-4480.036,-684.56,1.529,-56.255,-177.874,0.004
-4480.596,-687.094,1.529,-53.75,-177.797,0.01
-4481.15,-689.415,1.529,-51.554,-175.546,0.006
-4481.951,-691.999,1.529,-52.215,-176.323,0.001
-4482.554,-694.595,1.528,-50.738,-177.124,-0.006
-4483.408,-697.279,1.527,-52.075,-178.704,-0.014
-4484.267,-700.021,1.527,-53.256,-180.646,-0.011
-4485.076,-702.83,1.526,-53.756,-182.998,-0.021
-4485.788,-705.435,1.526,-53.175,-182.907,-0.022
-4486.652,-708.128,1.525,-54.255,-183.727,-0.023
-4487.475,-710.694,1.526,-54.743,-183.122,-0.01
-4488.25,-713.172,1.526,-54.669,-181.699,-0.01
-4488.838,-715.701,1.527,-52.69,-181.013,0.003
-4489.612,-718.165,1.528,-52.906,-179.762,0.008
-4490.468,-720.559,1.528,-53.932,-177.967,0.005
-4491.344,-723.249,1.529,-55.022,-179.488,0.015
-4492.008,-725.694,1.529,-53.766,-178.267,0.019
-4492.697,-728.198,1.529,-52.957,-177.819,0.011
-4493.409,-730.642,1.528,-52.491,-176.836,0.003
-4494.304,-733.155,1.527,-53.984,-176.694,-0.006
-4495.189,-735.696,1.528,-55.158,-176.875,0.001
-4496.031,-738.355,1.527,-55.712,-178.227,-0.009
-4496.892,-740.92,1.527,-56.381,-178.424,-0.003
-4497.707,-743.56,1.528,-56.478,-179.365,0
-4498.39,-746.163,1.528,-55.206,-179.782,0.003
-4498.913,-748.668,1.529,-52.476,-179.128,0.013
-4499.302,-751.161,1.53,-48.764,-178.45,0.019
-4499.783,-753.649,1.53,-46.542,-177.824,0.014
-4500.248,-756.13,1.53,-44.48,-177.214,0.018
-4500.671,-758.752,1.531,-42.298,-178.137,0.018
-4500.966,-761.215,1.53,-39.112,-177.296,0.006
-4501.337,-763.785,1.529,-37.178,-177.679,0.003
-4501.834,-766.31,1.529,-36.829,-177.544,0.003
-4502.258,-768.977,1.529,-35.778,-178.891,-0.002
-4502.882,-771.524,1.53,-36.946,-178.803,0.01
-4503.416,-774.199,1.53,-36.999,-180.047,0.011
-4503.973,-776.636,1.53,-37.294,-178.65,0.005
-4504.455,-779.184,1.531,-36.772,-178.607,0.013
-4504.913,-781.717,1.533,-36.081,-178.419,0.029
-4505.331,-784.202,1.533,-35.08,-177.756,0.03
-4505.801,-786.681,1.533,-34.761,-177.144,0.02
-4506.17,-789.025,1.533,-33.448,-175.222,0.022
-4506.611,-791.529,1.533,-33.065,-175.231,0.014
-4507.212,-794.161,1.532,-34.389,-176.553,0.006
-4507.686,-796.756,1.532,-34.214,-177.298,0.003
-4508.298,-799.452,1.532,-35.482,-178.982,0.008
-4508.796,-802.016,1.532,-35.387,-179.052,0.003
-4509.379,-804.702,1.531,-36.184,-180.374,-0.006
-4509.95,-807.217,1.532,-36.741,-179.739,0.002
-4510.408,-809.832,1.532,-36.059,-180.229,0.002
-4510.924,-812.498,1.531,-36.062,-181.168,-0.002
-4511.377,-814.953,1.532,-35.421,-179.795,0.001
-4511.907,-817.395,1.532,-35.675,-178.492,0.001
-4512.376,-819.824,1.532,-35.256,-177.243,0.004
-4512.833,-822.39,1.532,-34.767,-177.601,-0.002
-4513.349,-824.82,1.53,-34.974,-176.493,-0.015
-4513.821,-827.24,1.529,-34.69,-175.448,-0.022
-4514.392,-829.757,1.529,-35.46,-175.56,-0.025
-4514.902,-832.324,1.529,-35.497,-176.17,-0.016
-4515.426,-834.856,1.53,-35.676,-176.329,-0.007
-4516.049,-837.424,1.53,-36.843,-176.834,-0.008
-4516.838,-840.02,1.531,-39.541,-177.545,0.009
-4517.542,-842.59,1.532,-40.98,-177.892,0.013
-4518.282,-845.043,1.531,-42.563,-176.989,-0.001
-4518.997,-847.539,1.53,-43.667,-176.654,-0.004
-4519.863,-850.013,1.53,-46.159,-176.145,-0.008
-4520.815,-852.52,1.529,-49.171,-176.044,-0.016
-4521.922,-854.98,1.529,-53.34,-175.475,-0.007
-4523.01,-857.512,1.529,-56.695,-175.742,-0.012
-4524.017,-860.15,1.527,-58.719,-177.048,-0.023
-4524.969,-862.727,1.526,-59.883,-177.543,-0.031
-4526.007,-865.248,1.525,-61.765,-177.382,-0.04
-4526.899,-867.717,1.525,-61.866,-176.712,-0.031
-4527.727,-870.104,1.525,-61.286,-175.301,-0.025
-4528.729,-872.612,1.526,-62.599,-175.332,-0.019
-4529.74,-874.942,1.527,-63.794,-173.539,-0.006
-4530.644,-877.511,1.527,-63.719,-174.467,-0.004
-4531.428,-879.831,1.527,-62.416,-172.687,-0.001
-4532.116,-882.272,1.528,-60.32,-172.426,0.005
-4532.872,-884.753,1.528,-59.238,-172.6,0.003
-4533.615,-887.18,1.527,-58.172,-172.204,-0.007
-4534.306,-889.698,1.527,-56.727,-172.798,-0.003
-4535.178,-892.071,1.527,-57.369,-171.814,0.002
-4536.176,-894.617,1.527,-59.2,-172.761,-0.003
-4537.102,-897.07,1.527,-60.023,-172.601,-0.003
-4538.02,-899.975,1.527,-60.649,-177.124,0
-4539.031,-902.956,1.527,-62.139,-181.764,0.002
-4540.22,-905.785,1.528,-65.242,-184.158,0.008
-4541.281,-908.625,1.528,-66.566,-186.313,0.011
-4542.321,-911.358,1.529,-67.489,-187.047,0.017
-4543.384,-914.081,1.529,-68.508,-187.575,0.014
-4544.231,-916.684,1.528,-67.15,-186.788,0.005
-4545.136,-919.451,1.528,-66.585,-187.8,0.001
-4546.074,-921.909,1.528,-66.455,-185.482,0
-4547.062,-924.4,1.527,-66.849,-183.844,-0.007
-4548.04,-926.835,1.528,-67.085,-181.879,-0.002
-4548.954,-929.288,1.528,-66.631,-180.385,0.006
-4549.803,-931.605,1.529,-65.574,-177.708,0.015
-4550.55,-933.819,1.529,-63.616,-174.365,0.005
-4551.316,-936.221,1.529,-62.146,-173.452,0.004
-4551.936,-938.603,1.528,-59.394,-172.46,0.002
-4552.621,-941.03,1.528,-57.711,-172.085,-0.003
-4553.272,-943.569,1.528,-55.922,-172.917,-0.005
-4553.9,-946.094,1.527,-54.167,-173.483,-0.011
-4554.773,-948.651,1.527,-55.188,-174.287,-0.009
-4555.572,-951.172,1.526,-55.297,-174.606,-0.014
-4556.241,-953.555,1.527,-54.045,-173.461,-0.009
-4556.839,-956.08,1.526,-52.253,-173.948,-0.011
-4557.628,-958.461,1.526,-52.696,-172.88,-0.009
-4558.496,-960.93,1.527,-53.883,-172.866,0
-4559.438,-963.329,1.527,-55.649,-172.139,0.002
-4560.278,-965.768,1.528,-56.122,-171.933,0.009
-4561.118,-968.251,1.529,-56.512,-172.213,0.015
-4561.847,-970.788,1.529,-55.709,-173.004,0.018
-4562.533,-973.224,1.53,-54.576,-172.637,0.021
-4563.104,-975.836,1.53,-52.423,-174.142,0.015
-4563.791,-978.419,1.53,-51.782,-175.123,0.019
-4564.402,-980.992,1.529,-50.461,-175.857,0.006
-4564.997,-983.458,1.529,-49.168,-175.376,0.004
-4565.613,-985.997,1.529,-48.277,-175.718,-0.002
-4566.426,-988.472,1.53,-49.549,-175.359,0.008
-4567.3,-990.997,1.53,-51.263,-175.564,0.009
-4568.102,-993.599,1.53,-51.971,-176.527,0.013
-4568.889,-996.181,1.531,-52.435,-177.151,0.012
-4569.666,-998.857,1.53,-52.719,-178.65,0.009
-4570.395,-1001.5,1.53,-52.472,-179.577,0.008
-4571.21,-1003.979,1.529,-53.15,-178.694,-0.004
-4572.02,-1006.522,1.529,-53.666,-178.593,-0.006
-4573.082,-1009.606,1.529,-56.711,-184.072,-0.004
-4573.992,-1012.606,1.53,-57.741,-187.887,0.008
-4574.757,-1015.479,1.532,-57.118,-189.832,0.024
-4575.594,-1018.236,1.532,-57.339,-190.295,0.022
-4576.288,-1020.922,1.532,-56.047,-189.967,0.011
-4577.109,-1023.573,1.531,-56.256,-189.321,0.003
-4578.025,-1026.036,1.531,-57.417,-186.834,0.005
-4578.963,-1028.724,1.531,-58.625,-187.021,-0.001
-4579.964,-1031.436,1.53,-60.316,-187.439,-0.006
-4580.822,-1034.01,1.53,-60.27,-186.373,-0.006
-4581.626,-1036.541,1.529,-59.689,-185.019,-0.015
-4582.374,-1039.142,1.527,-58.608,-184.585,-0.03
-4583.201,-1041.65,1.527,-58.5,-183.255,-0.028
-4584.164,-1044.14,1.526,-59.807,-181.94,-0.031
-4584.921,-1046.58,1.526,-58.808,-180.306,-0.027
-4585.752,-1048.989,1.526,-58.722,-178.587,-0.019
-4586.466,-1051.261,1.528,-57.428,-175.71,0
-4587.115,-1053.749,1.529,-55.67,-175.479,0.008
-4587.759,-1056.164,1.53,-54.108,-174.539,0.019
-4588.298,-1058.67,1.53,-51.7,-174.662,0.015
-4588.798,-1061.091,1.531,-49.247,-173.899,0.017
-4589.264,-1063.629,1.53,-46.803,-174.45,0.013
-4589.999,-1066.055,1.53,-47.478,-173.776,0.003
-4590.753,-1068.712,1.529,-48.269,-175.574,0.001
-4591.407,-1071.21,1.528,-47.894,-175.471,-0.008
-4592.11,-1073.88,1.529,-48.094,-177.144,-0.006
-4592.821,-1076.426,1.528,-48.34,-177.3,-0.014
-4593.616,-1079.01,1.528,-49.415,-177.836,-0.008
-4594.36,-1081.386,1.528,-49.803,-176.142,-0.011
-4595.047,-1083.825,1.529,-49.557,-175.338,0
-4595.689,-1086.217,1.529,-48.872,-174.185,0.002
-4596.277,-1088.767,1.529,-47.744,-174.813,0.001
-4597.001,-1091.272,1.528,-48.168,-174.895,-0.009
-4597.696,-1093.917,1.527,-48.245,-176.4,-0.016
-4598.426,-1096.475,1.526,-48.666,-176.798,-0.023
-4599.235,-1098.936,1.525,-49.83,-176.124,-0.026
-4600.011,-1101.664,1.525,-50.496,-178.313,-0.026
-4600.609,-1104.27,1.524,-49.228,-178.917,-0.029
-4601.382,-1106.762,1.525,-49.945,-178.26,-0.019
-4602.208,-1109.372,1.525,-51.099,-178.903,-0.014
-4602.975,-1111.922,1.525,-51.481,-178.847,-0.007
-4603.761,-1114.274,1.527,-51.996,-176.759,0.011
-4604.582,-1116.502,1.528,-52.8,-173.696,0.017
-4605.285,-1118.996,1.528,-52.276,-173.83,0.018
-4606.261,-1122.181,1.528,-54.64,-181.056,0.01
-4607.074,-1125.374,1.528,-54.966,-187.299,0.011
-4607.826,-1128.484,1.529,-54.63,-191.769,0.016
-4608.398,-1131.648,1.529,-52.485,-196.141,0.015
-4609.058,-1134.558,1.528,-51.554,-197.247,0.003
-4609.854,-1137.467,1.527,-52.167,-198.193,-0.008
-4610.495,-1140.201,1.526,-51.098,-197.183,-0.01
-4611.234,-1142.86,1.526,-51.188,-195.559,-0.007
-4612.262,-1145.452,1.527,-54.25,-193.481,-0.005
-4613.211,-1148.084,1.526,-56.037,-192.123,-0.006
-4613.946,-1150.406,1.526,-55.368,-187.77,-0.011
-4614.737,-1152.803,1.525,-55.367,-184.839,-0.016
-4615.455,-1155.071,1.526,-54.608,-180.997,-0.005
-4616.218,-1157.532,1.526,-54.435,-179.718,-0.003
-4616.984,-1160.074,1.526,-54.314,-179.459,-0.008
-4617.655,-1162.691,1.525,-53.231,-180.003,-0.012
-4618.353,-1165.194,1.526,-52.586,-179.303,-0.004
-4619.244,-1167.713,1.526,-54.027,-178.863,0.001
-4620.061,-1170.247,1.526,-54.493,-178.643,-0.003
-4620.74,-1172.765,1.526,-53.477,-178.29,-0.004
-4621.54,-1175.166,1.527,-53.838,-176.792,0.007
-4622.288,-1177.645,1.528,-53.629,-176.309,0.015
-4623.148,-1180.036,1.528,-54.593,-174.997,0.013
-4624.173,-1182.601,1.527,-57.114,-175.671,0.007
-4625.115,-1185.064,1.528,-58.41,-175.188,0.009
-4626.061,-1187.63,1.528,-59.562,-175.841,0.01
-4626.867,-1190.177,1.527,-59.097,-176.204,0
-4627.557,-1192.704,1.526,-57.508,-176.303,-0.009
-4628.264,-1195.217,1.526,-56.33,-176.246,-0.012
-4628.867,-1197.727,1.526,-54.256,-176.159,-0.001
-4629.402,-1200.141,1.528,-51.785,-175.104,0.01
-4630.149,-1202.588,1.529,-51.865,-174.547,0.021
-4630.694,-1204.998,1.529,-49.845,-173.688,0.02
-4631.508,-1207.424,1.529,-50.888,-173.114,0.018
-4632.404,-1209.84,1.529,-52.634,-172.531,0.011
-4633.102,-1212.466,1.529,-52.079,-174.189,0.014
-4633.856,-1215.043,1.528,-52.178,-175.104,0
-4634.719,-1217.509,1.528,-53.391,-174.732,-0.005
-4635.462,-1220.086,1.526,-53.187,-175.568,-0.016
-4636.336,-1222.717,1.527,-54.364,-176.828,-0.008
-4637.278,-1225.307,1.527,-56.065,-177.486,-0.008
-4638.277,-1227.933,1.526,-58.109,-178.424,-0.011
-4639.187,-1230.496,1.527,-58.922,-178.568,0
-4639.931,-1232.878,1.53,-57.917,-176.828,0.021
-4640.648,-1235.269,1.531,-56.791,-175.436,0.027
-4641.158,-1237.625,1.533,-53.682,-173.888,0.048
-4641.684,-1240.181,1.533,-51.199,-174.633,0.043
-4642.48,-1242.773,1.533,-51.868,-175.627,0.038
-4643.205,-1245.401,1.533,-51.7,-176.855,0.025
-4644.031,-1247.974,1.532,-52.606,-177.33,0.012
-4644.919,-1250.527,1.531,-54.013,-177.54,0.004
-4645.81,-1253.079,1.531,-55.233,-177.705,0
-4646.635,-1255.661,1.53,-55.609,-178.141,-0.004
-4647.389,-1258.18,1.53,-55.194,-177.875,-0.007
-4648.211,-1260.748,1.529,-55.536,-178.159,-0.015
-4648.978,-1263.32,1.529,-55.26,-178.433,-0.016
-4649.829,-1265.897,1.528,-55.895,-178.718,-0.017
-4650.619,-1268.353,1.529,-55.812,-177.721,-0.004
-4651.334,-1270.813,1.53,-54.962,-176.911,0.004
-4652.211,-1273.384,1.531,-55.911,-177.356,0.016
-4653.053,-1275.904,1.531,-56.351,-177.215,0.013
-4653.718,-1278.397,1.531,-54.911,-176.823,0.011
-4654.271,-1281.036,1.532,-52.526,-177.988,0.011
-4654.789,-1283.491,1.53,-50.135,-177.086,-0.004
-4655.375,-1286.165,1.528,-48.793,-178.568,-0.021
-4656.068,-1288.729,1.528,-48.762,-178.695,-0.022
-4656.831,-1291.476,1.528,-49.435,-180.697,-0.014
-4657.673,-1294.016,1.53,-50.836,-180.274,0.001
-4658.525,-1296.345,1.531,-52.139,-177.736,0.014
-4659.455,-1298.827,1.531,-54.032,-177.149,0.011
-4660.116,-1301.351,1.532,-52.902,-177.086,0.014
-4660.847,-1303.825,1.532,-52.647,-176.506,0.021
-4661.38,-1306.169,1.533,-50.384,-174.682,0.022
-4662.081,-1308.564,1.533,-50.191,-173.644,0.021
-4662.888,-1311.14,1.532,-51.115,-174.622,0.009
-4663.693,-1313.6,1.532,-51.891,-174.27,0.004
-4664.467,-1316.211,1.532,-52.228,-175.521,0.001
-4665.179,-1318.7,1.532,-51.878,-175.333,0.001
-4665.877,-1321.364,1.53,-51.434,-176.97,-0.011
-4666.629,-1323.919,1.531,-51.61,-177.243,-0.006
-4667.359,-1326.338,1.53,-51.538,-176.08,-0.007
-4668.067,-1328.798,1.53,-51.247,-175.508,-0.013
-4668.934,-1331.41,1.531,-52.631,-176.593,-0.001
-4669.685,-1333.908,1.53,-52.623,-176.331,-0.006
-4670.575,-1336.347,1.53,-54.049,-175.511,-0.003
-4671.407,-1338.863,1.53,-54.658,-175.601,-0.009
-4672.278,-1341.202,1.53,-55.588,-173.851,-0.009
-4672.854,-1343.67,1.53,-53.348,-173.69,-0.001
-4673.504,-1346.229,1.531,-52.194,-174.497,0.002
-4674.153,-1348.7,1.53,-51.196,-174.273,-0.004
-4674.748,-1351.245,1.53,-49.794,-174.835,-0.004
-4675.415,-1353.626,1.53,-49.33,-173.645,-0.006
-4676.109,-1356.097,1.53,-49.227,-173.543,-0.006
-4676.924,-1358.601,1.529,-50.38,-173.793,-0.013
-4677.843,-1361.205,1.529,-52.43,-175.043,-0.006
-4678.764,-1363.722,1.53,-54.197,-175.21,0.005
-4679.6,-1366.188,1.529,-54.831,-174.835,-0.008
-4680.523,-1368.782,1.529,-56.276,-175.82,-0.012
-4681.421,-1371.31,1.527,-57.24,-175.993,-0.02
-4682.194,-1374.058,1.526,-56.783,-178.403,-0.034
-4683.188,-1376.774,1.525,-58.659,-180.119,-0.031
-4684.106,-1379.367,1.526,-59.492,-180.326,-0.022
-4685.058,-1381.985,1.527,-60.54,-180.757,-0.008
-4685.816,-1384.486,1.528,-59.442,-179.926,-0.002
-4686.474,-1386.9,1.528,-57.469,-178.311,0.004
-4687.094,-1389.395,1.528,-55.403,-177.773,0.003
-4687.696,-1391.86,1.528,-53.447,-177.006,0
-4688.396,-1394.441,1.529,-52.788,-177.548,0.007
-4689.106,-1396.998,1.528,-52.348,-177.752,0
-4689.929,-1399.74,1.528,-53.118,-179.845,-0.004
-4690.811,-1402.275,1.527,-54.383,-179.486,-0.005
-4691.646,-1404.908,1.528,-54.982,-180.201,0.004
-4692.478,-1407.515,1.529,-55.463,-180.54,0.011
-4693.332,-1410.148,1.529,-56.088,-181.096,0.009
-4693.942,-1412.651,1.53,-54.124,-180.225,0.016
-4694.62,-1415.13,1.53,-53.141,-179.241,0.015
-4695.307,-1417.677,1.531,-52.405,-179.101,0.02
-4696.097,-1420.127,1.532,-52.829,-177.988,0.028
-4696.837,-1422.455,1.533,-52.683,-175.769,0.029
-4697.597,-1424.96,1.533,-52.749,-175.711,0.029
-4698.47,-1427.552,1.532,-53.982,-176.556,0.019
-4699.235,-1430.27,1.532,-53.917,-178.568,0.013
-4699.914,-1432.888,1.532,-52.983,-179.258,0.007
-4700.792,-1435.497,1.531,-54.224,-179.757,-0.001
-4701.675,-1438.167,1.53,-55.343,-180.803,-0.011
-4702.561,-1440.59,1.53,-56.323,-179.163,-0.012
-4703.355,-1443.153,1.528,-56.221,-179.197,-0.021
-4704.109,-1445.688,1.529,-55.714,-178.934,-0.017
-4704.914,-1448.168,1.53,-55.8,-178.154,-0.001
-4705.559,-1450.735,1.53,-54.232,-178.379,0.001
-4706.159,-1453.294,1.53,-52.435,-178.487,0.001
-4706.629,-1455.762,1.532,-49.563,-177.654,0.015
-4707.28,-1459.069,1.531,-48.98,-185.566,0.007
-4707.923,-1462.281,1.531,-48.395,-191.337,0.002
-4708.747,-1465.534,1.53,-49.757,-196.696,0
-4709.358,-1468.574,1.53,-48.731,-199.062,-0.006
-4710.08,-1471.436,1.529,-48.995,-199.244,-0.015
-4710.852,-1474.195,1.528,-49.742,-198.344,-0.016
-4711.657,-1476.895,1.528,-50.712,-196.97,-0.015
-4712.478,-1479.484,1.528,-51.701,-194.66,-0.013
-4713.15,-1481.953,1.529,-51.017,-191.451,-0.004
-4713.735,-1484.558,1.529,-49.542,-190.113,-0.008
-4714.295,-1487.091,1.528,-48.016,-188.23,-0.008
-4714.764,-1489.622,1.528,-45.788,-186.6,-0.009
-4715.319,-1492.027,1.529,-44.77,-183.913,-0.001
-4715.915,-1494.544,1.529,-44.31,-182.78,-0.004
-4716.697,-1496.929,1.529,-45.855,-180.457,-0.002
-4717.419,-1499.395,1.529,-46.538,-179.3,-0.003
-4718.177,-1502.046,1.528,-47.494,-180.223,-0.01
-4718.906,-1504.711,1.528,-48.022,-181.151,-0.006
-4719.598,-1507.176,1.528,-48.078,-179.889,-0.006
-4720.36,-1509.674,1.528,-48.854,-179.154,-0.008
-4720.89,-1512.282,1.528,-47.129,-179.648,-0.008
-4721.531,-1514.769,1.527,-46.794,-178.829,-0.013
-4722.265,-1517.148,1.527,-47.47,-177.025,-0.01
-4722.947,-1519.632,1.528,-47.506,-176.562,-0.002
-4723.637,-1522.032,1.527,-47.627,-175.303,-0.005
-4724.265,-1524.599,1.527,-47.084,-175.942,-0.006
-4724.954,-1527.155,1.527,-47.252,-176.381,-0.007
-4725.561,-1529.763,1.527,-46.55,-177.294,-0.003
-4726.27,-1532.333,1.528,-47.009,-177.675,0.002
-4726.815,-1534.984,1.528,-45.7,-178.841,0
-4727.438,-1537.527,1.526,-45.389,-178.715,-0.011
-4728.018,-1540.087,1.526,-44.69,-178.786,-0.01
-4728.544,-1542.6,1.527,-43.538,-178.367,-0.004
-4729.26,-1545.013,1.527,-44.501,-176.975,-0.004
-4730.085,-1547.562,1.527,-46.454,-177.189,-0.001
-4730.908,-1550.005,1.528,-48.095,-176.279,0.012
-4731.913,-1552.63,1.53,-51.364,-177.373,0.022
-4732.671,-1555.184,1.53,-51.617,-177.585,0.02
-4733.487,-1557.735,1.529,-52.424,-177.725,0.014
-4734.244,-1560.453,1.529,-52.505,-179.574,0.01
-4734.854,-1563.08,1.529,-51.071,-180.208,0.005
-4735.442,-1565.31,1.527,-49.612,-176.66,-0.01
-4735.84,-1567.197,1.522,-46.411,-170.107,-0.057
-4736.065,-1568.527,1.513,-41.901,-158.783,-0.132
-4736.203,-1569.115,1.504,-37.153,-141.488,-0.201
-4736.183,-1569.224,1.496,-31.487,-121.793,-0.239
-4736.115,-1568.8,1.491,-26.152,-99.522,-0.256
-4735.924,-1568.24,1.486,-20.347,-79.116,-0.258
-4735.74,-1567.633,1.484,-15.458,-61.239,-0.244
-4735.653,-1566.868,1.481,-12.286,-44.355,-0.234
-4735.487,-1566.167,1.48,-8.777,-30.619,-0.209
-4735.281,-1565.611,1.479,-5.361,-20.389,-0.185
-4735.25,-1565.22,1.479,-4.252,-13.368,-0.161
-4735.126,-1564.812,1.479,-2.359,-7.193,-0.137
-4735.01,-1564.499,1.48,-0.812,-2.916,-0.112
-4734.829,-1564.209,1.479,1.17,0.499,-0.104
-4734.704,-1563.816,1.478,2.286,4.468,-0.101
-4734.652,-1563.517,1.478,2.481,6.886,-0.079
-4734.588,-1563.364,1.479,2.775,7.449,-0.057
-4734.562,-1563.205,1.48,2.646,7.99,-0.043
-4734.483,-1563.126,1.481,3.061,7.634,-0.028
-4734.393,-1563.082,1.482,3.545,6.964,-0.018
-4734.299,-1562.975,1.483,3.988,7.037,-0.004
-4734.337,-1562.927,1.484,3.011,6.5,0.011
-4734.369,-1562.904,1.484,2.233,5.783,0.007
-4734.502,-1562.757,1.484,0.539,6.439,0.006
-4734.389,-1562.825,1.484,1.627,4.801,0.009
-4734.445,-1562.772,1.485,0.801,4.634,0.014
-4734.452,-1562.94,1.485,0.623,2.227,0.009
-4734.493,-1562.84,1.487,0.104,2.93,0.026
-4734.542,-1562.504,1.489,-0.414,5.95,0.041
-4734.423,-1561.68,1.49,0.868,13.56,0.045
-4734.266,-1560.374,1.49,2.359,25.014,0.043
-4733.887,-1558.548,1.491,5.91,40.127,0.041
-4733.211,-1556.238,1.491,12,58.015,0.033
-4732.294,-1553.465,1.49,19.676,78.021,0.02
-4731.59,-1550.39,1.49,24.029,98.213,0.015
-4730.779,-1547.332,1.488,28.844,115.245,0.003
-4729.551,-1543.567,1.489,37.248,137.058,0.005
-4728.499,-1539.952,1.487,42.598,154.112,-0.008
-4727.518,-1536.65,1.486,46.437,165.443,-0.024
-4726.542,-1533.431,1.486,49.653,174.246,-0.021
-4725.686,-1530.528,1.486,51.163,178.514,-0.018
-4724.932,-1527.577,1.486,51.399,182.636,-0.011
-4724.332,-1524.766,1.486,50.018,184.718,-0.011
-4723.803,-1521.859,1.486,48.107,187.473,-0.011
-4723.27,-1519.08,1.486,46.523,188.513,-0.004
-4722.727,-1516.278,1.487,45.268,189.633,0.003
-4722.31,-1513.702,1.487,42.901,188.268,0.006
-4721.652,-1511.17,1.488,43.365,186.64,0.012
-4720.979,-1508.8,1.488,43.919,183.596,0.013
-4720.3,-1506.38,1.489,44.451,181.503,0.014
-4719.676,-1503.913,1.489,44.331,180.211,0.013
-4719.054,-1501.457,1.489,44.217,178.986,0.015
-4718.438,-1499.012,1.489,44.06,177.835,0.008
-4717.872,-1496.553,1.489,43.402,176.997,0.011
-4717.184,-1494.005,1.489,44.106,177.2,0.006
-4716.544,-1491.53,1.49,44.201,176.621,0.014
-4715.875,-1489.083,1.489,44.587,175.836,0.004
-4715.322,-1486.685,1.489,43.731,174.658,0.01
-4714.724,-1484.291,1.49,43.452,173.62,0.013
-4714.062,-1482.059,1.489,43.871,171.066,0.002
-4713.351,-1479.718,1.488,44.746,170.01,-0.005
-4712.7,-1477.331,1.488,44.872,169.574,-0.009
-4712.14,-1474.927,1.488,44.036,169.391,-0.005
-4711.417,-1472.527,1.486,44.999,169.182,-0.021
-4710.809,-1470.196,1.486,44.645,168.299,-0.02
-4710.08,-1467.742,1.487,45.587,168.812,-0.012
-4709.276,-1465.32,1.488,47.147,168.916,0.004
-4708.453,-1462.923,1.489,48.697,168.749,0.015
-4707.667,-1460.379,1.49,49.619,170.125,0.017
-4706.953,-1457.836,1.491,49.678,171.286,0.023
-4706.251,-1455.265,1.491,49.59,172.556,0.025
-4705.769,-1452.775,1.491,47.262,172.818,0.024
-4705.365,-1450.179,1.491,44.47,174.128,0.015
-4704.993,-1447.682,1.491,41.766,174.217,0.017
-4704.524,-1445.265,1.491,40.445,173.482,0.013
-4704.165,-1442.784,1.493,38.195,173.513,0.026
-4703.679,-1440.381,1.493,37.584,172.727,0.021
-4703.173,-1437.802,1.493,37.261,173.874,0.023
-4702.505,-1435.415,1.493,38.664,172.883,0.021
-4701.717,-1432.928,1.494,41.09,173.058,0.021
-4700.966,-1430.458,1.493,42.777,173.033,0.015
-4700.155,-1427.885,1.494,44.832,174.073,0.02
-4699.402,-1425.319,1.494,45.988,174.889,0.011
-4698.751,-1422.868,1.493,45.932,174.4,0.004
-4698.147,-1420.533,1.491,45.391,172.795,-0.013
-4697.674,-1418.131,1.491,43.586,172.11,-0.011
-4697.109,-1415.887,1.49,42.995,169.901,-0.022
-4696.49,-1413.698,1.49,43.045,167.447,-0.017
-4695.726,-1411.423,1.49,44.578,166.241,-0.011
-4695.097,-1409.076,1.49,44.493,165.956,-0.016
-4694.241,-1406.626,1.491,46.77,166.765,-0.004
-4693.437,-1404.171,1.491,48.164,167.521,0.002
-4692.677,-1401.65,1.491,48.909,168.831,0
-4691.909,-1399.092,1.491,49.615,170.338,0
-4691.113,-1396.423,1.492,50.517,172.76,0.003
-4690.239,-1393.941,1.492,52.079,172.905,0.008
-4689.335,-1391.329,1.492,53.733,174.368,0.006
-4688.472,-1388.914,1.492,54.714,173.585,0.002
-4687.722,-1386.468,1.49,54.39,173.237,-0.009
-4686.917,-1384.204,1.49,54.67,171.066,-0.01
-4686.19,-1381.887,1.491,54.123,169.76,0.001
-4685.584,-1379.611,1.49,52.401,168.231,-0.007
-4684.978,-1377.14,1.49,50.93,168.928,-0.009
-4684.551,-1374.799,1.489,47.834,168.181,-0.022
-4683.932,-1372.353,1.488,47.175,168.625,-0.02
-4683.266,-1369.913,1.488,47.091,168.944,-0.019
-4682.7,-1367.408,1.488,45.993,169.888,-0.019
-4681.896,-1365,1.488,47.511,169.697,-0.016
-4680.971,-1362.589,1.487,50.043,169.559,-0.021
-4680.033,-1360.079,1.487,52.334,170.463,-0.023
-4679.285,-1357.737,1.485,52.344,169.501,-0.033
-4678.639,-1355.413,1.485,51.295,168.494,-0.03
-4678.066,-1353.062,1.485,49.646,167.92,-0.029
-4677.479,-1350.722,1.485,48.391,167.317,-0.022
-4676.837,-1348.408,1.485,47.887,166.53,-0.017
-4676.248,-1346.002,1.485,46.905,166.81,-0.015
-4675.722,-1343.557,1.485,45.421,167.45,-0.014
-4675.156,-1341.091,1.485,44.569,168.203,-0.011
-4674.562,-1338.667,1.485,44.134,168.427,-0.01
-4674.147,-1336.224,1.486,41.905,168.808,0.002
-4673.449,-1333.812,1.487,42.932,168.813,0.014
-4672.663,-1331.328,1.488,44.711,169.555,0.015
-4672.015,-1328.763,1.488,44.804,171.022,0.012
-4671.309,-1326.381,1.489,45.486,170.389,0.019
-4670.733,-1323.89,1.49,44.726,170.979,0.025
-4669.889,-1321.486,1.49,46.838,170.587,0.024
-4669.068,-1318.884,1.49,48.4,172.287,0.025
-4668.367,-1316.523,1.49,48.499,171.249,0.019
-4667.548,-1314.021,1.49,49.793,171.826,0.016
-4666.815,-1311.52,1.489,50.018,172.297,0.008
-4666.173,-1308.98,1.489,49.276,173.106,0.005
-4665.486,-1306.728,1.489,49.098,170.835,-0.001
-4664.919,-1304.416,1.487,47.715,169.511,-0.012
-4664.431,-1302.189,1.486,45.728,167.504,-0.019
-4663.916,-1299.794,1.486,44.305,167.524,-0.026
-4663.383,-1297.427,1.484,43.272,167.255,-0.033
-4662.754,-1295.007,1.484,43.376,167.58,-0.034
-4662.026,-1292.554,1.484,44.5,168.181,-0.031
-4661.259,-1290.14,1.484,45.849,168.304,-0.021
-4660.498,-1287.629,1.484,46.947,169.398,-0.016
-4659.728,-1285.168,1.485,47.964,169.819,-0.009
-4658.943,-1282.682,1.485,48.988,170.439,-0.003
-4658.176,-1280.126,1.487,49.679,171.685,0.01
-4657.662,-1277.641,1.487,47.666,172.013,0.011
-4656.958,-1275.14,1.487,47.911,172.466,0.013
-4656.382,-1272.503,1.486,46.786,174.254,-0.001
-4655.67,-1270.069,1.484,47.236,173.683,-0.018
-4654.929,-1267.547,1.485,47.917,174.102,-0.008
-4654.162,-1265.04,1.485,48.771,174.305,-0.006
-4653.521,-1262.604,1.486,48.188,173.753,0.001
-4652.846,-1260.285,1.486,48.057,172.067,0.006
-4652.222,-1257.917,1.486,47.41,171.146,0.002
-4651.542,-1255.375,1.486,47.443,172.137,-0.001
-4650.979,-1252.96,1.486,46.255,171.689,0.004
-4650.448,-1250.515,1.487,44.92,171.611,0.009
-4649.788,-1248.115,1.488,45.113,171.079,0.02
-4648.914,-1245.765,1.488,47.478,170.108,0.018
-4648.129,-1243.303,1.487,48.574,170.438,0.009
-4647.385,-1240.809,1.487,49.089,171.042,0.005
-4646.624,-1238.514,1.486,49.709,169.522,-0.006
-4645.832,-1236.119,1.486,50.553,169.246,-0.01
-4645.187,-1233.828,1.485,49.753,167.932,-0.014
-4644.625,-1231.422,1.484,48.225,168.009,-0.022
-4644.028,-1229.016,1.484,47.277,168.074,-0.019
-4643.479,-1226.573,1.486,45.977,168.506,0
-4642.727,-1224.079,1.487,46.956,169.393,0.011
-4641.945,-1221.684,1.487,48.093,169.136,0.008
-4641.148,-1219.156,1.487,49.223,170.292,0.012
-4640.38,-1216.564,1.486,49.899,171.927,-0.001
-4639.602,-1214.096,1.485,50.567,172.048,-0.005
-4638.849,-1211.565,1.484,50.879,172.808,-0.014
-4638.188,-1209.136,1.485,50.208,172.395,-0.005
-4637.57,-1206.766,1.485,49.185,171.444,-0.008
-4637.027,-1204.291,1.484,47.539,171.707,-0.011
-4636.41,-1201.943,1.484,46.897,170.628,-0.013
-4635.728,-1199.52,1.484,47.025,170.476,-0.009
-4635.085,-1197.101,1.484,46.727,170.304,-0.01
-4634.443,-1194.614,1.485,46.463,170.862,-0.001
-4633.806,-1192.333,1.485,46.191,169.222,0.001
-4633.198,-1189.803,1.485,45.651,170.373,0.002
-4632.516,-1187.421,1.486,45.961,169.846,0.009
-4631.863,-1185.036,1.486,45.925,169.42,0.014
-4631.237,-1182.755,1.487,45.617,167.978,0.02
-4630.454,-1180.463,1.487,46.97,166.872,0.012
-4629.578,-1178.168,1.487,49.076,165.961,0.008
-4628.815,-1175.871,1.487,49.719,165.203,0.013
-4628.102,-1173.57,1.488,49.744,164.591,0.017
-4627.457,-1171.111,1.489,49.069,165.697,0.023
-4626.597,-1168.65,1.489,50.708,166.664,0.025
-4625.965,-1166.121,1.49,49.757,168.189,0.026
-4625.286,-1163.513,1.49,49.428,170.301,0.024
-4624.718,-1161.082,1.491,48.008,170.283,0.027
-4624.217,-1158.54,1.49,46.105,171.409,0.019
-4623.738,-1155.903,1.489,44.256,173.349,0.001
-4623.39,-1153.409,1.488,41.325,173.527,-0.005
-4622.788,-1151.064,1.488,41.453,172.148,-0.006
-4621.978,-1148.588,1.487,43.691,172.326,-0.011
-4621.167,-1146.191,1.487,45.619,171.653,-0.013
-4620.31,-1143.74,1.487,47.73,171.639,-0.011
-4619.651,-1141.298,1.486,47.488,171.541,-0.013
-4618.906,-1138.779,1.487,48.175,172.244,-0.009
-4618.308,-1136.452,1.487,47.244,170.874,-0.006
-4617.767,-1133.965,1.487,45.869,171.347,-0.001
-4617.309,-1131.604,1.487,43.838,170.447,-0.001
-4616.944,-1129.217,1.486,41.149,169.961,-0.011
-4616.455,-1126.932,1.485,40.131,168.483,-0.023
-4615.843,-1124.611,1.485,40.526,167.596,-0.02
-4615.091,-1122.302,1.484,42.308,166.723,-0.019
-4614.46,-1119.923,1.484,42.585,166.696,-0.02
-4613.9,-1117.49,1.484,42.09,167.23,-0.016
-4613.239,-1115.07,1.484,42.704,167.548,-0.015
-4612.534,-1112.612,1.485,43.681,168.205,-0.005
-4611.997,-1110.117,1.486,42.789,169.157,0.004
-4611.499,-1107.528,1.487,41.621,170.928,0.015
-4610.952,-1105.007,1.487,41.133,171.75,0.011
-4610.516,-1102.524,1.487,39.566,172.045,0.007
-4609.932,-1100.048,1.486,39.761,172.24,-0.002
-4609.438,-1097.602,1.486,38.992,172.085,-0.003
-4608.755,-1095.228,1.485,40.296,171.221,-0.01
-4608.047,-1092.843,1.485,41.654,170.591,-0.007
-4607.275,-1090.347,1.484,43.478,171.194,-0.011
-4606.605,-1087.917,1.484,43.984,171.036,-0.012
-4605.862,-1085.42,1.485,45.162,171.588,-0.003
-4605.172,-1082.886,1.485,45.622,172.444,-0.006
-4604.559,-1080.446,1.484,45.225,172.197,-0.008
-4603.953,-1077.931,1.485,44.813,172.762,0.003
-4603.342,-1075.466,1.485,44.509,172.736,-0.001
-4602.768,-1072.992,1.485,43.878,172.798,-0.004
-4602.152,-1070.665,1.484,43.759,171.34,-0.009
-4601.543,-1068.194,1.482,43.591,171.584,-0.026
-4600.564,-1065.326,1.482,47.261,175.873,-0.026
-4599.732,-1062.594,1.481,48.879,178.136,-0.024
-4599.073,-1059.835,1.482,48.473,180.337,-0.02
-4598.406,-1057.048,1.481,48.21,182.511,-0.019
-4597.831,-1054.391,1.481,47.04,183.02,-0.024
-4597.259,-1051.591,1.481,46.014,184.933,-0.018
-4596.803,-1048.845,1.482,43.944,185.995,-0.008
-4596.17,-1046.221,1.482,43.989,185.657,-0.002
-4595.333,-1043.646,1.483,46.137,184.869,0.008
-4594.6,-1041.08,1.484,46.907,184.09,0.014
-4593.706,-1038.55,1.484,49.208,183.06,0.015
-4593.019,-1035.953,1.484,49.049,182.882,0.01
-4592.188,-1033.551,1.485,50.386,180.711,0.016
-4591.521,-1031.184,1.485,49.836,178.5,0.015
-4591.013,-1028.921,1.485,47.744,175.548,0.018
-4590.504,-1026.637,1.486,45.962,173.24,0.017
-4589.974,-1024.373,1.485,44.655,171.076,0.013
-4589.415,-1022.162,1.486,43.842,168.672,0.015
-4588.783,-1019.814,1.486,43.902,168.037,0.015
-4588.121,-1017.508,1.486,44.265,167.07,0.011
-4587.437,-1015.024,1.487,44.793,168.066,0.021
-4586.534,-1012.193,1.488,47.505,172.493,0.025
-4585.673,-1009.319,1.488,49.376,176.713,0.028
-4584.839,-1006.576,1.488,50.699,178.962,0.017
-4584.049,-1003.936,1.487,51.379,179.818,0.007
-4583.277,-1001.6,1.487,51.767,177.421,0.009
-4582.434,-999.116,1.486,52.841,176.907,-0.003
-4581.561,-996.786,1.486,54.05,174.87,0
-4580.768,-994.378,1.487,54.268,173.946,0.004
-4580.126,-991.973,1.487,52.893,173.122,0.007
-4579.43,-989.433,1.487,52.28,173.81,0.009
-4578.804,-986.891,1.489,51.037,174.423,0.019
-4578.235,-984.347,1.488,49.392,174.951,0.011
-4577.769,-981.917,1.487,46.923,174.243,0.002
-4577.226,-979.405,1.487,45.616,174.473,0
-4576.558,-976.846,1.487,45.78,175.167,-0.005
-4575.97,-974.202,1.486,45.102,176.624,-0.008
-4575.228,-971.732,1.486,46.11,176.068,-0.008
-4574.543,-969.392,1.486,46.373,174.27,-0.006
-4573.79,-967.005,1.487,47.307,173.213,0.001
-4573.106,-964.752,1.487,47.395,170.929,-0.002
-4572.396,-962.404,1.487,47.734,169.971,0.003
-4571.794,-960.187,1.487,46.906,167.794,-0.003
-4571.273,-957.788,1.486,45.37,167.815,-0.006
-4570.89,-955.489,1.486,42.644,166.797,-0.005
-4570.208,-952.497,1.485,43.397,173.076,-0.014
-4569.365,-949.735,1.485,45.689,176.047,-0.012
-4568.475,-946.981,1.486,48.13,178.51,-0.001
-4567.464,-944.417,1.486,51.459,178.657,-0.004
-4566.618,-941.673,1.486,52.609,180.628,0
-4565.774,-939.113,1.487,53.557,180.414,0.007
-4565.105,-936.526,1.488,52.564,180.521,0.016
-4564.309,-933.908,1.488,53.03,180.92,0.017
-4563.55,-931.395,1.488,53.045,180.186,0.016
-4562.831,-928.865,1.49,52.65,179.729,0.025
-4562.11,-926.401,1.49,52.324,178.662,0.025
-4561.368,-924.012,1.491,52.266,176.983,0.03
-4560.551,-921.631,1.491,52.991,175.47,0.027
-4559.871,-919.349,1.49,52.199,173.152,0.012
-4559.185,-917.157,1.49,51.588,170.249,0.011
-4558.735,-914.921,1.49,48.627,168.234,0.014
-4558.17,-912.662,1.489,47.297,166.747,0
-4557.529,-910.327,1.488,46.937,166.26,-0.015
-4556.936,-908.035,1.487,46.145,165.41,-0.021
-4556.146,-905.506,1.486,47.493,167.113,-0.026
-4555.319,-902.959,1.487,49.019,168.755,-0.016
-4554.262,-900.623,1.487,52.693,167.991,-0.012
-4553.414,-898.306,1.487,53.672,167.137,-0.007
-4552.636,-895.971,1.487,53.782,166.598,-0.011
-4551.974,-893.719,1.485,52.692,165.279,-0.021
-4551.22,-891.476,1.486,52.705,164.066,-0.015
-4550.565,-889.131,1.485,51.699,164.075,-0.016
-4549.773,-886.926,1.485,52.244,162.643,-0.012
-4549.146,-884.641,1.485,51.024,162.25,-0.013
-4548.514,-882.43,1.484,50.016,161.146,-0.026
-4547.787,-880.124,1.484,50.154,161.184,-0.022
-4547.185,-877.885,1.484,48.975,160.535,-0.019
-4546.539,-875.538,1.484,48.419,161.083,-0.011
-4545.931,-873.211,1.485,47.561,161.351,0
-4545.479,-870.679,1.486,45.214,163.689,0.005
-4544.767,-868.234,1.485,45.897,164.784,0
-4543.914,-865.729,1.484,47.933,166.34,-0.01
-4543.037,-863.307,1.485,49.908,166.81,-0.003
-4542.103,-860.91,1.486,52.187,166.953,0.005
-4541.248,-858.496,1.485,53.305,167.249,0.001
-4540.587,-856.173,1.485,52.267,166.57,0
-4539.91,-853.872,1.484,51.554,165.764,-0.006
-4539.306,-851.586,1.484,50.194,164.911,-0.006
-4538.738,-849.201,1.485,48.657,165.22,0.001
-4538.215,-846.816,1.485,46.883,165.467,0
-4537.674,-844.421,1.484,45.559,165.787,-0.005
-4537.028,-842.018,1.483,45.505,166.15,-0.019
-4536.525,-839.684,1.482,43.998,165.741,-0.025
-4535.872,-837.376,1.482,44.254,165.121,-0.024
-4535.163,-834.987,1.482,45.045,165.437,-0.017
-4534.503,-832.588,1.482,45.202,165.804,-0.015
-4533.885,-830.189,1.482,44.927,166.113,-0.011
-4533.282,-827.698,1.48,44.524,167.325,-0.026
-4532.817,-825.295,1.481,42.76,167.457,-0.019
-4532.446,-822.9,1.482,40.296,167.49,-0.004
-4532.087,-820.387,1.483,38.065,168.727,0.008
-4531.733,-817.865,1.484,36.108,169.871,0.011
-4531.517,-815.311,1.484,33.025,171.189,0.015
-4531.178,-812.781,1.484,31.655,172.055,0.01
-4530.884,-810.353,1.485,30.029,171.748,0.016
-4530.526,-807.856,1.485,29.293,172.195,0.016
-4530.123,-805.37,1.485,29.136,172.461,0.016
-4529.655,-802.904,1.486,29.665,172.49,0.019
-4529.116,-800.593,1.486,30.857,170.91,0.022
-4528.419,-798.158,1.487,33.496,170.837,0.02
-4527.938,-795.751,1.487,33.516,170.497,0.02
-4527.449,-793.395,1.486,33.627,169.675,0.007
-4527.105,-790.891,1.485,32.22,170.504,0.002
-4526.692,-788.58,1.486,31.729,169.219,0.003
-4526.3,-786.188,1.485,31.099,168.956,0.002
-4525.989,-783.853,1.485,29.731,168.145,-0.004
-4525.79,-781.324,1.484,27.406,169.45,-0.008
-4525.648,-778.912,1.483,24.831,169.364,-0.017
-4525.45,-776.561,1.482,23.229,168.66,-0.024
-4525.334,-774.24,1.483,21.002,167.741,-0.01
-4525.124,-771.729,1.484,20.077,168.926,-0.006
-4524.751,-769.283,1.483,20.964,169.26,-0.01
-4524.267,-766.798,1.483,22.868,169.958,-0.006
-4523.549,-764.437,1.483,26.889,169.269,-0.009
-4522.865,-762.068,1.485,29.975,168.755,0.007
-4522.126,-759.485,1.485,33.177,170.529,0.013
-4521.447,-756.841,1.486,35.285,172.672,0.016
-4520.812,-754.164,1.487,36.637,174.841,0.021
-4520.175,-751.556,1.487,37.801,175.973,0.02
-4519.656,-748.915,1.487,37.59,177.276,0.019
-4519.147,-746.155,1.485,37.301,179.618,0.002
-4518.736,-743.72,1.485,36.048,178.271,-0.003
-4518.374,-741.189,1.484,34.475,178.113,-0.008
-4518.044,-738.816,1.484,32.796,176.35,-0.011
-4517.615,-736.511,1.485,32.394,174.135,-0.004
-4517.207,-733.991,1.485,31.835,174.471,0
-4516.567,-731.639,1.486,33.737,173.026,0.009
-4515.941,-729.088,1.487,35.218,173.842,0.019
-4515.337,-726.745,1.489,36.254,172.396,0.033
-4514.495,-724.223,1.488,39.589,173.002,0.025
-4513.598,-721.711,1.488,43.009,173.426,0.018
-4512.886,-719.167,1.487,44.006,174.103,0.006
-4512.308,-716.812,1.485,43.492,172.749,-0.018
-4511.663,-714.377,1.484,43.73,172.406,-0.025
-4511.118,-712.085,1.484,42.908,170.646,-0.016
-4510.633,-709.758,1.484,41.594,169.51,-0.013
-4509.974,-707.355,1.484,42.264,169.316,-0.01
-4509.301,-704.957,1.485,42.971,169.099,-0.002
-4508.579,-702.472,1.486,44.084,169.819,0.004
-4507.749,-700.062,1.485,46.15,169.657,0
-4506.976,-697.494,1.486,47.325,171.134,0.007
-4506.303,-695.103,1.487,47.287,170.584,0.018
-4505.643,-692.639,1.487,47.132,170.861,0.015
-4504.999,-690.091,1.487,46.826,171.97,0.008
-4504.405,-687.491,1.486,46.052,173.438,0.003
-4503.727,-685.056,1.486,46.26,173.001,0.002
-4502.953,-682.441,1.486,47.427,174.484,-0.005
-4502.284,-680.02,1.485,47.334,173.743,-0.012
-4501.525,-676.945,1.485,48.193,179.848,-0.008
-4500.635,-674.083,1.485,50.264,182.863,-0.008
-4499.901,-671.302,1.486,50.431,184.602,0.002
-4499.286,-668.468,1.485,49.349,186.625,-0.002
-4498.688,-665.832,1.484,48.245,186.313,-0.017
-4498.211,-662.98,1.484,46.058,188.276,-0.016
-4497.52,-660.416,1.483,46.404,186.981,-0.021
-4496.708,-657.755,1.482,47.927,186.879,-0.023
-4495.83,-655.261,1.484,49.929,185.066,-0.009
-4495.039,-652.62,1.483,50.729,185.041,-0.013
-4494.299,-650.008,1.483,50.879,184.711,-0.009
-4493.385,-647.695,1.483,52.804,181.364,-0.008
-4492.679,-645.509,1.483,52.308,177.189,-0.01
-4492.119,-643.079,1.482,50.386,176.149,-0.014
-4491.537,-640.702,1.482,48.962,174.717,-0.01
-4491.048,-638.168,1.482,46.798,175.106,-0.014
-4490.475,-635.612,1.482,45.811,175.665,-0.013
-4489.734,-633.193,1.482,46.699,174.732,-0.011
-4489.131,-630.653,1.482,46.046,175.183,-0.007
-4488.5,-628.224,1.481,45.77,174.432,-0.014
-4487.862,-625.802,1.481,45.602,173.711,-0.016
-4487.238,-623.362,1.48,45.321,173.278,-0.022
-4486.619,-620.956,1.48,45.03,172.566,-0.02
-4486.091,-618.631,1.48,43.843,171.12,-0.013
-4485.558,-616.144,1.481,42.883,171.564,-0.007
-4484.858,-613.72,1.481,43.782,171.281,0.001
-4484.194,-611.336,1.482,44.176,170.64,0.005
-4483.614,-608.845,1.482,43.648,171.186,0.005
-4483.103,-606.394,1.481,42.499,171.239,-0.003
-4482.515,-603.926,1.482,42.299,171.468,0.009
-4482.094,-601.594,1.482,40.408,170.255,0.008
-4481.493,-599.278,1.481,40.653,169.055,-0.001
-4480.882,-597.088,1.481,40.96,166.738,-0.006
-4480.253,-594.741,1.48,41.42,166.381,-0.01
-4479.837,-592.333,1.481,39.608,166.701,-0.004
-4479.347,-590.029,1.479,38.831,165.9,-0.02
-4478.833,-587.53,1.48,38.412,167.236,-0.013
-4478.297,-584.934,1.48,38.278,169.367,-0.009
-4477.692,-582.403,1.48,38.874,170.509,-0.003
-4476.875,-579.729,1.481,41.569,172.963,0.005
-4476.082,-577.199,1.482,43.621,173.572,0.014
-4475.155,-574.097,1.482,46.751,179.977,0.014
-4474.489,-570.947,1.481,46.729,185.941,0.003
-4473.787,-568.152,1.481,47.081,187.369,0
-4473.162,-565.299,1.483,46.595,189.18,0.017
-4472.601,-562.667,1.483,45.517,188.451,0.016
-4472.024,-560.088,1.483,44.757,187.288,0.015
-4471.326,-557.506,1.483,45.367,186.322,0.013
-4470.457,-554.963,1.483,47.642,185.101,0.013
-4469.588,-552.352,1.483,49.579,184.759,0.011
-4468.814,-549.886,1.484,50.252,182.972,0.017
-4467.899,-547.421,1.485,52.281,181.442,0.02
-4467.135,-545.021,1.485,52.459,179.464,0.024
-4466.515,-542.596,1.484,51.13,178.031,0.01
-4465.807,-540.375,1.483,50.901,174.719,0
-4465.064,-538.111,1.482,51.059,172.335,-0.01
-4464.4,-535.941,1.482,50.388,169.324,-0.012
-4463.728,-533.793,1.483,49.901,166.536,-0.006
-4462.982,-531.504,1.483,50.232,165.609,0.002
-4462.201,-529.125,1.485,50.887,165.749,0.014
-4461.407,-526.913,1.485,51.58,164.142,0.018
-4460.702,-524.551,1.485,51.249,164.314,0.009
-4460.081,-522.112,1.486,50.111,165.258,0.021
-4459.399,-519.73,1.487,49.755,165.479,0.028
-4458.688,-517.272,1.488,49.765,166.444,0.03
-4457.88,-514.817,1.489,50.756,167.236,0.04
-4457.172,-512.291,1.489,50.583,168.651,0.034
-4456.303,-509.946,1.489,52.088,167.987,0.027
-4455.497,-507.453,1.488,52.735,168.949,0.013
-4454.819,-504.859,1.486,51.949,170.801,-0.004
-4454.2,-502.332,1.485,50.687,171.704,-0.015
-4453.448,-499.994,1.484,50.978,170.519,-0.022
-4452.634,-497.749,1.483,51.858,168.556,-0.031
-4451.615,-495.414,1.483,54.722,167.799,-0.022
-4450.78,-493.122,1.483,55.265,166.714,-0.018
-4449.895,-490.902,1.483,56.252,165.049,-0.015
-4449.102,-488.562,1.483,56.146,164.875,-0.014
-4448.352,-486.267,1.483,55.609,164.251,-0.019
-4447.349,-483.338,1.483,57.749,170.248,-0.013
-4446.043,-480.588,1.482,62.699,173.519,-0.016
-4444.893,-477.892,1.482,65.329,175.75,-0.016
-4444.014,-475.878,1.482,64.76,170.642,-0.015
-4443.069,-473.331,1.482,64.966,171.771,-0.009
-4442.25,-470.67,1.483,63.849,173.899,-0.001
-4441.528,-468.135,1.482,61.886,174.419,-0.009
-4440.927,-465.534,1.483,58.975,175.546,-0.001
-4440.187,-463.026,1.483,57.925,175.549,0.002
-4439.432,-460.51,1.484,57.173,175.634,0.011
-4438.692,-458.104,1.483,56.38,174.574,-0.005
-4437.929,-455.607,1.481,55.948,174.602,-0.019
-4437.258,-453.309,1.481,54.62,172.579,-0.017
-4436.564,-451.079,1.479,53.737,170.153,-0.035
-4435.875,-448.816,1.479,52.925,168.426,-0.028
-4435.218,-446.576,1.478,51.907,166.718,-0.032
-4434.408,-444.146,1.477,52.608,167.224,-0.035
-4433.577,-441.786,1.477,53.431,166.921,-0.03
-4432.738,-439.404,1.478,54.205,166.898,-0.022
-4431.96,-436.928,1.478,54.243,167.838,-0.017
-4431.166,-434.55,1.479,54.441,167.636,-0.008
-4430.455,-432.296,1.479,53.759,166.187,-0.008
-4429.93,-429.826,1.478,51.259,167.178,-0.009
-4429.281,-427.58,1.477,50.4,165.709,-0.019
-4428.609,-425.265,1.477,49.898,165.167,-0.017
-4427.824,-423.008,1.477,50.65,164.119,-0.015
-4426.994,-420.715,1.477,51.745,163.588,-0.008
-4426.106,-418.409,1.477,53.269,163.268,-0.008
-4425.275,-416.049,1.477,53.998,163.547,-0.008
-4424.653,-413.693,1.477,52.459,163.756,-0.011
-4423.905,-411.414,1.478,52.437,163.132,0
-4423.105,-409.23,1.477,52.966,161.626,-0.004
-4422.276,-407.049,1.477,53.712,160.307,-0.006
-4421.369,-404.642,1.478,55.152,161.505,0.007
-4420.471,-402.291,1.478,56.28,161.961,0.003
-4419.54,-399.769,1.478,57.593,164.108,-0.001
-4418.741,-397.501,1.478,57.342,163.313,0
-4417.931,-395.277,1.478,57.248,162.2,0.007
-4417.266,-392.92,1.478,55.683,162.603,0.005
-4416.482,-390.791,1.477,55.561,160.613,-0.011
-4415.843,-388.379,1.476,53.961,161.822,-0.018
-4414.819,-386.201,1.477,56.567,160.442,-0.004
-4413.805,-383.874,1.477,58.697,160.805,-0.003
-4412.953,-381.538,1.478,58.833,161.203,0.008
-4412.055,-379.068,1.48,59.421,162.919,0.024
-4411.212,-376.776,1.481,59.361,162.554,0.026
-4410.339,-374.523,1.482,59.618,161.843,0.032
-4409.465,-372.213,1.482,59.85,161.823,0.029
-4408.616,-369.872,1.482,59.784,162.129,0.031
-4407.691,-367.363,1.481,60.519,164.114,0.014
-4406.851,-365.114,1.48,60.266,163.132,0.001
-4406.225,-362.715,1.48,57.846,163.836,-0.002
-4405.525,-360.515,1.479,56.54,162.382,-0.008
-4404.813,-358.223,1.478,55.558,162.099,-0.02
-4404.024,-356.02,1.478,55.507,160.939,-0.013
-4403.333,-353.666,1.479,54.468,161.503,-0.006
-4402.57,-351.316,1.48,54.301,161.948,0.005
-4401.909,-349.083,1.48,53.129,161.118,0.006
-4401.135,-346.538,1.48,53.277,163.626,0.002
-4400.528,-344.032,1.48,51.692,165.359,0.007
-4400.037,-341.514,1.481,49.145,166.958,0.01
-4399.366,-339.185,1.48,48.831,166.378,0.005
-4398.622,-336.99,1.481,49.304,164.508,0.008
-4397.879,-334.703,1.48,49.704,163.862,0.001
-4397.176,-332.405,1.48,49.628,163.424,0.003
-4396.456,-330.08,1.48,49.746,163.317,0.002
-4395.669,-327.82,1.48,50.531,162.568,-0.003
-4394.88,-325.498,1.48,51.219,162.563,-0.001
-4394.22,-323.133,1.478,50.487,162.998,-0.018
-4393.45,-320.132,1.479,50.984,169.929,-0.009
-4392.481,-317.193,1.478,53.462,175.19,-0.01
-4391.487,-314.369,1.478,55.829,178.495,-0.009
-4390.407,-311.552,1.479,58.743,181.248,0.001
-4389.549,-308.802,1.479,58.929,182.901,-0.005
-4388.742,-306.245,1.479,58.577,182.324,-0.004
-4387.935,-303.793,1.479,58.271,180.756,0
-4387.229,-301.312,1.479,56.959,179.71,-0.004
-4386.447,-298.931,1.478,56.634,177.797,-0.005
-4385.473,-296.565,1.479,58.338,176.006,0.003
-4384.615,-294.123,1.48,58.587,175.264,0.012
-4383.855,-291.731,1.48,57.792,174.108,0.012
-4382.87,-289.17,1.481,59.444,174.871,0.015
-4382.115,-286.707,1.481,58.468,174.507,0.01
-4381.42,-284.13,1.481,57.02,175.372,0.011
-4380.68,-281.696,1.481,56.263,174.636,0.009
-4379.757,-279.216,1.481,57.485,174.484,0.012
-4378.665,-276.973,1.483,60.275,171.914,0.027
-4377.568,-274.776,1.483,62.704,169.249,0.027
-4376.589,-272.397,1.485,63.556,168.849,0.036
-4375.685,-270.194,1.486,63.516,166.693,0.04
-4374.453,-267.298,1.485,66.861,171.998,0.028
-4373.286,-264.549,1.485,69.038,174.998,0.021
-4372.203,-261.813,1.485,70.038,177.434,0.015
-4371.236,-259.057,1.483,69.69,179.704,0.002
-4370.319,-256.434,1.482,68.885,180.278,-0.011
-4369.733,-253.931,1.481,64.787,179.541,-0.024
-4369.208,-251.459,1.48,60.664,178.583,-0.027
-4368.632,-249.05,1.479,57.673,177.118,-0.034
-4368.099,-246.677,1.479,54.679,175.503,-0.029
-4367.394,-244.148,1.477,53.897,175.718,-0.041
-4366.699,-241.536,1.477,53.12,176.768,-0.037
-4365.874,-239.193,1.477,53.799,174.896,-0.03
-4364.86,-236.682,1.478,56.323,175.025,-0.019
-4364.065,-234.344,1.477,56.228,173.347,-0.02
-4363.288,-231.925,1.478,55.955,172.762,-0.008
-4362.455,-229.637,1.477,56.304,170.903,-0.013
-4361.562,-227.47,1.478,57.223,168.079,-0.005
-4360.568,-225.139,1.478,59.029,167.358,-0.005
-4359.869,-222.849,1.479,57.554,166.318,0.001
-4359.157,-220.735,1.478,56.41,163.622,-0.002
-4358.437,-218.717,1.477,55.536,160.338,-0.013
-4357.822,-216.56,1.477,53.692,158.965,-0.011
-4357.305,-214.348,1.477,51.124,158.355,-0.015
-4356.775,-212.023,1.477,49.061,159.005,-0.01
-4356.247,-209.865,1.477,47.275,157.829,-0.008
-4355.539,-207.493,1.476,47.612,159.044,-0.015
-4354.638,-205.092,1.474,49.889,160.368,-0.029
-4353.874,-202.865,1.472,50.414,159.71,-0.042
-4353.096,-200.626,1.473,51.011,159.266,-0.03
-4352.429,-198.412,1.47,50.377,158.64,-0.05
-4351.784,-196.092,1.471,49.606,159.198,-0.042
-4351.095,-194.042,1.471,49.401,156.886,-0.028
-4350.558,-191.745,1.471,47.665,157.457,-0.031
-4349.877,-189.657,1.47,47.663,155.793,-0.031
-4349.086,-187.385,1.47,48.8,156.27,-0.024
-4348.387,-185.069,1.471,48.818,157.134,-0.019
-4347.464,-182.913,1.47,51.139,156.217,-0.023
-4346.761,-180.449,1.471,50.86,158.615,-0.006
-4345.925,-178.083,1.472,51.987,159.639,-0.002
-4345.192,-175.63,1.473,51.882,161.422,0.007
-4344.396,-173.157,1.472,52.449,163.132,0.001
-4343.545,-170.77,1.474,53.496,163.722,0.017
-4342.734,-168.382,1.474,53.981,164.229,0.017
-4341.927,-166.022,1.474,54.352,164.363,0.016
-4341.131,-163.812,1.474,54.546,162.948,0.015
-4340.415,-161.558,1.474,53.903,162.188,0.009
-4339.628,-159.286,1.475,54.068,161.728,0.019
-4338.846,-157.11,1.475,54.175,160.338,0.011
-4338.228,-154.834,1.474,52.57,160.195,0.009
-4337.452,-152.783,1.475,52.825,157.75,0.009
-4336.581,-150.58,1.475,54.024,157.224,0.009
-4335.644,-148.183,1.474,55.724,158.777,-0.001
-4334.808,-145.871,1.473,56.138,159.228,-0.011
-4334.07,-143.567,1.473,55.473,159.529,-0.009
-4333.23,-141.299,1.473,55.963,159.415,-0.01
-4332.308,-139.033,1.473,57.222,159.298,-0.008
-4331.46,-136.868,1.471,57.537,158.161,-0.018
-4330.633,-134.924,1.471,57.588,154.917,-0.018
-4329.783,-132.701,1.471,57.874,155.012,-0.013
-4328.953,-130.503,1.472,57.908,154.849,-0.009
-4328.134,-128.085,1.472,57.826,156.966,-0.006
-4327.716,-125.813,1.471,53.624,157.276,-0.008
-4327.212,-123.799,1.473,50.919,154.877,0.004
-4327.021,-122.167,1.478,45.399,148.899,0.05
-4326.754,-120.944,1.486,41.466,139.59,0.127
-4326.743,-120.403,1.497,35.488,124.633,0.215
-4326.787,-120.351,1.507,29.82,106.836,0.283
-4326.927,-120.645,1.516,23.989,88.097,0.329
-4327.196,-121.142,1.523,17.696,70.031,0.344
-4327.476,-121.805,1.526,12.213,52.905,0.324
-4327.703,-122.431,1.528,8.079,38.671,0.3
-4327.862,-122.955,1.531,5.243,27.598,0.277
-4327.954,-123.456,1.531,3.534,18.38,0.242
-4328.16,-123.862,1.531,0.893,11.495,0.206
-4328.374,-124.481,1.531,-1.441,3.436,0.173
-4319.07,-110.783,1.532,94.548,143.946,0.156
-4320.672,-113.151,1.531,64.15,98.396,0.127
-4322.112,-115.506,1.531,39.896,59.682,0.103
-4323.418,-117.643,1.53,20.581,28.9,0.078
-4324.572,-119.545,1.529,5.676,5.069,0.057
-4325.7,-121.102,1.527,-6.771,-11.699,0.029
-4326.637,-122.571,1.526,-15.424,-25.102,0.017
-4327.763,-124.282,1.527,-24.75,-39.029,0.023
-4328.865,-126.164,1.53,-32.45,-52.662,0.044
-4330.196,-128.411,1.534,-41.382,-68.046,0.081
-4331.511,-131.289,1.539,-48.837,-87.667,0.114
-4332.78,-134.734,1.541,-54.717,-110.242,0.122
-4333.93,-138.269,1.542,-58.506,-130.415,0.11
-4335.08,-141.915,1.541,-61.743,-148.778,0.087
-4336.403,-145.285,1.541,-66.277,-161.588,0.071
-4337.435,-148.389,1.54,-67.152,-169.773,0.05
-4338.587,-151.334,1.538,-69.145,-175.124,0.028
-4339.395,-154.26,1.536,-67.284,-179.489,0.004
-4340.314,-156.903,1.535,-66.858,-180.306,-0.009
-4341.079,-159.237,1.535,-64.901,-177.813,-0.01
-4341.801,-161.835,1.534,-62.783,-178.416,-0.016
-4342.648,-164.185,1.532,-62.277,-176.363,-0.03
-4343.287,-166.718,1.533,-59.69,-176.5,-0.016
-4344.166,-169.313,1.533,-59.957,-177.263,-0.015
-4345.003,-171.921,1.534,-59.76,-178.039,-0.006
-4345.813,-174.418,1.535,-59.316,-177.566,0.005
-4346.522,-176.816,1.536,-57.887,-176.137,0.013
-4347.14,-179.242,1.536,-55.733,-175.201,0.015
-4347.728,-181.691,1.535,-53.592,-174.656,0.004
-4348.497,-184.034,1.537,-53.626,-173.083,0.018
-4349.368,-186.298,1.536,-54.711,-170.941,0.005
-4350.27,-188.862,1.535,-55.945,-172.191,0
-4351.212,-191.092,1.535,-57.422,-169.826,-0.003
-4351.995,-193.549,1.535,-57.035,-170.149,-0.004
-4352.792,-195.939,1.535,-56.852,-169.727,-0.003
-4353.388,-198.403,1.535,-54.622,-170.13,0
-4354.015,-200.64,1.533,-53.048,-168.136,-0.017
-4354.641,-203.032,1.533,-51.685,-168.041,-0.016
-4355.328,-205.381,1.531,-51.162,-167.511,-0.029
-4356.123,-207.743,1.531,-51.818,-167.183,-0.03
-4356.937,-209.965,1.532,-52.572,-165.473,-0.011
-4357.716,-212.337,1.533,-52.867,-165.559,-0.004
-4358.591,-214.607,1.532,-54.106,-164.58,-0.009
-4359.343,-216.99,1.53,-53.889,-164.91,-0.03
-4360.265,-219.392,1.53,-55.449,-165.385,-0.026
-4361.167,-221.828,1.529,-56.581,-166.135,-0.029
-4362.15,-224.389,1.529,-58.383,-168.071,-0.031
-4363.082,-226.794,1.527,-59.388,-168.115,-0.04
-4364.034,-229.092,1.528,-60.453,-167.043,-0.027
-4364.706,-231.376,1.529,-58.478,-165.985,-0.015
-4365.49,-233.651,1.529,-57.954,-165.001,-0.005
-4366.07,-236.032,1.53,-55.403,-165.247,-0.003
-4366.826,-238.321,1.533,-55.039,-164.503,0.026
-4367.58,-240.782,1.533,-54.706,-165.649,0.029
-4368.425,-243.086,1.534,-55.359,-165.002,0.03
-4369.363,-245.594,1.535,-56.87,-166.558,0.032
-4370.241,-248.022,1.534,-57.545,-167.058,0.019
-4371.083,-250.594,1.533,-57.75,-168.973,0.007
-4371.989,-253.135,1.533,-58.584,-170.281,0.01
-4372.828,-255.773,1.533,-58.606,-172.388,0.011
-4373.751,-258.36,1.534,-59.497,-173.671,0.011
-4374.795,-260.808,1.535,-61.486,-173.329,0.021
-4375.731,-263.239,1.536,-62.082,-172.868,0.026
-4376.577,-265.594,1.536,-61.664,-171.686,0.028
-4377.41,-267.828,1.536,-61.167,-169.44,0.019
-4378.22,-270.235,1.536,-60.511,-169.298,0.021
-4379.103,-272.63,1.536,-60.704,-169.051,0.017
-4379.948,-275.034,1.536,-60.474,-168.945,0.009
-4380.873,-277.415,1.537,-61.101,-168.606,0.023
-4381.707,-279.64,1.537,-60.702,-166.712,0.02
-4382.73,-282.732,1.537,-62.305,-174.028,0.013
-4383.807,-285.908,1.538,-64.23,-181.134,0.024
-4384.911,-288.852,1.537,-66.144,-184.8,0.007
-4386.046,-291.97,1.536,-68.106,-189.726,0
-4387.368,-294.707,1.535,-71.701,-189.994,-0.01
-4388.493,-297.399,1.535,-72.732,-189.764,-0.012
-4389.378,-299.916,1.534,-71.156,-187.77,-0.018
-4390.245,-302.503,1.534,-69.614,-186.787,-0.017
-4391.148,-305.031,1.534,-68.676,-185.341,-0.016
-4391.985,-307.494,1.534,-67.19,-183.445,-0.01
-4392.906,-309.864,1.534,-66.79,-180.859,-0.004
-4393.769,-312.224,1.536,-65.844,-178.561,0.009
-4394.524,-314.691,1.537,-63.939,-177.693,0.019
-4395.193,-317.096,1.537,-61.423,-176.318,0.015
-4395.781,-319.473,1.537,-58.444,-174.856,0.015
-4396.501,-321.872,1.536,-57.262,-173.84,0.007
-4397.378,-324.11,1.536,-57.873,-171.317,0
-4398.347,-326.517,1.536,-59.332,-170.9,0.005
-4399.411,-328.814,1.536,-61.555,-169.416,0.003
-4400.269,-331.143,1.537,-61.335,-168.476,0.007
-4401.056,-333.605,1.536,-60.424,-169.038,-0.002
-4401.865,-335.888,1.536,-59.86,-167.682,0
-4402.727,-338.29,1.536,-59.929,-167.752,-0.002
-4403.589,-340.615,1.536,-59.99,-167.018,0.001
-4404.305,-343.122,1.535,-58.543,-168.267,-0.008
-4405.178,-345.601,1.534,-58.917,-169.033,-0.016
-4405.925,-348.02,1.535,-57.948,-169.077,-0.007
-4406.657,-350.362,1.537,-56.953,-168.326,0.01
-4407.312,-352.683,1.537,-55.329,-167.466,0.01
-4407.944,-355.131,1.537,-53.696,-168.04,0.011
-4408.73,-357.54,1.537,-53.889,-168.123,0.009
-4409.568,-359.964,1.538,-54.595,-168.352,0.018
-4410.396,-362.449,1.538,-55.081,-169.181,0.016
-4411.354,-364.935,1.538,-56.853,-169.886,0.009
-4412.181,-367.474,1.537,-56.994,-171.042,0.004
-4412.933,-369.86,1.536,-56.36,-170.449,-0.01
-4413.736,-372.184,1.537,-56.334,-169.302,0
-4414.541,-374.519,1.538,-56.342,-168.451,0.014
-4415.365,-376.983,1.539,-56.539,-169.043,0.018
-4416.279,-379.386,1.54,-57.632,-168.916,0.024
-4417.263,-381.773,1.542,-59.284,-168.651,0.038
-4418.046,-384.104,1.543,-58.632,-167.841,0.043
-4418.797,-386.407,1.543,-57.733,-166.868,0.044
-4419.643,-388.644,1.543,-57.951,-165.359,0.037
-4420.384,-391.051,1.542,-57.058,-165.812,0.02
-4421.293,-393.437,1.543,-58.027,-165.992,0.022
-4422.226,-395.948,1.542,-59.091,-167.429,0.013
-4423.212,-398.402,1.542,-60.563,-168.071,0.008
-4424.242,-400.972,1.541,-62.255,-169.808,-0.001
-4425.083,-403.47,1.54,-61.757,-170.558,-0.006
-4425.955,-405.851,1.539,-61.647,-169.983,-0.016
-4426.78,-408.201,1.54,-61.082,-169.178,-0.009
-4427.677,-410.662,1.54,-61.334,-169.635,-0.006
-4428.665,-412.947,1.54,-62.477,-168.208,-0.001
-4429.506,-415.338,1.541,-61.946,-168.087,0.005
-4430.344,-417.724,1.541,-61.465,-167.922,0.002
-4431.192,-419.988,1.541,-61.158,-166.543,0.003
-4431.969,-422.342,1.54,-60.165,-166.281,-0.006
-4432.777,-424.601,1.541,-59.631,-165.082,0
-4433.666,-426.978,1.539,-60.007,-165.277,-0.011
-4434.648,-429.377,1.539,-61.297,-165.66,-0.015
-4435.73,-431.938,1.538,-63.426,-167.667,-0.016
-4436.462,-434.468,1.539,-61.634,-169.051,-0.012
-4437.345,-437.041,1.54,-61.655,-170.676,0.002
-4438.258,-439.476,1.541,-61.991,-170.648,0.01
-4439.105,-441.937,1.54,-61.592,-170.885,0.005
-4440.103,-444.233,1.541,-62.805,-169.383,0.011
-4441.059,-446.608,1.541,-63.414,-168.929,0.01
-4441.924,-449.047,1.542,-62.989,-169.189,0.014
-4442.679,-451.396,1.543,-61.499,-168.495,0.021
-4443.438,-453.757,1.542,-60.264,-168.023,0.016
-4444.199,-456.198,1.543,-59.238,-168.441,0.018
-4445.006,-458.817,1.544,-58.838,-170.624,0.027
-4445.821,-461.286,1.544,-58.568,-170.954,0.025
-4446.911,-463.841,1.545,-61.18,-172.109,0.027
-4447.841,-466.168,1.546,-61.758,-170.757,0.032
-4448.717,-468.645,1.546,-61.693,-171.147,0.03
-4449.651,-470.869,1.545,-62.235,-168.873,0.013
-4450.701,-473.389,1.545,-63.89,-169.979,0.017
-4451.649,-475.733,1.547,-64.252,-169.113,0.029
-4452.638,-478.149,1.548,-64.991,-169.107,0.03
-4453.509,-480.545,1.548,-64.398,-168.905,0.026
-4454.313,-482.821,1.548,-63.2,-167.492,0.022
-4455.024,-485.225,1.546,-61.224,-167.611,0.006
-4455.664,-487.608,1.546,-58.811,-167.495,0.003
-4456.41,-489.949,1.545,-57.835,-166.961,-0.008
-4457.218,-492.23,1.543,-57.656,-165.891,-0.021
-4458.226,-494.59,1.543,-59.552,-165.783,-0.023
-4459.229,-496.912,1.542,-61.118,-165.311,-0.024
-4460.194,-499.331,1.543,-62.065,-165.898,-0.018
-4461.13,-501.664,1.542,-62.572,-165.521,-0.024
-4462.123,-504.056,1.541,-63.588,-165.807,-0.028
-4463.231,-506.573,1.541,-65.646,-167.334,-0.026
-4464.396,-509.141,1.541,-67.993,-169.158,-0.021
-4465.499,-511.63,1.541,-69.337,-169.899,-0.019
-4466.503,-514.189,1.541,-69.482,-171.264,-0.016
-4467.229,-516.779,1.541,-66.741,-172.734,-0.009
-4467.917,-519.28,1.541,-63.999,-173.079,-0.013
-4468.518,-521.684,1.541,-60.777,-172.37,-0.008
-4469.199,-524.168,1.541,-58.846,-172.593,-0.005
-4469.815,-526.58,1.542,-56.537,-172.048,0.003
-4470.573,-529.102,1.542,-56.026,-172.706,-0.001
-4471.401,-531.49,1.541,-56.317,-171.886,-0.004
-4472.333,-534.058,1.541,-57.618,-173.049,-0.006
-4473.157,-536.509,1.54,-57.637,-172.832,-0.018
-4473.949,-539.124,1.538,-57.31,-174.337,-0.029
-4474.765,-541.626,1.537,-57.282,-174.454,-0.032
-4475.574,-544.204,1.537,-57.184,-175.332,-0.028
-4476.409,-546.696,1.536,-57.368,-175.2,-0.04
-4477.234,-549.035,1.536,-57.431,-173.521,-0.03
-4478.081,-551.54,1.537,-57.704,-173.784,-0.013
-4478.863,-553.85,1.538,-57.265,-172.005,-0.003
-4479.465,-556.308,1.539,-55.04,-172.02,0
-4479.958,-558.542,1.539,-52.026,-169.713,0.008
-4480.557,-561.028,1.539,-50.542,-170.35,0.007
-4481.267,-563.45,1.54,-50.413,-170.226,0.015
-4482.065,-565.951,1.54,-51.212,-170.945,0.012
-4482.809,-568.508,1.54,-51.345,-172.126,0.012
-4483.64,-570.967,1.539,-52.347,-172.123,-0.005
-4484.418,-573.457,1.538,-52.663,-172.451,-0.008
-4485.104,-575.881,1.538,-51.971,-172.037,-0.013
-4485.798,-578.272,1.538,-51.473,-171.352,-0.009
-4486.486,-580.944,1.538,-50.994,-173.662,-0.007
-4487.218,-583.535,1.539,-51.028,-174.789,0.004
-4487.875,-585.977,1.54,-50.279,-174.224,0.012
-4488.591,-588.501,1.541,-50.26,-174.589,0.021
-4489.283,-590.974,1.542,-49.99,-174.374,0.026
-4489.921,-593.449,1.542,-49.214,-174.208,0.02
-4490.663,-595.88,1.542,-49.607,-173.617,0.019
-4491.255,-598.339,1.541,-48.408,-173.397,0.008
-4491.815,-600.745,1.541,-47.052,-172.657,0.005
-4492.27,-603.317,1.541,-44.818,-173.748,0.004
-4492.707,-605.94,1.54,-42.72,-175.193,-0.008
-4493.172,-608.592,1.539,-41.234,-176.738,-0.011
-4493.757,-611.365,1.538,-41.189,-179.287,-0.018
-4494.39,-613.933,1.538,-41.645,-179.359,-0.019
-4495.097,-616.488,1.539,-42.806,-179.288,-0.012
-4495.896,-619.063,1.539,-44.732,-179.429,-0.004
-4496.626,-621.555,1.54,-45.67,-178.696,0.003
-4497.475,-623.95,1.54,-47.694,-177.071,0.008
-4498.096,-626.351,1.54,-47.065,-175.739,0.002
-4498.874,-628.869,1.54,-48.158,-175.82,0.006
-4499.572,-631.271,1.541,-48.262,-174.688,0.009
-4500.154,-633.922,1.541,-47.155,-176.292,0.008
-4500.816,-636.477,1.542,-47.037,-176.662,0.019
-4501.709,-639.082,1.543,-49.318,-177.503,0.023
-4502.572,-641.621,1.544,-50.944,-177.535,0.027
-4503.474,-644.12,1.543,-52.737,-177.155,0.021
-4504.192,-646.408,1.542,-52.369,-174.657,0.006
-4505.213,-648.872,1.543,-55.182,-174.34,0.011
-4506.237,-651.34,1.542,-57.603,-174.101,0.006
-4507.323,-653.912,1.542,-60.315,-174.971,0.005
-4508.23,-656.372,1.542,-60.781,-174.565,0
-4509.086,-658.832,1.542,-60.656,-174.218,0.002
-4509.904,-661.321,1.541,-60.161,-174.223,-0.004
-4510.641,-663.763,1.542,-58.892,-173.742,-0.002
-4511.273,-666.339,1.541,-56.744,-174.703,-0.008
-4511.832,-668.926,1.541,-54.151,-175.644,-0.003
-4512.49,-671.29,1.542,-52.959,-174.15,0
-4513.191,-673.74,1.541,-52.392,-173.766,-0.006
-4514.018,-676.192,1.541,-53.195,-173.445,-0.008
-4514.772,-678.693,1.54,-53.143,-173.689,-0.016
-4515.623,-681.129,1.54,-54.078,-173.219,-0.008
-4516.403,-683.543,1.54,-54.156,-172.594,-0.015
-4517.063,-686.052,1.54,-52.988,-173.04,-0.008
-4517.8,-688.636,1.539,-52.783,-174.202,-0.011
-4518.554,-691.29,1.54,-52.786,-175.904,-0.006
-4519.313,-693.89,1.54,-52.84,-176.796,-0.006
-4520.306,-697.233,1.539,-55.282,-185.211,-0.016
-4521.375,-700.432,1.539,-58.166,-190.907,-0.009
-4522.201,-703.553,1.54,-58.108,-194.963,0.003
-4522.989,-706.522,1.541,-57.679,-196.848,0.008
-4523.807,-709.466,1.543,-57.614,-198.211,0.026
-4524.57,-712.271,1.543,-57,-197.94,0.028
-4525.398,-715.015,1.543,-57.143,-197.072,0.024
-4526.369,-717.596,1.543,-58.724,-194.666,0.012
-4527.321,-720.081,1.542,-59.892,-191.615,0.006
-4528.215,-722.74,1.543,-60.286,-190.806,0.009
-4529.027,-725.244,1.542,-59.787,-188.526,0.002
-4529.758,-727.887,1.541,-58.513,-188.009,-0.006
-4530.527,-730.363,1.541,-57.827,-185.848,-0.006
-4531.222,-732.906,1.541,-56.475,-184.692,-0.003
-4532.011,-735.378,1.541,-56.29,-182.981,-0.001
-4532.679,-737.926,1.541,-54.886,-182.305,-0.001
-4533.456,-740.377,1.542,-54.82,-180.723,0
-4534.04,-742.884,1.541,-52.769,-179.954,-0.004
-4534.645,-745.341,1.542,-51.235,-178.779,0.01
-4535.289,-747.915,1.543,-50.329,-178.988,0.01
-4535.847,-750.379,1.542,-48.669,-178.028,0.005
-4536.419,-753.041,1.541,-47.409,-179.255,-0.006
-4537.091,-755.583,1.542,-47.35,-179.055,0.004
-4538.129,-758.817,1.541,-51.069,-186.019,-0.005
-4539.083,-762.094,1.54,-53.382,-192.394,-0.015
-4539.974,-765.075,1.54,-54.707,-194.792,-0.015
-4540.801,-768.157,1.54,-55.171,-197.875,-0.011
-4541.578,-770.912,1.541,-55.056,-197.129,0
-4542.222,-773.581,1.542,-53.591,-195.617,0.011
-4542.634,-776.265,1.542,-49.955,-194.484,0.006
-4543.177,-778.924,1.542,-48.195,-193.251,0.011
-4543.628,-781.565,1.543,-45.751,-192.022,0.013
-4544.246,-784.166,1.543,-45.376,-190.561,0.008
-4544.793,-786.751,1.541,-44.341,-189.142,-0.01
-4545.41,-789.473,1.539,-44.17,-189.344,-0.021
-4546.075,-792.012,1.54,-44.521,-187.639,-0.017
-4546.657,-794.683,1.54,-43.969,-187.545,-0.012
-4547.399,-797.236,1.54,-45.139,-186.241,-0.005
-4548.048,-799.729,1.541,-45.185,-184.522,-0.003
-4548.671,-802.155,1.542,-44.949,-182.355,0.009
-4549.105,-804.603,1.542,-42.808,-180.738,0.011
-4549.519,-807.136,1.544,-40.773,-180.238,0.024
-4549.965,-809.694,1.544,-39.37,-180.064,0.027
-4550.47,-812.095,1.544,-38.778,-178.296,0.024
-4550.941,-814.665,1.545,-37.926,-178.538,0.025
-4551.522,-817.203,1.545,-38.33,-178.409,0.024
-4551.968,-819.871,1.545,-37.276,-179.635,0.023
-4552.651,-822.383,1.545,-38.829,-179.07,0.017
-4553.503,-824.988,1.545,-41.896,-179.553,0.011
-4554.266,-827.486,1.544,-43.579,-178.864,-0.001
-4554.99,-830.106,1.543,-44.623,-179.53,-0.004
-4555.488,-832.563,1.543,-43.192,-178.42,-0.006
-4556.19,-835.012,1.544,-44.072,-177.395,0.001
-4557.008,-837.349,1.544,-46.009,-175.37,0.006
-4557.769,-839.935,1.544,-47.069,-176.199,0.005
-4558.698,-842.379,1.544,-49.719,-175.446,0.001
-4559.645,-844.985,1.544,-52.152,-176.471,0
-4560.492,-847.423,1.544,-53.201,-175.617,0.002
-4561.255,-849.932,1.545,-53.234,-175.614,0.008
-4561.88,-852.466,1.544,-51.841,-175.873,0.004
-4562.466,-855.213,1.544,-50.252,-178.291,-0.001
-4563.125,-857.771,1.544,-49.634,-178.398,0
-4563.811,-860.271,1.545,-49.396,-177.902,0.004
-4564.536,-862.724,1.544,-49.6,-176.995,-0.003
-4565.352,-865.214,1.544,-50.702,-176.602,-0.004
-4566.298,-867.582,1.543,-52.995,-175,-0.013
-4567.18,-869.926,1.543,-54.277,-173.396,-0.009
-4567.966,-872.446,1.542,-54.39,-173.839,-0.013
-4568.636,-874.764,1.541,-53.286,-172.136,-0.026
-4569.249,-877.305,1.54,-51.755,-172.975,-0.03
-4569.942,-879.874,1.539,-51.286,-173.983,-0.033
-4570.819,-882.268,1.538,-52.772,-173.043,-0.036
-4571.762,-884.64,1.538,-54.712,-172.013,-0.033
-4572.474,-887.17,1.538,-53.997,-172.765,-0.03
-4573.238,-889.678,1.539,-53.923,-173.176,-0.018
-4573.979,-892.239,1.539,-53.619,-174.072,-0.015
-4574.695,-894.562,1.54,-53.103,-172.382,0.001
-4575.5,-896.965,1.541,-53.576,-171.769,0.006
-4576.262,-899.303,1.542,-53.543,-170.582,0.015
-4577.08,-901.688,1.542,-54.088,-170.043,0.014
-4578.039,-904.078,1.542,-56.01,-169.642,0.015
-4579.12,-906.614,1.543,-58.905,-170.795,0.022
-4580.116,-909.002,1.542,-60.498,-170.266,0.009
-4580.941,-911.717,1.541,-60.089,-173.171,0
-4581.815,-914.145,1.541,-60.249,-172.703,-0.003
-4582.736,-916.583,1.541,-60.872,-172.401,-0.005
-4583.667,-919.028,1.54,-61.496,-172.218,-0.012
-4584.698,-921.424,1.54,-63.07,-171.559,-0.009
-4585.677,-923.747,1.541,-63.876,-170.244,0.001
-4586.495,-926.161,1.543,-62.9,-170.052,0.016
-4587.154,-928.598,1.543,-60.435,-170.134,0.021
-4587.769,-930.965,1.544,-57.881,-169.479,0.028
-4588.581,-933.389,1.544,-57.728,-169.506,0.025
-4589.25,-935.962,1.545,-56.124,-171.065,0.026
-4590.127,-938.541,1.544,-56.9,-172.458,0.011
-4591.085,-941.125,1.544,-58.399,-173.7,0.009
-4591.967,-943.754,1.543,-58.888,-175.215,0.004
-4592.743,-946.323,1.543,-58.214,-175.897,-0.003
-4593.574,-948.944,1.542,-58.205,-177.011,-0.006
-4594.456,-951.195,1.542,-58.719,-174.148,-0.012
-4595.176,-953.681,1.542,-57.498,-174.13,-0.008
-4595.882,-956.078,1.542,-56.312,-173.205,-0.001
-4596.494,-958.517,1.543,-54.328,-172.838,0.006
-4597.167,-961.133,1.544,-53.27,-174.353,0.013
-4597.849,-963.672,1.544,-52.457,-174.841,0.011
-4598.594,-966.172,1.544,-52.413,-174.871,0.012
-4599.247,-968.782,1.543,-51.424,-176.025,0.001
-4599.796,-971.403,1.543,-49.516,-177.116,-0.001
-4600.444,-974.092,1.541,-48.91,-178.745,-0.017
-4601.116,-976.646,1.54,-48.626,-178.753,-0.024
-4601.781,-979.255,1.54,-48.322,-179.326,-0.023
-4602.405,-981.847,1.54,-47.638,-179.633,-0.021
-4603.271,-984.388,1.54,-49.548,-179.381,-0.015
-4604.204,-986.752,1.541,-51.864,-177.337,-0.007
-4605,-989.189,1.541,-52.434,-176.345,-0.003
-4605.678,-991.536,1.542,-51.7,-174.565,0.001
-4606.439,-994.072,1.54,-51.934,-175.004,-0.011
-4607.113,-996.488,1.539,-51.237,-174.14,-0.02
-4607.825,-999.032,1.539,-51.028,-174.718,-0.021
-4608.6,-1001.46,1.539,-51.505,-174.014,-0.013
-4609.367,-1004.067,1.539,-51.826,-175.26,-0.017
-4610.197,-1006.581,1.538,-52.754,-175.366,-0.024
-4611,-1009.097,1.538,-53.253,-175.483,-0.015
-4611.803,-1011.583,1.538,-53.696,-175.264,-0.013
-4612.442,-1014.013,1.538,-52.371,-174.501,-0.011
-4613.067,-1016.582,1.538,-51.109,-175.288,-0.011
-4613.922,-1019.081,1.538,-52.394,-175.236,-0.01
-4614.735,-1021.542,1.538,-53.052,-174.799,-0.013
-4615.514,-1024.011,1.539,-53.271,-174.509,0.001
-4616.422,-1026.396,1.539,-54.788,-173.396,0.003
-4617.289,-1028.849,1.538,-55.657,-173.156,-0.003
-4617.984,-1031.273,1.539,-54.624,-172.638,-0.002
-4618.777,-1033.74,1.538,-54.75,-172.642,-0.006
-4619.406,-1036.349,1.538,-53.175,-174.12,-0.002
-4619.987,-1038.946,1.539,-51.335,-175.242,0.006
-4620.699,-1041.492,1.54,-51.121,-175.684,0.017
-4621.409,-1043.92,1.54,-50.907,-174.842,0.012
-4622.191,-1046.465,1.54,-51.479,-175.323,0.009
-4623.055,-1048.948,1.539,-52.8,-175.101,-0.004
-4623.844,-1051.441,1.539,-53.156,-175.015,-0.005
-4624.627,-1053.889,1.539,-53.398,-174.483,-0.001
-4625.397,-1056.325,1.539,-53.477,-173.9,-0.003
-4626.03,-1058.941,1.539,-52.119,-175.256,0.004
-4626.702,-1061.521,1.54,-51.375,-176.043,0.009
-4627.396,-1064,1.54,-50.962,-175.674,0.005
-4628.13,-1066.51,1.541,-51.023,-175.673,0.014
-4628.984,-1068.948,1.541,-52.321,-174.935,0.015
-4629.876,-1071.303,1.542,-53.807,-173.451,0.018
-4630.754,-1073.739,1.542,-54.93,-173.023,0.017
-4631.445,-1076.006,1.542,-53.964,-170.91,0.014
-4632.157,-1078.429,1.542,-53.353,-170.722,0.016
-4632.93,-1080.91,1.542,-53.469,-171.152,0.011
-4633.71,-1083.504,1.541,-53.635,-172.688,0.005
-4634.507,-1086.067,1.541,-53.951,-173.683,0.004
-4635.416,-1088.589,1.54,-55.371,-174.1,-0.008
-4636.307,-1091.168,1.54,-56.403,-175.049,-0.006
-4637.196,-1093.848,1.541,-57.264,-176.894,0.002
-4637.917,-1096.495,1.541,-56.26,-178.127,0.003
-4638.687,-1099.033,1.541,-55.912,-178.057,0
-4639.423,-1101.524,1.54,-55.275,-177.513,-0.005
-4640.227,-1104.007,1.54,-55.412,-176.973,-0.006
-4641.039,-1106.438,1.542,-55.621,-175.965,0.009
-4641.784,-1108.93,1.545,-55.111,-175.74,0.035
-4642.561,-1111.416,1.547,-55.013,-175.495,0.049
-4643.308,-1113.841,1.547,-54.613,-174.644,0.044
-4644.104,-1116.246,1.547,-54.772,-173.721,0.042
-4644.801,-1118.784,1.547,-53.895,-174.296,0.036
-4645.37,-1121.374,1.546,-51.823,-175.327,0.02
-4646.121,-1124.113,1.545,-51.928,-177.741,0.006
-4646.891,-1126.759,1.544,-52.227,-178.846,-0.008
-4647.765,-1129.287,1.543,-53.543,-178.57,-0.015
-4648.491,-1131.952,1.543,-53.136,-179.737,-0.011
-4649.267,-1134.55,1.543,-53.312,-180.046,-0.005
-4650.092,-1137.01,1.544,-53.967,-178.898,0.001
-4650.796,-1139.447,1.544,-53.279,-177.676,0.006
-4651.351,-1141.837,1.545,-51.154,-176.153,0.01
-4652.105,-1144.28,1.545,-51.4,-175.393,0.008
-4653.001,-1147.584,1.544,-53.059,-183.612,0
-4653.852,-1150.736,1.544,-54.021,-189.056,-0.006
-4654.843,-1153.741,1.542,-56.274,-192.189,-0.016
-4655.738,-1156.813,1.542,-57.215,-195.55,-0.02
-4656.714,-1159.76,1.542,-58.851,-197.134,-0.018
-4657.521,-1162.522,1.542,-58.501,-196.576,-0.011
-4658.302,-1165.241,1.543,-57.932,-195.656,-0.006
-4659.011,-1167.838,1.543,-56.715,-193.613,-0.003
-4659.835,-1170.453,1.543,-56.857,-192.057,0.002
-4660.754,-1172.878,1.543,-57.959,-188.781,0.003
-4661.774,-1175.321,1.545,-59.93,-186.17,0.014
-4662.747,-1177.667,1.544,-61.128,-182.933,0.007
-4663.523,-1180.089,1.543,-60.136,-180.97,0
-4664.226,-1182.56,1.543,-58.527,-179.794,-0.001
-4664.941,-1185.009,1.542,-57.287,-178.557,-0.011
-4665.613,-1187.513,1.543,-55.774,-178.078,-0.005
-4666.289,-1189.988,1.542,-54.529,-177.373,-0.014
-4666.891,-1192.509,1.542,-52.704,-177.234,-0.013
-4667.558,-1195.035,1.542,-51.825,-177.173,-0.006
-4668.313,-1197.506,1.541,-51.972,-176.561,-0.017
-4669.195,-1199.975,1.54,-53.406,-176.009,-0.022
-4670.043,-1202.462,1.541,-54.289,-175.731,-0.009
-4670.792,-1204.861,1.541,-54.005,-174.582,-0.012
-4671.517,-1207.244,1.541,-53.529,-173.437,-0.011
-4672.27,-1209.702,1.54,-53.414,-173.234,-0.012
-4672.967,-1212.276,1.54,-52.729,-174.254,-0.015
-4673.605,-1214.832,1.54,-51.545,-174.942,-0.009
-4674.388,-1217.384,1.541,-52.028,-175.49,-0.001
-4675.204,-1219.939,1.541,-52.775,-175.979,0.005
-4675.845,-1222.508,1.541,-51.609,-176.548,0.001
-4676.563,-1225.016,1.541,-51.418,-176.396,0.004
-4677.252,-1227.713,1.542,-50.945,-178.225,0.01
-4678.031,-1230.094,1.543,-51.472,-176.527,0.017
-4678.849,-1232.638,1.543,-52.327,-176.753,0.014
-4679.702,-1235.22,1.543,-53.404,-177.336,0.012
-4680.726,-1237.836,1.543,-56.095,-178.19,0.014
-4681.777,-1240.356,1.544,-58.673,-177.928,0.018
-4682.681,-1242.803,1.544,-59.342,-176.953,0.011
-4683.423,-1245.327,1.542,-58.26,-176.908,-0.002
-4684.16,-1248.001,1.542,-57.272,-178.421,-0.005
-4684.707,-1250.631,1.541,-54.481,-179.253,-0.014
-4685.409,-1253.133,1.542,-53.698,-178.652,0.002
-4685.876,-1255.479,1.543,-50.607,-176.529,0.005
-4686.517,-1257.859,1.544,-49.765,-175.068,0.016
-4687.303,-1260.248,1.544,-50.542,-173.917,0.013
-4688.096,-1262.754,1.544,-51.27,-174.141,0.012
-4688.978,-1265.233,1.544,-52.811,-174.046,0.007
-4689.724,-1267.762,1.543,-52.721,-174.489,-0.002
-4690.396,-1270.114,1.54,-51.892,-173.04,-0.029
-4690.931,-1272.001,1.533,-49.757,-167.014,-0.087
-4691.334,-1273.352,1.524,-46.593,-156.36,-0.163
-4691.466,-1274.109,1.511,-41.096,-141.161,-0.254
-4691.48,-1274.404,1.501,-35.207,-123.433,-0.313
-4691.48,-1274.351,1.492,-30.021,-104.737,-0.349
-4691.292,-1273.858,1.485,-23.676,-84.258,-0.356
-4691.027,-1273.272,1.48,-17.464,-65.833,-0.353
-4690.75,-1272.688,1.476,-12.038,-50.138,-0.337
-4690.541,-1272.136,1.473,-8.119,-37.087,-0.317
-4690.454,-1271.805,1.472,-6.03,-28.225,-0.28
-4690.439,-1271.395,1.472,-4.993,-19.855,-0.241
-4690.402,-1271.026,1.473,-3.877,-13.131,-0.196
-4690.322,-1270.686,1.472,-2.484,-7.7,-0.173
-4690.277,-1270.43,1.473,-1.654,-3.932,-0.146
-4690.314,-1270.073,1.474,-1.791,0.319,-0.11
-4690.246,-1269.949,1.476,-0.827,1.547,-0.08
-4690.137,-1269.808,1.476,0.415,2.776,-0.061
-4690.073,-1269.666,1.478,1.018,3.832,-0.037
-4689.99,-1269.499,1.479,1.716,4.987,-0.025
-4689.933,-1269.388,1.48,2.051,5.39,-0.013
-4689.944,-1269.242,1.48,1.638,6.103,-0.003
-4689.913,-1269.173,1.482,1.723,5.918,0.01
-4689.847,-1269.149,1.482,2.142,5.288,0.013
-4689.947,-1269.218,1.483,0.803,3.803,0.015
-4689.862,-1269.242,1.483,1.556,2.994,0.017
-4689.885,-1269.204,1.483,1.093,2.952,0.014
-4689.858,-1269.206,1.483,1.205,2.496,0.014
-4689.842,-1269.179,1.483,1.196,2.402,0.007
-4689.923,-1269.146,1.483,0.188,2.389,0.005
-4689.975,-1269.112,1.482,-0.377,2.387,0
-4689.958,-1269.106,1.483,-0.147,2.105,0.005
-4689.888,-1269.091,1.483,0.599,1.943,0.006
-4689.892,-1269.196,1.483,0.47,0.575,0.002
-4689.934,-1269.111,1.483,-0.036,1.368,0.003
-4689.821,-1269.144,1.483,1.13,0.825,0.004
-4689.772,-1269.234,1.483,1.469,-0.218,0.004
-4689.759,-1269.348,1.483,1.387,-1.361,0.001
-4689.808,-1269.326,1.483,0.68,-0.932,0.002
-4689.854,-1269.277,1.483,0.104,-0.293,0.002
-4689.783,-1269.269,1.482,0.82,-0.166,-0.006
-4689.811,-1269.241,1.481,0.417,0.15,-0.015
-4689.918,-1269.335,1.482,-0.747,-0.847,-0.008
-4689.945,-1269.348,1.481,-0.919,-0.849,-0.011
-4689.908,-1269.37,1.481,-0.398,-0.95,-0.015
-4689.889,-1269.261,1.481,-0.15,0.306,-0.006
-4689.914,-1269.322,1.481,-0.377,-0.371,-0.005
-4689.938,-1269.28,1.482,-0.57,0.116,0.005
-4689.801,-1269.291,1.481,0.917,-0.013,-0.007
-4689.825,-1269.293,1.481,0.538,-0.033,-0.002
-4689.798,-1269.439,1.482,0.734,-1.525,0.004
-4689.785,-1269.482,1.482,0.769,-1.741,0.005
-4689.736,-1269.346,1.483,1.151,-0.087,0.009
-4689.826,-1269.302,1.483,0.061,0.377,0.009
-4689.83,-1269.265,1.483,0.014,0.707,0.011
-4689.818,-1269.286,1.484,0.128,0.382,0.016
-4689.862,-1269.257,1.483,-0.346,0.628,0.008
-4689.898,-1269.248,1.484,-0.668,0.627,0.015
-4689.817,-1269.285,1.484,0.27,0.155,0.011
-4689.823,-1269.328,1.483,0.17,-0.311,0.004
-4689.92,-1269.321,1.483,-0.854,-0.196,0.001
-4689.885,-1269.334,1.483,-0.364,-0.3,0.001
-4689.879,-1269.245,1.483,-0.251,0.659,0.003
-4689.886,-1269.262,1.483,-0.289,0.383,0
-4689.864,-1269.259,1.483,-0.015,0.366,-0.001
-4689.856,-1269.263,1.483,0.068,0.267,-0.002
-4689.777,-1269.298,1.483,0.873,-0.133,-0.002
-4689.768,-1269.216,1.483,0.836,0.727,-0.001
-4689.824,-1269.268,1.483,0.138,0.086,0.001
-4689.892,-1269.339,1.483,-0.589,-0.655,0.003
-4689.852,-1269.273,1.483,-0.089,0.122,-0.001
-4689.832,-1269.406,1.483,0.135,-1.261,-0.002
-4689.781,-1269.423,1.483,0.635,-1.256,-0.004
-4689.768,-1269.428,1.482,0.682,-1.12,-0.008
-4689.848,-1269.388,1.482,-0.247,-0.542,-0.004
-4689.771,-1269.402,1.483,0.588,-0.606,0.004
-4689.779,-1269.274,1.483,0.415,0.797,-0.003
-4689.759,-1269.316,1.483,0.558,0.252,-0.002
-4689.713,-1269.315,1.483,0.944,0.224,0.002
-4689.679,-1268.952,1.484,1.162,3.929,0.012
-4689.484,-1268.119,1.485,2.991,11.921,0.015
-4689.193,-1266.679,1.485,5.55,24.992,0.02
-4688.629,-1264.419,1.485,10.543,44.587,0.014
-4687.938,-1261.799,1.485,16.108,65,0.009
-4687.111,-1258.911,1.484,22.25,85.166,-0.001
-4686.184,-1255.699,1.484,28.522,105.716,-0.001
-4685.252,-1252.618,1.483,33.922,121.881,-0.009
-4684.404,-1249.552,1.481,37.665,135.523,-0.029
-4683.645,-1246.518,1.479,39.938,146.824,-0.044
-4682.977,-1243.684,1.478,40.943,154.4,-0.04
-4682.258,-1240.927,1.479,42.319,160.084,-0.029
-4681.675,-1238.321,1.48,42.099,163.364,-0.012
-4681.049,-1235.705,1.481,42.352,166.269,-0.006
-4680.393,-1233.113,1.482,42.874,168.499,0.005
-4679.674,-1230.507,1.482,43.976,170.553,0.003
-4678.907,-1227.897,1.482,45.405,172.338,0.009
-4677.978,-1225.31,1.482,48.287,173.62,0.002
-4677.035,-1222.805,1.482,50.891,173.873,0.003
-4676.29,-1220.31,1.481,51.083,173.996,-0.002
-4675.596,-1217.87,1.481,50.715,173.52,-0.002
-4674.852,-1215.477,1.483,50.917,172.634,0.01
-4674.099,-1212.949,1.483,51.176,173.273,0.012
-4673.37,-1210.515,1.484,51.158,172.854,0.017
-4672.606,-1208.077,1.484,51.489,172.521,0.015
-4671.911,-1205.612,1.483,51.082,172.529,0.01
-4671.098,-1203.266,1.485,51.935,171.303,0.022
-4670.513,-1200.844,1.485,50.316,171.051,0.021
-4669.825,-1198.433,1.486,50.003,170.709,0.028
-4669.174,-1195.969,1.487,49.346,170.978,0.035
-4668.626,-1193.439,1.487,47.734,171.877,0.031
-4667.988,-1191.146,1.488,47.278,170.204,0.03
-4667.244,-1188.78,1.487,47.993,169.53,0.023
-4666.588,-1186.428,1.487,47.681,168.812,0.014
-4665.894,-1184.108,1.487,47.819,167.871,0.009
-4665.093,-1181.765,1.486,49.027,167.302,0.004
-4664.244,-1179.379,1.484,50.562,167.254,-0.021
-4663.566,-1177.064,1.483,50.106,166.488,-0.023
-4663.043,-1174.727,1.483,48.114,166.061,-0.023
-4662.579,-1172.381,1.483,45.822,165.798,-0.017
-4662.065,-1169.933,1.482,44.37,166.61,-0.027
-4661.622,-1167.413,1.481,42.413,168.048,-0.034
-4661.032,-1164.965,1.48,42.248,168.537,-0.032
-4660.427,-1162.617,1.48,42.26,167.922,-0.029
-4659.45,-1159.385,1.481,46.102,176.501,-0.018
-4658.442,-1156.389,1.481,49.695,181.385,-0.01
-4657.526,-1153.497,1.482,51.823,184.484,0.001
-4656.829,-1150.607,1.483,51.37,187.108,0.007
-4656.124,-1147.714,1.484,51.075,189.367,0.016
-4655.51,-1144.996,1.483,49.882,189.503,0.008
-4654.922,-1142.304,1.483,48.601,189.341,0.001
-4654.337,-1139.754,1.481,47.474,187.748,-0.016
-4653.784,-1137.17,1.48,46.194,186.738,-0.028
-4653.181,-1134.718,1.478,45.603,184.519,-0.037
-4652.723,-1132.259,1.478,43.61,182.697,-0.037
-4652.011,-1129.825,1.478,44.529,180.887,-0.025
-4651.353,-1127.392,1.478,44.76,179.331,-0.022
-4650.602,-1124.934,1.48,45.904,178.263,-0.006
-4649.817,-1122.492,1.48,47.229,177.184,-0.003
-4649.128,-1119.997,1.48,47.38,176.809,0
-4648.512,-1117.546,1.481,46.749,176.043,0.008
-4647.949,-1115.102,1.481,45.669,175.314,0.007
-4647.271,-1112.735,1.481,45.94,173.895,0.01
-4646.586,-1110.508,1.481,46.232,171.245,0.001
-4645.847,-1108.37,1.479,47.041,168.072,-0.018
-4645.233,-1105.972,1.477,46.439,168.041,-0.03
-4644.504,-1103.732,1.476,47.115,166.393,-0.032
-4643.959,-1101.552,1.476,45.798,164.362,-0.033
-4643.302,-1099.518,1.476,45.825,161.126,-0.027
-4642.796,-1097.976,1.479,44.295,153.304,0.008
-4642.599,-1096.97,1.485,39.814,141.112,0.06
-4642.488,-1096.399,1.493,35.101,126.237,0.135
-4642.402,-1096.281,1.503,30.825,108.895,0.209
-4642.578,-1096.702,1.512,24.476,88.544,0.27
-4642.838,-1097.36,1.518,18.203,68.75,0.288
-4643.146,-1098.066,1.523,12.355,51.365,0.289
-4643.45,-1098.862,1.525,7.404,35.618,0.263
-4643.668,-1099.661,1.525,4.073,22.158,0.233
-4643.797,-1100.211,1.527,2.146,13.233,0.212
-4643.932,-1100.74,1.527,0.445,5.844,0.181
-4644.055,-1101.23,1.526,-0.893,-0.058,0.144
-4644.167,-1101.662,1.525,-1.907,-4.502,0.113
-4644.321,-1102.072,1.525,-3.216,-8.06,0.1
-4644.469,-1102.283,1.525,-4.268,-9.049,0.081
-4644.59,-1102.44,1.525,-4.888,-9.336,0.066
-4644.61,-1102.611,1.524,-4.375,-9.718,0.049
-4644.573,-1102.736,1.523,-3.347,-9.579,0.031
-4644.518,-1102.925,1.523,-2.293,-10.118,0.026
-4644.551,-1102.963,1.522,-2.289,-9.013,0.018
-4644.517,-1102.992,1.521,-1.605,-7.994,0.006
-4644.511,-1103.021,1.52,-1.31,-7.111,-0.004
-4644.506,-1102.952,1.52,-1.061,-5.353,-0.005
-4644.45,-1102.979,1.52,-0.335,-4.844,-0.003
-4644.499,-1102.895,1.521,-0.78,-3.271,0.005
-4644.536,-1102.889,1.521,-1.055,-2.731,0.007
-4644.585,-1102.831,1.521,-1.401,-1.732,-0.001
-4644.579,-1102.735,1.521,-1.134,-0.49,0.001
-4644.649,-1102.58,1.521,-1.686,1.181,0.002
-4644.556,-1102.612,1.521,-0.482,0.676,0.005
-4644.591,-1102.548,1.522,-0.773,1.238,0.014
-4644.563,-1102.594,1.523,-0.375,0.581,0.015
-4644.473,-1102.66,1.522,0.613,-0.184,0.003
-4644.578,-1102.644,1.521,-0.554,0.013,0
-4644.605,-1102.628,1.521,-0.755,0.171,-0.007
-4644.606,-1102.632,1.52,-0.662,0.109,-0.008
-4644.578,-1102.722,1.521,-0.264,-0.832,0.001
-4644.51,-1102.744,1.521,0.467,-0.941,-0.002
-4644.494,-1102.76,1.52,0.566,-0.967,-0.006
-4644.534,-1102.697,1.521,0.067,-0.179,-0.004
-4644.496,-1102.75,1.52,0.455,-0.699,-0.01
-4644.457,-1102.695,1.52,0.786,-0.028,-0.008
-4644.31,-1102.834,1.519,2.185,-1.45,-0.012
-4644.408,-1102.852,1.519,0.853,-1.423,-0.011
-4644.396,-1102.816,1.519,0.851,-0.847,-0.007
-4644.37,-1102.78,1.519,0.992,-0.352,-0.011
-4644.399,-1102.81,1.519,0.547,-0.608,-0.005
-4644.385,-1102.832,1.52,0.611,-0.745,0.004
-4644.536,-1102.76,1.519,-1.026,0.108,-0.007
-4644.548,-1102.692,1.52,-1.004,0.791,-0.001
-4644.6,-1102.65,1.519,-1.389,1.107,-0.009
-4644.465,-1102.641,1.518,0.201,1.039,-0.012
-4644.466,-1102.544,1.519,0.165,1.885,-0.007
-4644.449,-1102.587,1.519,0.313,1.16,-0.007
-4644.475,-1102.637,1.519,-0.002,0.48,-0.003
-4644.505,-1102.59,1.519,-0.305,0.895,-0.004
-4644.605,-1102.567,1.518,-1.295,1,-0.012
-4644.662,-1102.501,1.518,-1.685,1.528,-0.012
-4644.646,-1102.644,1.519,-1.277,-0.166,-0.002
-4644.636,-1102.718,1.519,-0.982,-0.905,0.002
-4644.606,-1102.749,1.52,-0.538,-1.089,0.009
-4644.606,-1102.767,1.521,-0.459,-1.119,0.022
-4644.534,-1102.749,1.521,0.36,-0.772,0.018
-4644.536,-1102.657,1.521,0.287,0.291,0.016
-4644.53,-1102.639,1.521,0.302,0.434,0.009
-4644.467,-1102.645,1.521,0.905,0.307,0.01
-4644.566,-1102.756,1.52,-0.254,-0.873,0.002
-4644.675,-1102.734,1.52,-1.331,-0.52,-0.002
-4644.604,-1102.67,1.521,-0.402,0.211,0.007
-4644.526,-1102.764,1.521,0.455,-0.784,0.008
-4644.439,-1102.779,1.521,1.282,-0.825,0.011
-4644.556,-1102.797,1.522,-0.103,-0.894,0.012
-4644.479,-1102.777,1.522,0.705,-0.551,0.015
-4644.461,-1102.787,1.522,0.784,-0.576,0.007
-4644.518,-1102.82,1.522,0.079,-0.824,0.01
-4644.448,-1102.759,1.521,0.788,-0.076,0
-4644.427,-1102.643,1.521,0.891,1.129,-0.001
-4644.353,-1102.656,1.521,1.519,0.826,-0.004
-4644.391,-1102.544,1.521,0.908,1.856,-0.004
-4644.524,-1102.419,1.52,-0.594,2.873,-0.01
-4644.51,-1102.484,1.52,-0.368,1.774,-0.008
-4644.47,-1102.576,1.52,0.096,0.573,-0.005
-4644.455,-1102.667,1.52,0.244,-0.452,-0.004
-4644.476,-1102.725,1.52,-0.008,-0.977,-0.003
-4644.444,-1102.777,1.521,0.322,-1.367,0.002
-4644.461,-1102.786,1.521,0.097,-1.259,0.007
-4644.51,-1102.751,1.522,-0.421,-0.717,0.014
-4644.588,-1102.733,1.522,-1.168,-0.431,0.01
-4644.505,-1102.738,1.524,-0.141,-0.418,0.024
-4644.481,-1102.699,1.524,0.134,0.051,0.021
-4644.485,-1102.627,1.523,0.067,0.785,0.014
-4644.508,-1102.592,1.523,-0.176,1.024,0.008
-4644.575,-1102.657,1.522,-0.843,0.203,0.002
-4644.561,-1102.627,1.523,-0.567,0.485,0.004
-4644.648,-1102.621,1.522,-1.392,0.472,0.002
-4644.558,-1102.63,1.523,-0.247,0.311,0.004
-4644.506,-1102.615,1.523,0.316,0.425,0.009
-4644.517,-1102.53,1.522,0.163,1.234,0
-4644.688,-1102.425,1.521,-1.631,2.138,-0.01
-4644.634,-1102.483,1.521,-0.832,1.222,-0.008
-4644.639,-1102.553,1.521,-0.762,0.322,-0.009
-4644.635,-1102.563,1.521,-0.602,0.169,-0.006
-4644.697,-1102.466,1.521,-1.159,1.15,-0.011
-4644.635,-1102.488,1.52,-0.348,0.752,-0.014
-4644.559,-1102.516,1.521,0.484,0.349,-0.008
-4644.637,-1102.47,1.521,-0.386,0.77,-0.005
-4644.641,-1102.457,1.522,-0.367,0.797,0.005
-4644.58,-1102.483,1.523,0.314,0.41,0.017
-4644.523,-1102.309,1.524,0.85,2.14,0.02
-4644.47,-1102.397,1.523,1.272,0.923,0.013
-4644.523,-1102.433,1.523,0.538,0.413,0.011
-4644.49,-1102.388,1.524,0.803,0.819,0.011
-4644.564,-1102.376,1.524,-0.085,0.819,0.01
-4644.645,-1102.364,1.524,-0.898,0.819,0.009
-4644.683,-1102.387,1.523,-1.159,0.469,-0.001
-4644.675,-1102.407,1.524,-0.908,0.191,0.01
-4644.711,-1102.404,1.524,-1.147,0.19,0.012
-4644.589,-1102.435,1.524,0.277,-0.151,0.01
-4644.61,-1102.384,1.525,0.022,0.393,0.014
-4644.617,-1102.387,1.526,-0.048,0.303,0.02
-4644.65,-1102.399,1.525,-0.389,0.134,0.015
-4644.618,-1102.373,1.526,0,0.388,0.014
-4644.762,-1102.343,1.526,-1.482,0.637,0.015
-4644.787,-1102.364,1.526,-1.516,0.327,0.01
-4644.783,-1102.297,1.525,-1.26,0.968,0.002
-4644.684,-1102.316,1.525,-0.05,0.635,0.004
-4644.659,-1102.391,1.525,0.214,-0.238,0.004
-4644.594,-1102.443,1.525,0.85,-0.733,0.002
-4644.523,-1102.338,1.524,1.458,0.457,-0.009
-4644.542,-1102.375,1.524,1.043,0.001,-0.01
-4644.648,-1102.322,1.524,-0.205,0.552,-0.003
-4644.594,-1102.365,1.524,0.385,0.025,-0.004
-4644.605,-1102.402,1.524,0.218,-0.358,-0.002
-4644.556,-1102.434,1.525,0.694,-0.631,0.007
-4644.667,-1102.273,1.526,-0.557,1.119,0.011
-4644.551,-1102.367,1.527,0.725,-0.012,0.018
-4644.576,-1102.277,1.526,0.359,0.912,0.01
-4644.491,-1102.326,1.526,1.181,0.278,0.004
-4644.464,-1102.327,1.525,1.284,0.226,0.001
-4644.444,-1102.337,1.524,1.297,0.09,-0.009
-4644.469,-1102.319,1.526,0.852,0.259,0.005
-4644.452,-1102.313,1.526,0.9,0.278,0.008
-4644.417,-1102.32,1.526,1.123,0.172,0.01
-4644.381,-1102.203,1.527,1.331,1.352,0.013
-4644.408,-1102.219,1.527,0.864,0.979,0.017
-4644.398,-1102.288,1.529,0.831,0.128,0.025
-4644.357,-1102.336,1.529,1.137,-0.379,0.023
-4644.486,-1102.358,1.528,-0.356,-0.554,0.017
-4644.505,-1102.405,1.529,-0.502,-0.954,0.017
-4644.56,-1102.342,1.527,-0.995,-0.17,0.003
-4644.544,-1102.258,1.527,-0.682,0.718,-0.003
-4644.506,-1102.297,1.526,-0.196,0.218,-0.008
-4644.558,-1102.281,1.526,-0.692,0.352,-0.009
-4644.421,-1102.29,1.527,0.812,0.203,-0.002
-4644.334,-1102.365,1.527,1.594,-0.599,-0.002
-4644.374,-1102.406,1.527,0.946,-0.929,-0.001
-4644.393,-1102.422,1.527,0.609,-0.959,0
-4644.393,-1102.383,1.528,0.522,-0.423,0.01
-4644.394,-1102.396,1.528,0.433,-0.493,0.01
-4644.433,-1102.391,1.528,-0.027,-0.37,0.009
-4644.354,-1102.416,1.527,0.784,-0.564,0.002
-4644.39,-1102.391,1.528,0.303,-0.229,0.011
-4644.361,-1102.379,1.529,0.555,-0.072,0.012
-4644.378,-1102.34,1.528,0.294,0.337,0.008
-4644.45,-1102.286,1.529,-0.492,0.852,0.007
-4644.468,-1102.281,1.529,-0.599,0.773,0.01
-4644.509,-1102.364,1.528,-0.932,-0.198,0.004
-4644.56,-1102.293,1.53,-1.323,0.56,0.013
-4644.544,-1102.296,1.529,-0.966,0.452,0.01
-4644.532,-1102.307,1.529,-0.699,0.268,0.01
-4644.537,-1102.187,1.53,-0.647,1.474,0.009
-4644.5,-1102.281,1.53,-0.165,0.282,0.013
-4644.417,-1102.266,1.53,0.702,0.399,0.007
-4644.398,-1102.291,1.53,0.802,0.079,0.011
-4644.436,-1102.199,1.53,0.297,1.018,0.009
-4644.469,-1102.176,1.53,-0.096,1.108,0.005
-4644.418,-1102.358,1.531,0.446,-0.93,0.013
-4644.446,-1102.423,1.53,0.092,-1.469,0.006
-4644.407,-1102.447,1.53,0.48,-1.499,0.004
-4644.474,-1102.448,1.53,-0.274,-1.287,0
-4644.493,-1102.4,1.529,-0.428,-0.604,-0.008
-4644.51,-1102.409,1.529,-0.541,-0.605,-0.01
-4644.547,-1102.302,1.529,-0.848,0.578,-0.004
-4644.521,-1102.223,1.53,-0.449,1.313,0
-4644.479,-1102.196,1.53,0.05,1.392,0.006
-4644.455,-1102.255,1.53,0.284,0.589,0.005
-4644.469,-1102.22,1.53,0.102,0.858,0.006
-4644.431,-1102.252,1.531,0.475,0.402,0.014
-4644.394,-1102.285,1.532,0.791,0.003,0.015
-4644.369,-1102.216,1.532,0.931,0.713,0.017
-4644.39,-1102.206,1.532,0.578,0.712,0.016
-4644.404,-1102.215,1.533,0.34,0.512,0.019
-4644.445,-1102.269,1.532,-0.127,-0.119,0.006
-4644.426,-1102.19,1.532,0.087,0.715,0.008
-4644.347,-1102.144,1.532,0.886,1.083,0.004
-4644.434,-1102.078,1.532,-0.14,1.605,0.007
-4644.406,-1102.22,1.531,0.166,-0.099,-0.003
-4644.342,-1102.223,1.532,0.801,-0.114,0.002
-4644.283,-1102.271,1.532,1.29,-0.592,0.005
-4644.33,-1102.232,1.532,0.625,-0.1,0.006
-4644.274,-1102.22,1.531,1.101,0.038,-0.003
-4644.299,-1102.122,1.531,0.684,1.041,-0.002
-4644.265,-1102.157,1.531,0.933,0.522,-0.007
-4644.366,-1102.116,1.531,-0.244,0.87,-0.004
-4644.383,-1102.176,1.531,-0.378,0.127,-0.002
-4644.382,-1102.265,1.531,-0.318,-0.806,-0.004
-4644.306,-1102.21,1.531,0.514,-0.125,0.001
-4644.331,-1102.179,1.532,0.186,0.216,0.007
-4644.287,-1102.241,1.532,0.607,-0.451,0.006
-4644.254,-1102.233,1.533,0.856,-0.308,0.011
-4644.169,-1102.207,1.533,1.6,0.01,0.014
-4644.208,-1102.243,1.533,0.97,-0.362,0.008
-4644.336,-1102.179,1.531,-0.49,0.344,-0.006
-4644.364,-1102.188,1.532,-0.704,0.203,-0.001
-4644.232,-1102.24,1.531,0.757,-0.359,-0.006
-4644.199,-1102.209,1.532,0.985,0.008,-0.001
-4644.169,-1102.096,1.531,1.147,1.168,-0.004
-4644.316,-1102.063,1.531,-0.542,1.339,-0.004
-4644.354,-1101.944,1.531,-0.845,2.373,-0.004
-4644.485,-1101.892,1.53,-2.069,2.559,-0.011
-4644.535,-1101.971,1.531,-2.28,1.367,-0.007
-4644.415,-1102.036,1.53,-0.704,0.499,-0.008
-4644.329,-1101.959,1.532,0.279,1.209,0.005
-4644.33,-1101.964,1.532,0.233,0.987,0.006
-4644.353,-1101.934,1.532,-0.047,1.145,0.003
-4644.369,-1102.036,1.532,-0.201,-0.065,0.004
-4644.437,-1102.064,1.532,-0.869,-0.346,0.007
-4644.301,-1102.024,1.532,0.655,0.109,0.008
-4644.288,-1101.937,1.532,0.693,0.994,0.007
-4644.273,-1102.112,1.533,0.746,-0.957,0.009
-4644.162,-1102.211,1.533,1.776,-1.832,0.013
-4644.136,-1102.065,1.533,1.787,-0.058,0.009
-4644.059,-1102.078,1.534,2.32,-0.188,0.015
-4644.04,-1102.022,1.534,2.173,0.418,0.014
-4644.084,-1102.048,1.534,1.393,0.093,0.013
-4644.176,-1102.142,1.534,0.245,-0.888,0.01
-4644.229,-1102.214,1.534,-0.341,-1.507,0.007
-4644.175,-1102.296,1.533,0.268,-2.124,-0.003
-4644.182,-1102.329,1.533,0.161,-2.149,0.001
-4644.207,-1102.253,1.534,-0.123,-1.049,0.006
-4644.187,-1102.298,1.534,0.099,-1.364,0.007
-4644.192,-1102.205,1.534,0.033,-0.202,0.008
-4644.185,-1102.214,1.534,0.099,-0.269,0.006
-4644.297,-1102.059,1.535,-1.07,1.37,0.01
-4644.405,-1102.024,1.535,-2.022,1.528,0.011
-4644.377,-1101.989,1.535,-1.435,1.658,0.007
-4644.42,-1101.979,1.534,-1.667,1.524,0.005
-4644.439,-1102.012,1.535,-1.624,0.96,0.013
-4644.382,-1102.019,1.535,-0.792,0.743,0.007
-4644.31,-1102.002,1.535,0.069,0.813,0.003
-4644.29,-1102.196,1.536,0.266,-1.302,0.012
-4644.202,-1102.228,1.535,1.126,-1.443,0.007
-4644.158,-1102.253,1.535,1.413,-1.486,0.004
-4644.096,-1102.137,1.535,1.851,-0.079,-0.001
-4644.139,-1102.137,1.535,1.133,-0.066,0.004
-4644.086,-1102.087,1.535,1.511,0.459,0
-4644.204,-1102.128,1.535,0.072,-0.033,-0.001
-4644.183,-1102.17,1.535,0.278,-0.457,0.003
-4644.18,-1102.167,1.536,0.269,-0.363,0.011
-4644.359,-1102.18,1.536,-1.615,-0.443,0.009
-4644.409,-1102.141,1.536,-1.893,0.026,0.01
-4644.454,-1102.206,1.537,-2.072,-0.651,0.017
-4644.369,-1102.148,1.536,-0.895,0.042,0.007
-4644.3,-1102.097,1.537,-0.049,0.567,0.017
-4644.386,-1102.21,1.536,-0.932,-0.681,0.003
-4644.317,-1102.267,1.536,-0.081,-1.173,0.002
-4644.276,-1102.262,1.536,0.346,-0.94,0.002
-4644.201,-1102.188,1.536,1.076,-0.044,0.001
-4644.219,-1102.06,1.536,0.723,1.276,-0.001
-4644.277,-1102.042,1.536,0.026,1.279,-0.001
-4644.353,-1102.111,1.537,-0.761,0.382,0.005
-4644.283,-1102.081,1.536,0.069,0.634,0.003
-4644.245,-1102.132,1.536,0.457,0.015,0.003
-4644.24,-1102.141,1.538,0.432,-0.076,0.014
-4644.129,-1102.156,1.538,1.511,-0.229,0.016
-4644.189,-1102.095,1.538,0.673,0.439,0.011
-4644.261,-1102.141,1.537,-0.163,-0.106,0.005
-4644.27,-1102.185,1.538,-0.234,-0.536,0.006
-4644.214,-1102.133,1.538,0.373,0.078,0.007
-4644.268,-1102.094,1.539,-0.227,0.464,0.015
-4644.2,-1102.134,1.539,0.501,-0.017,0.014
-4644.087,-1102.119,1.538,1.592,0.147,0.009
-4644.02,-1102.106,1.538,2.043,0.252,0.006
-4644.02,-1102.179,1.539,1.749,-0.533,0.015
-4643.975,-1102.267,1.539,1.953,-1.363,0.012
-4644.03,-1102.276,1.539,1.093,-1.257,0.012
-4644.126,-1102.226,1.539,-0.054,-0.555,0.003
-4644.139,-1102.2,1.539,-0.177,-0.204,0.009
-4644.211,-1102.257,1.539,-0.892,-0.767,0.007
-4644.269,-1102.242,1.539,-1.356,-0.493,0.008
-4644.204,-1102.098,1.54,-0.486,1.063,0.008
-4644.153,-1102.097,1.54,0.104,0.916,0.015
-4644.177,-1102.058,1.541,-0.158,1.184,0.018
-4644.16,-1101.998,1.541,0.046,1.63,0.014
-4644.191,-1101.936,1.541,-0.281,2.028,0.008
-4644.254,-1102,1.54,-0.888,1.064,0.005
-4644.238,-1102.068,1.54,-0.595,0.204,0.004
-4644.185,-1102.068,1.541,0.036,0.174,0.012
-4644.213,-1102.169,1.542,-0.261,-0.89,0.014
-4644.152,-1102.156,1.542,0.41,-0.616,0.011
-4644.096,-1102.103,1.542,0.929,0.016,0.013
-4644.062,-1102.065,1.542,1.146,0.4,0.016
-4644.045,-1102.104,1.543,1.148,-0.053,0.023
-4644.097,-1102.139,1.543,0.447,-0.404,0.014
-4644.106,-1102.182,1.543,0.282,-0.796,0.013
-4644.063,-1102.234,1.544,0.684,-1.207,0.019
