x,y,t,0.429,2.464,-0.002
-4364.829,-1443.906,1.562,0.565,1.506,-0.004
-4364.825,-1443.904,1.563,0.516,1.307,0.004
-4364.771,-1443.902,1.563,1.004,1.128,0.006
-4364.84,-1444,1.563,0.135,-0.046,0.007
-4364.781,-1444.006,1.564,0.727,-0.101,0.011
-4364.678,-1443.979,1.564,1.677,0.191,0.007
-4364.697,-1444.035,1.563,1.237,-0.412,0
-4364.779,-1444.108,1.563,0.212,-1.104,-0.004
-4364.724,-1444.059,1.562,0.746,-0.434,-0.007
-4364.692,-1444.094,1.561,0.964,-0.733,-0.014
-4364.754,-1443.968,1.561,0.182,0.673,-0.011
-4364.8,-1444.06,1.562,-0.313,-0.369,-0.006
-4364.848,-1443.988,1.562,-0.762,0.42,-0.003
-4364.766,-1443.858,1.562,0.192,1.702,-0.001
-4364.805,-1443.869,1.562,-0.238,1.338,-0.004
-4364.841,-1443.884,1.563,-0.571,0.985,0.003
-4364.807,-1443.911,1.562,-0.139,0.556,0.001
-4364.711,-1443.844,1.563,0.871,1.17,0.006
-4364.647,-1443.822,1.563,1.404,1.227,0.004
-4364.607,-1443.99,1.562,1.602,-0.689,-0.004
-4364.676,-1444.042,1.562,0.661,-1.126,-0.002
-4364.758,-1443.95,1.562,-0.277,-0.003,0
-4364.839,-1444.025,1.562,-1.07,-0.783,0
-4364.81,-1444.07,1.562,-0.61,-1.131,-0.003
-4364.71,-1444.077,1.56,0.501,-1.03,-0.018
-4364.729,-1444.037,1.561,0.227,-0.468,-0.011
-4364.687,-1444.103,1.561,0.63,-1.081,-0.005
-4364.743,-1444.05,1.562,-0.033,-0.377,-0.001
-4364.686,-1444.056,1.561,0.559,-0.378,-0.007
-4364.743,-1444.056,1.561,-0.111,-0.331,-0.005
-4364.698,-1444.205,1.561,0.366,-1.81,-0.004
-4364.641,-1444.174,1.561,0.905,-1.23,0
-4364.604,-1444.073,1.561,1.148,-0.002,-0.001
-4364.61,-1444.11,1.562,0.917,-0.392,0.003
-4364.627,-1444.179,1.562,0.603,-1.035,0.005
-4364.648,-1444.171,1.562,0.298,-0.808,0.007
-4364.684,-1444.083,1.562,-0.109,0.221,0.002
-4364.811,-1443.94,1.562,-1.4,1.665,0
-4364.806,-1443.973,1.562,-1.148,1.071,0.002
-4364.832,-1443.975,1.562,-1.243,0.9,0.006
-4364.817,-1443.976,1.562,-0.907,0.758,0.005
-4364.825,-1443.817,1.563,-0.861,2.284,0.011
-4364.896,-1443.884,1.563,-1.468,1.25,0.013
-4364.878,-1443.932,1.562,-1.067,0.576,0.002
-4364.889,-1443.972,1.562,-1.013,0.08,0.001
-4364.818,-1443.964,1.562,-0.136,0.148,-0.006
-4364.836,-1444.119,1.561,-0.304,-1.466,-0.009
-4364.837,-1444.152,1.562,-0.272,-1.588,-0.002
-4364.781,-1444.195,1.561,0.347,-1.798,-0.006
-4364.766,-1444.159,1.562,0.455,-1.162,0
-4364.806,-1444.065,1.562,-0.022,-0.028,0.001
-4364.782,-1444.039,1.563,0.227,0.242,0.005
-4364.842,-1443.957,1.563,-0.423,1.054,0.007
-4364.887,-1444.031,1.563,-0.833,0.133,0.006
-4364.776,-1444.099,1.563,0.436,-0.581,0.008
-4364.799,-1444.115,1.563,0.134,-0.665,0.01
-4364.805,-1444.068,1.563,0.056,-0.077,0.006
-4364.829,-1444.01,1.563,-0.199,0.532,0.001
-4364.789,-1443.933,1.562,0.24,1.246,-0.006
-4364.792,-1443.898,1.561,0.181,1.417,-0.012
-4364.783,-1443.88,1.561,0.238,1.394,-0.013
-4364.8,-1444.014,1.561,0.029,-0.192,-0.008
-4364.753,-1444.092,1.561,0.512,-0.958,-0.008
-4364.818,-1444.064,1.561,-0.236,-0.531,-0.005
-4364.831,-1444.083,1.562,-0.327,-0.648,0
-4364.762,-1444.117,1.562,0.42,-0.908,0.006
-4364.863,-1444.102,1.563,-0.677,-0.619,0.009
-4364.727,-1444.186,1.563,0.829,-1.392,0.008
-4364.738,-1444.177,1.562,0.586,-1.09,-0.001
-4364.796,-1444.137,1.562,-0.095,-0.524,-0.002
-4364.907,-1444.138,1.562,-1.22,-0.457,-0.006
-4364.871,-1444.077,1.562,-0.672,0.24,0.002
-4364.816,-1444.152,1.562,-0.008,-0.571,0.002
-4364.794,-1444.134,1.562,0.219,-0.299,0
-4364.79,-1444.212,1.563,0.227,-1.057,0.005
-4364.791,-1444.147,1.562,0.182,-0.232,0
-4364.688,-1444.107,1.563,1.218,0.215,0.004
-4364.687,-1444.131,1.562,1.051,-0.062,0.001
-4364.713,-1444.058,1.562,0.626,0.695,-0.001
-4364.783,-1444.029,1.562,-0.191,0.894,-0.006
-4364.81,-1443.938,1.561,-0.43,1.692,-0.007
-4364.797,-1443.925,1.562,-0.245,1.582,-0.003
-4364.744,-1444.026,1.562,0.343,0.304,0
-4364.738,-1443.966,1.563,0.355,0.884,0.006
-4364.729,-1444.001,1.563,0.389,0.388,0.007
-4364.798,-1443.982,1.563,-0.372,0.528,0.004
-4364.864,-1443.985,1.562,-0.998,0.419,-0.001
-4364.891,-1443.906,1.563,-1.125,1.172,0.003
-4364.871,-1443.933,1.563,-0.756,0.727,0.008
-4364.938,-1443.868,1.563,-1.339,1.29,0.001
-4364.949,-1443.937,1.562,-1.255,0.385,-0.003
-4364.905,-1443.885,1.562,-0.62,0.86,-0.003
-4365,-1443.971,1.562,-1.504,-0.146,-0.007
-4364.891,-1444.075,1.561,-0.157,-1.199,-0.012
-4364.922,-1444.084,1.561,-0.457,-1.112,-0.007
-4364.983,-1444.127,1.561,-1.019,-1.389,-0.012
-4364.931,-1444.079,1.561,-0.33,-0.689,-0.011
-4364.912,-1444.078,1.561,-0.084,-0.587,-0.009
-4365.005,-1444.097,1.562,-1.033,-0.694,0.001
-4364.909,-1444.04,1.561,0.108,-0.006,-0.002
-4364.809,-1444.058,1.562,1.119,-0.188,0.003
-4364.758,-1444.063,1.563,1.484,-0.216,0.01
-4364.8,-1444.024,1.563,0.833,0.219,0.014
-4364.743,-1443.994,1.564,1.295,0.498,0.015
-4364.658,-1444.019,1.564,1.983,0.169,0.014
-4364.729,-1444.066,1.563,0.952,-0.342,0.008
-4364.731,-1444.217,1.563,0.792,-1.84,0.003
-4364.744,-1444.154,1.563,0.548,-0.924,0
-4364.763,-1444.246,1.563,0.267,-1.734,0
-4364.732,-1444.239,1.563,0.552,-1.408,0.002
-4364.78,-1444.258,1.563,-0.027,-1.393,0.001
-4364.718,-1444.211,1.563,0.618,-0.709,-0.001
-4364.706,-1444.146,1.562,0.655,0.067,-0.004
-4364.716,-1444.019,1.562,0.45,1.362,-0.008
-4364.715,-1444.025,1.56,0.396,1.099,-0.02
-4364.69,-1443.945,1.561,0.595,1.767,-0.012
-4364.661,-1443.891,1.56,0.809,2.062,-0.022
-4364.782,-1443.862,1.56,-0.56,2.05,-0.011
-4364.91,-1443.796,1.56,-1.791,2.436,-0.009
-4364.835,-1443.84,1.56,-0.762,1.617,-0.008
-4364.82,-1443.816,1.56,-0.494,1.63,-0.008
-4364.768,-1443.852,1.561,0.116,1.015,0
-4364.861,-1443.953,1.561,-0.857,-0.169,0.004
-4364.935,-1443.984,1.562,-1.492,-0.462,0.007
-4364.85,-1443.997,1.563,-0.403,-0.531,0.016
-4364.81,-1443.957,1.562,0.077,-0.037,0.01
-4364.867,-1443.992,1.563,-0.523,-0.394,0.009
-4364.865,-1443.95,1.563,-0.429,0.097,0.008
-4364.941,-1443.919,1.562,-1.146,0.401,0.004
-4364.925,-1443.828,1.562,-0.818,1.283,0.005
-4364.929,-1443.893,1.563,-0.735,0.425,0.005
-4364.962,-1443.908,1.563,-0.966,0.199,0.01
-4364.943,-1443.978,1.563,-0.63,-0.545,0.005
-4364.998,-1443.972,1.563,-1.102,-0.408,0.007
-4364.864,-1444.028,1.562,0.441,-0.922,-0.004
-4364.814,-1444.037,1.561,0.883,-0.879,-0.011
-4364.896,-1443.862,1.562,-0.085,1.057,-0.004
-4364.848,-1443.841,1.562,0.425,1.109,-0.003
-4364.796,-1443.921,1.562,0.895,0.125,-0.001
-4364.792,-1443.943,1.562,0.803,-0.121,0.002
-4364.783,-1443.879,1.563,0.777,0.554,0.005
-4364.775,-1443.764,1.562,0.74,1.66,0
-4364.747,-1443.803,1.562,0.923,1.011,-0.002
-4364.805,-1443.905,1.562,0.193,-0.183,-0.002
-4364.833,-1443.941,1.561,-0.119,-0.525,-0.01
-4364.809,-1443.942,1.562,0.139,-0.462,-0.003
-4364.768,-1443.882,1.562,0.543,0.224,-0.003
-4364.71,-1443.85,1.561,1.052,0.523,-0.003
-4364.686,-1443.765,1.562,1.157,1.325,-0.002
-4364.634,-1443.922,1.563,1.519,-0.493,0.009
-4364.671,-1443.891,1.563,0.911,-0.105,0.007
-4364.808,-1443.893,1.563,-0.628,-0.108,0.013
-4364.824,-1443.9,1.563,-0.704,-0.166,0.008
-4364.781,-1443.99,1.563,-0.164,-1.058,0.007
-4364.851,-1443.916,1.563,-0.859,-0.14,0.002
-4364.817,-1443.88,1.562,-0.382,0.242,-0.001
-4364.848,-1443.925,1.562,-0.645,-0.258,-0.006
-4364.771,-1443.952,1.562,0.248,-0.494,-0.006
-4364.769,-1443.97,1.562,0.235,-0.604,-0.006
-4364.885,-1444.115,1.562,-1.001,-2.009,-0.004
-4364.931,-1443.994,1.562,-1.328,-0.472,-0.003
-4364.973,-1444.009,1.561,-1.559,-0.556,-0.01
-4364.978,-1443.951,1.561,-1.381,0.121,-0.007
-4364.96,-1443.946,1.561,-0.998,0.161,-0.009
-4364.902,-1443.879,1.561,-0.254,0.821,-0.006
-4364.832,-1443.88,1.561,0.511,0.698,-0.001
-4364.944,-1443.878,1.562,-0.724,0.613,0.008
-4365.008,-1443.875,1.563,-1.275,0.553,0.009
-4364.954,-1443.946,1.563,-0.531,-0.264,0.009
-4364.835,-1443.889,1.562,0.77,0.365,0.003
-4364.869,-1443.881,1.562,0.314,0.39,0.004
-4364.879,-1443.847,1.563,0.161,0.686,0.005
-4364.862,-1443.869,1.563,0.309,0.362,0.004
-4364.717,-1443.866,1.562,1.76,0.337,0
-4364.667,-1443.933,1.562,2.01,-0.406,0
-4364.635,-1443.976,1.562,2.043,-0.789,0.003
-4364.691,-1443.91,1.563,1.165,0.006,0.005
-4364.683,-1444.036,1.563,1.08,-1.287,0.006
-4364.662,-1444.108,1.562,1.137,-1.838,0.001
-4364.621,-1444.064,1.563,1.398,-1.114,0.005
-4364.569,-1444.044,1.563,1.727,-0.743,0.005
-4364.6,-1444.089,1.563,1.154,-1.098,0.006
-4364.681,-1444.068,1.563,0.148,-0.722,0.005
-4364.69,-1444.023,1.563,0.034,-0.153,-0.001
-4364.756,-1444.034,1.562,-0.653,-0.243,-0.008
-4364.844,-1444.059,1.562,-1.466,-0.469,-0.003
-4364.927,-1444.128,1.563,-2.103,-1.11,0
-4365.005,-1444.128,1.563,-2.6,-0.945,0
-4364.988,-1444.06,1.563,-2.036,-0.105,0
-4365.01,-1443.958,1.563,-1.965,0.961,0.001
-4365.006,-1443.91,1.562,-1.63,1.312,-0.006
-4364.96,-1443.925,1.562,-0.922,0.969,-0.005
-4365.009,-1443.918,1.562,-1.287,0.891,-0.001
-4365.006,-1443.992,1.562,-1.071,0.002,-0.007
-4364.979,-1444.035,1.561,-0.629,-0.44,-0.016
-4364.993,-1444.03,1.561,-0.689,-0.324,-0.008
-4364.839,-1443.999,1.562,0.997,0.039,-0.001
-4364.911,-1444.034,1.563,0.117,-0.324,0.009
-4364.809,-1444.087,1.563,1.147,-0.825,0.005
-4364.75,-1444.191,1.563,1.589,-1.767,0.009
-4364.714,-1444.179,1.563,1.717,-1.389,0.008
-4364.733,-1444.14,1.563,1.272,-0.778,0.003
-4364.676,-1444.146,1.563,1.669,-0.727,0.004
-4364.599,-1444.112,1.562,2.219,-0.272,-0.003
-4364.65,-1444.202,1.562,1.366,-1.16,-0.005
-4364.625,-1444.157,1.562,1.421,-0.525,-0.004
-4364.563,-1444.232,1.561,1.851,-1.221,-0.009
-4364.588,-1444.229,1.562,1.32,-1.013,-0.003
-4364.618,-1444.158,1.563,0.826,-0.127,0.007
-4364.738,-1444.034,1.563,-0.534,1.171,0.007
-4364.703,-1444.038,1.563,-0.092,0.954,0.002
-4364.655,-1444.067,1.562,0.415,0.512,0
-4364.634,-1444.091,1.562,0.563,0.191,0
-4364.818,-1444.01,1.563,-1.413,0.999,0.007
-4364.827,-1444.014,1.563,-1.289,0.808,0.004
-4364.882,-1444.014,1.562,-1.671,0.689,-0.004
-4364.906,-1443.924,1.563,-1.675,1.52,0.002
-4364.924,-1443.972,1.561,-1.617,0.796,-0.011
-4364.876,-1443.899,1.562,-0.878,1.437,-0.006
-4364.848,-1444.083,1.561,-0.463,-0.679,-0.01
-4364.812,-1444.123,1.562,-0.028,-0.984,-0.001
-4364.826,-1444.011,1.562,-0.16,0.317,-0.004
-4364.804,-1443.983,1.562,0.083,0.558,-0.001
-4364.834,-1444.054,1.562,-0.238,-0.261,0.004
-4364.798,-1444.022,1.562,0.166,0.113,-0.002
-4364.79,-1444.021,1.562,0.234,0.105,-0.002
-4364.755,-1444.099,1.562,0.549,-0.716,-0.003
-4364.831,-1444.009,1.562,-0.302,0.318,-0.002
-4364.927,-1443.915,1.562,-1.252,1.236,-0.001
-4364.865,-1443.848,1.562,-0.428,1.743,0.001
-4364.894,-1443.87,1.561,-0.665,1.263,-0.008
-4364.856,-1443.921,1.562,-0.183,0.554,0.004
-4364.744,-1443.911,1.562,1.009,0.576,0.003
-4364.713,-1443.979,1.562,1.173,-0.209,0.001
-4364.742,-1443.966,1.562,0.707,-0.045,-0.003
-4364.725,-1443.918,1.562,0.772,0.449,0.004
-4364.704,-1443.898,1.563,0.875,0.596,0.007
-4364.736,-1443.948,1.562,0.415,-0.006,0.002
-4364.716,-1443.925,1.562,0.559,0.233,0.004
-4364.63,-1443.87,1.562,1.366,0.764,0.004
-4364.663,-1443.907,1.562,0.829,0.268,0.001
-4364.652,-1443.928,1.562,0.816,0.007,-0.004
-4364.683,-1443.959,1.561,0.38,-0.307,-0.011
-4364.646,-1443.837,1.561,0.707,0.992,-0.01
-4364.705,-1443.759,1.563,-0.008,1.652,0.009
-4364.695,-1443.779,1.563,0.091,1.206,0.013
-4364.761,-1443.859,1.563,-0.595,0.201,0.01
-4364.795,-1443.822,1.563,-0.861,0.553,0.006
-4364.758,-1443.853,1.563,-0.348,0.148,0.002
-4364.743,-1443.944,1.562,-0.14,-0.811,-0.003
-4364.77,-1444.033,1.563,-0.398,-1.604,0.003
-4364.833,-1444.024,1.563,-0.996,-1.274,0.003
-4364.91,-1444.104,1.562,-1.635,-1.914,0
-4365.024,-1444.005,1.562,-2.579,-0.608,0
-4364.973,-1444.059,1.563,-1.67,-1.078,0.003
-4364.936,-1444.102,1.563,-1.037,-1.362,0.004
-4365.014,-1444.043,1.563,-1.692,-0.556,0
-4364.986,-1444.078,1.563,-1.154,-0.837,0.002
-4364.98,-1444.162,1.563,-0.927,-1.575,0
-4364.945,-1444.162,1.562,-0.432,-1.341,-0.009
-4364.884,-1444.15,1.561,0.268,-1.025,-0.014
-4364.889,-1444.031,1.561,0.177,0.354,-0.01
-4364.912,-1444.025,1.561,-0.09,0.367,-0.009
-4364.872,-1444.025,1.561,0.338,0.308,-0.005
-4364.884,-1444.051,1.561,0.161,-0.003,-0.004
-4364.847,-1444.043,1.561,0.525,0.084,-0.008
-4364.87,-1443.903,1.561,0.209,1.512,-0.007
-4364.836,-1443.885,1.562,0.52,1.473,0.001
-4364.876,-1443.971,1.562,0.039,0.366,0.006
-4364.899,-1443.969,1.562,-0.206,0.331,0.004
-4364.963,-1444.049,1.562,-0.836,-0.533,0
-4364.97,-1444.024,1.562,-0.781,-0.2,-0.001
-4364.832,-1444.095,1.562,0.757,-0.9,0.006
-4364.893,-1444.282,1.563,0.019,-2.693,0.006
-4364.874,-1444.298,1.562,0.209,-2.462,0.002
-4364.732,-1444.227,1.562,1.636,-1.374,0.002
-4364.75,-1444.104,1.562,1.212,0.102,0.004
-4364.721,-1444.045,1.562,1.333,0.686,0.002
-4364.726,-1444.009,1.563,1.081,0.956,0.004
-4364.712,-1444.001,1.563,1.068,0.906,0.01
-4364.651,-1443.959,1.562,1.542,1.199,0.001
-4364.605,-1444.05,1.563,1.785,0.087,0.003
-4364.621,-1444.041,1.562,1.36,0.17,-0.001
-4364.624,-1444.089,1.563,1.128,-0.353,0.005
-4364.721,-1444.135,1.563,-0.035,-0.768,0.009
-4364.866,-1444.096,1.563,-1.524,-0.256,0.007
-4364.848,-1444.012,1.563,-1.115,0.644,0.004
-4364.814,-1443.979,1.563,-0.598,0.886,-0.002
-4364.774,-1443.886,1.562,-0.099,1.712,-0.005
-4364.805,-1443.884,1.562,-0.403,1.485,-0.01
-4364.891,-1443.802,1.561,-1.23,2.11,-0.012
-4364.929,-1443.85,1.562,-1.444,1.309,-0.006
-4364.915,-1443.828,1.561,-1.081,1.337,-0.007
-4364.839,-1443.805,1.562,-0.145,1.379,-0.002
-4364.838,-1443.868,1.562,-0.117,0.528,0.001
-4364.779,-1443.877,1.562,0.513,0.358,0.001
-4364.738,-1443.815,1.562,0.86,0.941,0.001
-4364.718,-1443.814,1.562,0.935,0.816,0.002
-4364.709,-1443.849,1.562,0.889,0.337,-0.005
-4364.749,-1443.912,1.561,0.354,-0.359,-0.008
-4364.87,-1443.921,1.562,-0.949,-0.406,-0.002
-4364.944,-1443.806,1.562,-1.57,0.838,-0.003
-4364.973,-1443.912,1.561,-1.631,-0.369,-0.004
-4365.014,-1443.99,1.562,-1.813,-1.122,0
-4365.067,-1444.075,1.562,-2.095,-1.829,0
-4364.974,-1444.147,1.562,-0.831,-2.303,0.007
-4365.061,-1444.122,1.562,-1.602,-1.705,0.006
-4365.057,-1444.176,1.563,-1.328,-2.009,0.008
-4365.059,-1444.19,1.563,-1.15,-1.857,0.007
-4365.005,-1444.125,1.563,-0.43,-0.917,0.005
-4364.905,-1444.096,1.563,0.659,-0.491,0.002
-4364.932,-1444.031,1.562,0.291,0.257,-0.001
-4364.854,-1444.047,1.562,1.044,0.054,-0.002
-4364.817,-1444.024,1.562,1.274,0.283,0.002
-4364.715,-1444.07,1.562,2.135,-0.232,0.001
-4364.827,-1444.09,1.563,0.67,-0.408,0.007
-4364.794,-1444.185,1.563,0.91,-1.321,0.003
-4364.736,-1444.081,1.563,1.374,-0.055,0.009
-4364.749,-1444.011,1.564,1.041,0.668,0.012
-4364.73,-1443.987,1.563,1.085,0.823,0.006
-4364.757,-1443.956,1.562,0.649,1.017,-0.009
-4364.812,-1443.979,1.563,-0.023,0.634,0.002
-4364.782,-1444.036,1.563,0.295,-0.05,-0.001
-4364.875,-1444.03,1.562,-0.707,0.024,-0.01
-4364.88,-1444.06,1.561,-0.653,-0.295,-0.013
-4364.943,-1444.048,1.561,-1.204,-0.128,-0.015
-4364.854,-1444.023,1.561,-0.109,0.147,-0.011
-4364.83,-1443.878,1.561,0.153,1.619,-0.009
-4364.841,-1443.956,1.561,0.013,0.584,-0.012
-4364.857,-1443.935,1.56,-0.153,0.714,-0.011
-4364.879,-1444.028,1.561,-0.357,-0.351,-0.008
-4364.908,-1444.051,1.56,-0.596,-0.535,-0.009
-4364.841,-1444.103,1.56,0.177,-0.993,-0.009
-4364.825,-1444.157,1.56,0.312,-1.401,-0.008
-4364.868,-1444.132,1.56,-0.174,-0.938,-0.008
-4364.835,-1443.757,1.558,0.194,3.053,-0.027
-4364.674,-1443.029,1.556,1.817,10.107,-0.043
-4364.543,-1441.625,1.552,2.9,23.072,-0.069
-4364.369,-1439.751,1.549,4.268,38.971,-0.093
-4363.941,-1437.257,1.546,8.043,58.909,-0.107
-4363.334,-1434.294,1.543,13.112,80.75,-0.115
-4362.861,-1431.118,1.541,16.055,101.577,-0.117
-4362.267,-1427.88,1.542,19.807,119.967,-0.096
-4361.694,-1424.647,1.543,22.788,135.61,-0.073
-4361.258,-1421.442,1.543,23.928,148.66,-0.057
-4360.805,-1418.172,1.545,25.08,160.457,-0.032
-4360.353,-1415.119,1.547,26.042,168.292,-0.009
-4359.908,-1412.216,1.548,26.786,173.428,0.006
-4359.476,-1409.399,1.55,27.296,176.921,0.016
-4359.067,-1406.527,1.55,27.49,180.472,0.021
-4358.721,-1403.652,1.552,27.015,183.518,0.03
-4358.286,-1400.832,1.552,27.523,185.564,0.026
-4357.882,-1398.049,1.552,27.632,186.927,0.026
-4357.671,-1395.31,1.552,25.741,187.634,0.021
-4357.4,-1392.61,1.552,24.739,187.836,0.021
-4357.128,-1390.061,1.553,23.898,186.45,0.023
-4356.91,-1387.53,1.552,22.636,185.085,0.012
-4356.575,-1385.019,1.552,22.752,183.711,0.013
-4356.307,-1382.645,1.552,22.17,181.139,0.006
-4356.205,-1380.043,1.552,19.961,181.281,0.012
-4355.926,-1377.462,1.553,19.895,181.195,0.011
-4355.719,-1374.931,1.551,19.098,180.602,-0.001
-4355.317,-1372.434,1.551,20.428,179.741,-0.003
-4354.875,-1369.912,1.552,21.98,179.279,0.004
-4354.265,-1367.444,1.552,25.024,178.311,0.004
-4353.707,-1364.954,1.552,27.084,177.723,0.001
-4353.153,-1362.496,1.552,28.804,176.893,0.002
-4352.773,-1360.015,1.551,28.48,176.422,-0.008
-4352.407,-1357.564,1.551,28.061,175.709,-0.005
-4352.151,-1355.049,1.552,26.57,175.757,0.004
-4351.761,-1352.592,1.553,26.672,175.198,0.018
-4351.405,-1350.087,1.553,26.421,175.228,0.015
-4351.154,-1347.671,1.554,25.111,174.326,0.018
-4350.827,-1345.161,1.555,24.792,174.528,0.024
-4350.479,-1342.528,1.556,24.728,175.967,0.028
-4349.92,-1340.045,1.556,26.842,175.649,0.026
-4349.407,-1337.692,1.556,28.176,174.045,0.025
-4348.967,-1335.159,1.557,28.563,174.517,0.032
-4348.696,-1332.724,1.558,27.155,173.927,0.032
-4348.397,-1330.164,1.558,26.237,174.701,0.026
-4348.121,-1327.701,1.557,25.221,174.365,0.021
-4347.832,-1325.189,1.557,24.491,174.582,0.011
-4347.563,-1322.704,1.556,23.652,174.487,0
-4347.366,-1320.133,1.556,22.202,175.289,0
-4347.147,-1317.717,1.555,21.189,174.386,-0.009
-4346.991,-1315.218,1.554,19.684,174.462,-0.016
-4346.752,-1312.769,1.554,19.251,174.018,-0.014
-4346.512,-1310.286,1.555,18.885,173.991,-0.005
-4346.221,-1307.841,1.556,19.108,173.571,0.007
-4345.755,-1305.438,1.555,21.088,172.777,-0.006
-4345.278,-1302.928,1.554,22.903,173.209,-0.009
-4344.687,-1300.468,1.554,25.623,173.069,-0.004
-4344.283,-1297.937,1.555,26.008,173.666,0.002
-4343.805,-1295.402,1.555,27.101,174.224,0.005
-4343.27,-1292.745,1.556,28.627,175.95,0.01
-4342.806,-1290.203,1.556,29.19,176.247,0.01
-4342.544,-1287.648,1.557,27.592,176.634,0.018
-4342.114,-1285.224,1.557,27.969,175.609,0.016
-4341.67,-1282.835,1.557,28.422,174.37,0.009
-4341.316,-1280.292,1.556,27.888,174.91,-0.002
-4340.936,-1277.951,1.555,27.699,173.291,-0.005
-4340.612,-1275.549,1.556,26.962,172.533,0.002
-4340.348,-1273.093,1.557,25.72,172.442,0.008
-4340.002,-1270.603,1.556,25.489,172.707,0
-4339.73,-1268.042,1.555,24.545,173.677,-0.011
-4339.322,-1265.521,1.555,25.136,174.088,-0.007
-4338.951,-1263.091,1.556,25.258,173.505,-0.001
-4338.565,-1260.511,1.555,25.518,174.542,-0.003
-4338.285,-1258.031,1.557,24.65,174.41,0.009
-4337.966,-1255.601,1.556,24.308,173.77,0.005
-4337.788,-1253.046,1.554,22.566,174.524,-0.014
-4337.44,-1250.733,1.553,22.829,172.668,-0.021
-4337.119,-1247.643,1.551,22.775,179.082,-0.042
-4336.681,-1244.69,1.55,23.935,183.14,-0.049
-4336.111,-1241.918,1.55,26.277,184.749,-0.041
-4335.572,-1239.076,1.549,27.967,186.837,-0.04
-4335.016,-1236.318,1.549,29.576,187.749,-0.031
-4334.553,-1233.513,1.551,29.995,189.018,-0.013
-4334.003,-1230.779,1.551,31.248,189.358,-0.007
-4333.535,-1228.141,1.553,31.464,188.668,0.012
-4332.983,-1225.614,1.556,32.517,186.941,0.04
-4332.7,-1222.986,1.556,30.652,186.505,0.033
-4332.304,-1220.457,1.556,30.225,185.111,0.029
-4332.044,-1217.998,1.557,28.456,183.194,0.03
-4331.705,-1215.579,1.556,27.756,181.156,0.017
-4331.387,-1213.287,1.556,26.949,178.111,0.017
-4331.143,-1210.926,1.555,25.504,176.225,0.008
-4330.962,-1208.596,1.555,23.606,174.289,0.002
-4330.779,-1206.226,1.556,22.025,173.061,0.014
-4330.424,-1203.942,1.557,22.436,171.123,0.018
-4330.137,-1201.509,1.557,22.095,170.997,0.018
-4329.863,-1199.013,1.557,21.663,171.545,0.011
-4329.45,-1196.654,1.556,22.73,170.608,0.002
-4329.123,-1194.172,1.557,22.756,171.062,0.01
-4328.671,-1191.699,1.556,24.055,171.369,0.003
-4328.196,-1189.342,1.556,25.415,170.431,-0.002
-4327.654,-1186.884,1.554,27.257,170.665,-0.02
-4327.075,-1184.442,1.553,29.213,170.713,-0.025
-4326.531,-1181.92,1.553,30.511,171.565,-0.025
-4326.066,-1179.443,1.553,30.814,171.836,-0.014
-4325.622,-1177.059,1.553,30.855,171.106,-0.015
-4325.267,-1174.509,1.554,29.971,172.19,-0.007
-4324.981,-1172.011,1.554,28.5,172.586,0.002
-4324.582,-1169.422,1.554,28.422,173.863,0.002
-4324.325,-1166.896,1.554,26.883,174.29,-0.002
-4323.872,-1163.669,1.555,27.596,181.879,0.002
-4323.484,-1160.514,1.555,27.535,187.615,0.006
-4323.119,-1157.542,1.555,27.242,190.617,0.003
-4322.606,-1154.759,1.555,28.511,191.229,0.004
-4322.217,-1151.973,1.555,28.33,191.786,0.005
-4321.83,-1149.293,1.557,28.142,191.171,0.023
-4321.562,-1146.511,1.557,26.758,191.698,0.016
-4321.279,-1143.821,1.557,25.746,191.198,0.015
-4320.97,-1141.34,1.557,25.141,188.618,0.016
-4320.586,-1138.906,1.558,25.388,185.945,0.021
-4320.468,-1136.362,1.557,22.877,184.785,0.01
-4320.037,-1133.988,1.555,23.951,182.044,-0.01
-4319.588,-1131.579,1.555,25.044,180.069,-0.009
-4319.091,-1129.157,1.554,26.476,178.523,-0.016
-4318.412,-1126.899,1.554,29.573,175.515,-0.017
-4317.735,-1124.565,1.553,32.193,173.728,-0.018
-4317.117,-1122.12,1.553,33.822,173.355,-0.024
-4316.545,-1119.625,1.552,34.741,173.537,-0.03
-4316.008,-1117.118,1.553,35.159,173.829,-0.012
-4315.687,-1114.668,1.554,33.293,173.492,0
-4315.316,-1112.113,1.555,32.212,174.271,0.007
-4315.077,-1109.771,1.555,29.94,172.758,0.006
-4314.926,-1107.227,1.555,27.085,173.536,0.004
-4314.72,-1104.673,1.555,25.226,174.31,0.006
-4314.505,-1102.18,1.553,23.725,174.335,-0.016
-4314.245,-1099.747,1.553,22.917,173.744,-0.008
-4314.085,-1097.324,1.553,21.195,173.135,-0.008
-4313.887,-1094.941,1.553,20.12,172.207,-0.005
-4313.485,-1092.635,1.554,21.291,170.618,0.001
-4313.137,-1090.217,1.555,21.743,170.421,0.01
-4312.662,-1087.799,1.556,23.436,170.249,0.015
-4312.118,-1085.246,1.557,25.597,171.494,0.025
-4311.65,-1082.791,1.557,26.647,171.549,0.023
-4311.206,-1080.287,1.558,27.3,172.097,0.027
-4310.72,-1077.839,1.557,28.29,171.987,0.016
-4310.338,-1075.365,1.557,28.051,172.164,0.011
-4309.899,-1072.374,1.556,28.445,177.64,0.006
-4309.311,-1069.56,1.556,30.325,180.485,-0.002
-4308.978,-1066.744,1.555,29.292,182.926,-0.011
-4308.593,-1064.015,1.554,28.949,184.12,-0.017
-4308.211,-1061.412,1.554,28.621,183.837,-0.013
-4307.802,-1058.723,1.555,28.617,184.484,-0.005
-4307.494,-1056.051,1.555,27.581,184.863,-0.001
-4307.165,-1053.328,1.554,26.922,185.7,-0.008
-4306.88,-1050.691,1.555,25.885,185.542,-0.001
-4306.545,-1048.087,1.555,25.531,185.059,-0.001
-4306.253,-1045.495,1.555,24.781,184.533,-0.001
-4305.976,-1042.94,1.555,23.991,183.691,0.001
-4305.688,-1040.578,1.555,23.431,180.999,0.001
-4305.426,-1038.151,1.555,22.672,179.359,0.002
-4305.203,-1035.864,1.554,21.639,176.532,-0.013
-4304.939,-1033.627,1.553,21.177,173.598,-0.014
-4304.841,-1031.409,1.554,19.072,170.897,-0.007
-4304.638,-1029.095,1.554,18.355,169.589,-0.005
-4304.477,-1026.685,1.555,17.313,169.456,0.004
-4304.294,-1024.219,1.555,16.65,169.924,0.006
-4304.053,-1021.643,1.555,16.683,171.453,0.007
-4303.766,-1019.177,1.554,17.18,171.619,-0.003
-4303.521,-1016.545,1.554,17.179,173.478,-0.007
-4303.064,-1014.148,1.553,19.351,172.639,-0.018
-4302.485,-1011.68,1.552,22.474,172.658,-0.026
-4301.947,-1009.38,1.551,24.702,170.947,-0.027
-4301.422,-1006.93,1.551,26.476,171.024,-0.026
-4300.999,-1004.603,1.551,26.937,169.826,-0.024
-4300.304,-1002.102,1.551,30.13,170.604,-0.013
-4299.876,-999.642,1.551,30.1,170.833,-0.016
-4299.564,-996.953,1.552,28.89,173.399,-0.004
-4299.274,-994.542,1.552,27.623,172.708,-0.002
-4298.94,-992.022,1.552,27.004,173.254,-0.001
-4298.737,-989.545,1.553,25.123,173.276,0.005
-4298.557,-986.929,1.553,23.281,174.727,0.003
-4298.289,-984.423,1.554,22.62,174.823,0.016
-4297.988,-982.005,1.554,22.382,174.01,0.014
-4297.597,-979.565,1.554,23.127,173.536,0.011
-4297.134,-977.128,1.554,24.486,173.105,0.009
-4296.797,-974.646,1.555,24.353,173.197,0.02
-4296.459,-972.146,1.555,24.251,173.459,0.014
-4296.011,-969.696,1.554,25.295,173.172,0.005
-4295.54,-967.312,1.554,26.433,172.244,0.005
-4295.035,-964.822,1.554,27.743,172.546,-0.001
-4294.659,-962.382,1.552,27.533,172.296,-0.014
-4294.381,-959.828,1.551,26.343,173.247,-0.02
-4293.996,-957.36,1.551,26.433,173.171,-0.019
-4293.568,-954.888,1.551,26.945,173.156,-0.015
-4293.279,-952.499,1.551,25.958,172.28,-0.017
-4292.971,-950.12,1.551,25.315,171.442,-0.012
-4292.491,-947.662,1.552,26.534,171.534,0
-4292.006,-945.081,1.553,27.626,172.878,0.005
-4291.549,-942.645,1.553,28.263,172.529,0.011
-4291.082,-940.156,1.553,28.917,172.78,0.008
-4290.688,-937.668,1.554,28.713,172.984,0.01
-4290.2,-934.99,1.556,29.519,175.106,0.027
-4289.81,-932.504,1.557,29.195,174.944,0.04
-4289.484,-929.962,1.558,28.255,175.387,0.037
-4289.175,-927.481,1.558,27.281,175.133,0.038
-4288.892,-925.16,1.557,26.19,173.274,0.023
-4288.641,-922.716,1.557,24.916,172.956,0.016
-4288.416,-920.395,1.555,23.573,171.409,0
-4288.135,-918.086,1.555,22.996,169.971,-0.009
-4287.717,-915.775,1.553,23.917,168.767,-0.019
-4287.28,-913.3,1.553,24.902,169.427,-0.017
-4286.769,-910.865,1.553,26.498,169.577,-0.013
-4286.22,-908.488,1.554,28.249,169.105,-0.003
-4285.666,-906.088,1.554,29.805,168.942,-0.005
-4285.06,-903.593,1.555,31.658,169.785,0.006
-4284.485,-901.149,1.555,32.915,169.975,0.007
-4283.961,-898.544,1.555,33.468,171.793,0.001
-4283.495,-896.198,1.555,33.351,170.684,-0.001
-4283.072,-893.863,1.553,32.801,169.617,-0.017
-4282.808,-891.506,1.551,30.691,168.936,-0.028
-4282.456,-889.248,1.551,29.804,167.334,-0.026
-4282.186,-886.818,1.551,28.2,167.742,-0.025
-4281.757,-884.324,1.552,28.463,168.744,-0.014
-4281.469,-881.838,1.552,27.246,169.527,-0.013
-4281.047,-879.404,1.552,27.578,169.649,-0.004
-4280.713,-876.882,1.553,26.965,170.668,0.007
-4280.315,-874.372,1.555,27.098,171.405,0.016
-4279.903,-871.795,1.554,27.353,172.729,0.011
-4279.404,-869.219,1.555,28.467,173.838,0.015
-4278.84,-866.769,1.555,30.082,173.494,0.014
-4278.299,-864.355,1.555,31.232,172.833,0.009
-4277.73,-862.027,1.554,32.498,171.382,0.002
-4277.24,-859.67,1.553,32.762,170.437,-0.004
-4276.752,-857.344,1.553,32.964,169.321,-0.009
-4276.302,-855.04,1.552,32.748,168.138,-0.018
-4275.853,-852.645,1.55,32.559,168.065,-0.029
-4275.469,-850.264,1.549,31.724,167.859,-0.034
-4275.007,-847.899,1.548,31.812,167.52,-0.038
-4274.588,-845.622,1.549,31.451,166.329,-0.028
-4273.995,-843.181,1.548,32.929,166.996,-0.031
-4273.3,-840.707,1.548,35.244,167.9,-0.029
-4272.666,-838.097,1.548,36.59,170.077,-0.025
-4271.706,-835.601,1.548,41.083,170.764,-0.015
-4270.854,-833.352,1.548,43.81,168.807,-0.013
-4270.018,-831.063,1.548,45.975,167.542,-0.017
-4269.159,-828.893,1.548,48.059,165.24,-0.014
-4268.217,-826.719,1.548,50.685,163.317,-0.008
-4267.214,-824.447,1.548,53.557,162.691,-0.008
-4266.307,-822.095,1.548,55.027,162.977,-0.01
-4265.307,-819.8,1.549,57.221,162.633,0.003
-4264.483,-817.575,1.549,57.285,161.622,0.002
-4263.721,-815.198,1.549,56.716,162.329,0
-4262.844,-812.947,1.548,57.398,161.626,-0.006
-4261.563,-809.819,1.547,62.145,170.058,-0.017
-4260.352,-806.927,1.548,65.475,174.816,-0.009
-4259.3,-803.99,1.548,66.671,179.341,0.001
-4258.194,-801.341,1.549,68.257,180.243,0.011
-4257.253,-798.745,1.55,67.898,180.459,0.019
-4256.165,-796.305,1.55,69.115,179.039,0.012
-4255.237,-793.914,1.55,68.506,177.322,0.013
-4254.31,-791.706,1.55,67.973,173.978,0.006
-4253.526,-789.468,1.549,66.052,171.431,-0.003
-4252.661,-787.326,1.548,65.239,168.27,-0.011
-4252.007,-785.328,1.546,62.379,164.084,-0.025
-4251.311,-783.179,1.544,60.367,162.077,-0.045
-4250.679,-780.937,1.543,57.999,161.327,-0.05
-4250.062,-778.684,1.541,55.82,160.796,-0.058
-4249.316,-776.561,1.539,55.286,159.005,-0.073
-4248.526,-774.408,1.538,55.291,157.778,-0.067
-4247.61,-772.23,1.538,56.587,156.998,-0.059
-4246.493,-769.53,1.538,59.774,161.704,-0.049
-4245.347,-766.74,1.539,62.774,166.643,-0.03
-4244.135,-763.979,1.54,66.023,170.562,-0.017
-4243.043,-761.285,1.541,67.551,173.208,-0.003
-4241.896,-758.679,1.541,69.421,174.564,-0.003
-4240.918,-756.179,1.542,69.285,174.629,0.003
-4240.087,-753.662,1.543,67.652,174.859,0.01
-4239.601,-751.175,1.544,62.706,174.743,0.022
-4239.102,-748.815,1.543,58.622,173.341,0.012
-4238.669,-746.399,1.543,54.453,172.719,0.004
-4238.185,-743.948,1.542,51.431,172.554,-0.002
-4237.717,-741.522,1.542,48.686,172.151,-0.008
-4237.451,-739.147,1.541,44.262,171.281,-0.009
-4237.048,-736.779,1.541,41.897,170.469,-0.008
-4236.468,-734.387,1.541,41.715,170.023,-0.012
-4236.058,-731.931,1.54,39.801,170.303,-0.016
-4235.557,-729.631,1.539,39.106,168.934,-0.025
-4235.07,-727.394,1.538,38.365,167.118,-0.03
-4234.522,-725.213,1.538,38.363,164.997,-0.026
-4234.04,-722.875,1.539,37.686,164.803,-0.016
-4233.612,-720.446,1.538,36.549,165.573,-0.018
-4233.286,-718.054,1.537,34.533,165.847,-0.029
-4232.917,-715.713,1.536,33.252,165.553,-0.031
-4232.576,-713.267,1.535,31.869,166.39,-0.033
-4232.295,-710.931,1.536,30.073,165.959,-0.024
-4231.961,-708.442,1.535,29.086,167.178,-0.023
-4231.621,-705.924,1.537,28.314,168.518,-0.008
-4231.25,-703.478,1.537,27.972,168.909,0
-4230.952,-701.053,1.538,26.923,169.039,0.007
-4230.512,-698.584,1.539,27.488,169.594,0.013
-4229.983,-696.081,1.54,28.896,170.422,0.023
-4229.528,-693.592,1.539,29.326,170.979,0.012
-4229.146,-691.126,1.54,28.954,171.224,0.018
-4228.813,-688.722,1.54,28.121,170.786,0.016
-4228.322,-686.589,1.54,29.032,167.629,0.011
-4227.842,-684.384,1.54,29.706,165.674,0.01
-4227.469,-682.173,1.539,29.179,164.072,0.003
-4226.994,-679.838,1.54,29.78,163.982,0.004
-4226.653,-677.547,1.539,28.906,163.453,0.001
-4226.181,-675.206,1.539,29.515,163.515,-0.003
-4225.694,-672.982,1.539,30.186,162.359,-0.003
-4225.296,-670.579,1.538,29.847,163.225,-0.011
-4224.866,-668.254,1.539,29.888,163.147,-0.003
-4224.21,-665.925,1.538,32.239,163.133,-0.012
-4223.667,-663.553,1.538,33.094,163.561,-0.01
-4223.12,-661.309,1.537,33.854,162.611,-0.012
-4222.532,-659.079,1.538,34.927,161.65,-0.001
-4222.179,-656.77,1.538,33.432,161.649,-0.006
-4221.817,-654.489,1.537,32.232,161.36,-0.01
-4221.286,-652.359,1.538,32.961,159.551,-0.006
-4220.807,-650.06,1.538,33.053,159.759,0.003
-4220.245,-647.684,1.539,33.971,160.72,0.01
-4219.892,-645.373,1.539,32.611,160.876,0.008
-4219.552,-643.08,1.54,31.315,160.823,0.011
-4219.076,-640.836,1.539,31.61,160.275,0.005
-4218.57,-638.52,1.539,32.172,160.543,0.008
-4218.208,-636.28,1.539,31.161,159.988,0.004
-4217.818,-633.994,1.539,30.598,159.994,0.004
-4217.425,-631.797,1.539,30.141,159.088,0.005
-4216.91,-629.473,1.539,31.013,159.608,-0.003
-4216.561,-627.146,1.539,30.046,160.093,0.005
-4216.11,-624.874,1.538,30.268,159.944,-0.006
-4215.581,-622.588,1.538,31.266,159.955,-0.005
-4215.108,-620.268,1.538,31.536,160.316,-0.004
-4214.722,-617.828,1.539,30.866,161.85,0.002
-4214.256,-615.462,1.538,31.127,162.41,-0.006
-4213.898,-612.942,1.537,30.229,164.463,-0.017
-4213.437,-610.538,1.536,30.535,165.023,-0.027
-4212.877,-608.219,1.535,31.808,164.627,-0.031
-4212.493,-605.806,1.536,31.083,165.26,-0.017
-4212.032,-603.389,1.537,31.262,165.838,-0.001
-4211.713,-601.061,1.537,29.944,165.413,0.002
-4211.389,-598.453,1.538,28.874,167.933,0.003
-4211.001,-595.835,1.54,28.619,170.189,0.022
-4210.489,-593.362,1.54,29.691,170.616,0.026
-4210.205,-590.892,1.542,28.246,170.954,0.041
-4210.023,-588.367,1.544,25.963,171.814,0.055
-4209.886,-585.867,1.546,23.552,172.281,0.06
-4209.538,-583.491,1.546,23.675,171.4,0.056
-4209.292,-581.122,1.546,22.731,170.576,0.042
-4208.978,-578.777,1.546,22.614,169.636,0.035
-4208.688,-576.418,1.546,22.269,168.969,0.029
-4208.257,-574.058,1.546,23.434,168.415,0.027
-4207.907,-571.664,1.547,23.599,168.301,0.032
-4207.43,-569.339,1.548,25.032,167.483,0.037
-4206.907,-567.011,1.548,26.733,166.812,0.037
-4206.43,-564.748,1.549,27.713,165.576,0.036
-4206.015,-562.237,1.549,27.916,167.081,0.034
-4205.593,-559.841,1.549,28.148,167.168,0.028
-4205.19,-557.22,1.548,28.158,169.568,0.019
-4204.802,-554.827,1.546,28.013,169.27,-0.004
-4204.529,-552.403,1.544,26.701,169.326,-0.023
-4204.288,-550.102,1.544,25.258,168.116,-0.026
-4204.146,-547.844,1.543,23.004,166.64,-0.029
-4203.989,-545.416,1.542,21.24,167.119,-0.034
-4203.778,-543.035,1.542,20.283,167.057,-0.03
-4203.477,-540.679,1.543,20.401,166.739,-0.013
-4203.29,-538.455,1.543,19.328,165.115,-0.009
-4203.036,-535.984,1.544,19.1,166.269,-0.001
-4202.86,-533.593,1.545,18.103,166.432,0.008
-4202.572,-531.07,1.546,18.402,167.931,0.016
-4202.252,-528.616,1.547,18.989,168.497,0.023
-4201.936,-525.813,1.547,19.455,172.572,0.021
-4201.73,-523.384,1.548,18.716,172.202,0.024
-4201.377,-520.85,1.547,19.593,172.959,0.016
-4201.067,-518.594,1.548,19.901,170.748,0.022
-4200.737,-516.222,1.548,20.374,170.06,0.014
-4200.485,-513.951,1.548,19.97,168.424,0.019
-4200.147,-511.665,1.549,20.512,167.189,0.025
-4199.932,-509.327,1.548,19.717,166.666,0.013
-4199.675,-506.935,1.548,19.459,166.786,0.008
-4199.265,-504.517,1.548,20.815,167.148,0.005
-4198.797,-502.222,1.548,22.577,166.188,0.002
-4198.321,-499.902,1.547,24.153,165.638,-0.004
-4197.79,-497.554,1.546,26.067,165.448,-0.011
-4197.215,-495.155,1.546,28.155,165.814,-0.008
-4196.672,-492.871,1.547,29.598,164.937,-0.004
-4196.278,-490.713,1.547,29.311,162.903,-0.002
-4195.676,-487.816,1.548,31.19,168.767,0.007
-4194.829,-485.292,1.549,35.333,169.926,0.013
-4194.102,-482.64,1.549,37.617,172.241,0.015
-4193.51,-480.018,1.549,38.178,173.901,0.014
-4192.909,-477.325,1.55,38.748,176.051,0.021
-4192.361,-474.606,1.55,38.695,178.151,0.022
-4191.611,-472.05,1.552,40.717,178.266,0.03
-4190.982,-469.747,1.552,41.203,175.751,0.027
-4190.431,-467.425,1.553,40.822,173.812,0.033
-4189.947,-465.132,1.553,39.801,171.857,0.028
-4189.417,-462.804,1.552,39.411,170.548,0.018
-4188.938,-460.493,1.552,38.536,169.253,0.011
-4188.205,-458.203,1.553,40.419,167.941,0.018
-4187.559,-455.932,1.554,41.127,166.621,0.026
-4186.946,-453.626,1.554,41.385,165.856,0.027
-4186.352,-451.19,1.553,41.419,166.543,0.013
-4185.684,-448.929,1.552,42.198,165.32,-0.001
-4185.028,-446.594,1.551,42.744,165.044,-0.014
-4184.607,-444.265,1.55,40.791,164.756,-0.022
-4184.044,-441.97,1.548,40.586,164.152,-0.035
-4183.529,-439.737,1.547,39.922,162.998,-0.042
-4183.085,-437.624,1.545,38.624,160.774,-0.045
-4182.58,-435.324,1.546,38.141,160.808,-0.035
-4182.064,-433.35,1.544,37.839,157.481,-0.045
-4181.546,-431.099,1.544,37.614,157.495,-0.037
-4180.963,-428.764,1.544,38.086,158.365,-0.039
-4180.453,-426.312,1.544,37.738,160.323,-0.034
-4179.855,-423.882,1.544,38.338,161.757,-0.028
-4179.418,-421.468,1.544,37.199,162.825,-0.022
-4178.828,-419.057,1.545,37.803,163.7,-0.01
-4178.448,-416.507,1.545,36.152,165.879,-0.009
-4178.036,-414.04,1.546,35.078,166.877,0.004
-4177.641,-411.542,1.546,33.988,168.045,0.001
-4177.188,-409.067,1.546,33.659,168.812,0.003
-4176.88,-406.731,1.545,31.867,168.033,-0.007
-4176.592,-404.39,1.545,30.153,167.427,-0.005
-4176.413,-402.011,1.545,27.559,167.291,-0.002
-4176.266,-399.594,1.546,25.021,167.576,0.004
-4175.915,-397.084,1.546,24.952,168.765,0
-4175.674,-394.558,1.545,23.761,169.952,-0.002
-4175.534,-392.065,1.547,21.715,170.625,0.01
-4175.282,-389.709,1.548,21.113,169.786,0.022
-4174.989,-387.312,1.548,21.027,169.488,0.016
-4174.51,-384.82,1.548,22.866,170.214,0.015
-4174.113,-382.28,1.547,23.59,171.334,0.009
-4173.65,-379.994,1.547,24.887,169.669,0
-4173.04,-377.651,1.546,27.503,168.834,-0.006
-4172.545,-375.349,1.545,28.548,167.71,-0.01
-4172.037,-373.203,1.545,29.585,165.135,-0.013
-4171.519,-370.862,1.545,30.571,164.943,-0.011
-4170.911,-368.419,1.546,32.331,165.839,-0.003
-4170.392,-366.107,1.547,32.921,165.254,0.013
-4169.972,-363.774,1.546,32.401,164.963,0
-4169.482,-361.518,1.547,32.682,163.933,0.005
-4168.963,-359.054,1.547,33.216,165.188,0.003
-4168.562,-356.622,1.547,32.467,165.93,0.007
-4168.152,-354.134,1.548,31.909,167.135,0.013
-4167.807,-351.652,1.548,30.761,168.109,0.013
-4167.371,-349.307,1.548,30.734,167.529,0.01
-4166.933,-346.914,1.547,30.725,167.526,0.003
-4166.542,-344.497,1.547,30.222,167.776,-0.004
-4166.214,-342.023,1.546,29.154,168.564,-0.006
-4165.976,-339.568,1.545,27.321,169.051,-0.014
-4165.784,-337.064,1.546,25.28,169.969,-0.007
-4165.475,-334.515,1.545,24.747,171.212,-0.013
-4165.38,-331.983,1.545,22.075,172.095,-0.01
-4165.143,-329.464,1.545,21.274,172.721,-0.007
-4164.929,-327.004,1.545,20.352,172.64,-0.011
-4164.711,-324.678,1.545,19.6,171.201,-0.007
-4164.381,-322.237,1.544,20.116,171.154,-0.012
-4164.048,-319.966,1.544,20.586,169.362,-0.011
-4163.892,-317.621,1.544,19.159,168.588,-0.016
-4163.464,-315.293,1.543,20.752,167.758,-0.017
-4163.145,-313.027,1.544,20.983,166.42,-0.013
-4162.854,-310.572,1.543,20.899,167.215,-0.014
-4162.585,-308.307,1.544,20.581,165.944,-0.007
-4162.333,-305.752,1.545,20.152,167.842,0.004
-4162.076,-303.387,1.545,19.837,167.507,0.01
-4161.86,-300.882,1.546,19.141,168.654,0.017
-4161.763,-298.342,1.548,17.329,170.004,0.027
-4161.579,-295.792,1.549,16.67,171.253,0.032
-4161.433,-293.52,1.549,15.725,169.453,0.033
-4161.261,-291.19,1.548,15.181,168.519,0.019
-4161.133,-288.763,1.548,14.269,168.722,0.015
-4160.818,-286.507,1.548,15.412,167.137,0.011
-4160.651,-284.176,1.548,14.862,166.55,0.012
-4160.396,-282.016,1.548,15.298,164.292,0.01
-4160.1,-279.607,1.549,16.103,164.931,0.018
-4159.875,-277.393,1.551,16.05,163.465,0.031
-4159.633,-275.183,1.551,16.18,162.177,0.03
-4159.589,-272.94,1.551,14.25,161.419,0.028
-4159.445,-270.567,1.551,13.642,162.107,0.021
-4159.401,-268.254,1.552,12.087,162.084,0.024
-4159.26,-265.905,1.551,11.756,162.43,0.017
-4154.031,-257.131,1.55,63.862,228.861,0.004
-4149.455,-249.4,1.549,101.577,274.794,-0.005
-4145.709,-242.592,1.548,125.202,304.461,-0.017
-4142.559,-236.629,1.547,139.218,321.079,-0.024
-4139.981,-231.609,1.546,145.284,325.536,-0.026
-4138.003,-227.215,1.547,144.284,322.892,-0.016
-4136.413,-223.283,1.548,139.434,315.89,-0.007
-4135.325,-219.813,1.55,130.129,305.155,0.014
-4134.516,-216.625,1.551,119.321,293.089,0.024
-4134.161,-213.824,1.552,105.42,278.829,0.029
-4133.966,-211.346,1.553,91.922,263.328,0.03
-4133.903,-208.904,1.553,79.059,249.746,0.028
-4133.928,-206.83,1.553,67.168,234.361,0.025
-4134.034,-204.911,1.552,56.207,219.649,0.01
-4134.178,-203.08,1.552,46.451,206.198,0.013
-4134.368,-201.225,1.552,37.666,194.973,0.003
-4134.446,-199.388,1.552,31.325,185.211,0.01
-4134.604,-197.333,1.552,25.097,179.122,0.01
-4134.771,-195.19,1.552,19.675,174.842,0.004
-4134.902,-193.045,1.554,15.435,171.214,0.018
-4134.875,-190.766,1.554,13.451,169.498,0.017
-4134.838,-188.535,1.554,11.849,167.539,0.02
-4134.888,-186.507,1.555,9.597,163.768,0.026
-4134.7,-184.395,1.556,10.117,161.432,0.026
-4134.457,-182.237,1.556,11.131,159.902,0.022
-4134.374,-180.08,1.556,10.346,158.596,0.021
-4134.314,-177.927,1.555,9.445,157.435,0.013
-4134.125,-175.795,1.554,10.007,156.231,-0.001
-4133.998,-173.703,1.553,9.834,154.786,-0.014
-4133.691,-171.211,1.554,11.551,157.685,0.002
-4138.478,-174.916,1.556,-39.428,96.35,0.016
-4137.395,-171.557,1.557,-22.483,116.754,0.025
-4136.458,-168.212,1.557,-9.527,134.023,0.025
-4135.612,-164.997,1.558,0.578,147.411,0.029
-4134.815,-161.732,1.558,8.699,159.341,0.029
-4134.136,-158.581,1.559,14.408,168.346,0.026
-4133.479,-155.685,1.558,19.061,173.399,0.013
-4132.872,-152.774,1.557,22.506,177.873,0.01
-4132.286,-150.068,1.556,25.222,179.563,-0.002
-4131.701,-147.409,1.556,27.541,180.534,-0.002
-4131.408,-144.802,1.558,26.501,180.819,0.011
-4130.962,-142.478,1.558,27.193,178.149,0.009
-4130.524,-140.07,1.557,27.709,176.738,0.004
-4130.263,-137.718,1.556,26.317,174.961,-0.005
-4130.057,-135.236,1.556,24.574,174.788,-0.004
-4129.833,-132.815,1.557,23.262,174.004,0.005
-4129.537,-130.587,1.558,22.884,171.348,0.015
-4129.227,-128.33,1.558,22.719,169.384,0.008
-4128.862,-126.12,1.556,23.131,167.226,-0.007
-4128.457,-123.777,1.555,23.895,166.756,-0.024
-4127.998,-121.564,1.553,25.112,165.012,-0.033
-4127.541,-119.39,1.553,26.126,163.119,-0.032
-4127.098,-117.202,1.554,26.836,161.661,-0.02
-4126.709,-114.96,1.554,26.897,160.96,-0.013
-4126.242,-112.798,1.556,27.746,159.546,0.005
-4125.814,-110.633,1.557,28.076,158.373,0.016
-4125.345,-108.552,1.558,28.77,156.501,0.027
-4124.785,-106.577,1.559,30.311,153.819,0.028
-4124.358,-104.617,1.56,30.241,151.377,0.032
-4123.953,-102.5,1.56,29.969,150.91,0.028
-4123.386,-100.424,1.562,31.393,150.086,0.042
-4122.872,-98.295,1.562,32.07,149.928,0.035
-4122.169,-95.864,1.563,34.592,152.905,0.04
-4121.447,-93.312,1.562,36.939,156.688,0.027
-4120.699,-90.946,1.563,39.204,158.004,0.033
-4119.865,-88.597,1.564,42.027,158.954,0.037
-4118.907,-86.165,1.564,45.703,160.606,0.033
-4118.201,-83.679,1.564,46.251,162.586,0.032
-4117.618,-81.135,1.564,45.453,164.861,0.025
-4116.875,-78.6,1.564,46.42,166.717,0.022
-4116.299,-76.021,1.564,45.518,168.745,0.015
-4115.78,-73.423,1.563,44.174,170.672,0.005
-4115.224,-70.843,1.562,43.399,172.129,-0.008
-4114.69,-68.344,1.56,42.512,172.545,-0.02
-4114.198,-65.988,1.558,41.319,171.42,-0.036
-4113.811,-63.516,1.558,39.237,171.665,-0.035
-4113.389,-61.142,1.557,37.802,170.856,-0.041
-4112.945,-58.722,1.556,36.817,170.639,-0.041
-4112.485,-56.469,1.555,36.139,168.74,-0.041
-4112.195,-54.083,1.555,33.803,168.488,-0.044
-4111.762,-51.592,1.554,33.297,169.354,-0.043
-4111.439,-49.153,1.554,31.725,169.55,-0.04
-4111.131,-46.66,1.553,30.224,170.279,-0.041
-4110.77,-44.007,1.553,29.502,172.553,-0.037
-4110.406,-41.089,1.551,28.903,177.213,-0.044
-4109.974,-38.197,1.551,29.108,180.924,-0.042
-4109.579,-35.476,1.551,28.896,182.329,-0.036
-4109.281,-32.903,1.55,27.708,182,-0.041
-4108.799,-30.211,1.549,28.59,182.952,-0.04
-4108.308,-27.599,1.55,29.451,182.929,-0.025
-4107.824,-25.05,1.551,30.096,182.278,-0.015
-4107.32,-22.558,1.551,30.854,181.123,-0.008
-4106.778,-20.018,1.552,31.899,180.628,-0.001
-4106.248,-17.599,1.553,32.672,178.965,0.008
-4105.803,-15.224,1.552,32.445,177.104,0.001
-4105.415,-12.771,1.552,31.669,176.305,0
-4105.035,-10.278,1.552,30.916,176.043,-0.006
-4104.722,-7.816,1.551,29.596,175.494,-0.014
-4104.442,-5.527,1.55,28.121,173.257,-0.017
-4104.237,-2.942,1.551,26.095,174.383,-0.01
-4103.936,-0.528,1.55,25.359,173.59,-0.013
-4103.616,1.952,1.55,24.926,173.592,-0.01
-4103.385,4.363,1.551,23.643,172.877,-0.005
-4103.049,6.823,1.552,23.618,172.786,0.008
-4102.619,9.356,1.552,24.578,173.45,0.007
-4102.181,11.917,1.552,25.465,174.301,0.008
-4101.598,14.373,1.552,27.728,173.958,0.002
-4101.099,16.75,1.552,28.787,172.839,0.002
-4100.537,19.094,1.552,30.336,171.551,0.007
-4100.012,21.507,1.553,31.28,171.169,0.011
-4099.58,23.896,1.553,31.132,170.583,0.01
-4099.323,26.128,1.552,29.196,168.48,-0.002
-4098.964,28.392,1.552,28.598,167.004,0
-4098.592,30.548,1.551,28.219,164.637,-0.006
-4098.316,32.681,1.55,26.912,162.382,-0.02
-4098.073,34.82,1.55,25.456,160.526,-0.01
-4097.819,37.001,1.552,24.327,159.371,0.003
-4097.506,39.229,1.553,23.969,158.865,0.015
-4097.149,41.483,1.554,24.121,158.713,0.027
-4096.793,43.82,1.555,24.239,159.423,0.028
-4096.458,46.104,1.556,24.125,159.489,0.039
-4095.956,48.509,1.555,25.746,160.794,0.022
-4095.503,50.84,1.556,26.622,161.145,0.021
-4094.924,53.486,1.555,28.667,164.682,0.016
-4094.464,56.06,1.554,29.185,166.965,0
-4094.01,58.545,1.553,29.56,167.992,-0.012
-4093.53,60.943,1.551,30.158,167.972,-0.03
-4093.195,64.112,1.548,29.176,175.894,-0.049
-4092.769,67.034,1.546,29.273,180.109,-0.064
-4092.446,69.914,1.543,28.287,183.266,-0.076
-4092.167,72.774,1.541,27.002,185.755,-0.085
-4091.834,75.457,1.54,26.453,186.064,-0.089
-4091.308,78.211,1.537,27.977,187.05,-0.099
-4090.874,80.763,1.535,28.337,185.814,-0.104
-4090.328,83.252,1.534,29.784,184.106,-0.094
-4090.001,85.707,1.533,28.773,182.304,-0.09
-4089.5,88.081,1.534,29.702,179.936,-0.071
-4089.059,90.33,1.532,29.875,176.618,-0.076
-4083.617,99.664,1.539,81.501,246.738,-0.002
-4079.015,108.137,1.544,116.889,297.681,0.044
-4075.078,115.263,1.549,140.227,327.263,0.086
-4071.935,121.676,1.553,151.963,345.145,0.109
-4069.678,127.347,1.556,152.845,352.767,0.13
-4067.766,131.904,1.558,150.055,347.804,0.13
-4066.411,136.045,1.561,141.942,339.279,0.131
-4065.427,139.587,1.561,131.19,325.849,0.119
-4064.814,142.062,1.562,118.205,303.404,0.109
-4064.226,144.849,1.563,106.876,287.484,0.105
-4063.635,147.257,1.562,97.248,269.994,0.077
-4063.177,149.681,1.564,87.664,255.234,0.08
-4063.175,151.937,1.565,74.79,240.929,0.078
-4062.968,154.22,1.565,65.923,228.99,0.069
-4062.864,156.391,1.565,57.296,217.669,0.061
-4062.668,158.51,1.566,50.885,207.475,0.06
-4062.591,160.945,1.567,44.195,202.026,0.061
-4062.551,163.209,1.567,38.111,195.619,0.054
-4062.39,165.169,1.566,34.156,187.025,0.031
-4062.373,167.067,1.565,29.31,179.067,0.024
-4062.358,169.065,1.564,25.16,173.295,0.007
-4062.104,171.716,1.563,24.067,175.107,-0.003
-4062,174.488,1.562,21.598,177.883,-0.01
-4061.746,177.284,1.561,21.035,180.509,-0.022
-4061.538,180.092,1.559,20.083,182.874,-0.038
-4061.292,182.787,1.56,19.671,183.724,-0.023
-4060.764,185.502,1.559,22.206,184.647,-0.023
-4060.318,188.268,1.56,23.537,185.975,-0.013
-4059.777,190.769,1.558,25.639,184.364,-0.026
-4059.374,193.253,1.558,26.023,182.82,-0.023
-4058.871,195.491,1.559,27.375,178.975,-0.014
-4058.437,197.877,1.558,27.811,177.221,-0.024
-4058.114,200.339,1.558,27.054,176.507,-0.02
-4057.565,202.477,1.559,28.724,172.554,-0.008
-4057.229,204.895,1.558,27.959,172.07,-0.014
-4056.937,207.317,1.559,26.856,171.699,-0.003
-4056.681,209.771,1.559,25.539,171.713,-0.003
-4056.366,212.367,1.561,25.024,173.183,0.017
-4055.949,214.915,1.562,25.639,173.944,0.023
-4055.631,217.476,1.563,25.139,174.721,0.031
-4055.334,219.883,1.562,24.498,173.807,0.016
-4054.921,222.504,1.562,25.149,175.232,0.019
-4054.449,224.834,1.562,26.305,173.445,0.012
-4053.863,227.384,1.561,28.477,174.186,0.005
-4053.473,229.97,1.562,28.299,175.196,0.011
-4052.96,232.458,1.563,29.419,175.043,0.012
-4052.545,234.928,1.563,29.361,174.732,0.015
-4052.286,237.323,1.562,27.717,173.682,0.007
-4051.981,239.773,1.562,26.773,173.363,0.001
-4051.644,242.203,1.562,26.31,172.88,-0.002
-4051.48,244.707,1.561,24.13,173.239,-0.008
-4051.343,247.124,1.561,21.986,172.644,-0.005
-4051.118,249.508,1.561,21.074,171.792,-0.001
-4050.723,251.754,1.56,22.043,169.656,-0.012
-4050.337,254.391,1.561,22.768,171.848,-0.005
-4049.921,256.621,1.56,23.701,169.533,-0.014
-4049.452,259.199,1.559,25.042,171.135,-0.022
-4048.842,261.532,1.557,27.642,169.983,-0.032
-4048.255,263.898,1.559,29.62,169.342,-0.01
-4047.648,266.179,1.56,31.51,167.928,-0.005
-4046.952,268.631,1.56,34.048,168.471,0.002
-4046.45,271.287,1.561,34.202,171.04,0.01
-4045.998,273.781,1.561,33.834,171.558,0.01
-4045.675,276.402,1.562,32.178,173.311,0.017
-4045.109,278.816,1.563,33.278,172.669,0.024
-4044.841,281.561,1.562,31.137,175.534,0.005
-4044.459,284.064,1.562,30.487,175.486,0.011
-4044.153,286.353,1.561,29.159,173.25,0.001
-4043.754,288.915,1.56,28.974,174.144,-0.008
-4043.523,291.411,1.559,27.089,174.226,-0.018
-4043.373,293.256,1.558,24.656,167.591,-0.026
-4042.865,295.854,1.559,26.258,169.699,-0.016
-4042.322,298.304,1.56,27.988,169.956,-0.004
-4041.735,300.606,1.56,29.913,168.668,-0.002
-4041.146,302.862,1.561,31.584,167.078,0.01
-4040.769,305.305,1.562,30.813,167.657,0.019
-4040.502,307.604,1.562,29.028,166.673,0.015
-4040.115,309.968,1.56,28.752,166.5,-0.003
-4040.012,312.338,1.559,25.574,166.409,-0.012
-4039.677,314.717,1.559,25.265,166.431,-0.015
-4039.526,317.198,1.558,23.105,167.491,-0.025
-4039.089,319.489,1.557,24.209,166.439,-0.029
-4038.754,321.169,1.556,24.094,159.264,-0.033
-4038.357,323.915,1.556,24.641,164.107,-0.03
-4038.07,326.471,1.556,23.967,166.284,-0.024
-4037.541,329.121,1.556,25.892,169.108,-0.018
-4037.095,331.863,1.555,26.675,172.469,-0.023
-4036.765,334.737,1.556,26.146,176.696,-0.012
-4036.334,337.295,1.557,26.739,177.037,-0.004
-4036.095,340.021,1.557,25.269,179.065,0.002
-4035.702,342.86,1.556,25.592,181.956,-0.009
-4035.084,345.047,1.555,28.197,177.71,-0.022
-4034.779,347.007,1.556,27.184,171.752,-0.006
-4034.595,348.525,1.558,25.078,162.123,0.016
-4034.542,349.084,1.564,21.938,144.031,0.063
-4034.565,349.245,1.568,18.474,124.513,0.096
-4034.674,348.701,1.571,14.637,100.599,0.115
-4034.664,347.745,1.573,12.587,75.964,0.111
-4034.762,346.812,1.573,9.731,55.187,0.1
-4034.94,345.576,1.572,6.47,34.342,0.068
-4035.151,344.418,1.568,3.344,17.372,0.02
-4035.392,343.627,1.563,0.372,6.672,-0.022
-4035.552,342.938,1.561,-1.338,-1.399,-0.038
-4035.517,342.446,1.561,-0.777,-6.258,-0.038
-4035.648,342.026,1.56,-2.005,-9.661,-0.036
-4035.456,341.653,1.56,0.264,-12.078,-0.033
-4035.526,341.174,1.559,-0.502,-15.238,-0.041
-4035.677,340.987,1.558,-1.974,-14.916,-0.045
-4035.642,340.907,1.557,-1.328,-13.544,-0.043
-4035.608,340.615,1.557,-0.782,-14.565,-0.04
-4035.789,340.257,1.56,-2.533,-16.11,-0.005
-4036.028,339.25,1.564,-4.616,-24.107,0.038
-4036.329,337.965,1.569,-7.039,-33.787,0.078
-4037.307,335.085,1.57,-16.072,-58.471,0.071
-4038.058,331.57,1.571,-21.44,-86.056,0.075
-4038.782,327.697,1.571,-25.745,-113.266,0.063
-4039.164,323.86,1.568,-25.88,-136.116,0.026
-4039.817,319.903,1.565,-28.805,-156.833,-0.013
-4040.468,316.347,1.561,-31.267,-170.369,-0.047
-4041.114,313.067,1.556,-33.321,-179.082,-0.08
-4041.714,309.885,1.555,-34.597,-185.505,-0.081
-4042.136,306.876,1.555,-33.852,-189.198,-0.073
-4042.74,303.764,1.556,-35.092,-193.414,-0.054
-4043.381,301.115,1.557,-36.53,-192.236,-0.032
-4043.87,299.171,1.558,-36.187,-183.976,-0.015
-4044.593,296.433,1.559,-38.316,-185.112,-0.007
-4045.213,293.871,1.559,-39.062,-184.256,-0.004
-4045.683,291.054,1.561,-38.151,-186.165,0.013
-4046.041,288.401,1.561,-36.226,-186.091,0.011
-4046.467,285.48,1.561,-35.29,-188.799,0.014
-4046.791,282.977,1.562,-33.433,-186.799,0.014
-4047.069,280.323,1.562,-31.376,-186.648,0.014
-4047.533,277.61,1.562,-31.54,-187.129,0.014
-4048.08,275.495,1.561,-32.53,-181.379,0.004
-4048.646,272.961,1.562,-33.575,-180.793,0.007
-4049.304,270.648,1.561,-35.409,-178.021,0.001
-4049.838,268.148,1.56,-35.703,-177.575,-0.008
-4050.338,265.583,1.561,-35.601,-177.858,0.006
-4050.798,263.101,1.562,-35.1,-177.256,0.012
-4051.451,260.538,1.563,-36.661,-177.578,0.013
-4052.033,258.146,1.563,-37.263,-176.086,0.014
-4052.524,255.491,1.564,-36.837,-177.523,0.023
-4052.798,253,1.564,-34.232,-177.058,0.02
-4053.196,250.461,1.564,-33.293,-177.155,0.019
-4053.92,247.935,1.565,-35.851,-177.1,0.019
-4054.539,245.469,1.564,-36.96,-176.449,0.015
-4055.227,243.013,1.563,-38.598,-175.78,0.001
-4055.929,240.788,1.562,-40.153,-172.834,-0.014
-4056.515,238.266,1.561,-40.279,-173.376,-0.019
-4057.106,235.799,1.56,-40.438,-173.278,-0.023
-4057.517,233.188,1.559,-38.724,-174.677,-0.026
-4057.888,230.523,1.56,-36.849,-176.423,-0.017
-4058.375,227.976,1.56,-36.437,-176.694,-0.015
-4058.69,225.318,1.561,-34.333,-178.074,-0.006
-4058.952,222.881,1.56,-31.978,-176.976,-0.011
-4059.174,220.332,1.559,-29.561,-177.19,-0.014
-4059.227,217.75,1.559,-25.753,-177.705,-0.021
-4059.419,215.346,1.558,-23.946,-176.325,-0.022
-4059.843,212.89,1.557,-24.79,-175.672,-0.025
-4060.238,210.445,1.558,-25.211,-175.006,-0.017
-4061.034,207.415,1.558,-29.692,-180.462,-0.014
-4061.696,204.197,1.559,-32.143,-187.048,-0.005
-4062.412,201.082,1.558,-34.788,-191.61,-0.009
-4062.867,198.224,1.558,-34.356,-192.853,-0.008
-4063.244,195.261,1.56,-33.188,-194.999,0.012
-4063.699,192.678,1.56,-32.984,-192.903,0.008
-4064.22,189.995,1.56,-33.502,-192.158,0.007
-4064.659,187.444,1.56,-33.096,-190.16,0.01
-4064.967,184.993,1.561,-31.399,-187.425,0.019
-4065.517,182.47,1.562,-32.442,-185.837,0.024
-4065.922,180.115,1.565,-31.842,-182.748,0.043
-4066.337,177.507,1.564,-31.424,-182.727,0.031
-4066.648,175.163,1.564,-30.013,-179.982,0.028
-4067.15,172.388,1.563,-30.758,-182.077,0.013
-4067.563,169.999,1.562,-30.496,-179.899,0.002
-4068.052,167.327,1.561,-31.035,-180.944,-0.005
-4068.564,164.808,1.562,-31.743,-180.266,0.001
-4069.101,162.295,1.561,-32.61,-179.627,-0.005
-4069.578,159.797,1.561,-32.717,-178.925,-0.003
-4069.842,157.263,1.563,-30.622,-178.698,0.014
-4070.208,154.809,1.564,-29.886,-177.679,0.017
-4070.613,152.455,1.564,-29.67,-175.783,0.013
-4070.888,150.143,1.563,-28.136,-173.734,0.008
-4071.076,147.741,1.563,-25.935,-172.906,0.001
-4071.356,145.298,1.562,-25.004,-172.628,-0.002
-4071.528,142.765,1.563,-23.091,-173.324,0.008
-4071.883,140.291,1.563,-23.353,-173.297,0.007
-4072.352,137.596,1.562,-24.741,-175.561,-0.007
-4072.719,135.136,1.561,-24.884,-175.062,-0.011
-4073.231,132.585,1.562,-26.501,-175.582,-0.004
-4073.642,130.029,1.561,-26.828,-176.068,-0.009
-4074.035,127.761,1.562,-26.926,-173.519,-0.005
-4074.134,125.282,1.563,-23.984,-173.522,0.007
-4074.193,123.174,1.563,-21.068,-169.705,0.011
-4074.206,121.657,1.564,-18.104,-160.364,0.013
-4074.217,119.266,1.564,-15.556,-161.4,0.009
-4073.984,116.94,1.564,-10.873,-161.606,0.014
-4078.963,107.555,1.558,-60.527,-234.454,-0.049
-4083.278,99.181,1.551,-96.042,-286.185,-0.109
-4086.918,91.845,1.545,-119.398,-319.616,-0.145
-4090.017,84.936,1.542,-133.734,-343.73,-0.156
-4092.705,78.583,1.539,-141.744,-358.581,-0.16
-4094.931,73.326,1.537,-143.816,-359.974,-0.149
-4096.813,68.868,1.536,-142.035,-352.919,-0.136
-4098.272,64.971,1.536,-136.17,-341.138,-0.121
-4099.263,61.606,1.535,-126.346,-325.609,-0.109
-4100.015,58.745,1.534,-115.506,-307.18,-0.104
-4100.588,56.256,1.535,-104.417,-287.625,-0.081
-4106.13,47.001,1.537,-146.114,-340.599,-0.054
-4105.536,45.877,1.54,-118.506,-302.08,-0.018
-4104.894,44.677,1.543,-94.473,-270.011,0.018
-4104.25,43.525,1.546,-73.943,-242.157,0.038
-4103.473,42.375,1.547,-55.079,-218.387,0.05
-4102.74,41,1.55,-39.434,-200.425,0.068
-4102.092,39.643,1.551,-26.964,-184.914,0.071
-4101.474,38.254,1.553,-16.627,-172.02,0.072
-4100.939,36.959,1.553,-8.677,-160.052,0.066
-4100.508,35.439,1.555,-2.963,-152.163,0.071
-4100.046,33.797,1.555,2.224,-146.689,0.062
-4099.63,31.987,1.555,6.184,-143.754,0.052
-4099.287,30.057,1.555,8.807,-142.474,0.049
-4098.949,28.266,1.555,10.989,-139.961,0.04
-4098.711,26.208,1.555,11.817,-140.569,0.034
-4098.439,23.93,1.555,12.884,-143.346,0.027
-4098.252,21.51,1.555,12.911,-147.173,0.026
-4098.366,19.219,1.555,9.847,-149.117,0.021
-4098.642,16.77,1.555,5.551,-152.394,0.016
-4099.046,14.187,1.554,0.575,-156.574,0.008
-4099.579,11.205,1.555,-4.997,-164.246,0.014
-4100.257,7.844,1.557,-11.24,-174.693,0.033
-4101.185,3.816,1.56,-19.141,-190.467,0.059
-4102.135,-0.952,1.564,-26.101,-211.545,0.084
-4103.195,-6.304,1.564,-33.179,-235.532,0.069
-4104.006,-12.101,1.56,-36.648,-260.563,0.023
-4109.812,-24.876,1.554,-91.035,-353.76,-0.032
-4109.959,-29.656,1.547,-79.154,-350.939,-0.094
-4109.978,-34.317,1.541,-67.708,-347.32,-0.141
-4109.938,-39.663,1.537,-57.335,-351.272,-0.158
-4109.89,-44.946,1.534,-48.414,-353.995,-0.157
-4109.927,-50.148,1.534,-41.678,-355.492,-0.136
-4110.11,-55.329,1.535,-37.428,-356.542,-0.111
-4110.461,-60.431,1.536,-35.536,-356.63,-0.084
-4111.018,-65.626,1.537,-36.042,-357.667,-0.065
-4111.6,-70.791,1.537,-36.735,-358.238,-0.05
-4112.347,-75.941,1.538,-39.026,-358.57,-0.034
-4112.889,-81.222,1.539,-38.865,-360.198,-0.025
-4113.777,-86.65,1.539,-42.286,-363.11,-0.016
-4114.724,-91.819,1.541,-45.823,-362.919,0.007
-4115.812,-96.846,1.542,-50.288,-361.295,0.016
-4116.774,-101.866,1.543,-52.788,-359.84,0.022
-4117.816,-106.855,1.544,-55.756,-358.278,0.023
-4119.007,-112.402,1.543,-59.815,-362.692,0.017
-4120.218,-117.708,1.545,-63.482,-363.977,0.026
-4121.453,-122.885,1.545,-66.859,-363.748,0.025
-4122.507,-128.008,1.546,-67.88,-362.993,0.028
-4123.517,-133.236,1.547,-68.288,-363.429,0.04
-4124.566,-138.396,1.548,-69.057,-363.1,0.044
-4125.638,-143.302,1.55,-69.926,-360.208,0.05
-4126.594,-148.23,1.551,-69.487,-357.962,0.056
-4127.598,-153.131,1.552,-69.607,-355.776,0.056
-4128.615,-157.977,1.553,-69.84,-353.335,0.059
-4129.47,-162.874,1.553,-68.373,-351.786,0.045
-4130.374,-167.59,1.552,-67.615,-348.605,0.038
-4131.275,-172.315,1.553,-66.953,-345.976,0.036
-4132.205,-177.116,1.553,-66.681,-344.516,0.031
-4133.1,-181.951,1.551,-66.087,-343.629,0.012
-4133.931,-186.967,1.552,-64.922,-344.727,0.017
-4134.637,-192.003,1.551,-62.643,-345.876,0.005
-4135.451,-196.979,1.551,-61.806,-346.231,0.004
-4136.261,-201.955,1.551,-61.055,-346.544,0.005
-4137.159,-206.891,1.552,-61.325,-346.393,0.017
-4138.011,-211.908,1.552,-61.072,-347.097,0.005
-4138.885,-216.914,1.551,-61.089,-347.583,0.003
-4139.677,-221.927,1.551,-60.261,-348.069,0.002
-4140.434,-226.967,1.551,-59.186,-348.772,-0.004
-4141.034,-231.999,1.551,-56.66,-349.282,0.004
-4141.721,-236.948,1.551,-55.402,-348.856,0.002
-4147.356,-248.298,1.551,-105.271,-414.393,-0.005
-4152.211,-258.584,1.549,-139.766,-459.344,-0.016
-4156.383,-267.741,1.549,-162.161,-486.063,-0.014
-4159.938,-276.333,1.549,-174.907,-503.026,-0.014
-4162.807,-284.159,1.55,-178.714,-509.62,-0.005
-4165.184,-291.091,1.551,-176.908,-506.029,0.002
-4167.142,-297.483,1.551,-171.048,-497.411,0.004
-4168.739,-303.661,1.552,-162.336,-487.865,0.013
-4169.915,-309.424,1.552,-150.561,-475.438,0.018
-4170.945,-314.618,1.553,-139.031,-458.993,0.02
-4171.574,-319.74,1.554,-125.053,-444.219,0.023
-4172.155,-324.598,1.554,-112.644,-428.901,0.026
-4172.548,-329.436,1.555,-100.127,-415.626,0.028
-4173.058,-334.148,1.555,-90.651,-403.013,0.029
-4173.456,-338.759,1.556,-81.411,-391.209,0.028
-4173.688,-343.548,1.555,-71.835,-382.976,0.017
-4174.075,-348.102,1.556,-65.245,-373.535,0.019
-4174.563,-352.84,1.556,-60.686,-367.375,0.019
-4175.059,-357.63,1.556,-56.86,-362.659,0.021
-4175.466,-362.514,1.556,-52.69,-359.608,0.013
-4176.141,-367.296,1.555,-51.891,-355.943,0.005
-4176.622,-372.166,1.557,-49.207,-353.736,0.022
-4177.189,-376.981,1.556,-47.814,-351.286,0.012
-4177.941,-381.759,1.556,-48.515,-348.81,0.008
-4178.78,-386.646,1.555,-50.022,-347.817,-0.004
-4179.704,-391.593,1.554,-52.171,-347.593,-0.01
-4180.609,-396.591,1.554,-53.817,-347.929,-0.011
-4181.551,-401.449,1.554,-55.601,-346.771,-0.009
-4182.495,-406.335,1.555,-57.139,-346.069,0.001
-4183.293,-411.226,1.555,-56.956,-345.523,0.001
-4184.154,-416.185,1.555,-57.439,-345.764,-0.001
-4185.119,-421.339,1.554,-58.931,-347.971,-0.007
-4186.402,-427.753,1.554,-63.47,-362.825,-0.004
-4187.725,-433.865,1.554,-67.755,-372.393,-0.005
-4188.919,-439.785,1.555,-70.085,-378.563,0.004
-4190.009,-445.682,1.557,-71,-383.602,0.02
-4191.303,-451.284,1.557,-73.873,-384.86,0.019
-4192.584,-456.579,1.557,-76.205,-382.761,0.014
-4193.915,-461.698,1.557,-78.697,-379.175,0.014
-4195.128,-466.847,1.556,-79.614,-376.413,0.007
-4196.272,-471.999,1.555,-79.682,-374.093,-0.008
-4197.496,-476.868,1.555,-80.557,-369.209,-0.01
-4198.648,-481.647,1.554,-80.575,-364.107,-0.015
-4199.898,-486.4,1.553,-81.591,-359.484,-0.019
-4201.259,-491.151,1.551,-83.602,-355.533,-0.04
-4202.504,-495.985,1.55,-84.126,-353.007,-0.043
-4203.745,-500.788,1.549,-84.527,-350.541,-0.045
-4204.986,-505.635,1.549,-84.872,-348.882,-0.037
-4206.242,-510.737,1.552,-85.319,-350.1,-0.005
-4207.551,-516.32,1.556,-86.253,-356.082,0.032
-4209,-522.446,1.559,-88.483,-366.78,0.054
-4210.293,-529.11,1.561,-88.777,-381.439,0.066
-4211.73,-536.362,1.562,-90.52,-400.004,0.071
-4213.192,-543.825,1.562,-92.257,-418.003,0.064
-4214.568,-551.587,1.562,-92.852,-436.434,0.049
-4215.871,-559.664,1.561,-92.606,-455.404,0.035
-4217.118,-567.78,1.561,-91.832,-471.977,0.025
-4218.369,-575.88,1.56,-91.204,-485.958,0.014
-4219.627,-583.968,1.559,-90.74,-497.745,0.003
-4220.957,-591.919,1.557,-91.084,-506.401,-0.012
-4222.112,-599.979,1.557,-89.58,-514.901,-0.013
-4223.392,-607.909,1.557,-89.579,-520.812,-0.01
-4224.554,-615.698,1.557,-88.37,-524.408,-0.016
-4225.757,-623.604,1.556,-87.758,-528.675,-0.018
-4227.156,-631.256,1.555,-89.262,-529.698,-0.021
-4228.646,-638.906,1.555,-91.476,-530.547,-0.022
-4230.114,-646.482,1.556,-93.13,-530.51,-0.01
-4231.48,-654.073,1.556,-93.501,-530.641,-0.005
-4232.96,-661.629,1.558,-94.983,-530.385,0.015
-4234.574,-669.156,1.558,-97.627,-529.872,0.008
-4236.127,-676.621,1.558,-99.259,-528.794,0.009
-4237.656,-684.149,1.558,-100.396,-528.524,0.007
-4239.472,-691.641,1.558,-104.328,-527.925,0.007
-4241.339,-698.979,1.558,-108.209,-525.833,0.001
-4242.981,-706.169,1.558,-109.203,-522.514,0.005
-4244.734,-713.512,1.558,-111.185,-521.26,0.001
-4246.247,-720.886,1.558,-110.401,-520.521,0.009
-4248.007,-728.309,1.558,-112.287,-520.384,0.001
-4249.904,-735.598,1.557,-115.306,-518.892,-0.006
-4251.795,-742.881,1.557,-117.812,-517.554,-0.007
-4253.88,-750.296,1.557,-121.95,-517.778,-0.009
-4255.896,-757.918,1.555,-124.779,-520.094,-0.02
-4257.85,-765.498,1.553,-126.537,-521.635,-0.035
-4260.135,-773.237,1.551,-131.449,-524.589,-0.055
-4262.443,-780.888,1.549,-135.884,-526.209,-0.064
-4264.956,-788.697,1.549,-141.767,-529.209,-0.056
-4267.6,-796.516,1.547,-148.13,-531.871,-0.068
-4270.231,-804.327,1.546,-153.439,-534.067,-0.063
-4272.917,-812.026,1.547,-158.518,-534.779,-0.043
-4275.521,-819.814,1.547,-162.015,-536.307,-0.043
-4278.294,-827.595,1.547,-166.741,-537.544,-0.034
-4281.094,-835.213,1.549,-171.036,-536.91,-0.012
-4283.653,-842.911,1.55,-172.229,-537.192,-0.001
-4286.176,-850.441,1.55,-172.873,-535.715,0.006
-4288.58,-857.696,1.552,-172.193,-531.613,0.019
-4290.82,-864.992,1.554,-169.937,-528.539,0.033
-4292.903,-872.349,1.554,-166.384,-526.544,0.033
-4294.904,-879.729,1.554,-162.515,-525.091,0.031
-4297.291,-888.97,1.553,-163.192,-542.997,0.017
-4299.459,-897.963,1.552,-161.506,-555.717,0.006
-4301.329,-906.823,1.553,-157,-565.202,0.006
-4303.14,-915.267,1.552,-152.564,-569.005,-0.004
-4304.747,-923.646,1.55,-146.668,-571.58,-0.016
-4306.417,-931.887,1.549,-142.283,-572.36,-0.03
-4307.996,-939.856,1.548,-137.616,-570.221,-0.034
-4309.489,-947.773,1.546,-132.755,-567.863,-0.04
-4310.992,-955.59,1.546,-128.7,-564.827,-0.034
-4312.702,-963.334,1.545,-127.38,-561.484,-0.044
-4314.372,-971.114,1.544,-125.836,-559,-0.048
-4315.974,-978.838,1.543,-123.816,-556.303,-0.05
-4317.748,-986.557,1.542,-123.877,-553.958,-0.052
-4319.625,-994.151,1.541,-124.987,-550.663,-0.049
-4321.196,-1001.647,1.539,-122.77,-546.846,-0.066
-4322.889,-1009.185,1.539,-122.147,-544.027,-0.053
-4324.63,-1016.734,1.539,-122.104,-541.735,-0.048
-4326.524,-1024.233,1.539,-123.649,-539.26,-0.038
-4328.091,-1031.774,1.54,-121.592,-537.589,-0.023
-4329.75,-1039.403,1.541,-120.786,-537.069,-0.013
-4331.461,-1047.044,1.542,-120.645,-536.746,0.002
-4333.227,-1054.693,1.544,-121.073,-536.548,0.02
-4334.771,-1062.368,1.545,-119.159,-536.656,0.028
-4336.24,-1070.015,1.545,-116.768,-536.45,0.024
-4337.916,-1077.678,1.545,-116.846,-536.447,0.02
-4339.622,-1085.448,1.546,-117.225,-537.539,0.024
-4341.17,-1093.156,1.546,-115.917,-537.835,0.024
-4342.692,-1100.815,1.548,-114.539,-537.583,0.036
-4344.296,-1108.31,1.547,-114.207,-535.685,0.022
-4345.973,-1115.821,1.547,-114.677,-534.231,0.023
-4347.636,-1123.546,1.548,-114.928,-535.186,0.025
-4349.26,-1131.339,1.548,-114.745,-536.701,0.023
-4350.821,-1139.056,1.547,-113.948,-537.213,0.011
-4352.579,-1146.772,1.547,-115.285,-537.643,0.007
-4354.248,-1154.43,1.546,-115.507,-537.411,0
-4355.744,-1162.084,1.547,-113.92,-537.17,0.001
-4357.283,-1169.837,1.546,-113.013,-537.989,-0.002
-4358.894,-1177.55,1.546,-112.975,-538.271,-0.007
-4360.521,-1185.326,1.545,-113.117,-539.161,-0.013
-4362.154,-1193.005,1.545,-113.286,-538.92,-0.008
-4363.611,-1200.806,1.545,-111.628,-539.969,-0.013
-4365.164,-1208.449,1.544,-111.194,-539.242,-0.017
-4366.703,-1216.196,1.544,-110.686,-539.687,-0.019
-4368.484,-1223.983,1.544,-112.741,-540.486,-0.013
-4370.019,-1231.725,1.544,-111.965,-540.702,-0.013
-4371.609,-1239.414,1.543,-111.87,-540.329,-0.015
-4373.257,-1247.163,1.543,-112.386,-540.643,-0.019
-4375.037,-1254.871,1.543,-114.175,-540.483,-0.008
-4376.655,-1262.596,1.544,-114.04,-540.52,-0.004
-4378.3,-1270.233,1.542,-114.208,-539.648,-0.018
-4380.023,-1277.852,1.543,-115.153,-538.722,-0.004
-4381.793,-1285.448,1.544,-116.442,-537.687,0.002
-4383.481,-1293.013,1.545,-116.691,-536.5,0.012
-4385.025,-1300.661,1.545,-115.42,-536.331,0.007
-4386.831,-1308.217,1.544,-117.033,-535.236,-0.003
-4388.664,-1315.759,1.544,-118.693,-534.166,0.002
-4390.304,-1323.363,1.545,-118.126,-533.892,0.01
-4391.963,-1330.888,1.546,-117.831,-532.838,0.015
-4393.621,-1338.534,1.545,-117.573,-533.186,0.004
-4395.317,-1346.21,1.545,-117.744,-533.798,0.003
-4397.113,-1353.893,1.546,-118.917,-534.385,0.013
-4398.672,-1361.573,1.547,-117.471,-534.857,0.02
-4400.312,-1369.159,1.546,-117.079,-534.296,0.011
-4401.869,-1376.817,1.546,-115.886,-534.554,0.003
-4403.583,-1384.576,1.547,-116.492,-535.81,0.012
-4405.159,-1392.422,1.548,-115.589,-537.783,0.027
-4406.616,-1400.167,1.549,-113.58,-538.433,0.031
-4408.809,-1410.036,1.549,-119.461,-560.841,0.024
-4410.833,-1419.527,1.549,-122.718,-576.066,0.021
-4412.588,-1428.705,1.549,-122.742,-585.829,0.019
-4414.033,-1437.824,1.551,-119.571,-593.554,0.031
-4415.535,-1446.735,1.55,-117.441,-597.996,0.023
-4417.286,-1455.351,1.551,-118.196,-598.747,0.029
-4419.041,-1463.814,1.552,-118.882,-597.815,0.027
-4420.532,-1472.004,1.551,-116.748,-594.213,0.021
-4421.912,-1480.165,1.551,-113.786,-590.833,0.017
-4423.384,-1488.154,1.549,-112.207,-586.19,-0.006
-4424.903,-1496.101,1.548,-111.342,-581.794,-0.012
-4426.295,-1503.931,1.549,-109.297,-576.839,-0.006
-4427.776,-1511.612,1.549,-108.476,-571.073,0
-4429.175,-1519.403,1.55,-106.921,-567.302,0.006
-4430.64,-1527.128,1.55,-106.275,-563.394,0.009
-4432.223,-1534.627,1.55,-106.943,-557.736,0.002
-4433.789,-1542.251,1.55,-107.333,-554.201,0.004
-4435.368,-1549.859,1.55,-107.807,-551.016,0.004
-4436.69,-1557.569,1.55,-105.567,-549.354,0.004
-4438.158,-1565.307,1.549,-105.149,-548.222,-0.006
-4439.509,-1572.757,1.545,-103.596,-544.293,-0.045
-4440.994,-1579.64,1.536,-103.648,-535.101,-0.122
-4442.402,-1585.729,1.524,-102.896,-519.094,-0.218
-4443.49,-1590.784,1.506,-98.968,-494.788,-0.343
-4444.323,-1594.551,1.491,-92.985,-460.8,-0.428
-4444.911,-1596.537,1.482,-85.369,-413.477,-0.448
-4445.089,-1596.979,1.477,-74.643,-357.223,-0.429
-4445.088,-1596.009,1.474,-63.657,-294.695,-0.393
-4445.03,-1594.038,1.474,-53.701,-231.071,-0.339
-4444.709,-1591.642,1.476,-42.496,-172.424,-0.269
-4444.308,-1588.817,1.482,-32.118,-117.973,-0.178
-4443.824,-1585.996,1.491,-22.406,-71.589,-0.066
-4443.344,-1583.454,1.503,-14.171,-34.894,0.052
-4442.908,-1581.192,1.516,-7.603,-6.469,0.172
-4442.532,-1579.356,1.527,-2.611,13.375,0.252
-4442.195,-1577.81,1.536,1.239,27.328,0.306
-4442.013,-1576.314,1.543,2.936,38.709,0.328
-4441.806,-1574.967,1.548,4.636,46.889,0.327
-4441.544,-1574.122,1.551,6.643,48.686,0.317
-4441.227,-1573.352,1.555,8.934,49.452,0.304
-4441.092,-1572.792,1.557,9.012,47.952,0.279
-4441.069,-1572.399,1.558,7.919,44.942,0.247
-4440.911,-1572.213,1.559,8.379,40.247,0.217
-4440.86,-1572.012,1.559,7.679,36.4,0.186
-4440.726,-1572.042,1.559,7.923,30.737,0.158
-4440.651,-1572.066,1.559,7.53,25.968,0.131
-4440.651,-1572.188,1.559,6.422,20.893,0.113
-4440.697,-1572.213,1.559,5.007,17.558,0.1
-4440.668,-1572.229,1.558,4.572,14.817,0.074
-4440.645,-1572.384,1.558,4.138,11.041,0.059
-4440.792,-1572.521,1.557,2.007,8.008,0.046
-4440.818,-1572.649,1.557,1.45,5.506,0.034
-4440.846,-1572.71,1.554,0.944,4.069,0.01
-4440.873,-1572.755,1.555,0.532,3.014,0.012
-4440.872,-1572.968,1.555,0.467,0.379,0.007
-4440.909,-1573.043,1.554,0.018,-0.457,0.003
-4440.936,-1573.069,1.555,-0.268,-0.651,0.01
-4441.022,-1573.102,1.554,-1.118,-0.897,-0.001
-4440.953,-1573.15,1.554,-0.241,-1.255,0.003
-4440.9,-1573.249,1.554,0.337,-2.096,0.003
-4440.834,-1573.342,1.555,0.975,-2.747,0.003
-4440.936,-1573.461,1.554,-0.215,-3.563,-0.006
-4440.961,-1573.405,1.554,-0.45,-2.463,0.002
-4440.936,-1573.432,1.555,-0.125,-2.377,0.006
-4440.874,-1573.454,1.555,0.533,-2.253,0.005
-4440.883,-1573.387,1.555,0.363,-1.231,0.002
-4440.906,-1573.417,1.555,0.072,-1.362,0.002
-4440.869,-1573.383,1.554,0.448,-0.81,-0.001
-4440.791,-1573.384,1.555,1.182,-0.703,0.007
-4440.849,-1573.422,1.555,0.413,-0.989,0.005
-4440.888,-1573.474,1.555,-0.052,-1.383,0.006
-4440.933,-1573.477,1.555,-0.511,-1.205,0.005
-4440.913,-1573.474,1.555,-0.23,-0.999,0.001
-4440.996,-1573.328,1.555,-1.051,0.647,0.004
-4440.908,-1573.251,1.556,0.013,1.347,0.013
-4441.005,-1573.149,1.556,-0.995,2.199,0.005
-4441.002,-1573.075,1.555,-0.817,2.633,0.002
-4440.877,-1573.153,1.555,0.595,1.449,-0.003
-4440.962,-1573.124,1.555,-0.368,1.535,-0.001
-4440.92,-1573.211,1.555,0.119,0.413,-0.001
-4440.911,-1573.253,1.555,0.199,-0.084,0.001
-4440.947,-1573.157,1.556,-0.204,0.922,0.011
-4440.986,-1573.138,1.557,-0.583,0.981,0.015
-4440.912,-1573.123,1.557,0.272,0.992,0.01
-4440.843,-1573.135,1.556,0.944,0.724,0.003
-4440.811,-1573.057,1.557,1.133,1.42,0.008
-4440.884,-1573.11,1.557,0.217,0.661,0.009
-4440.792,-1573.088,1.557,1.128,0.792,0.012
-4440.711,-1573.192,1.557,1.798,-0.399,0.009
-4440.636,-1573.182,1.558,2.308,-0.239,0.012
-4440.611,-1573.276,1.558,2.224,-1.166,0.015
-4440.673,-1573.314,1.558,1.258,-1.388,0.009
-4440.679,-1573.324,1.557,1.008,-1.285,0.005
-4440.683,-1573.29,1.558,0.82,-0.751,0.007
-4440.68,-1573.222,1.558,0.735,0.061,0.006
-4440.75,-1573.24,1.558,-0.091,-0.132,0.006
-4440.69,-1573.371,1.558,0.533,-1.459,0.005
-4440.745,-1573.353,1.558,-0.114,-1.065,0.002
-4440.816,-1573.351,1.558,-0.83,-0.882,0.002
-4440.801,-1573.333,1.558,-0.55,-0.569,0.003
-4440.827,-1573.3,1.558,-0.738,-0.15,0.009
-4440.856,-1573.315,1.559,-0.929,-0.281,0.01
-4440.873,-1573.332,1.559,-0.959,-0.414,0.009
-4440.909,-1573.358,1.558,-1.195,-0.62,0.006
-4440.763,-1573.376,1.559,0.483,-0.711,0.014
-4440.74,-1573.323,1.56,0.647,-0.064,0.014
-4440.719,-1573.316,1.559,0.768,0.017,0.003
-4440.718,-1573.221,1.559,0.664,0.996,0.004
-4440.753,-1573.279,1.559,0.211,0.255,0.006
-4440.779,-1573.192,1.559,-0.09,1.109,0.005
-4440.862,-1573.216,1.559,-0.925,0.695,0.007
-4440.871,-1573.35,1.559,-0.889,-0.778,0
-4440.886,-1573.275,1.559,-0.909,0.107,-0.001
-4440.924,-1573.234,1.559,-1.162,0.515,-0.002
-4440.908,-1573.376,1.558,-0.831,-1.026,-0.003
-4440.783,-1573.335,1.558,0.58,-0.451,-0.006
-4440.879,-1573.331,1.559,-0.501,-0.349,0.008
-4440.765,-1573.464,1.559,0.757,-1.659,0.003
-4440.71,-1573.449,1.559,1.202,-1.27,0.004
-4440.801,-1573.378,1.56,0.094,-0.352,0.011
-4440.742,-1573.483,1.56,0.683,-1.379,0.012
-4440.68,-1573.601,1.561,1.222,-2.388,0.015
-4440.559,-1573.596,1.561,2.287,-1.986,0.012
-4440.59,-1573.592,1.56,1.631,-1.654,0.003
-4440.609,-1573.513,1.561,1.202,-0.592,0.01
-4440.68,-1573.405,1.56,0.292,0.601,0.004
-4440.73,-1573.418,1.56,-0.265,0.377,0
-4440.768,-1573.481,1.559,-0.612,-0.321,-0.006
-4440.697,-1573.343,1.56,0.202,1.146,-0.001
-4440.635,-1573.355,1.56,0.816,0.854,0.001
-4440.64,-1573.223,1.56,0.644,2.088,0.003
-4440.627,-1573.308,1.561,0.682,0.899,0.01
-4440.582,-1573.377,1.56,1.048,0.056,0.005
-4440.536,-1573.386,1.561,1.359,-0.046,0.008
-4440.587,-1573.385,1.561,0.633,-0.02,0.013
-4440.591,-1573.38,1.561,0.501,0.035,0.009
-4440.572,-1573.381,1.561,0.623,0.019,0.006
-4440.706,-1573.346,1.561,-0.849,0.371,0.004
-4440.783,-1573.39,1.561,-1.512,-0.133,0.002
-4440.764,-1573.319,1.562,-1.091,0.614,0.012
-4440.788,-1573.336,1.562,-1.184,0.347,0.01
-4440.735,-1573.35,1.562,-0.462,0.156,0.005
-4440.697,-1573.346,1.561,0,0.169,-0.003
-4440.717,-1573.355,1.56,-0.21,0.054,-0.005
-4440.684,-1573.263,1.561,0.157,0.996,0.004
-4440.576,-1573.286,1.562,1.254,0.617,0.005
-4440.604,-1573.198,1.562,0.781,1.429,0.012
-4440.573,-1573.279,1.563,0.981,0.382,0.019
-4440.574,-1573.198,1.563,0.829,1.156,0.014
-4440.521,-1573.232,1.564,1.247,0.636,0.02
-4440.459,-1573.203,1.564,1.703,0.844,0.014
-4440.536,-1573.167,1.564,0.666,1.092,0.012
-4440.538,-1573.114,1.565,0.54,1.479,0.021
-4440.619,-1573.105,1.564,-0.371,1.35,0.014
-4440.586,-1573.172,1.565,0.021,0.47,0.015
-4440.599,-1573.146,1.566,-0.109,0.666,0.023
-4440.631,-1573.137,1.566,-0.43,0.652,0.025
-4440.542,-1573.022,1.566,0.554,1.748,0.02
-4440.605,-1573.064,1.566,-0.181,1.052,0.013
-4440.578,-1573.161,1.566,0.127,-0.093,0.015
-4440.579,-1573.152,1.566,0.103,0.004,0.011
-4440.511,-1573.189,1.565,0.784,-0.368,0.003
-4440.561,-1573.164,1.565,0.156,-0.066,0.001
-4440.607,-1573.277,1.565,-0.348,-1.218,0.002
-4440.62,-1573.203,1.566,-0.423,-0.272,0.007
-4440.707,-1573.102,1.566,-1.258,0.808,0.008
-4440.682,-1573.035,1.566,-0.814,1.378,0.01
-4440.615,-1573.118,1.566,-0.004,0.318,0.009
-4440.598,-1573.144,1.566,0.164,0.001,0.005
-4440.532,-1573.225,1.566,0.819,-0.828,0.002
-4440.624,-1573.269,1.566,-0.239,-1.157,0.006
-4440.597,-1573.205,1.567,0.071,-0.328,0.015
-4440.532,-1573.202,1.567,0.732,-0.255,0.008
-4440.525,-1573.224,1.567,0.686,-0.446,0.009
-4440.507,-1573.276,1.567,0.772,-0.913,0.005
-4440.518,-1573.29,1.567,0.552,-0.921,0.006
-4440.608,-1573.263,1.568,-0.462,-0.504,0.01
-4440.667,-1573.132,1.567,-0.999,0.912,0.001
-4440.662,-1573.159,1.567,-0.8,0.508,0.002
-4440.64,-1573.2,1.568,-0.452,0.002,0.01
-4440.647,-1573.252,1.567,-0.462,-0.526,0.001
-4440.584,-1573.233,1.567,0.25,-0.251,0.005
-4440.634,-1573.151,1.568,-0.293,0.623,0.013
-4440.747,-1573.101,1.568,-1.413,1.045,0.011
-4440.759,-1573.116,1.569,-1.329,0.738,0.016
-4440.737,-1573.108,1.569,-0.91,0.712,0.014
-4440.704,-1573.095,1.569,-0.439,0.744,0.014
-4440.663,-1573.172,1.569,0.056,-0.157,0.009
-4440.546,-1573.237,1.57,1.244,-0.8,0.014
-4440.538,-1573.257,1.57,1.15,-0.889,0.02
-4440.448,-1573.326,1.57,1.903,-1.473,0.016
-4440.434,-1573.322,1.57,1.765,-1.216,0.011
-4440.446,-1573.356,1.571,1.383,-1.382,0.016
-4440.446,-1573.383,1.571,1.182,-1.459,0.017
-4440.505,-1573.382,1.572,0.4,-1.238,0.021
-4440.417,-1573.352,1.572,1.25,-0.74,0.019
-4440.516,-1573.451,1.572,0.049,-1.657,0.013
-4440.501,-1573.482,1.571,0.186,-1.73,0.004
-4440.516,-1573.535,1.57,0.012,-2.02,0
-4440.494,-1573.607,1.57,0.232,-2.464,-0.006
-4440.497,-1573.613,1.569,0.176,-2.162,-0.01
-4440.554,-1573.56,1.57,-0.438,-1.307,-0.001
-4440.566,-1573.481,1.57,-0.499,-0.301,0.001
-4440.617,-1573.453,1.57,-0.951,0.041,0
-4440.639,-1573.434,1.571,-1.036,0.227,0.003
-4440.596,-1573.409,1.571,-0.442,0.447,0.006
-4440.574,-1573.229,1.572,-0.155,2.232,0.013
-4440.583,-1573.172,1.572,-0.217,2.498,0.014
-4440.55,-1573.254,1.572,0.145,1.283,0.015
-4440.581,-1573.276,1.573,-0.189,0.865,0.019
-4440.503,-1573.336,1.574,0.635,0.119,0.024
-4440.501,-1573.296,1.574,0.563,0.523,0.022
-4440.572,-1573.14,1.574,-0.246,2.048,0.017
-4440.608,-1573.208,1.574,-0.589,1.045,0.02
-4440.59,-1573.311,1.575,-0.315,-0.168,0.018
-4440.562,-1573.298,1.575,0.018,-0.015,0.02
-4440.588,-1573.23,1.575,-0.252,0.696,0.015
-4440.608,-1573.105,1.574,-0.422,1.875,0.006
-4440.583,-1573.133,1.574,-0.103,1.313,0.009
-4440.636,-1572.9,1.574,-0.625,3.518,0.006
-4440.599,-1572.252,1.573,-0.157,9.67,-0.002
-4440.514,-1571.063,1.573,0.742,20.486,-0.011
-4440.432,-1569.168,1.572,1.478,36.984,-0.014
-4440.416,-1566.608,1.572,1.433,57.897,-0.015
-4440.358,-1563.741,1.572,1.81,78.901,-0.015
-4440.183,-1560.634,1.571,3.348,99.278,-0.016
-4439.947,-1557.488,1.572,5.29,117.066,-0.01
-4439.75,-1554.181,1.571,6.535,133.896,-0.014
-4439.574,-1551.186,1.57,7.388,145.038,-0.018
-4439.512,-1548.179,1.57,6.939,154.665,-0.021
-4439.365,-1545.283,1.57,7.427,161.733,-0.018
-4439.048,-1542.469,1.571,9.606,166.91,-0.006
-4438.692,-1539.604,1.572,11.852,171.858,0.011
-4438.188,-1536.826,1.572,15.305,175.185,0.007
-4437.731,-1533.926,1.572,17.752,179.279,0.006
-4437.205,-1531.234,1.573,20.561,180.627,0.013
-4436.606,-1528.506,1.574,23.694,182.14,0.021
-4436.105,-1525.928,1.575,25.373,181.893,0.028
-4435.427,-1523.381,1.574,28.626,181.371,0.011
-4434.817,-1520.818,1.574,30.695,181.077,0.015
-4434.428,-1518.204,1.574,30.187,181.361,0.011
-4433.99,-1515.721,1.573,30.247,180.253,0.001
-4433.59,-1513.328,1.573,29.919,178.37,-0.001
-4433.247,-1510.941,1.573,29.051,176.714,-0.003
-4432.79,-1508.599,1.573,29.492,174.835,-0.001
-4432.52,-1506.167,1.573,27.933,174.159,0.003
-4432.266,-1503.695,1.575,26.439,174.001,0.02
-4431.947,-1501.166,1.577,25.829,174.441,0.03
-4431.699,-1498.564,1.577,24.58,175.577,0.033
-4431.352,-1495.983,1.578,24.547,176.325,0.037
-4431.11,-1493.439,1.579,23.418,176.58,0.038
-4430.824,-1490.825,1.58,22.924,177.517,0.038
-4430.698,-1488.137,1.58,20.851,179.084,0.037
-4430.415,-1485.719,1.581,20.693,177.644,0.039
-4430.157,-1483.173,1.579,20.305,177.726,0.016
-4429.965,-1480.838,1.579,19.295,175.634,0.01
-4429.814,-1478.409,1.578,18.008,174.802,0.002
-4429.532,-1475.903,1.578,18.269,174.897,0.002
-4429.452,-1473.371,1.577,16.408,175.236,-0.004
-4429.267,-1470.871,1.578,15.897,175.206,0.005
-4429.102,-1468.374,1.578,15.263,175.141,0.006
-4428.808,-1465.924,1.578,16.04,174.606,0.003
-4428.62,-1463.417,1.578,15.614,174.741,-0.003
-4428.255,-1460.905,1.577,17.074,174.904,-0.007
-4427.781,-1458.428,1.577,19.45,174.673,-0.01
-4427.326,-1455.875,1.576,21.269,175.268,-0.011
-4426.794,-1453.423,1.576,23.622,174.737,-0.01
-4426.347,-1450.833,1.577,24.747,175.705,-0.004
-4425.916,-1448.359,1.577,25.549,175.333,-0.005
-4425.511,-1445.893,1.575,25.955,174.935,-0.017
-4425.193,-1443.358,1.575,25.417,175.298,-0.021
-4424.846,-1440.663,1.575,25.247,177.269,-0.015
-4424.534,-1437.951,1.576,24.743,179.116,-0.007
-4424.317,-1435.287,1.576,23.344,180.199,-0.004
-4424.107,-1432.62,1.576,22.068,181.155,-0.006
-4423.986,-1429.951,1.576,20.07,181.99,0.003
-4423.88,-1427.403,1.577,18.209,181.448,0.009
-4423.631,-1424.577,1.577,18.093,183.858,0.01
-4423.292,-1421.337,1.577,18.925,190.171,0.01
-4422.903,-1417.538,1.577,20.148,201.322,0.007
-4422.516,-1413.197,1.578,21.166,216.395,0.015
-4422.284,-1408.337,1.577,20.447,234.604,0.003
-4422.171,-1403.306,1.578,18.6,251.9,0.006
-4421.947,-1397.951,1.578,18.165,269.982,0.005
-4421.665,-1392.479,1.578,18.404,286.608,0.005
-4421.412,-1386.88,1.578,18.299,302.092,0.009
-4421.125,-1381.275,1.579,18.565,315.371,0.017
-4420.761,-1375.693,1.579,19.577,326.455,0.013
-4420.364,-1370.034,1.578,20.788,336.698,0.004
-4419.95,-1364.438,1.579,21.992,344.797,0.009
-4419.442,-1358.922,1.58,23.982,350.87,0.019
-4418.987,-1353.469,1.581,25.147,355.399,0.029
-4418.497,-1348.108,1.583,26.49,358.324,0.039
-4418.038,-1342.732,1.584,27.319,360.969,0.045
-4417.678,-1337.522,1.584,27.007,361.52,0.043
-4417.365,-1332.308,1.585,26.262,362.033,0.046
-4416.956,-1327.188,1.586,26.609,361.499,0.048
-4416.605,-1322.117,1.587,26.304,360.536,0.049
-4416.253,-1317.147,1.587,26.065,358.675,0.04
-4415.711,-1312.197,1.589,27.81,356.891,0.049
-4415.191,-1307.158,1.59,29.073,356.273,0.056
-4414.359,-1300.812,1.594,33.356,369.203,0.083
-4413.618,-1294.585,1.599,36.084,379.012,0.117
-4412.902,-1288.585,1.604,38.144,385.04,0.148
-4412.28,-1282.794,1.607,38.944,388.036,0.161
-4411.576,-1277.012,1.612,40.461,390.49,0.181
-4410.943,-1271.491,1.615,41.027,389.903,0.182
-4410.396,-1266.074,1.617,40.619,388.325,0.176
-4409.672,-1260.894,1.617,42.102,384.538,0.152
-4409.063,-1255.786,1.618,42.18,380.568,0.14
-4408.552,-1250.666,1.619,41.237,377.313,0.127
-4408.017,-1245.598,1.619,40.688,373.998,0.112
-4407.395,-1240.558,1.62,41.101,370.879,0.107
-4407.01,-1235.478,1.62,39.024,368.632,0.086
-4406.479,-1230.564,1.621,38.744,365.008,0.088
-4406.038,-1225.581,1.621,37.593,362.624,0.073
-4405.597,-1220.543,1.622,36.6,361.157,0.07
-4405.2,-1215.599,1.622,35.305,358.938,0.055
-4404.884,-1210.745,1.621,33.371,356.124,0.04
-4404.514,-1205.893,1.621,32.271,353.697,0.038
-4404.051,-1201.109,1.622,32.284,350.934,0.042
-4403.638,-1196.19,1.623,31.794,349.96,0.044
-4403.203,-1191.304,1.623,31.593,348.791,0.037
-4402.634,-1186.378,1.624,32.808,348.21,0.042
-4402.074,-1181.346,1.624,33.745,348.803,0.034
-4401.385,-1176.201,1.624,35.881,350.47,0.033
-4400.853,-1171.13,1.623,36.079,351.137,0.012
-4400.43,-1166.01,1.621,35.121,352.204,-0.007
-4399.892,-1160.979,1.62,35.499,352.192,-0.016
-4399.425,-1156.067,1.62,35.088,350.966,-0.016
-4398.983,-1150.979,1.619,34.471,351.73,-0.019
-4398.55,-1146.098,1.618,33.864,350.254,-0.023
-4398.122,-1141.086,1.617,33.29,350.341,-0.027
-4397.56,-1136.185,1.617,34.185,349.272,-0.027
-4397.021,-1131.212,1.617,34.698,349.097,-0.021
-4396.449,-1126.322,1.616,35.487,348.096,-0.027
-4395.876,-1121.364,1.616,36.167,347.942,-0.025
-4395.326,-1116.266,1.616,36.51,349.256,-0.024
-4394.901,-1111.168,1.616,35.509,350.376,-0.017
-4394.485,-1106.122,1.615,34.578,350.79,-0.025
-4394.045,-1101.15,1.615,34.015,350.389,-0.017
-4393.826,-1096.096,1.616,31.276,350.886,-0.012
-4393.454,-1091.266,1.615,30.502,349.006,-0.019
-4393.158,-1086.286,1.614,29.068,348.944,-0.02
-4392.736,-1081.368,1.614,29.127,348.263,-0.019
-4392.293,-1076.42,1.615,29.411,347.983,-0.009
-4391.957,-1071.425,1.615,28.542,348.229,-0.01
-4391.412,-1066.501,1.616,29.958,347.707,0
-4391.067,-1061.563,1.617,29.104,347.404,0.016
-4390.591,-1056.63,1.617,29.725,347.099,0.013
-4389.95,-1051.838,1.619,31.948,345.377,0.027
-4389.113,-1047.041,1.619,35.864,343.972,0.027
-4388.506,-1042.035,1.618,36.841,344.917,0.013
-4387.884,-1037.026,1.618,37.831,345.753,0.004
-4387.285,-1032.06,1.618,38.433,346.035,0.007
-4386.713,-1027.075,1.617,38.667,346.463,-0.007
-4386.22,-1022.077,1.616,38.052,346.958,-0.01
-4385.582,-1017.152,1.618,39.031,346.638,0.009
-4385.019,-1012.192,1.62,39.08,346.723,0.022
-4384.451,-1007.195,1.621,39.182,347.172,0.031
-4383.825,-1000.778,1.622,39.862,362.174,0.043
-4383.171,-994.628,1.623,40.733,372.225,0.042
-4382.606,-988.713,1.624,40.563,378.371,0.048
-4382.063,-982.802,1.625,40.187,383.579,0.046
-4381.6,-977.086,1.626,39.042,386.008,0.053
-4381.053,-971.652,1.626,38.933,385.184,0.042
-4380.497,-966.388,1.626,38.928,382.723,0.034
-4379.807,-961.369,1.626,40.305,378.11,0.034
-4379.168,-956.439,1.627,40.951,373.258,0.031
-4378.565,-951.555,1.628,41.137,368.642,0.04
-4377.894,-946.701,1.63,42.004,364.401,0.054
-4377.279,-941.745,1.631,42.158,361.826,0.059
-4376.638,-936.781,1.632,42.559,359.717,0.055
-4376.164,-931.878,1.632,41.18,357.287,0.046
-4375.735,-927.117,1.631,39.537,353.751,0.03
-4375.128,-922.398,1.631,39.968,350.315,0.027
-4374.672,-917.709,1.632,38.787,347.066,0.028
-4374.198,-912.978,1.632,37.958,344.721,0.031
-4373.754,-908.251,1.633,36.95,342.696,0.032
-4373.371,-903.519,1.632,35.464,341.007,0.016
-4373.025,-898.765,1.63,33.802,339.802,-0.001
-4372.779,-893.954,1.63,31.367,339.346,-0.001
-4372.481,-889.234,1.629,29.815,338.034,-0.01
-4372.187,-884.311,1.629,28.467,339.003,-0.008
-4371.737,-879.557,1.629,28.907,338.086,-0.011
-4371.315,-874.673,1.63,29,338.646,0.001
-4370.713,-869.844,1.63,30.929,338.552,-0.001
-4370.03,-864.981,1.629,33.419,338.827,-0.006
-4369.642,-860.071,1.63,32.497,339.544,0
-4369.367,-855.299,1.628,30.544,338.739,-0.012
-4369.003,-850.616,1.627,29.799,337.128,-0.026
-4368.513,-845.828,1.625,30.469,336.833,-0.037
-4368.114,-841.119,1.625,30.09,335.778,-0.032
-4367.75,-836.491,1.626,29.411,334.039,-0.02
-4367.351,-831.741,1.628,29.197,333.811,0.005
-4366.737,-827.047,1.629,31.222,333.044,0.011
-4366.167,-822.304,1.63,32.495,332.896,0.022
-4365.667,-817.416,1.629,32.86,334.255,0.009
-4364.947,-812.521,1.628,35.448,335.488,-0.001
-4364.23,-807.645,1.628,37.616,336.348,-0.005
-4363.542,-802.752,1.628,39.159,337.25,0
-4362.779,-797.947,1.629,41.265,337.118,0.006
-4362.028,-792.952,1.628,42.928,338.967,-0.001
-4361.214,-788.068,1.628,44.988,339.397,-0.007
-4360.318,-783.142,1.627,47.594,340.189,-0.008
-4359.531,-778.128,1.628,48.7,341.772,0.002
-4358.583,-773.093,1.63,51.301,343.347,0.013
-4357.775,-767.953,1.63,52.066,345.767,0.015
-4356.861,-762.839,1.629,53.828,347.559,0.008
-4355.998,-757.701,1.629,54.798,349.34,-0.001
-4355.335,-752.572,1.629,53.553,350.772,-0.002
-4354.681,-747.377,1.628,52.418,352.662,-0.005
-4353.927,-742.322,1.626,52.467,352.832,-0.025
-4353.146,-737.237,1.625,52.798,353.301,-0.029
-4352.197,-732.096,1.625,54.795,354.258,-0.029
-4351.179,-726.908,1.624,57.214,355.572,-0.03
-4350.014,-721.937,1.624,60.797,354.455,-0.028
-4349.108,-716.938,1.625,61.179,353.788,-0.017
-4348.338,-711.816,1.625,60.115,354.486,-0.007
-4347.465,-706.641,1.626,60.262,355.625,0.001
-4346.39,-701.519,1.626,62.467,356.053,-0.002
-4345.286,-696.568,1.625,64.643,354.659,-0.013
-4344.227,-691.59,1.625,66.042,353.754,-0.009
-4343.167,-686.564,1.625,67.237,353.47,-0.011
-4342.226,-681.454,1.624,67.041,354.085,-0.015
-4341.474,-676.264,1.623,64.922,355.445,-0.027
-4340.658,-671.33,1.621,63.771,353.969,-0.037
-4339.85,-666.413,1.619,62.71,352.525,-0.052
-4339.245,-661.459,1.617,59.715,351.683,-0.058
-4338.54,-656.522,1.616,58.197,350.788,-0.059
-4337.958,-651.556,1.617,55.625,350.322,-0.047
-4337.493,-646.592,1.617,52.236,349.899,-0.037
-4336.813,-641.751,1.618,51.546,348.282,-0.024
-4336.174,-636.831,1.619,50.542,347.708,-0.01
-4335.543,-632.015,1.62,49.61,346.15,-0.003
-4334.927,-627.283,1.621,48.656,343.963,0.007
-4334.21,-622.242,1.621,48.879,345.266,0.01
-4333.506,-617.524,1.621,48.933,343.061,0.007
-4332.949,-612.751,1.621,47.476,341.747,0.012
-4332.322,-608.062,1.62,46.946,339.757,-0.008
-4331.475,-603.469,1.619,48.762,337.075,-0.01
-4330.722,-598.861,1.62,49.349,334.935,0.001
-4329.824,-594.232,1.62,51.337,333.333,-0.004
-4328.898,-589.56,1.621,53.312,332.414,0.005
-4327.974,-584.66,1.622,54.992,333.964,0.016
-4327.14,-579.869,1.623,55.485,334.176,0.027
-4326.393,-574.933,1.624,55.012,335.846,0.031
-4325.724,-570.036,1.625,53.813,336.858,0.032
-4324.84,-565.152,1.625,54.998,337.598,0.032
-4323.892,-560.15,1.626,56.667,339.449,0.04
-4323.039,-555.121,1.629,57.119,341.299,0.059
-4322.092,-550.287,1.629,58.463,340.868,0.054
-4321.186,-545.466,1.629,59.201,340.365,0.044
-4320.308,-540.676,1.631,59.524,339.622,0.05
-4319.431,-535.655,1.63,59.803,341.364,0.035
-4318.773,-530.699,1.63,57.778,342.186,0.033
-4318.122,-525.843,1.629,55.99,341.85,0.019
-4317.431,-521.063,1.63,54.868,340.783,0.022
-4316.637,-516.306,1.631,54.97,339.639,0.033
-4315.961,-511.432,1.633,53.845,339.867,0.044
-4315.281,-506.714,1.634,52.924,338.454,0.044
-4314.415,-501.904,1.633,54.061,338.194,0.036
-4313.636,-497.122,1.633,54.124,337.688,0.031
-4312.875,-492.351,1.632,53.995,337.138,0.014
-4312.239,-487.607,1.631,52.608,336.391,-0.002
-4311.55,-482.894,1.63,51.962,335.44,-0.011
-4310.993,-478.236,1.63,50.052,334.065,-0.007
-4310.51,-473.559,1.629,47.662,333.082,-0.013
-4310.196,-468.787,1.63,43.893,333.216,-0.008
-4309.791,-464.002,1.629,41.604,333.473,-0.014
-4309.625,-459.105,1.627,37.192,334.844,-0.028
-4309.421,-454.315,1.627,33.828,334.908,-0.026
-4309.22,-449.479,1.628,30.921,335.444,-0.016
-4308.942,-444.753,1.628,29.232,334.759,-0.013
-4308.763,-438.57,1.628,26.778,349.183,-0.009
-4308.698,-432.547,1.627,23.511,359.83,-0.012
-4308.486,-426.801,1.627,22.231,366.065,-0.013
-4308.291,-421.289,1.627,20.972,368.979,-0.015
-4308.183,-415.856,1.628,19.002,370.639,0.002
-4308.074,-410.401,1.63,17.331,372.288,0.02
-4307.931,-404.994,1.632,16.246,373.202,0.035
-4307.796,-399.753,1.632,15.251,372.275,0.031
-4307.635,-394.638,1.634,14.664,370.182,0.044
-4307.415,-389.556,1.635,14.77,368.053,0.046
-4307.318,-384.471,1.635,13.599,366.276,0.037
-4307.038,-379.533,1.635,14.486,363.243,0.038
-4306.713,-374.627,1.636,15.695,360.333,0.037
-4306.455,-369.796,1.636,16.044,357.069,0.038
-4306.162,-365.14,1.638,16.707,352.492,0.043
-4305.884,-360.276,1.637,17.106,350.725,0.029
-4305.431,-355.346,1.637,19.254,349.894,0.029
-4304.978,-350.477,1.639,21.087,348.567,0.039
-4304.447,-345.735,1.64,23.456,346.119,0.044
-4303.899,-341.015,1.642,25.64,343.804,0.055
-4303.454,-336.136,1.641,26.456,343.467,0.042
-4302.833,-331.428,1.641,28.949,341.424,0.031
-4302.24,-326.683,1.642,30.808,340.059,0.038
-4301.652,-321.865,1.64,32.323,339.654,0.014
-4301.117,-317.029,1.639,33.084,339.486,0.002
-4300.589,-312.152,1.638,33.649,339.762,-0.004
-4299.953,-307.188,1.635,35.251,340.897,-0.031
-4299.301,-302.308,1.637,36.772,340.998,-0.015
-4298.811,-297.174,1.637,36.412,343.705,-0.006
-4298.199,-292.094,1.638,37.363,345.453,0.005
-4297.8,-286.864,1.639,35.969,348.491,0.011
-4297.281,-281.901,1.639,36.028,348.336,0.005
-4291.939,-270.622,1.639,85.713,413.217,0.011
-4287.48,-260.288,1.639,119.012,458.837,0.007
-4283.554,-250.839,1.639,141.937,488.622,0.008
-4280.276,-242.244,1.64,154.802,505.244,0.012
-4277.557,-234.408,1.64,160.031,511.611,0.008
-4275.382,-227.207,1.639,158.887,510.506,0.003
-4273.557,-220.626,1.639,154.304,503.176,-0.002
-4272.153,-214.706,1.638,146.063,490.124,-0.012
-4271.087,-209.057,1.637,135.555,476.196,-0.013
-4270.139,-203.714,1.638,125.38,461.166,-0.008
-4269.346,-198.513,1.638,115.108,446.889,-0.008
-4268.849,-193.496,1.637,103.297,432.814,-0.01
-4268.566,-188.827,1.637,91.015,417.225,-0.008
-4268.33,-184.352,1.638,80.063,401.929,-0.004
-4268.036,-179.921,1.639,71.316,388.438,0.013
-4267.741,-175.381,1.639,63.865,378.048,0.012
-4267.552,-171.004,1.639,56.414,367.513,0.003
-4267.369,-166.616,1.639,50.003,358.634,0.002
-4267.126,-162.261,1.639,45.149,350.73,0.002
-4266.839,-157.957,1.638,41.46,343.455,-0.001
-4266.575,-153.517,1.638,38.091,338.651,0
-4266.269,-149.078,1.639,35.634,334.544,0.003
-4265.9,-144.504,1.64,34.191,332.437,0.018
-4265.687,-139.942,1.642,31.358,330.511,0.026
-4265.389,-135.317,1.643,29.81,329.509,0.033
-4265.069,-130.724,1.643,28.721,328.337,0.036
-4264.693,-125.971,1.645,28.372,328.975,0.044
-4264.201,-121.203,1.644,29.259,329.686,0.029
-4263.713,-116.7,1.644,29.985,327.552,0.021
-4263.395,-112.156,1.643,28.847,326.156,0.01
-4262.93,-107.704,1.642,29.388,324.023,0.005
-4262.344,-103.117,1.643,31.105,323.592,0.006
-4261.793,-98.535,1.643,32.199,323.18,0.012
-4261.279,-94.05,1.644,32.755,321.821,0.017
-4261.032,-89.551,1.645,30.484,320.805,0.028
-4260.774,-84.822,1.646,28.657,322.313,0.029
-4260.576,-80.182,1.647,26.482,322.669,0.031
-4260.39,-75.63,1.646,24.497,322.084,0.019
-4260.261,-70.335,1.647,22.224,329.224,0.024
-4260.207,-65.033,1.648,19.513,335.388,0.035
-4260.132,-59.629,1.649,17.414,341.694,0.035
-4259.893,-54.307,1.651,17.315,346.229,0.051
-4259.599,-49.256,1.652,17.791,347.314,0.058
-4259.358,-44.123,1.653,17.656,349.074,0.051
-4259.182,-39.08,1.655,16.87,349.66,0.064
-4259.001,-33.907,1.657,16.257,351.486,0.073
-4258.929,-28.751,1.658,14.607,352.872,0.078
-4258.707,-23.713,1.659,14.75,352.847,0.073
-4258.377,-18.718,1.66,15.971,352.368,0.068
-4258.213,-13.722,1.66,15.306,351.986,0.063
-4258.169,-8.822,1.66,13.51,350.664,0.052
-4258.17,-3.731,1.66,11.516,351.497,0.043
-4257.882,1.346,1.66,12.783,352.072,0.04
-4257.524,6.37,1.659,14.594,352.013,0.024
-4257.133,11.356,1.659,16.473,351.577,0.016
-4256.914,16.357,1.657,16.303,351.356,0.002
-4256.682,21.386,1.656,16.29,351.45,-0.012
-4256.485,26.496,1.654,15.926,352.367,-0.026
-4256.273,31.573,1.655,15.769,352.817,-0.018
-4255.824,36.681,1.655,18.069,353.516,-0.011
-4255.377,41.767,1.655,20.014,353.879,-0.012
-4254.791,46.737,1.654,23.103,353.002,-0.02
-4254.288,51.75,1.652,24.885,352.699,-0.032
-4253.825,56.671,1.652,25.991,351.48,-0.033
-4253.291,61.581,1.65,27.669,350.341,-0.043
-4252.875,66.474,1.648,27.882,349.187,-0.056
-4252.392,71.371,1.644,28.752,348.251,-0.084
-4252.004,76.263,1.64,28.516,347.39,-0.11
-4251.51,81.225,1.635,29.405,347.389,-0.145
-4251.008,86.258,1.63,30.247,348.112,-0.165
-4250.623,91.336,1.627,29.768,349.186,-0.172
-4245.404,103.992,1.631,79.119,428.122,-0.106
-4240.963,115.644,1.637,113.202,485.118,-0.037
-4237.256,126.002,1.644,134.714,520.403,0.031
-4234.087,135.452,1.648,147.52,541.16,0.068
-4231.639,143.827,1.652,151.034,547.791,0.098
-4229.694,151.248,1.653,148.845,543.621,0.096
-4228.131,158.044,1.655,143.041,533.639,0.099
-4226.964,164.148,1.657,134.019,517.996,0.102
-4226.113,169.904,1.659,123.067,501.064,0.107
-4225.344,175.204,1.661,112.887,481.944,0.106
-4224.979,180.159,1.663,100.039,462.078,0.109
-4224.86,185.052,1.665,86.556,444.492,0.115
-4224.776,189.851,1.666,74.688,428.528,0.106
-4224.875,194.586,1.665,62.691,414.244,0.084
-4225.005,199.108,1.665,52.131,399.874,0.072
-4225.002,203.596,1.664,44.493,387.272,0.051
-4225.157,208.192,1.665,36.358,377.631,0.053
-4225.104,212.825,1.664,31.558,369.785,0.036
-4224.779,217.266,1.663,30.256,361.121,0.024
-4224.54,221.667,1.663,28.268,353.322,0.017
-4223.94,227.331,1.665,30.29,359.676,0.03
-4223.438,233.051,1.666,31.001,365.662,0.044
-4222.898,238.6,1.667,32,369.003,0.043
-4222.625,243.751,1.667,30.114,367.768,0.032
-4222.235,248.937,1.667,29.689,367.073,0.029
-4221.895,254.13,1.667,28.829,366.549,0.027
-4221.542,259.199,1.667,28.221,364.818,0.027
-4220.92,263.987,1.666,30.473,360.455,0.011
-4220.483,268.882,1.667,30.49,357.846,0.019
-4220.032,273.588,1.669,30.647,353.665,0.033
-4219.463,278.391,1.668,32.003,351.095,0.02
-4218.931,283.16,1.668,32.775,348.552,0.021
-4218.316,288.093,1.67,34.277,348.081,0.032
-4217.789,292.796,1.671,34.665,345.306,0.035
-4217.423,297.579,1.67,33.334,343.761,0.027
-4216.744,302.412,1.671,35.43,342.959,0.028
-4216.296,307.17,1.67,34.828,341.506,0.015
-4215.667,312.092,1.668,36.182,341.95,-0.002
-4215.329,317.041,1.666,34.339,342.611,-0.023
-4214.965,321.778,1.665,33.038,340.985,-0.035
-4214.667,326.393,1.665,31.241,338.345,-0.027
-4214.487,331.252,1.664,28.5,338.612,-0.035
-4214.217,336.079,1.662,27.09,338.505,-0.047
-4213.896,340.857,1.662,26.415,337.907,-0.04
-4213.322,345.583,1.663,28.437,336.868,-0.027
-4212.948,350.222,1.665,28.105,335.079,0.001
-4212.474,354.937,1.667,28.853,334.347,0.016
-4211.798,359.798,1.668,31.567,335.21,0.028
-4210.981,364.762,1.669,35.336,337.021,0.026
-4210.297,369.865,1.668,37.18,339.984,0.02
-4209.757,374.81,1.669,37.272,340.891,0.029
-4209.116,379.544,1.671,38.391,339.497,0.038
-4208.508,384.449,1.672,38.996,340.065,0.042
-4207.851,389.369,1.673,40.034,340.701,0.046
-4206.834,394.427,1.675,44.605,342.668,0.059
-4205.982,399.313,1.676,46.823,342.57,0.059
-4205.137,404.016,1.675,48.631,340.6,0.041
-4204.4,408.92,1.676,49.072,341.003,0.046
-4203.711,413.857,1.677,48.942,341.676,0.043
-4202.959,418.76,1.677,49.486,341.896,0.038
-4202.489,423.637,1.678,47.048,341.826,0.049
-4202.001,428.783,1.679,45.15,344.525,0.044
-4201.556,433.569,1.679,43.096,343.137,0.04
-4201.104,438.35,1.678,41.408,341.887,0.028
-4200.618,443.28,1.678,40.326,342.364,0.023
-4199.943,448.035,1.679,41.345,340.955,0.029
-4199.162,452.824,1.678,43.308,340.123,0.01
-4198.574,457.743,1.677,42.99,340.74,-0.002
-4198.233,462.528,1.676,40.174,339.889,-0.006
-4197.713,467.401,1.676,39.621,340.063,-0.006
-4197.342,472.221,1.676,37.616,339.678,-0.008
-4196.837,477.005,1.676,37.275,338.963,-0.002
-4196.572,481.34,1.676,34.527,333.743,-0.001
-4196.819,485.043,1.677,26.909,322.782,0.008
-4197.136,487.564,1.68,19.684,301.265,0.036
-4197.634,488.65,1.685,11.666,268.135,0.077
-4198.048,488.171,1.692,5.689,223.771,0.134
-4198.412,486.539,1.698,1.107,174.068,0.166
-4198.475,484.548,1.696,0.293,127.969,0.13
-4198.36,482.082,1.696,1.426,83.763,0.107
-4198.372,479.125,1.692,1.094,41.007,0.052
-4198.49,475.978,1.685,-0.283,2.571,-0.025
-4198.517,473.586,1.674,-0.516,-22.427,-0.119
-4198.445,471.557,1.664,0.303,-40.013,-0.196
-4198.554,469.855,1.657,-0.865,-51.659,-0.234
-4198.507,468.445,1.653,-0.259,-58.568,-0.238
-4198.574,467.406,1.65,-0.904,-60.65,-0.225
-4198.594,466.72,1.65,-0.98,-58.803,-0.192
-4198.591,466.306,1.649,-0.799,-54.41,-0.173
-4198.643,465.969,1.648,-1.217,-49.882,-0.158
-4198.67,465.714,1.649,-1.32,-45.166,-0.125
-4198.759,465.654,1.652,-2.043,-39.148,-0.083
-4198.857,465.536,1.653,-2.757,-34.599,-0.064
-4198.905,465.522,1.653,-2.838,-29.652,-0.051
-4198.853,465.535,1.654,-1.88,-25.162,-0.034
-4198.778,465.62,1.654,-0.841,-20.585,-0.026
-4198.631,465.722,1.656,0.798,-16.513,-0.005
-4198.88,465.852,1.657,-1.879,-12.744,0.005
-4198.875,466.126,1.657,-1.554,-8.046,0.008
-4198.84,466.457,1.658,-0.966,-3.454,0.008
-4198.801,466.714,1.658,-0.422,-0.306,0.014
-4198.91,466.986,1.659,-1.48,2.539,0.013
-4198.896,467.033,1.658,-1.12,2.647,0.008
-4198.842,467.082,1.659,-0.399,2.764,0.01
-4198.943,467.277,1.659,-1.38,4.368,0.016
-4198.998,467.296,1.661,-1.742,3.924,0.026
-4198.883,467.342,1.661,-0.304,3.815,0.025
-4198.916,467.372,1.661,-0.595,3.562,0.021
-4198.86,467.342,1.661,0.062,2.732,0.024
-4198.832,467.307,1.662,0.348,1.971,0.028
-4198.825,467.396,1.661,0.37,2.593,0.012
-4198.874,467.364,1.662,-0.194,1.884,0.018
-4198.76,467.376,1.662,1.013,1.733,0.016
-4198.834,467.332,1.661,0.098,1.022,0.009
-4198.938,467.313,1.662,-0.987,0.678,0.016
-4198.895,467.169,1.662,-0.395,-0.906,0.014
-4198.932,467.151,1.662,-0.718,-0.951,0.007
-4198.904,467.328,1.66,-0.331,1.01,-0.011
-4198.849,467.351,1.66,0.284,1.091,-0.01
-4199.036,467.611,1.66,-1.677,3.609,-0.009
-4198.978,467.592,1.66,-0.836,2.888,-0.006
-4198.849,467.663,1.66,0.62,3.189,-0.008
-4198.879,467.774,1.66,0.214,3.864,-0.005
-4198.84,467.744,1.661,0.586,2.985,0.006
-4198.845,467.602,1.661,0.449,1.09,0.009
-4198.735,467.57,1.661,1.509,0.6,0.007
-4198.781,467.461,1.661,0.82,-0.615,0
-4198.68,467.547,1.661,1.736,0.367,0.001
-4198.684,467.499,1.661,1.442,-0.188,0.001
-4198.737,467.621,1.661,0.683,1.098,0.003
-4198.832,467.58,1.662,-0.388,0.511,0.015
-4198.753,467.543,1.663,0.475,0.055,0.015
-4198.761,467.497,1.662,0.32,-0.425,0.011
-4198.875,467.527,1.664,-0.904,-0.053,0.021
-4198.826,467.668,1.663,-0.256,1.405,0.01
-4198.82,467.831,1.663,-0.165,2.884,0.008
-4198.976,467.7,1.662,-1.74,1.11,0
-4198.811,467.69,1.663,0.218,0.837,0.008
-4198.733,467.543,1.663,0.979,-0.793,0.003
-4198.796,467.477,1.661,0.19,-1.354,-0.009
-4198.903,467.444,1.662,-0.935,-1.504,-0.005
-4198.979,467.433,1.662,-1.591,-1.396,0.003
-4198.903,467.437,1.663,-0.565,-1.146,0.012
-4198.901,467.466,1.663,-0.466,-0.673,0.008
-4199.017,467.555,1.664,-1.583,0.339,0.019
-4198.945,467.592,1.665,-0.614,0.666,0.02
-4198.902,467.496,1.666,-0.081,-0.415,0.024
-4198.984,467.562,1.665,-0.913,0.326,0.016
-4199.03,467.56,1.665,-1.259,0.249,0.012
-4199.022,467.538,1.664,-0.991,-0.009,-0.003
-4198.887,467.427,1.665,0.553,-1.156,0.007
-4198.751,467.562,1.665,1.861,0.408,0.011
-4198.839,467.64,1.665,0.689,1.151,0.013
-4198.817,467.553,1.666,0.812,0.085,0.018
-4198.849,467.507,1.666,0.363,-0.397,0.01
-4198.828,467.519,1.666,0.533,-0.213,0.013
-4198.85,467.464,1.665,0.224,-0.749,0
-4198.854,467.404,1.664,0.145,-1.261,-0.009
-4198.943,467.558,1.664,-0.792,0.508,-0.002
-4199.072,467.491,1.665,-1.998,-0.257,0.006
-4198.938,467.588,1.666,-0.332,0.785,0.015
-4198.983,467.691,1.667,-0.741,1.727,0.015
-4198.944,467.603,1.666,-0.229,0.573,0.011
-4198.812,467.397,1.668,1.162,-1.633,0.021
-4198.852,467.308,1.668,0.58,-2.309,0.017
-4198.8,467.289,1.668,1.03,-2.17,0.019
-4198.77,467.369,1.667,1.184,-1.026,0.009
-4198.692,467.402,1.667,1.809,-0.536,0.008
-4198.8,467.545,1.668,0.441,1.015,0.015
-4198.786,467.714,1.668,0.52,2.604,0.013
-4198.65,467.776,1.667,1.839,2.863,0
-4198.747,467.628,1.667,0.568,0.92,-0.004
-4198.602,467.664,1.667,1.98,1.15,-0.001
-4198.582,467.77,1.668,1.892,2.078,0.009
-4198.561,467.705,1.668,1.84,1.098,0.012
-4198.658,467.548,1.672,0.564,-0.682,0.045
-4198.444,467.002,1.674,2.684,-6.202,0.055
-4198.593,465.472,1.679,0.759,-21.039,0.1
-4198.791,463.199,1.683,-1.391,-41.342,0.127
-4199.04,460.366,1.686,-3.754,-64.429,0.135
-4199.277,456.983,1.687,-5.638,-89.778,0.124
-4199.53,453.73,1.687,-7.419,-110.068,0.107
-4199.836,450.09,1.686,-9.479,-131.352,0.082
-4200.28,446.422,1.684,-12.657,-149.788,0.047
-4200.628,442.709,1.683,-14.373,-165.99,0.03
-4201.015,439.384,1.681,-16.24,-175.809,0.007
-4201.479,436.241,1.679,-18.633,-182.304,-0.016
-4201.986,433.122,1.677,-21.115,-187.6,-0.032
-4202.599,430.149,1.675,-24.314,-190.626,-0.04
-4203.089,427.075,1.673,-25.784,-194.236,-0.056
-4203.449,424.18,1.674,-25.699,-195.47,-0.042
-4203.902,421.3,1.672,-26.585,-196.369,-0.055
-4204.191,418.523,1.672,-25.647,-196.077,-0.043
-4204.45,415.934,1.672,-24.547,-193.893,-0.043
-4204.527,413.189,1.672,-21.731,-193.643,-0.033
-4204.69,410.701,1.673,-20.208,-190.771,-0.019
-4204.904,408.114,1.672,-19.441,-189.356,-0.024
-4205.131,405.59,1.673,-18.913,-187.482,-0.015
-4205.291,402.987,1.673,-17.781,-186.709,-0.011
-4205.923,399.035,1.674,-21.672,-199.936,0.001
-4206.474,395.391,1.673,-24.155,-208.046,-0.012
-4207.073,391.901,1.672,-26.776,-213.381,-0.02
-4207.52,388.671,1.672,-27.434,-215.248,-0.015
-4207.909,385.446,1.672,-27.404,-216.79,-0.011
-4208.388,382.543,1.67,-28.307,-214.793,-0.023
-4208.806,379.582,1.671,-28.448,-213.692,-0.018
-4209.125,376.784,1.67,-27.543,-211.067,-0.022
-4209.417,374.193,1.671,-26.497,-206.699,-0.01
-4209.684,371.581,1.67,-25.353,-203.188,-0.014
-4209.877,369.256,1.67,-23.612,-197.242,-0.018
-4209.964,366.494,1.67,-21.042,-196.672,-0.011
-4210.266,363.982,1.671,-21.051,-193.612,0.003
-4210.487,361.345,1.671,-20.236,-192.28,0.002
-4210.846,358.972,1.671,-20.953,-188.434,-0.004
-4211.143,356.395,1.671,-20.92,-187.246,0
-4211.345,353.809,1.673,-19.927,-186.338,0.017
-4211.505,351.448,1.673,-18.643,-183.234,0.019
-4211.726,348.994,1.673,-18.177,-181.552,0.01
-4212,346.647,1.674,-18.33,-179.013,0.017
-4212.123,344.071,1.673,-16.894,-179.204,0.013
-4212.123,341.677,1.675,-14.408,-177.495,0.03
-4212.254,339.033,1.676,-13.645,-178.608,0.033
-4212.328,336.578,1.678,-12.392,-177.619,0.047
-4212.361,334.212,1.679,-10.914,-175.851,0.051
-4212.47,331.77,1.681,-10.427,-175.127,0.055
-4212.65,329.405,1.681,-10.751,-173.726,0.052
-4212.82,326.838,1.681,-10.917,-174.596,0.041
-4213.06,324.405,1.681,-11.782,-173.97,0.038
-4213.224,321.689,1.681,-11.742,-176.347,0.029
-4213.445,319.1,1.681,-12.294,-177.065,0.024
-4213.709,316.414,1.681,-13.201,-178.667,0.025
-4213.831,313.632,1.68,-12.513,-181.034,0.012
-4214.026,311.055,1.681,-12.679,-180.94,0.015
-4214.178,308.51,1.682,-12.381,-180.527,0.024
-4214.2,306.167,1.682,-10.788,-178.098,0.019
-4214.286,303.641,1.683,-10.087,-177.911,0.033
-4214.422,301.253,1.683,-10.001,-176.333,0.024
-4214.629,298.856,1.682,-10.664,-175.08,0.014
-4214.792,296.323,1.681,-10.767,-175.407,0.003
-4214.986,293.944,1.681,-11.189,-174.1,-0.003
-4215.132,291.333,1.681,-11.044,-175.379,-0.001
-4215.303,288.787,1.681,-11.181,-175.791,-0.004
-4215.476,286.032,1.679,-11.315,-178.304,-0.02
-4215.68,283.406,1.678,-11.752,-179.108,-0.023
-4215.921,280.765,1.677,-12.503,-179.956,-0.027
-4216.23,278.204,1.677,-13.846,-179.857,-0.027
-4216.29,275.623,1.677,-12.423,-179.978,-0.021
-4216.532,273.037,1.679,-13.095,-180.128,-0.005
-4216.667,270.689,1.681,-12.555,-177.814,0.018
-4216.824,268.08,1.682,-12.321,-178.526,0.026
-4216.763,265.689,1.683,-9.888,-176.883,0.035
-4216.946,263.192,1.683,-10.32,-176.572,0.029
-4217.121,260.728,1.683,-10.602,-175.97,0.019
-4217.252,258.212,1.683,-10.394,-175.994,0.019
-4217.463,255.489,1.684,-11.038,-178.144,0.024
-4217.678,252.868,1.684,-11.622,-178.927,0.022
-4217.775,250.261,1.684,-10.917,-179.447,0.014
-4217.85,247.519,1.683,-10.075,-181.284,0.006
-4218.267,244.946,1.683,-12.888,-181.113,0.007
-4218.683,242.442,1.682,-15.278,-180.252,-0.005
-4218.979,240.094,1.683,-16.081,-177.916,0.002
-4219.406,237.615,1.684,-18.106,-177.27,0.012
-4219.769,235.325,1.685,-19.181,-174.783,0.02
-4219.905,232.871,1.686,-17.765,-174.34,0.028
-4220.051,230.366,1.687,-16.655,-174.49,0.031
-4220.176,227.572,1.688,-15.488,-177.583,0.042
-4220.383,225.2,1.686,-15.341,-175.889,0.018
-4220.801,222.494,1.685,-17.393,-177.88,0.003
-4220.896,220.106,1.685,-15.807,-176.308,0.005
-4221.13,217.413,1.685,-15.898,-178.098,0
-4221.167,214.868,1.684,-13.938,-178.106,-0.012
-4221.44,212.399,1.684,-14.7,-177.325,-0.008
-4221.8,209.892,1.683,-16.245,-177.061,-0.013
-4221.989,207.383,1.683,-15.801,-176.848,-0.012
-4222.236,204.779,1.684,-16.02,-177.646,-0.003
-4222.422,202.254,1.684,-15.575,-177.521,0.002
-4222.577,199.793,1.685,-14.879,-176.743,0.01
-4222.894,197.256,1.685,-15.957,-176.864,0.004
-4223.134,195.006,1.685,-16.083,-174.019,0.008
-4223.004,191.868,1.685,-12.379,-180.728,0.003
-4223.015,188.783,1.685,-10.665,-185.913,0.006
-4223.04,185.856,1.685,-9.354,-188.7,0
-4223.104,182.838,1.686,-8.636,-192.017,0.01
-4223.152,180.151,1.686,-7.865,-191.439,0.015
-4223.24,177.596,1.686,-7.617,-189.594,0.012
-4223.341,174.632,1.686,-7.538,-192.223,0.011
-4223.609,171.993,1.687,-9.185,-191.123,0.018
-4223.856,169.193,1.688,-10.375,-191.841,0.021
-4224.082,166.434,1.686,-11.176,-192.025,-0.002
-4224.34,163.573,1.687,-12.195,-193.243,0.01
-4224.498,160.928,1.687,-12.024,-192.053,0.006
-4224.546,158.41,1.688,-10.747,-189.726,0.014
-4224.626,155.662,1.688,-9.99,-190.114,0.018
-4224.646,153.351,1.69,-8.721,-185.95,0.03
-4224.663,150.658,1.691,-7.618,-186.322,0.035
-4224.817,148.139,1.692,-8.086,-184.856,0.041
-4224.863,145.756,1.692,-7.373,-182.196,0.035
-4225.07,143.339,1.692,-8.418,-180.282,0.034
-4225.285,140.877,1.692,-9.394,-179.122,0.025
-4225.439,138.302,1.692,-9.597,-179.282,0.024
-4225.64,135.797,1.692,-10.256,-178.706,0.02
-4225.622,133.099,1.692,-8.56,-180.197,0.01
-4225.818,130.488,1.691,-9.318,-180.581,0.002
-4225.711,127.843,1.691,-6.847,-181.248,0.006
-4225.746,125.369,1.691,-6.195,-180.067,0.005
-4225.637,122.666,1.693,-4.17,-181.404,0.021
-4225.521,120.009,1.693,-2.355,-182.085,0.016
-4225.536,117.608,1.694,-2.169,-180.025,0.026
-4230.441,108.207,1.682,-52.346,-250.328,-0.088
-4234.637,99.95,1.673,-87.838,-298.512,-0.165
-4237.991,92.519,1.664,-109.449,-331.116,-0.22
-4240.766,86.071,1.659,-121.926,-348.801,-0.236
-4242.932,80.524,1.656,-126.293,-354.607,-0.232
-4244.577,75.442,1.654,-124.649,-354.773,-0.209
-4245.822,71.141,1.654,-119.137,-346.872,-0.183
-4246.752,67.193,1.656,-111.192,-336.506,-0.135
-4247.308,63.872,1.66,-100.559,-321.201,-0.082
-4247.683,60.79,1.662,-89.636,-305.689,-0.05
-4247.863,58.077,1.666,-78.304,-288.669,-0.008
-4247.93,55.56,1.67,-67.48,-272.122,0.029
-4247.838,53.405,1.674,-56.606,-254.291,0.064
-4247.813,51.225,1.678,-48.029,-239.335,0.092
-4247.636,49.062,1.682,-39.143,-226.404,0.124
-4247.663,46.664,1.686,-33.656,-217.788,0.145
-4247.418,44.261,1.689,-26.189,-210.504,0.149
-4247.287,41.998,1.69,-20.982,-202.838,0.134
-4247.078,39.589,1.692,-15.748,-197.809,0.138
-4247.026,37.325,1.693,-12.899,-192.02,0.123
-4246.952,34.89,1.692,-10.242,-188.852,0.102
-4246.876,32.523,1.693,-7.953,-185.447,0.093
-4246.901,30.033,1.693,-7.039,-183.805,0.083
-4246.918,27.619,1.694,-6.179,-181.631,0.08
-4247.053,25.158,1.696,-6.659,-180.251,0.079
-4247.167,22.778,1.697,-6.848,-178.241,0.079
-4247.369,20.476,1.697,-7.926,-175.725,0.071
-4247.46,18.125,1.698,-7.702,-174.084,0.066
-4247.482,15.717,1.698,-6.79,-173.273,0.059
-4247.607,13.263,1.698,-7.079,-173.052,0.049
-4247.604,10.851,1.698,-6.008,-172.435,0.044
-4247.644,8.18,1.698,-5.532,-174.578,0.034
-4247.617,5.566,1.696,-4.444,-175.811,0.016
-4247.655,2.935,1.697,-4.183,-177.034,0.018
-4247.628,0.362,1.697,-3.291,-177.486,0.014
-4247.717,-2.239,1.696,-3.721,-178.167,0.001
-4247.895,-4.828,1.695,-5.002,-178.613,-0.005
-4248.137,-7.575,1.696,-6.761,-180.623,0.004
-4248.358,-10.352,1.696,-8.042,-182.646,0.009
-4248.667,-13.125,1.697,-10.042,-184.339,0.009
-4248.949,-15.925,1.697,-11.466,-186.047,0.016
-4249.124,-18.62,1.698,-11.585,-186.434,0.016
-4249.342,-21.23,1.698,-12.121,-185.888,0.016
-4249.38,-23.883,1.698,-10.731,-185.855,0.01
-4249.407,-26.327,1.698,-9.428,-183.69,0.016
-4249.391,-28.986,1.699,-7.884,-184.047,0.024
-4249.313,-31.56,1.7,-5.923,-183.477,0.023
-4249.318,-34.106,1.699,-5.1,-182.703,0.012
-4249.331,-36.752,1.699,-4.477,-183.074,0.015
-4249.493,-39.192,1.701,-5.494,-181.269,0.029
-4249.689,-41.702,1.702,-6.705,-180.449,0.035
-4249.798,-44.262,1.702,-6.843,-180.262,0.026
-4249.853,-46.814,1.702,-6.392,-180.03,0.023
-4250.06,-49.197,1.702,-7.586,-178.083,0.022
-4250.108,-51.703,1.702,-6.97,-177.688,0.021
-4250.072,-54.38,1.702,-5.576,-179.114,0.014
-4249.991,-57.024,1.702,-3.914,-179.997,0.016
-4249.914,-59.652,1.703,-2.548,-180.578,0.021
-4249.883,-62.144,1.704,-1.856,-179.676,0.024
-4249.837,-64.666,1.704,-1.109,-179.219,0.022
-4249.854,-67.078,1.704,-1.124,-177.692,0.018
-4249.96,-69.462,1.705,-2.054,-176.099,0.023
-4250.09,-71.929,1.706,-3.088,-175.596,0.032
-4250.265,-74.495,1.707,-4.428,-176.189,0.04
-4250.393,-77.086,1.708,-5.092,-176.945,0.036
-4250.623,-79.829,1.707,-6.713,-179.163,0.024
-4250.778,-82.432,1.707,-7.326,-179.617,0.026
-4251.03,-85.1,1.706,-8.84,-180.664,0.011
-4251.051,-87.726,1.705,-7.758,-181.131,-0.004
-4251.034,-90.266,1.704,-6.445,-180.638,-0.013
-4251.08,-93.131,1.704,-5.962,-183.57,-0.013
-4251.064,-95.852,1.705,-4.924,-184.586,-0.001
-4251.047,-98.552,1.705,-4.026,-185.234,0.008
-4251.055,-101.005,1.707,-3.514,-183.24,0.025
-4251.022,-103.541,1.708,-2.66,-182.403,0.029
-4251.086,-106.063,1.708,-2.931,-181.54,0.02
-4251.185,-108.553,1.706,-3.516,-180.478,0.002
-4251.272,-111.17,1.705,-3.896,-180.869,-0.007
-4251.223,-113.756,1.705,-2.816,-180.892,-0.012
-4251.244,-116.428,1.704,-2.617,-181.803,-0.019
-4251.257,-118.989,1.703,-2.374,-181.424,-0.021
-4251.323,-121.492,1.703,-2.699,-180.516,-0.022
-4251.459,-123.92,1.703,-3.704,-178.963,-0.016
-4251.531,-126.327,1.703,-3.896,-177.422,-0.015
-4251.612,-128.725,1.703,-4.163,-176.018,-0.01
-4251.656,-131.117,1.702,-4.003,-174.753,-0.016
-4251.763,-133.559,1.704,-4.51,-174.197,-0.001
-4251.85,-135.918,1.703,-4.739,-172.862,-0.012
-4251.925,-138.32,1.704,-4.821,-172.166,0.003
-4251.999,-140.819,1.704,-4.867,-172.566,0.007
-4252.202,-143.176,1.704,-6.246,-171.453,0.003
-4252.449,-145.682,1.706,-7.874,-172.04,0.02
-4252.599,-148.136,1.706,-8.257,-172.006,0.014
-4252.827,-150.781,1.705,-9.386,-173.931,0.004
-4252.99,-153.422,1.705,-9.693,-175.543,0.01
-4253.057,-155.945,1.705,-8.955,-175.697,0.008
-4253.125,-158.436,1.705,-8.329,-175.509,0.001
-4253.244,-160.813,1.705,-8.332,-174.161,0.006
-4253.318,-163.267,1.705,-7.877,-173.809,0.005
-4253.465,-165.706,1.706,-8.223,-173.364,0.013
-4253.674,-168.229,1.708,-9.168,-173.833,0.025
-4253.85,-170.683,1.708,-9.628,-173.536,0.026
-4254.004,-173.142,1.709,-9.806,-173.33,0.031
-4254.098,-175.705,1.709,-9.331,-174.224,0.024
-4254.213,-178.139,1.708,-9.143,-173.658,0.011
-4254.258,-180.807,1.71,-8.257,-175.584,0.026
-4254.232,-183.369,1.711,-6.783,-176.135,0.036
-4254.285,-185.902,1.712,-6.328,-176.309,0.041
-4254.487,-188.456,1.712,-7.473,-176.676,0.037
-4254.567,-191.001,1.713,-7.198,-176.889,0.042
-4254.819,-193.469,1.712,-8.733,-176.286,0.025
-4255.09,-196.001,1.713,-10.243,-176.424,0.026
-4255.228,-198.397,1.714,-10.15,-175.145,0.029
-4255.389,-200.917,1.716,-10.316,-175.329,0.044
-4255.572,-203.264,1.717,-10.687,-173.701,0.051
-4255.534,-205.874,1.717,-8.725,-175.025,0.045
-4255.559,-208.345,1.718,-7.695,-174.727,0.042
-4255.616,-210.922,1.718,-7.149,-175.559,0.037
-4255.666,-213.448,1.717,-6.609,-175.747,0.027
-4255.701,-215.823,1.717,-6.005,-174.349,0.017
-4255.737,-218.349,1.718,-5.487,-174.708,0.026
-4255.779,-221.178,1.718,-5.121,-178.144,0.026
-4255.843,-223.94,1.717,-5.024,-180.376,0.009
-4255.993,-226.769,1.716,-5.825,-182.969,0.001
-4256.149,-229.593,1.716,-6.576,-185.139,0.003
-4256.461,-232.38,1.716,-8.818,-186.6,0
-4256.654,-235.113,1.716,-9.514,-187.291,0.002
-4256.856,-237.836,1.717,-10.193,-187.785,0.011
-4257.08,-240.456,1.716,-11,-187.134,-0.006
-4257.204,-243.162,1.714,-10.653,-187.468,-0.017
-4257.307,-245.827,1.714,-10.149,-187.334,-0.017
-4257.362,-248.375,1.715,-9.225,-186.013,-0.007
-4262.442,-257.419,1.716,-60.169,-251.764,0.005
-4266.627,-265.411,1.718,-94.398,-297.009,0.019
-4270.275,-272.434,1.718,-118.072,-325.63,0.023
-4273.174,-278.714,1.72,-130.55,-342.395,0.033
-4275.63,-283.947,1.72,-136.633,-345.911,0.029
-4277.487,-288.689,1.72,-135.655,-343.859,0.026
-4278.729,-292.846,1.721,-128.495,-336.081,0.03
-4279.688,-296.657,1.721,-119.472,-325.891,0.025
-4280.322,-299.634,1.72,-108.424,-308.609,0.014
-4280.679,-302.695,1.721,-96.156,-294.729,0.023
-4280.78,-305.361,1.721,-83.058,-278.835,0.023
-4280.876,-307.888,1.722,-71.832,-263.844,0.029
-4280.748,-310.086,1.723,-59.939,-247.671,0.033
-4280.572,-312.322,1.724,-49.322,-234.257,0.035
-4280.3,-314.406,1.725,-39.268,-221.269,0.036
-4279.997,-316.492,1.725,-30.372,-210.198,0.029
-4279.664,-318.588,1.725,-22.474,-200.859,0.03
-4279.356,-320.842,1.725,-15.996,-194.531,0.025
-4279.182,-323.051,1.725,-11.857,-188.654,0.018
-4278.961,-325.406,1.725,-7.833,-185.154,0.015
-4278.891,-327.653,1.723,-5.957,-181.057,-0.005
-4278.796,-330.123,1.722,-4.116,-179.861,-0.015
-4278.756,-332.342,1.721,-3.093,-176.256,-0.022
-4278.609,-334.693,1.722,-1.126,-174.529,-0.01
-4278.565,-336.982,1.721,-0.507,-172.434,-0.011
-4278.461,-339.279,1.722,0.64,-170.715,-0.006
-4278.472,-341.585,1.722,0.437,-169.354,0.002
-4278.455,-344.072,1.722,0.542,-170.045,0
-4278.573,-346.442,1.723,-0.75,-169.441,0.008
-4278.518,-349.141,1.724,-0.074,-172.305,0.011
-4278.453,-351.837,1.723,0.609,-174.723,0.005
-4278.305,-354.491,1.722,2.037,-176.34,-0.007
-4278.19,-356.954,1.721,2.923,-175.762,-0.017
-4278.08,-359.535,1.72,3.626,-176.489,-0.023
-4278.009,-362.231,1.719,3.82,-178.286,-0.027
-4278.028,-364.823,1.719,3.067,-178.753,-0.025
-4278.107,-367.514,1.721,1.798,-180.164,-0.005
-4278.141,-370.094,1.722,1.185,-180.227,0.014
-4278.172,-372.647,1.723,0.697,-180.01,0.02
-4278.198,-375.14,1.724,0.323,-179.199,0.025
-4278.275,-377.628,1.723,-0.518,-178.451,0.01
-4278.271,-380.162,1.723,-0.397,-178.301,0.012
-4278.163,-382.772,1.723,0.775,-178.951,0.011
-4278.202,-385.15,1.724,0.255,-177.114,0.012
-4277.958,-387.794,1.724,2.727,-178.278,0.016
-4277.848,-390.447,1.724,3.458,-179.379,0.009
-4277.779,-393.041,1.724,3.666,-179.694,0.012
-4277.714,-395.696,1.726,3.796,-180.602,0.023
-4277.562,-398.382,1.726,4.794,-181.69,0.025
-4277.516,-400.856,1.726,4.565,-180.442,0.021
-4277.691,-403.322,1.726,2.098,-179.293,0.016
-4277.722,-405.805,1.726,1.465,-178.485,0.013
-4277.688,-408.305,1.729,1.601,-177.97,0.038
-4277.759,-410.905,1.729,0.638,-178.569,0.038
-4277.728,-413.551,1.729,0.862,-179.548,0.033
-4277.837,-416.066,1.73,-0.392,-179.026,0.032
-4277.837,-418.868,1.733,-0.336,-181.548,0.056
-4277.859,-422.248,1.739,-0.513,-189.646,0.109
-4277.924,-426.265,1.747,-1.104,-203.108,0.172
-4277.956,-430.792,1.753,-1.268,-219.841,0.199
-4277.887,-435.994,1.754,-0.37,-241.061,0.18
-4277.671,-441.684,1.753,1.903,-264.186,0.143
-4277.36,-447.678,1.749,4.825,-287.041,0.087
-4277.108,-453.669,1.743,6.717,-306.5,0.019
-4276.936,-459.521,1.739,7.501,-321.672,-0.026
-4276.738,-465.246,1.735,8.432,-333.299,-0.056
-4276.673,-471.063,1.733,7.86,-344.161,-0.072
-4276.381,-476.81,1.73,9.709,-352.712,-0.084
-4276.344,-482.371,1.728,8.668,-358.087,-0.098
-4276.221,-487.92,1.726,8.66,-362.553,-0.101
-4276.255,-493.387,1.725,7.03,-365.517,-0.095
-4276.254,-498.74,1.725,6.005,-366.866,-0.078
-4276.332,-503.881,1.725,4.324,-365.838,-0.064
-4276.313,-509.098,1.726,3.879,-365.742,-0.05
-4276.467,-514.261,1.727,1.726,-365.103,-0.036
-4276.592,-519.558,1.726,0.188,-365.94,-0.032
-4276.781,-524.839,1.726,-1.79,-366.492,-0.028
-4276.977,-529.99,1.728,-3.541,-365.619,-0.008
-4277.302,-535.071,1.729,-6.372,-364.153,0.003
-4277.459,-540.121,1.729,-7.046,-362.593,0.006
-4277.562,-545.092,1.73,-7.071,-360.436,0.009
-4277.668,-550.079,1.73,-7.129,-358.765,0.008
-4277.967,-555.199,1.731,-9.15,-358.72,0.022
-4278.194,-560.179,1.732,-10.142,-357.224,0.028
-4278.406,-565.125,1.733,-10.832,-355.604,0.029
-4278.639,-570.21,1.734,-11.643,-355.657,0.032
-4278.822,-574.929,1.735,-11.814,-351.934,0.038
-4278.89,-580.036,1.735,-10.773,-352.753,0.037
-4279.184,-584.929,1.736,-12.214,-351.248,0.036
-4279.355,-589.865,1.735,-12.186,-350.401,0.026
-4279.665,-594.98,1.735,-13.576,-351.528,0.016
-4280.019,-599.911,1.735,-15.222,-350.593,0.017
-4280.268,-606.212,1.736,-15.546,-363.901,0.021
-4280.599,-612.484,1.737,-16.669,-374.95,0.034
-4280.988,-618.506,1.738,-18.23,-381.8,0.039
-4281.241,-624.16,1.738,-18.153,-383.86,0.03
-4281.415,-629.714,1.739,-17.265,-384.578,0.03
-4281.613,-635.238,1.739,-16.771,-384.894,0.027
-4281.856,-640.647,1.739,-16.813,-383.97,0.024
-4281.943,-645.958,1.739,-15.235,-382.17,0.025
-4282.1,-651.255,1.741,-14.6,-380.5,0.036
-4282.298,-656.436,1.742,-14.494,-377.879,0.043
-4282.523,-661.535,1.742,-14.68,-374.8,0.04
-4282.56,-666.578,1.743,-12.897,-371.59,0.036
-4282.542,-671.776,1.742,-10.816,-370.461,0.028
-4282.666,-676.91,1.743,-10.501,-368.83,0.025
-4282.901,-681.992,1.744,-11.379,-366.903,0.035
-4282.886,-686.973,1.746,-9.553,-364.225,0.051
-4282.881,-691.84,1.746,-8.103,-360.76,0.046
-4283.013,-696.572,1.746,-8.261,-356.414,0.04
-4283.012,-701.435,1.746,-7.042,-354.065,0.032
-4283.151,-706.565,1.746,-7.431,-354.805,0.029
-4283.238,-711.646,1.747,-7.242,-354.934,0.034
-4283.456,-716.674,1.748,-8.419,-354.492,0.038
-4283.646,-721.863,1.751,-9.138,-355.778,0.059
-4283.919,-726.975,1.752,-10.604,-356.087,0.058
-4284.183,-732.249,1.751,-11.755,-358.004,0.038
-4284.753,-737.366,1.752,-15.896,-358.034,0.04
-4285.256,-742.573,1.752,-18.735,-358.983,0.036
-4285.799,-748.054,1.752,-21.572,-362.618,0.038
-4286.467,-753.29,1.753,-25.28,-363.192,0.035
-4287.21,-758.583,1.753,-29.209,-364.27,0.029
-4287.825,-763.776,1.752,-31.242,-364.156,0.02
-4288.545,-768.83,1.752,-34.066,-362.628,0.011
-4289.262,-773.91,1.751,-36.435,-361.6,0.003
-4290.312,-778.993,1.75,-41.887,-360.748,-0.004
-4291.285,-784.104,1.751,-45.743,-360.307,0.006
-4292.28,-789.273,1.75,-49.253,-360.528,-0.005
-4293.422,-794.605,1.751,-53.775,-362.403,0
-4294.41,-799.766,1.752,-56.03,-362.234,0.015
-4295.215,-804.561,1.754,-56.083,-358.326,0.03
-4296.089,-809.495,1.756,-56.826,-356.414,0.048
-4296.901,-814.481,1.757,-56.836,-355.336,0.045
-4297.61,-819.602,1.757,-55.776,-355.792,0.039
-4298.347,-824.643,1.757,-55.156,-355.366,0.035
-4298.981,-829.635,1.757,-53.577,-354.49,0.033
-4299.557,-834.545,1.758,-51.618,-352.906,0.037
-4300.114,-839.518,1.76,-49.768,-352.202,0.046
-4300.542,-844.479,1.761,-46.858,-351.471,0.054
-4300.896,-849.549,1.761,-43.603,-351.981,0.041
-4301.37,-854.819,1.762,-42.067,-354.47,0.045
-4301.708,-859.955,1.762,-39.37,-355.21,0.037
-4302.004,-865.209,1.762,-36.619,-357.059,0.032
-4302.133,-870.503,1.762,-32.564,-359.045,0.028
-4302.224,-875.751,1.762,-28.708,-360.274,0.023
-4302.203,-880.944,1.761,-24.269,-360.744,0.011
-4302.201,-886.125,1.761,-20.679,-361.023,0.01
-4302.121,-891.214,1.761,-16.821,-360.325,0.008
-4301.913,-896.438,1.762,-12.2,-361.107,0.015
-4301.635,-901.66,1.762,-7.55,-361.761,0.017
-4301.471,-906.837,1.763,-4.748,-361.851,0.025
-4301.327,-911.944,1.762,-2.567,-361.217,0.014
-4301.097,-917.107,1.762,0.182,-361.245,0.011
-4300.876,-922.275,1.763,2.423,-361.315,0.015
-4300.764,-927.487,1.763,3.225,-361.836,0.014
-4300.739,-932.639,1.763,3.003,-361.662,0.009
-4300.518,-937.746,1.763,4.837,-361.044,0.012
-4300.521,-942.883,1.764,4.103,-360.831,0.017
-4300.351,-948.017,1.764,5.247,-360.622,0.013
-4300.18,-953.056,1.764,6.227,-359.463,0.016
-4300.074,-958.087,1.764,6.412,-358.383,0.015
-4300.104,-963.248,1.765,5.161,-358.814,0.014
-4300.074,-968.465,1.765,4.705,-359.75,0.013
-4300.011,-973.704,1.764,4.657,-360.777,0.005
-4299.865,-979.042,1.763,5.475,-362.667,-0.003
-4299.931,-984.42,1.764,4,-364.703,0.001
-4299.924,-989.726,1.763,3.479,-365.681,-0.004
-4300.024,-995.051,1.764,1.936,-366.722,0.001
-4300.006,-1000.335,1.764,1.836,-367.189,0.002
-4300.136,-1005.583,1.765,0.228,-367.22,0.016
-4300.278,-1010.821,1.766,-1.269,-367.135,0.025
-4300.481,-1016.017,1.768,-3.171,-366.631,0.033
-4300.526,-1021.253,1.767,-3.169,-366.615,0.026
-4300.689,-1026.449,1.768,-4.378,-366.19,0.023
-4300.926,-1031.551,1.768,-6.17,-364.853,0.025
-4301.008,-1036.841,1.769,-6.108,-365.659,0.026
-4301.184,-1042.126,1.768,-7.019,-366.286,0.017
-4301.288,-1047.4,1.768,-7.063,-366.718,0.015
-4301.246,-1052.715,1.768,-5.588,-367.497,0.015
-4301.171,-1057.901,1.769,-4,-366.843,0.021
-4301.054,-1063.18,1.768,-2.205,-367.233,0.01
-4300.938,-1068.378,1.769,-0.691,-366.745,0.016
-4300.761,-1073.604,1.77,1.242,-366.606,0.019
-4300.669,-1078.941,1.768,1.998,-367.633,0.005
-4300.76,-1084.166,1.768,0.775,-367.358,-0.003
-4300.663,-1089.523,1.767,1.662,-368.482,-0.005
-4300.426,-1094.95,1.767,3.847,-370.15,-0.011
-4300.443,-1100.22,1.766,3.114,-369.972,-0.014
-4300.413,-1105.59,1.767,2.961,-370.842,-0.005
-4300.425,-1110.859,1.767,2.4,-370.547,-0.007
-4300.53,-1116.027,1.766,0.971,-369.251,-0.008
-4300.42,-1121.31,1.766,1.954,-369.336,-0.015
-4300.516,-1126.618,1.766,0.681,-369.659,-0.012
-4300.625,-1131.865,1.766,-0.543,-369.312,-0.006
-4300.632,-1137.191,1.767,-0.533,-369.826,0.003
-4300.705,-1142.366,1.768,-1.207,-368.722,0.01
-4300.755,-1147.535,1.768,-1.541,-367.707,0.006
-4300.718,-1152.733,1.77,-0.935,-367.14,0.028
-4300.718,-1157.804,1.771,-0.795,-365.346,0.031
-4300.691,-1162.936,1.772,-0.407,-364.449,0.034
-4300.621,-1168.146,1.772,0.383,-364.482,0.038
-4300.468,-1173.383,1.772,1.9,-364.801,0.028
-4300.279,-1178.564,1.772,3.565,-364.488,0.023
-4300.11,-1183.742,1.773,4.777,-364.189,0.034
-4299.856,-1188.869,1.774,6.688,-363.402,0.033
-4299.688,-1194.039,1.775,7.441,-363.187,0.038
-4299.536,-1199.426,1.774,7.91,-365.231,0.027
-4299.397,-1204.801,1.776,8.177,-366.854,0.04
-4299.422,-1210.115,1.777,6.713,-367.602,0.041
-4299.447,-1215.309,1.776,5.465,-367.013,0.026
-4299.484,-1220.523,1.776,4.283,-366.71,0.02
-4299.43,-1225.687,1.777,4.218,-365.943,0.026
-4299.44,-1230.858,1.776,3.484,-365.362,0.015
-4299.292,-1236.135,1.776,4.499,-365.952,0.01
-4299.155,-1241.428,1.776,5.246,-366.624,0.012
-4299.068,-1246.785,1.777,5.374,-367.853,0.018
-4298.981,-1252.061,1.778,5.475,-368.07,0.024
-4298.823,-1257.228,1.779,6.297,-367.13,0.031
-4298.689,-1262.377,1.779,6.754,-366.146,0.032
-4298.583,-1267.581,1.779,6.857,-365.869,0.028
-4298.422,-1272.965,1.78,7.502,-367.494,0.031
-4298.317,-1278.304,1.78,7.476,-368.403,0.029
-4298.292,-1283.629,1.781,6.635,-369.045,0.031
-4298.201,-1288.799,1.78,6.593,-367.995,0.015
-4298.182,-1294.006,1.78,5.825,-367.478,0.013
-4298.155,-1299.155,1.779,5.247,-366.442,0.001
-4298.05,-1304.295,1.779,5.549,-365.464,0.003
-4297.931,-1309.517,1.779,5.963,-365.474,0.004
-4297.765,-1314.739,1.78,6.8,-365.488,0.011
-4297.563,-1319.953,1.78,7.875,-365.416,0.014
-4297.345,-1325.181,1.78,8.962,-365.497,0.01
-4297.081,-1330.418,1.78,10.36,-365.651,0.01
-4296.931,-1335.628,1.78,10.378,-365.509,0.004
-4296.616,-1340.994,1.781,12.094,-366.997,0.012
-4296.539,-1346.37,1.781,11.109,-368.375,0.015
-4296.583,-1351.679,1.781,9.028,-368.847,0.014
-4296.584,-1357.006,1.781,7.68,-369.449,0.009
-4296.571,-1362.2,1.78,6.686,-368.579,-0.008
-4296.547,-1367.434,1.779,5.953,-368.26,-0.011
-4296.371,-1372.592,1.78,6.896,-367.196,0.001
-4296.275,-1377.856,1.781,6.866,-367.388,0.013
-4296.215,-1383.059,1.783,6.467,-366.921,0.03
-4296.148,-1388.314,1.785,6.207,-367.063,0.04
-4296.031,-1393.549,1.785,6.503,-366.964,0.03
-4295.915,-1398.895,1.784,6.741,-368.03,0.024
-4295.682,-1404.296,1.785,8.145,-369.512,0.024
-4295.587,-1409.492,1.786,7.924,-368.66,0.031
-4295.319,-1414.773,1.787,9.519,-368.807,0.038
-4295.287,-1419.908,1.787,8.454,-367.431,0.029
-4295.307,-1425.24,1.786,6.998,-368.289,0.016
-4295.257,-1430.547,1.785,6.483,-368.758,0.009
-4295.104,-1435.883,1.785,7.105,-369.462,0.005
-4295.05,-1441.109,1.786,6.619,-368.925,0.012
-4294.859,-1446.494,1.787,7.607,-370.099,0.017
-4294.726,-1451.834,1.788,7.86,-370.646,0.028
-4294.519,-1457.173,1.789,8.84,-371.101,0.037
-4294.297,-1462.531,1.79,9.824,-371.685,0.043
-4293.953,-1467.957,1.791,11.92,-372.88,0.04
-4293.797,-1473.293,1.79,11.768,-372.969,0.029
-4293.554,-1478.637,1.791,12.543,-373.134,0.03
-4293.458,-1484.079,1.79,11.688,-374.283,0.02
-4293.376,-1489.241,1.79,10.815,-372.378,0.018
-4293.301,-1494.485,1.79,9.992,-371.597,0.012
-4293.106,-1499.826,1.791,10.529,-371.938,0.023
-4292.945,-1505.067,1.792,10.636,-371.192,0.027
-4292.811,-1510.436,1.792,10.457,-371.874,0.025
-4292.615,-1515.654,1.793,10.934,-370.901,0.024
-4292.372,-1521.004,1.793,11.829,-371.429,0.028
-4292.007,-1526.286,1.793,13.848,-371.183,0.023
-4291.663,-1531.455,1.792,15.35,-369.803,0.009
-4291.443,-1539.396,1.791,15.358,-397.165,-0.008
-4291.334,-1546.981,1.789,14.226,-416.841,-0.022
-4291.021,-1554.188,1.789,15.359,-429.738,-0.019
-4290.705,-1561.126,1.788,16.348,-437.958,-0.024
-4290.579,-1567.614,1.788,15.247,-440.341,-0.02
-4290.31,-1573.784,1.788,15.773,-439.096,-0.019
-4290.223,-1579.753,1.787,14.342,-435.975,-0.024
-4290.209,-1585.387,1.788,12.372,-429.859,-0.012
-4289.914,-1590.989,1.787,13.602,-424.309,-0.023
-4289.733,-1596.44,1.788,13.46,-418.026,-0.007
-4289.63,-1601.848,1.789,12.534,-412.222,0.005
-4289.53,-1607.08,1.79,11.722,-405.459,0.014
-4289.343,-1612.242,1.791,11.93,-398.965,0.016
-4289.282,-1617.096,1.791,10.805,-390.266,0.015
-4289.29,-1621.806,1.789,9.132,-381.36,-0.007
-4289.24,-1626.089,1.783,8.298,-369.359,-0.062
-4289.201,-1629.531,1.772,7.48,-350.475,-0.155
-4289.149,-1631.946,1.757,6.917,-323.791,-0.267
-4289.223,-1633.079,1.745,5.138,-287.846,-0.337
-4289.438,-1633.164,1.738,2.163,-246.387,-0.349
-4289.628,-1632.262,1.737,-0.11,-200.866,-0.313
-4289.753,-1630.646,1.738,-1.377,-154.682,-0.257
-4289.959,-1628.691,1.743,-3.295,-111.808,-0.175
-4290.072,-1626.571,1.752,-3.968,-73.546,-0.067
-4290.175,-1624.535,1.762,-4.447,-41.77,0.041
-4290.255,-1622.504,1.776,-4.619,-14.719,0.166
-4290.163,-1620.639,1.785,-2.993,6.644,0.235
-4290.228,-1619.11,1.793,-3.22,21.408,0.273
-4290.272,-1617.802,1.799,-3.204,31.732,0.289
-4290.273,-1616.803,1.803,-2.738,37.35,0.295
-4290.295,-1615.9,1.808,-2.565,41.153,0.293
-4290.394,-1615.377,1.811,-3.208,40.484,0.28
-4290.382,-1614.765,1.813,-2.609,40.827,0.257
-4290.35,-1614.453,1.814,-1.893,38.035,0.229
-4290.354,-1614.211,1.813,-1.652,34.937,0.188
-4290.281,-1614.079,1.813,-0.67,31.149,0.158
-4290.237,-1613.939,1.813,-0.114,28.015,0.136
-4290.298,-1613.827,1.812,-0.729,25.043,0.104
-4290.295,-1613.812,1.811,-0.585,21.519,0.077
-4290.362,-1613.485,1.81,-1.191,21.719,0.057
-4290.471,-1612.777,1.806,-2.134,25.815,0.017
-4290.617,-1611.436,1.802,-3.326,35.826,-0.032
-4290.926,-1609.661,1.797,-6.021,48.822,-0.068
-4291.218,-1607.348,1.794,-8.141,65.459,-0.088
-4291.545,-1604.704,1.793,-10.31,83.05,-0.085
-4291.998,-1601.766,1.792,-13.451,101.078,-0.082
-4292.541,-1598.73,1.79,-17.067,117.472,-0.086
-4293.075,-1595.75,1.788,-20.055,130.878,-0.094
-4293.668,-1592.829,1.787,-23.213,141.699,-0.089
-4293.857,-1590.072,1.786,-21.747,149.243,-0.089
-4294.289,-1587.421,1.786,-22.984,154.581,-0.072
-4294.478,-1584.762,1.788,-21.555,159.222,-0.047
-4294.696,-1582.091,1.789,-20.631,163.305,-0.031
-4294.851,-1579.378,1.79,-19.186,167.211,-0.012
-4295.119,-1576.571,1.791,-19.129,171.52,-0.002
-4295.367,-1573.572,1.792,-18.87,177.172,0.01
-4295.474,-1570.83,1.794,-17.197,179.345,0.027
-4295.699,-1568.053,1.796,-16.984,181.557,0.036
-4295.761,-1565.33,1.796,-15.121,182.89,0.037
-4295.829,-1562.853,1.796,-13.598,181.494,0.032
-4295.972,-1560.298,1.796,-13.075,181.097,0.027
-4296.18,-1557.835,1.795,-13.285,179.818,0.014
-4296.466,-1555.419,1.795,-14.285,178.251,0.007
-4296.914,-1552.894,1.794,-16.789,178.03,0.001
-4297.247,-1550.552,1.795,-17.754,175.958,0.011
-4297.514,-1547.902,1.797,-17.884,177.36,0.021
-4297.89,-1545.236,1.796,-19.132,178.717,0.014
-4298.199,-1542.834,1.796,-19.5,177.161,0.01
-4298.48,-1540.332,1.796,-19.525,176.868,0.012
-4298.766,-1537.806,1.797,-19.598,176.857,0.013
-4298.981,-1535.165,1.797,-18.925,178.036,0.018
-4299.311,-1532.81,1.798,-19.537,176.102,0.017
-4299.534,-1530.33,1.797,-18.967,175.737,0.013
-4299.735,-1527.823,1.798,-18.244,175.694,0.013
-4300.159,-1525.382,1.798,-19.923,174.983,0.013
-4300.555,-1522.857,1.798,-21.072,175.247,0.009
-4300.957,-1520.404,1.797,-22.107,174.728,0.006
-4301.354,-1517.932,1.797,-22.942,174.482,0.003
-4301.655,-1515.591,1.798,-22.67,172.922,0.006
-4302.054,-1513.236,1.798,-23.444,171.731,0.006
-4302.533,-1510.98,1.798,-24.925,169.699,0.01
-4302.883,-1508.518,1.799,-24.87,170.092,0.013
-4303.228,-1506.116,1.799,-24.761,169.8,0.012
-4303.459,-1503.659,1.799,-23.495,170.125,0.015
-4303.92,-1501.254,1.799,-24.792,169.865,0.013
-4304.198,-1498.541,1.799,-23.999,172.808,0.012
-4304.417,-1495.982,1.799,-22.723,173.739,0.007
-4304.737,-1493.364,1.8,-22.68,175.141,0.012
-4304.904,-1490.738,1.8,-21.068,176.416,0.012
-4305.255,-1488.055,1.801,-21.578,178.092,0.02
-4305.557,-1485.465,1.802,-21.508,178.564,0.023
-4305.976,-1482.81,1.802,-22.665,179.632,0.026
-4306.282,-1480.373,1.802,-22.479,178.301,0.024
-4306.692,-1477.92,1.803,-23.393,177.338,0.026
-4307.059,-1475.518,1.803,-23.733,175.98,0.027
-4307.423,-1473.307,1.803,-23.996,172.865,0.018
-4307.729,-1470.788,1.804,-23.609,173.373,0.029
-4308.075,-1468.324,1.805,-23.704,173.237,0.027
-4308.424,-1465.713,1.805,-23.813,174.648,0.027
-4308.698,-1463.174,1.806,-23.122,175.099,0.028
-4308.854,-1460.641,1.806,-21.328,175.421,0.03
-4308.956,-1458.208,1.806,-19.245,174.671,0.021
-4309.105,-1455.703,1.805,-17.948,174.776,0.01
-4309.242,-1453.31,1.804,-16.724,173.704,0.002
-4309.538,-1450.751,1.803,-17.306,174.504,-0.006
-4309.758,-1448.397,1.803,-17.025,173.069,-0.012
-4310.061,-1445.76,1.802,-17.641,174.768,-0.018
-4310.444,-1443.296,1.802,-18.988,174.43,-0.01
-4310.704,-1440.688,1.802,-18.874,175.625,-0.009
-4310.974,-1438.173,1.803,-18.878,175.681,-0.004
-4311.412,-1435.375,1.803,-20.613,178.659,0
-4311.718,-1432.703,1.804,-20.73,179.885,0.005
-4311.924,-1430.13,1.805,-19.8,179.918,0.018
-4312.238,-1427.481,1.806,-20.122,180.732,0.026
-4312.466,-1424.824,1.807,-19.511,181.506,0.029
-4312.664,-1422.262,1.807,-18.676,181.189,0.029
-4312.927,-1419.593,1.808,-18.644,182.011,0.033
-4313.175,-1417.187,1.808,-18.457,180.016,0.026
-4313.376,-1414.743,1.808,-17.811,178.702,0.026
-4313.65,-1412.241,1.809,-18.011,178.174,0.025
-4313.954,-1409.559,1.809,-18.486,179.581,0.024
-4314.066,-1407.085,1.809,-16.924,178.644,0.024
-4314.517,-1403.849,1.81,-19.071,185.687,0.026
-4315.006,-1400.88,1.811,-21.312,188.939,0.031
-4315.407,-1397.973,1.811,-22.303,191.083,0.025
-4315.783,-1395.006,1.811,-22.888,193.518,0.028
-4316.16,-1392.152,1.811,-23.403,194.447,0.017
-4316.56,-1389.406,1.811,-24.077,194.121,0.022
-4316.758,-1386.724,1.811,-22.583,193.177,0.017
-4317.177,-1384.017,1.812,-23.57,192.63,0.022
-4317.513,-1381.376,1.812,-23.562,191.495,0.019
-4317.827,-1378.891,1.813,-23.327,188.915,0.023
-4318.102,-1376.512,1.812,-22.732,185.623,0.014
-4318.574,-1374.082,1.813,-24.248,183.343,0.024
-4319.118,-1371.578,1.815,-26.286,182.154,0.034
-4319.349,-1369.198,1.815,-24.795,179.86,0.034
-4319.686,-1366.797,1.815,-24.62,178.133,0.028
-4320.155,-1364.333,1.816,-25.828,177.301,0.034
-4320.47,-1361.757,1.818,-25.274,177.742,0.042
-4320.862,-1359.227,1.817,-25.587,177.652,0.031
-4321.106,-1356.569,1.817,-24.338,178.888,0.027
-4321.333,-1354.048,1.818,-23.099,178.528,0.025
-4321.759,-1351.547,1.817,-24.081,178.026,0.017
-4322.204,-1349.023,1.818,-25.125,177.819,0.02
-4322.593,-1346.524,1.819,-25.431,177.398,0.033
-4322.809,-1344.087,1.82,-23.913,176.399,0.032
-4323.111,-1341.552,1.82,-23.509,176.551,0.031
-4323.418,-1339.111,1.821,-23.216,175.715,0.037
-4323.732,-1336.725,1.821,-23.036,174.442,0.027
-4324.134,-1334.198,1.821,-23.779,174.804,0.023
-4324.568,-1331.822,1.82,-24.751,173.553,0.015
-4324.89,-1329.276,1.819,-24.429,174.233,0.005
-4325.201,-1326.917,1.819,-24.034,172.897,0.003
-4325.632,-1324.371,1.819,-24.939,173.676,-0.001
-4325.917,-1321.94,1.82,-24.209,173.161,0.006
-4326.24,-1319.37,1.82,-23.969,174.156,0.004
-4326.385,-1316.913,1.821,-21.934,173.839,0.017
-4326.615,-1314.399,1.822,-21.078,174.153,0.024
-4326.824,-1311.824,1.822,-20.135,175.045,0.023
-4327.104,-1309.14,1.823,-20.053,176.941,0.025
-4327.411,-1306.496,1.824,-20.264,178.138,0.033
-4327.79,-1303.827,1.824,-21.187,179.412,0.03
-4328.166,-1301.399,1.825,-21.933,178.027,0.032
-4328.617,-1298.886,1.825,-23.359,177.715,0.027
-4329.131,-1296.285,1.825,-25.212,178.355,0.019
-4329.654,-1293.809,1.824,-26.889,177.612,0.009
-4330.113,-1291.284,1.824,-27.657,177.486,0.006
-4330.541,-1288.712,1.824,-27.993,177.856,0.012
-4330.858,-1286.328,1.824,-27.142,176.248,0.012
-4331.098,-1283.932,1.825,-25.625,174.995,0.012
-4331.274,-1281.518,1.825,-23.674,174.109,0.014
-4331.541,-1279.008,1.826,-22.927,174.345,0.023
-4331.766,-1276.417,1.826,-21.876,175.371,0.021
-4332.112,-1274.057,1.826,-22.221,173.88,0.018
-4332.39,-1271.587,1.827,-21.817,173.73,0.019
-4332.765,-1269.196,1.826,-22.464,172.799,0.01
-4333.215,-1266.684,1.825,-23.802,173.243,-0.004
-4333.636,-1264.336,1.824,-24.636,171.941,-0.013
-4334.085,-1261.897,1.824,-25.629,171.764,-0.01
-4334.48,-1259.313,1.823,-25.926,173.098,-0.018
-4334.794,-1256.388,1.823,-25.346,177.761,-0.012
-4335.291,-1252.86,1.823,-26.73,187.936,-0.013
-4335.829,-1248.78,1.823,-28.339,202.294,-0.012
-4336.411,-1244.305,1.822,-30.169,218.615,-0.018
-4337.134,-1239.485,1.821,-33.17,236.082,-0.022
-4337.673,-1234.397,1.822,-33.849,253.744,-0.014
-4338.231,-1229.067,1.823,-34.609,271.3,-0.003
-4338.869,-1223.864,1.823,-36.092,284.959,-0.002
-4339.619,-1218.499,1.824,-38.503,298.284,0.009
-4340.67,-1213.014,1.824,-43.659,310.881,0.009
-4341.391,-1207.576,1.824,-44.658,321.14,0.004
-4341.99,-1202.119,1.824,-44.263,330.095,0.003
-4342.489,-1196.771,1.824,-42.893,336.606,0.007
-4343.045,-1191.446,1.824,-42.304,341.915,0.006
-4343.778,-1186.265,1.825,-43.627,344.97,0.014
-4344.42,-1181.003,1.828,-43.824,348.407,0.036
-4345.031,-1175.759,1.829,-43.667,351.15,0.041
-4345.636,-1170.523,1.83,-43.473,353.411,0.048
-4346.262,-1165.462,1.83,-43.526,353.545,0.045
-4346.869,-1160.252,1.831,-43.368,355.182,0.045
-4347.878,-1155.146,1.831,-47.381,355.51,0.035
-4348.587,-1150.22,1.831,-47.714,353.941,0.029
-4349.16,-1145.169,1.831,-46.595,353.887,0.031
-4349.679,-1140.205,1.832,-45.079,352.943,0.036
-4350.082,-1135.27,1.834,-42.603,351.843,0.048
-4350.709,-1130.26,1.835,-42.79,351.669,0.048
-4351.56,-1125.233,1.836,-45.254,351.702,0.05
-4352.325,-1120.213,1.838,-46.474,351.658,0.059
-4352.996,-1115.117,1.838,-46.55,352.406,0.053
-4353.683,-1110.087,1.838,-46.781,352.362,0.048
-4354.342,-1105.088,1.838,-46.683,352.003,0.042
-4355.151,-1100.031,1.839,-48.15,352.297,0.042
-4355.995,-1094.963,1.84,-49.752,352.66,0.047
-4356.659,-1090.049,1.841,-49.267,351.375,0.046
-4357.438,-1083.779,1.841,-50.049,364.255,0.038
-4358.206,-1077.79,1.841,-50.589,372.337,0.034
-4359.062,-1071.966,1.842,-51.966,377.536,0.038
-4359.893,-1066.258,1.843,-52.876,380.777,0.045
-4360.804,-1060.624,1.843,-54.476,382.775,0.037
-4361.505,-1055.123,1.842,-53.683,383.107,0.024
-4362.397,-1049.763,1.841,-54.976,381.95,0.011
-4363.199,-1044.596,1.84,-55.142,378.97,0.002
-4364.063,-1039.497,1.839,-55.934,375.726,-0.007
-4364.845,-1034.377,1.84,-55.748,373.176,0.001
-4365.635,-1029.267,1.84,-55.682,370.899,0.003
-4366.317,-1024.43,1.84,-54.52,366.156,-0.002
-4367.061,-1019.646,1.839,-54.158,361.548,-0.01
-4367.866,-1014.804,1.839,-54.482,358.226,-0.007
-4368.634,-1010.003,1.839,-54.375,354.971,-0.01
-4369.277,-1005.254,1.84,-52.999,351.653,0.003
-4370.028,-1000.498,1.84,-52.936,348.895,0.006
-4370.842,-995.661,1.84,-53.532,347.384,0.006
-4371.594,-990.883,1.841,-53.402,345.484,0.006
-4372.482,-986.051,1.842,-54.693,344.413,0.017
-4373.098,-981.298,1.843,-52.986,342.697,0.023
-4373.847,-976.457,1.843,-52.899,342.137,0.022
-4374.671,-971.486,1.844,-53.606,342.991,0.03
-4375.292,-966.497,1.849,-52.117,343.91,0.069
-4376.05,-961.424,1.856,-52.252,345.56,0.132
-4376.572,-956.442,1.865,-49.943,346.024,0.196
-4377.028,-951.625,1.876,-47.295,344.723,0.274
-4377.565,-946.895,1.886,-45.864,342.724,0.332
-4378.189,-942.103,1.896,-45.545,341.652,0.384
-4378.782,-937.145,1.906,-44.952,342.441,0.432
-4379.534,-932.2,1.917,-46.084,342.991,0.478
-4380.254,-927.125,1.926,-46.714,344.796,0.495
-4380.99,-922.18,1.935,-47.427,344.99,0.513
-4381.898,-917.301,1.942,-49.794,344.485,0.507
-4382.96,-912.441,1.95,-53.409,343.848,0.505
-4383.882,-907.635,1.957,-55.044,342.758,0.504
-4384.737,-902.764,1.963,-55.748,342.498,0.489
-4385.887,-897.844,1.97,-59.387,342.773,0.488
-4387.094,-892.975,1.977,-63.082,342.494,0.481
-4388.312,-888.09,1.981,-66.341,342.406,0.453
-4389.427,-883.376,1.985,-68.061,340.583,0.424
-4390.692,-878.729,1.99,-71.077,338.333,0.408
-4392.082,-874.025,1.994,-74.934,337,0.385
-4393.291,-869.377,1.998,-76.36,335.288,0.363
-4394.491,-864.642,2.001,-77.482,334.725,0.344
-4395.914,-859.867,2.003,-80.735,334.654,0.313
-4397.24,-855.273,2.005,-82.52,332.736,0.284
-4398.263,-850.693,2.008,-80.912,330.946,0.27
-4399.433,-846.208,2.009,-81.052,328.455,0.242
-4401.099,-840.438,2.012,-86.29,339.548,0.236
-4402.54,-834.843,2.014,-88.431,347.204,0.221
-4404.052,-829.414,2.016,-90.99,352.032,0.203
-4405.58,-824.088,2.018,-93.341,355.088,0.189
-4407.03,-819.053,2.018,-94.543,354.706,0.166
-4408.627,-814.081,2.019,-97.076,353.729,0.153
-4410.237,-809.223,2.019,-99.372,351.713,0.128
-4411.694,-804.388,2.02,-99.756,349.766,0.12
-4412.93,-799.518,2.022,-97.813,348.455,0.118
-4414.384,-794.855,2.023,-98.398,345.219,0.107
-4415.752,-790.231,2.024,-98.01,342.05,0.109
-4417.089,-785.543,2.025,-97.361,340.004,0.101
-4418.689,-780.769,2.027,-99.514,339.153,0.102
-4420.128,-776.059,2.029,-99.69,337.757,0.103
-4421.513,-771.347,2.03,-99.283,336.593,0.105
-4423.104,-766.416,2.035,-101.068,337.859,0.134
-4424.543,-761.382,2.041,-101.016,339.995,0.175
-4425.915,-756.433,2.048,-100.279,340.939,0.213
-4427.104,-751.489,2.057,-97.775,341.693,0.273
-4428.581,-746.383,2.067,-98.596,344.012,0.333
-4429.897,-741.303,2.078,-97.647,345.708,0.387
-4431.26,-736.328,2.087,-97.322,346.091,0.427
-4432.618,-731.28,2.097,-96.987,347.151,0.46
-4434.076,-726.258,2.106,-97.734,347.803,0.478
-4435.61,-721.253,2.116,-99.153,348.176,0.511
-4437.227,-716.363,2.124,-101.218,347.313,0.513
-4438.871,-711.356,2.133,-103.253,347.783,0.532
-4440.647,-706.275,2.14,-106.356,348.935,0.523
-4442.436,-701.404,2.147,-109.129,347.765,0.514
-4444.37,-696.636,2.153,-112.991,345.703,0.495
-4446.416,-691.941,2.16,-117.433,343.202,0.486
-4448.278,-687.52,2.165,-119.337,338.234,0.466
-4450.365,-682.924,2.17,-123.273,335.805,0.45
-4452.477,-678.281,2.175,-126.876,334.219,0.428
-4454.587,-673.649,2.179,-129.944,332.756,0.401
-4456.882,-668.929,2.182,-134.462,332.412,0.371
-4459.171,-664.291,2.184,-138.252,331.272,0.336
-4461.48,-659.81,2.187,-141.692,328.677,0.318
-4463.656,-655.437,2.189,-143.252,325.357,0.29
-4466.098,-651.131,2.191,-147.326,321.841,0.267
-4468.418,-646.721,2.194,-149.537,319.908,0.252
-4470.788,-642.366,2.195,-151.939,317.694,0.226
-4473.072,-638.323,2.196,-153.113,312.593,0.2
-4475.54,-634.1,2.198,-156.005,310.091,0.191
-4477.882,-629.96,2.2,-157.166,307.115,0.18
-4480.481,-625.715,2.202,-160.817,305.646,0.178
-4482.919,-621.301,2.203,-162.257,306.137,0.163
-4485.493,-617.047,2.206,-164.899,304.91,0.163
-4487.971,-612.734,2.208,-166.15,304.464,0.16
-4490.441,-608.324,2.209,-167.145,305.085,0.147
-4492.653,-604.001,2.21,-165.334,304.729,0.136
-4495.024,-599.57,2.21,-165.43,305.521,0.11
-4497.18,-595.17,2.21,-163.297,305.889,0.098
-4499.421,-590.955,2.211,-162.352,304.297,0.092
-4501.72,-586.605,2.211,-162.14,304.326,0.082
-4504.208,-582.173,2.213,-163.913,305.196,0.089
-4506.48,-577.827,2.215,-163.194,305.053,0.097
-4508.983,-573.44,2.216,-164.967,305.35,0.087
-4511.45,-569.048,2.217,-166.095,305.661,0.082
-4514.034,-564.653,2.216,-168.266,305.951,0.066
-4516.604,-560.057,2.218,-169.985,308.265,0.07
-4519.28,-555.677,2.219,-172.534,308.029,0.073
-4521.71,-551.197,2.219,-172.179,308.847,0.062
-4524.212,-546.697,2.219,-172.608,309.752,0.054
-4526.499,-542.308,2.218,-170.764,309.382,0.029
-4528.888,-538.083,2.217,-170.248,307.371,0.023
-4531.361,-533.679,2.218,-170.668,307.506,0.029
-4533.896,-529.301,2.22,-171.661,307.349,0.042
-4536.209,-524.946,2.222,-170.234,306.986,0.051
-4538.564,-520.58,2.224,-169.439,306.788,0.062
-4540.945,-516.332,2.224,-169.038,305.396,0.054
-4543.231,-511.969,2.226,-167.71,305.403,0.063
-4545.588,-507.596,2.225,-167.31,305.5,0.048
-4547.972,-503.216,2.226,-167.24,305.669,0.047
-4550.26,-498.764,2.225,-166.206,306.543,0.036
-4552.608,-494.484,2.225,-165.936,305.523,0.03
-4555.028,-490.011,2.225,-166.445,306.636,0.024
-4557.247,-485.547,2.227,-164.801,307.501,0.036
-4559.575,-481.114,2.227,-164.532,307.915,0.037
-4561.708,-476.886,2.227,-162.29,306.155,0.033
-4564.193,-472.531,2.228,-164.009,305.96,0.036
-4566.364,-468.238,2.23,-162.238,305.162,0.047
-4568.647,-463.928,2.232,-161.884,304.652,0.056
-4570.744,-459.732,2.232,-159.659,303.047,0.055
-4572.94,-455.326,2.234,-158.798,303.831,0.058
-4575.156,-450.873,2.234,-158.254,304.988,0.05
-4577.419,-446.611,2.233,-158.279,304.014,0.038
-4579.625,-442.271,2.233,-157.706,303.986,0.033
-4581.841,-438.018,2.233,-157.327,303.062,0.028
-4584.181,-433.773,2.233,-158.275,302.188,0.025
-4586.562,-429.503,2.234,-159.51,301.707,0.028
-4589.038,-425.184,2.234,-161.539,301.803,0.025
-4591.548,-420.763,2.234,-163.623,302.926,0.022
-4593.986,-416.33,2.234,-164.66,304.015,0.022
-4596.482,-412.054,2.235,-166.137,303.325,0.025
-4598.82,-407.823,2.235,-165.78,302.274,0.016
-4601.266,-403.473,2.234,-166.57,302.601,0.009
-4603.688,-399.161,2.234,-167.013,302.489,0.012
-4606.159,-394.75,2.234,-167.886,303.408,0.01
-4608.683,-390.281,2.234,-169.181,304.798,0.006
-4611.739,-384.773,2.233,-175.761,316.675,-0.011
-4614.757,-379.545,2.233,-180.983,323.92,-0.004
-4617.671,-374.498,2.235,-184.361,328.241,0.012
-4620.546,-369.593,2.235,-186.854,330.464,0.018
-4623.417,-364.735,2.237,-188.916,331.876,0.026
-4626.193,-359.959,2.238,-189.719,332.228,0.032
-4628.878,-355.25,2.239,-189.455,331.848,0.041
-4631.541,-350.678,2.24,-189.012,330.118,0.045
-4634.15,-346.334,2.24,-188.071,326.289,0.039
-4636.637,-342.152,2.24,-186.012,321.349,0.032
-4639.096,-337.943,2.239,-183.969,317.423,0.015
-4641.606,-333.522,2.24,-182.758,316.254,0.02
-4644.039,-329.127,2.24,-180.921,314.989,0.018
-4646.394,-324.926,2.239,-178.566,311.904,0.011
-4648.954,-320.681,2.239,-178.652,309.742,0.006
-4647.45,-308.724,2.239,-136.904,387.276,0.009
-4646.393,-297.86,2.239,-105.885,442.164,0.008
-4646.022,-288.133,2.239,-86.499,477.271,0.008
-4646.311,-279.565,2.24,-76.749,495.289,0.016
-4647.158,-271.901,2.24,-74.175,501.345,0.012
-4648.23,-265.086,2.241,-74.31,497.777,0.015
-4650.288,-258.416,2.24,-84.565,493.231,0.006
-4652.553,-252.533,2.241,-95.442,481.254,0.012
-4654.913,-247.105,2.241,-105.701,466.361,0.01
-4657.415,-242.19,2.242,-115.916,448.368,0.022
-4660.059,-237.649,2.243,-126.088,429.176,0.032
-4662.911,-233.359,2.246,-136.904,410.224,0.047
-4665.734,-229.258,2.246,-145.834,392.117,0.042
-4668.859,-225.269,2.246,-156.562,375.519,0.034
-4671.766,-221.492,2.246,-163.458,359.173,0.029
-4674.765,-217.765,2.246,-170.287,344.721,0.026
-4677.656,-214.066,2.247,-175.008,332.099,0.038
-4681.144,-209.185,2.247,-185.175,333.511,0.031
-4684.534,-204.516,2.247,-192.844,332.521,0.026
-4687.711,-200.062,2.247,-197.195,329.475,0.02
-4690.68,-195.69,2.247,-198.757,326.028,0.014
-4693.781,-191.322,2.247,-201.445,323.043,0.012
-4696.575,-187.061,2.247,-200.584,319.401,0.019
-4699.449,-182.92,2.247,-200.676,315.06,0.01
-4702.15,-178.791,2.247,-198.972,311.231,0.012
-4704.688,-174.655,2.246,-195.835,308.041,0.003
-4707.321,-170.629,2.247,-194.138,304.181,0.007
-4709.796,-166.656,2.247,-191.069,300.347,0.002
-4712.194,-162.545,2.246,-187.654,298.495,-0.002
-4714.472,-158.315,2.246,-183.506,298.145,-0.001
-4716.873,-154.074,2.245,-181.239,297.96,-0.01
-4719.124,-149.947,2.245,-177.757,296.623,-0.011
-4721.409,-145.777,2.245,-175.138,295.93,-0.008
-4723.693,-141.534,2.245,-172.896,296.095,-0.007
-4725.914,-137.304,2.245,-170.333,296.095,-0.008
-4728.088,-132.996,2.246,-167.657,296.899,0.001
-4730.342,-128.686,2.246,-166.212,297.6,0.005
-4732.477,-124.362,2.247,-163.739,298.348,0.014
-4734.719,-119.92,2.247,-162.743,300.196,0.008
-4737.109,-115.562,2.247,-163.414,300.919,0.011
-4739.658,-111.238,2.248,-165.623,301.173,0.018
-4742.292,-106.935,2.249,-168.386,301.18,0.02
-4744.892,-102.577,2.249,-170.377,301.748,0.021
-4747.438,-98.41,2.25,-171.531,300.27,0.027
-4750.028,-94.27,2.251,-172.971,298.726,0.028
-4752.731,-90.07,2.251,-175.362,298.037,0.031
-4755.447,-85.694,2.254,-177.528,299.259,0.05
-4758.201,-81.399,2.256,-179.77,299.459,0.063
-4760.906,-77.074,2.257,-181.184,299.945,0.063
-4763.639,-72.918,2.256,-182.666,298.616,0.046
-4766.313,-68.76,2.256,-183.337,297.502,0.041
-4768.989,-64.517,2.257,-183.926,297.434,0.044
-4771.627,-60.158,2.257,-184.031,298.559,0.033
-4775.004,-54.812,2.257,-191.736,309.691,0.033
-4778.455,-49.427,2.256,-199.053,319.58,0.02
-4781.557,-44.269,2.256,-201.714,325.682,0.013
-4784.67,-39.407,2.256,-204.105,327.838,0.016
-4787.831,-34.718,2.256,-206.619,327.899,0.013
-4790.959,-30.027,2.257,-208.442,327.967,0.018
-4793.853,-25.476,2.257,-207.579,326.586,0.017
-4796.926,-21.128,2.257,-208.688,323.311,0.014
-4799.925,-16.951,2.258,-208.873,318.765,0.015
-4802.846,-12.81,2.258,-208.218,314.514,0.022
-4805.748,-8.643,2.259,-207.467,311.16,0.021
-4808.462,-4.614,2.258,-204.905,306.88,0.013
-4811.261,-0.604,2.258,-203.582,303.027,0.01
-4813.78,3.533,2.258,-199.576,301.051,0.004
-4816.575,7.647,2.257,-198.998,299.131,0.001
-4819.176,11.759,2.257,-196.509,297.467,-0.002
-4821.889,15.903,2.257,-195.537,296.377,-0.004
-4824.625,20.03,2.257,-194.941,295.279,-0.005
-4827.335,24.217,2.257,-194.181,294.957,-0.004
-4830.066,28.308,2.257,-193.732,293.69,0.003
-4832.888,32.56,2.257,-194.293,294.276,0.003
-4836.383,37.943,2.258,-201.697,306.409,0.011
-4839.71,43.075,2.259,-206.289,314.186,0.018
-4842.861,48.065,2.258,-208.386,319.343,0.009
-4845.917,52.904,2.259,-209.198,322.195,0.01
-4848.764,57.649,2.258,-207.743,323.664,0.004
-4851.667,62.475,2.259,-207.081,325.74,0.015
-4854.511,67.122,2.26,-205.903,325.678,0.022
-4857.428,71.609,2.262,-205.643,323.979,0.032
-4860.071,76.012,2.261,-202.609,321.654,0.017
-4862.74,80.458,2.261,-200.29,320.119,0.014
-4865.399,84.793,2.261,-198.209,317.669,0.015
-4868.012,89.097,2.261,-195.957,315.255,0.015
-4870.429,93.291,2.262,-192.023,312.073,0.017
-4872.998,97.569,2.261,-190.229,310.216,0.007
-4875.363,101.945,2.259,-186.603,309.646,-0.016
-4877.694,106.252,2.256,-183.156,308.448,-0.036
-4875.791,118.549,2.258,-136.625,389.678,-0.011
-4874.815,129.487,2.263,-106.486,444.973,0.038
-4874.483,139.344,2.265,-87.413,480.998,0.048
-4874.602,148.13,2.268,-75.773,500.711,0.071
-4875.207,155.89,2.269,-70.861,506.964,0.067
-4876.279,163.012,2.271,-71.482,505.72,0.078
-4877.85,169.211,2.274,-77.139,495.165,0.091
-4879.77,174.831,2.274,-85.561,480.198,0.085
-4881.958,179.964,2.277,-95.499,462.419,0.101
-4884.331,184.66,2.276,-105.887,442.756,0.074
-4886.959,189.061,2.28,-117.364,422.953,0.098
-4889.702,193.061,2.28,-128.345,401.926,0.086
-4892.195,196.973,2.281,-135.139,383.093,0.08
-4894.85,200.835,2.28,-142.591,366.508,0.059
-4897.648,204.416,2.28,-150.432,349.466,0.049
-4900.5,207.953,2.281,-157.669,334.489,0.057
-4903.627,211.555,2.279,-166.665,322.38,0.025
-4906.62,215.093,2.278,-172.97,311.393,0.019
-4909.762,218.712,2.276,-179.875,302.852,-0.01
-4913.474,223.454,2.275,-191.638,307.131,-0.015
-4917.098,227.992,2.275,-200.756,308.678,-0.01
-4920.536,232.446,2.273,-206.632,309.136,-0.027
-4923.872,236.781,2.273,-210.577,308.297,-0.028
-4927.086,241.061,2.273,-212.703,307.022,-0.02
-4930.019,245.187,2.272,-211.612,304.336,-0.026
-4932.78,249.323,2.274,-208.92,302.158,-0.001
-4935.71,253.198,2.274,-208.353,297.618,-0.008
-4938.48,257.273,2.274,-206.235,295.801,-0.009
-4941.283,261.362,2.274,-204.755,294.39,-0.005
-4944.101,265.392,2.275,-203.646,292.583,0.003
-4946.725,269.349,2.275,-200.718,290.287,0.008
-4949.42,273.507,2.278,-198.944,290.402,0.033
-4952.142,277.636,2.281,-197.708,290.197,0.054
-4954.858,281.665,2.283,-196.592,289.003,0.069
-4957.532,285.75,2.285,-195.201,288.551,0.079
-4960.208,289.752,2.286,-194.051,287.314,0.079
-4962.925,293.775,2.288,-193.477,286.473,0.085
-4965.583,297.59,2.29,-192.391,283.614,0.087
-4968.255,301.75,2.292,-191.606,284.734,0.093
-4970.95,306.076,2.292,-191.17,287.398,0.083
-4973.642,310.484,2.293,-190.76,290.507,0.085
-4976.478,314.661,2.295,-191.899,290.787,0.09
-4979.15,318.797,2.293,-191.188,290.596,0.057
-4982.015,323.105,2.293,-192.568,292.206,0.047
-4984.78,327.347,2.292,-192.716,292.903,0.034
-4987.546,331.509,2.294,-192.849,292.672,0.041
-4990.335,335.63,2.292,-193.195,292.058,0.015
-4993.066,339.775,2.291,-192.895,291.779,0.005
-4995.784,344.094,2.291,-192.506,293.332,0.009
-4998.563,348.372,2.293,-192.812,294.233,0.02
-5001.366,352.296,2.294,-193.303,291.35,0.032
-5004.008,356.526,2.293,-192.082,292.052,0.019
-5006.742,360.716,2.294,-191.976,292.235,0.022
-5009.578,364.858,2.294,-192.932,291.9,0.018
-5012.108,369.06,2.294,-190.609,292.231,0.013
-5014.9,373.336,2.293,-191.325,293.27,0.008
-5017.719,377.594,2.293,-192.201,293.974,0.001
-5020.577,381.737,2.293,-193.356,293.397,0.002
-5023.44,385.643,2.29,-194.393,290.451,-0.025
-5026.356,389.519,2.289,-195.83,287.645,-0.034
-5028.914,393.656,2.288,-193.354,287.927,-0.037
-5031.642,397.852,2.29,-193.002,288.782,-0.006
-5034.439,402.038,2.289,-193.422,289.405,-0.018
-5037.276,406.202,2.289,-194.181,289.702,-0.014
-5040.055,410.562,2.288,-194.225,291.983,-0.02
-5042.826,414.759,2.29,-194.185,292.251,-0.005
-5045.717,418.878,2.29,-195.397,291.676,0
-5048.721,423.105,2.292,-197.586,292.299,0.016
-5051.511,427.255,2.292,-197.251,292.027,0.02
-5054.357,431.564,2.293,-197.541,293.444,0.022
-5057.341,435.492,2.293,-199.203,290.724,0.019
-5060.133,439.457,2.291,-198.654,288.788,-0.002
-5063.154,443.499,2.292,-200.534,287.923,0.004
-5065.879,447.585,2.291,-199.094,287.645,-0.004
-5068.698,451.669,2.291,-198.837,287.387,0.002
-5071.673,455.879,2.29,-200.219,288.463,-0.015
-5074.413,460.049,2.29,-198.986,288.966,-0.008
-5077.256,464.39,2.291,-198.985,291.162,0
-5080.069,468.706,2.291,-198.683,292.776,-0.001
-5082.883,473.09,2.29,-198.428,294.849,-0.005
-5085.81,477.254,2.291,-199.38,294.352,0.002
-5088.707,481.486,2.291,-199.881,294.624,0.005
-5091.415,485.618,2.29,-198.368,293.836,-0.013
-5094.192,490.035,2.291,-197.782,296.094,0.004
-5096.908,494.444,2.29,-196.654,297.935,-0.007
-5099.57,498.631,2.29,-195.137,297.229,-0.006
-5102.138,502.816,2.292,-192.874,296.596,0.01
-5104.79,507.034,2.293,-191.807,296.404,0.018
-5107.476,511.166,2.292,-191.252,295.347,0.01
-5110.18,515.394,2.292,-190.966,295.441,0.012
-5113.113,519.754,2.294,-193.079,296.868,0.02
-5115.895,524.022,2.293,-193.313,297.15,0.008
-5118.497,528.45,2.295,-191.675,299.03,0.031
-5121.207,532.689,2.294,-191.384,298.696,0.02
-5123.909,536.869,2.295,-191.05,297.798,0.026
-5126.674,541.108,2.296,-191.425,297.645,0.026
-5129.468,545.232,2.295,-192.03,296.321,0.015
-5132.186,549.36,2.295,-191.77,295.236,0.01
-5134.949,553.413,2.293,-192.012,293.545,-0.003
-5137.605,557.174,2.295,-191.125,289.094,0.014
-5140.198,560.307,2.297,-189.709,278.833,0.029
-5142.178,562.993,2.299,-182.186,265.479,0.047
-5143.807,565.065,2.302,-172.165,247.764,0.07
-5144.912,566.692,2.305,-158.223,228.076,0.086
-5145.55,567.954,2.308,-141.516,207.52,0.097
-5146.082,568.739,2.307,-126.186,185.086,0.076
-5146.794,569.523,2.303,-114.957,165.933,0.022
-5147.415,570.404,2.297,-104.444,150.602,-0.032
-5148.061,571.553,2.294,-95.727,140.283,-0.053
-5148.838,573.111,2.291,-89.657,135.695,-0.078
-5149.774,574.598,2.291,-86.107,131.039,-0.069
-5150.839,576.356,2.29,-84.41,129.872,-0.069
-5152.027,578.352,2.289,-84.219,131.321,-0.063
-5153.06,580.262,2.29,-82.47,131.663,-0.046
-5154.11,582.35,2.291,-81.153,133.799,-0.034
-5155.26,584.384,2.291,-81.056,135.06,-0.025
-5156.619,586.371,2.291,-83.125,135.66,-0.021
-5157.959,588.462,2.291,-84.692,137.229,-0.022
-5159.005,590.373,2.29,-83.004,136.718,-0.021
-5160.292,592.282,2.291,-84.049,136.264,-0.008
-5162.03,594.818,2.291,-89.577,142.34,-0.012
-5163.662,597.291,2.29,-93.203,146.855,-0.019
-5165.279,599.697,2.291,-96.143,150.031,-0.01
-5166.89,602.135,2.292,-98.594,153.068,0.008
-5168.53,604.531,2.293,-100.977,155.222,0.016
-5170.168,607.012,2.293,-102.984,157.93,0.007
-5171.858,609.343,2.292,-105.24,158.705,0.004
-5173.441,611.729,2.293,-106.063,159.93,0.013
-5174.971,613.96,2.295,-106.211,159.376,0.029
-5176.451,616.168,2.295,-105.826,158.663,0.021
-5177.837,618.241,2.294,-104.531,156.668,0.012
-5179.334,620.378,2.293,-104.574,155.633,-0.004
-5180.747,622.477,2.294,-103.735,154.356,0.007
-5182.184,624.59,2.295,-103.275,153.406,0.02
-5183.73,626.603,2.296,-103.999,151.57,0.019
-5185.196,628.748,2.295,-103.799,151.356,0.011
-5186.626,630.785,2.295,-103.256,150.071,0.007
-5188.178,632.898,2.296,-104.046,149.749,0.015
-5189.69,634.681,2.296,-104.315,146.079,0.014
-5190.953,636.799,2.295,-101.967,146.403,0.002
-5192.284,639.088,2.294,-100.672,148.44,-0.009
-5193.649,641.281,2.295,-99.928,149.181,0.002
-5195.061,643.234,2.295,-99.764,147.353,0.001
-5196.165,644.93,2.297,-96.45,143.14,0.027
-5197.099,646.044,2.301,-91.884,133.557,0.057
-5197.554,646.708,2.308,-83.062,120.748,0.112
-5197.729,646.808,2.314,-72.651,104.024,0.161
-5197.398,646.448,2.32,-58.559,85.014,0.189
-5196.554,645.632,2.32,-41.248,64.108,0.169
-5195.566,644.736,2.318,-25.02,45.464,0.12
-5194.762,643.671,2.312,-13.055,27.81,0.049
-5193.973,642.623,2.308,-3.017,12.927,-0.003
-5193.354,641.753,2.302,3.796,2.072,-0.054
-5192.892,641.12,2.3,8,-4.75,-0.064
-5192.446,640.589,2.299,11.413,-9.516,-0.066
-5192.141,640.123,2.296,12.879,-12.911,-0.083
-5191.834,639.737,2.295,14.136,-14.983,-0.086
-5191.638,639.543,2.294,14.077,-14.783,-0.076
-5191.508,639.294,2.294,13.351,-15.175,-0.071
-5191.337,639.255,2.295,13.141,-13.346,-0.053
-5191.21,639.12,2.294,12.52,-12.763,-0.052
-5191.216,638.898,2.295,10.611,-13.18,-0.038
-5191.187,638.902,2.294,9.359,-11.2,-0.036
-5191.229,638.728,2.294,7.551,-11.341,-0.036
-5191.275,638.483,2.295,5.958,-12.195,-0.022
-5191.229,637.896,2.295,5.562,-16.446,-0.018
-5190.993,636.751,2.296,7.173,-25.809,0
-5190.451,635.101,2.301,11.699,-39.007,0.047
-5189.438,632.875,2.308,20.397,-56.182,0.104
-5188.043,630.208,2.311,31.761,-75.378,0.123
-5185.989,627.309,2.315,48.236,-94.136,0.137
-5183.748,624.133,2.316,64.219,-112.982,0.129
-5181.538,620.935,2.314,77.522,-129.292,0.094
-5179.729,617.978,2.31,84.75,-140.715,0.038
-5177.967,615.023,2.306,90.419,-150.448,-0.006
-5176.209,612.47,2.305,95.213,-154.6,-0.011
-5174.448,609.917,2.304,99.341,-158.149,-0.02
-5172.993,607.411,2.304,99.712,-160.687,-0.017
-5171.442,605.138,2.303,101.014,-160.456,-0.023
-5170.081,603.032,2.301,100.171,-158.54,-0.037
-5168.607,600.75,2.303,100.616,-158.719,-0.017
-5167.171,598.372,2.306,100.604,-159.856,0.013
-5165.694,596.186,2.307,101.014,-158.85,0.02
-5164.386,593.925,2.305,99.616,-158.763,-0.005
-5162.946,591.712,2.303,99.792,-158.201,-0.021
-5161.667,589.509,2.304,98.284,-157.606,-0.009
-5160.222,587.15,2.305,98.704,-158.72,0.006
-5158.831,584.87,2.305,98.513,-158.848,0.008
-5157.525,582.807,2.305,97.47,-156.719,0.006
-5156.105,580.58,2.306,97.753,-156.602,0.009
-5154.823,578.357,2.308,96.578,-156.453,0.031
-5153.508,576.287,2.309,95.903,-154.755,0.038
-5152.085,574.103,2.309,96.448,-154.48,0.028
-5150.853,572.019,2.311,94.953,-153.216,0.041
-5149.471,569.902,2.311,95.219,-152.474,0.037
-5148.142,567.597,2.312,94.89,-153.783,0.046
-5146.985,565.47,2.313,92.846,-153.061,0.046
-5145.76,563.169,2.312,91.806,-154.235,0.025
-5144.382,560.871,2.311,92.485,-155.215,0.017
-5143.042,558.58,2.312,92.684,-155.969,0.018
-5141.72,556.318,2.312,92.657,-156.317,0.022
-5140.326,554.25,2.313,93.382,-154.624,0.03
-5138.474,551.546,2.314,98.72,-159.716,0.033
-5136.945,548.93,2.316,99.939,-163.156,0.047
-5135.416,546.408,2.316,100.985,-165.13,0.042
-5133.919,544.03,2.315,101.537,-165.326,0.021
-5132.678,541.794,2.313,99.387,-164.032,-0.005
-5130.994,539.409,2.313,102.104,-164.456,0.002
-5129.669,537.142,2.312,100.73,-163.605,-0.007
-5128.286,534.823,2.31,100.151,-163.419,-0.03
-5126.929,532.922,2.305,99.393,-158.961,-0.067
-5125.47,530.843,2.303,99.8,-156.985,-0.077
-5123.927,528.671,2.302,101.007,-156.259,-0.077
-5122.276,526.504,2.303,103.142,-155.581,-0.06
-5120.594,523.889,2.305,105.291,-159.627,-0.027
-5118.807,521.01,2.308,108.207,-165.782,0.008
-5116.774,517.699,2.312,113.218,-175.494,0.043
-5114.438,513.881,2.318,120.613,-188.984,0.09
-5111.821,509.572,2.323,129.818,-205.549,0.128
-5108.65,504.947,2.328,143.373,-222.936,0.152
-5105.074,500.235,2.329,159.096,-238.653,0.141
-5101.099,495.144,2.329,176.627,-255.97,0.126
-5097.523,489.937,2.327,187.465,-271.926,0.082
-5094.12,484.791,2.324,194.921,-284.913,0.04
-5090.723,479.91,2.318,201.232,-293.265,-0.017
-5087.341,475.184,2.316,206.453,-298.789,-0.031
-5083.953,470.405,2.316,210.968,-304.041,-0.027
-5080.233,464.361,2.314,218.236,-321.553,-0.044
-5076.674,458.721,2.312,222.779,-332.322,-0.054
-5073.171,453.078,2.314,226.079,-341.537,-0.035
-5069.737,447.781,2.315,228.177,-345.841,-0.017
-5066.473,442.723,2.317,228.232,-347.051,0.008
-5063.397,437.869,2.317,226.33,-345.981,-0.001
-5060.494,433.176,2.318,222.925,-343.412,0.01
-5057.462,428.506,2.318,221.356,-340.98,0.01
-5054.48,424.025,2.318,219.496,-336.965,0.015
-5051.625,419.733,2.318,216.608,-331.599,0.012
-5047.965,414.262,2.321,222.433,-339.148,0.037
-5044.601,409.004,2.322,224.352,-343.402,0.038
-5041.447,403.976,2.322,223.824,-344.659,0.038
-5038.072,399.11,2.323,225.655,-344.065,0.034
-5034.888,394.391,2.324,225.243,-342.051,0.043
-5031.8,389.723,2.325,223.911,-339.795,0.046
-5028.709,385.162,2.325,222.796,-336.778,0.039
-5025.75,380.712,2.323,220.496,-333.06,0.017
-5023.021,376.341,2.325,216.162,-329.073,0.029
-5020.098,372.244,2.325,214.463,-322.86,0.021
-5017.197,368.05,2.326,212.791,-318.553,0.03
-5014.471,363.736,2.326,209.558,-316.116,0.029
-5011.73,359.555,2.326,206.953,-312.664,0.027
-5008.96,355.332,2.329,205.034,-310.158,0.049
-5006.193,351.076,2.329,203.374,-308.36,0.036
-5003.453,346.926,2.33,201.674,-305.735,0.046
-5000.707,342.697,2.33,200.284,-304.311,0.036
-4997.719,338.458,2.333,201.58,-303.195,0.061
-4994.806,334.265,2.332,201.922,-301.762,0.042
-4991.996,329.743,2.332,201.16,-303.936,0.037
-4989.322,325.528,2.329,199.099,-302.635,0.004
-4986.535,321.087,2.33,198.51,-303.842,0.009
-4983.713,316.869,2.33,198.371,-302.584,0.015
-4980.686,312.597,2.331,200.356,-302.056,0.017
-4977.887,308.229,2.331,199.704,-302.601,0.013
-4974.915,303.901,2.33,200.93,-302.66,0.002
-4972.006,299.61,2.329,201.324,-302.327,-0.002
-4969.236,295.323,2.329,200.239,-301.993,-0.004
-4966.225,291,2.329,201.788,-302.079,-0.001
-4963.552,286.606,2.328,199.626,-302.895,-0.01
-4960.563,282.304,2.329,201.038,-302.632,-0.003
-4957.664,278.097,2.327,201.323,-301.436,-0.018
-4954.914,273.78,2.33,200.026,-301.553,0.013
-4952.229,269.366,2.328,198.24,-302.646,-0.008
-4949.356,265.016,2.328,198.669,-302.917,-0.012
-4946.44,260.733,2.328,199.465,-302.457,-0.011
-4943.416,256.593,2.329,201.269,-300.595,0.007
-4940.525,252.343,2.33,201.425,-300.135,0.008
-4937.645,248.263,2.329,201.455,-298,0.002
-4934.706,244.107,2.329,202.089,-296.964,-0.001
-4931.602,240.058,2.329,204.322,-294.966,-0.003
-4928.718,235.934,2.329,203.957,-294.043,0.001
-4925.921,231.806,2.327,202.756,-293.298,-0.015
-4922.994,227.705,2.328,203.072,-292.386,-0.004
-4919.996,223.749,2.327,204.069,-290.11,-0.014
-4917.096,219.808,2.329,203.915,-288.016,0.006
-4914.113,215.571,2.328,204.634,-289.277,-0.003
-4911.118,211.481,2.331,205.369,-288.836,0.02
-4908.179,207.409,2.33,205.422,-288.276,0.009
-4905.052,203.365,2.332,207.405,-287.518,0.027
-4901.924,199.204,2.332,209.098,-288.069,0.022
-4898.834,195.118,2.335,210.16,-287.766,0.047
-4895.723,190.99,2.336,211.276,-287.943,0.051
-4892.636,186.735,2.337,211.986,-289.395,0.052
-4889.552,182.386,2.336,212.556,-291.606,0.035
-4886.713,178.139,2.336,210.527,-292.449,0.037
-4883.807,173.706,2.336,209.478,-295.068,0.032
-4880.851,169.553,2.337,209.105,-294.433,0.035
-4878.003,165.376,2.335,207.671,-294.125,0.007
-4875.059,161.157,2.336,207.44,-294.311,0.016
-4872.176,156.929,2.335,206.612,-294.553,0.005
-4869.399,152.592,2.336,204.813,-295.882,0.014
-4866.78,148.268,2.336,201.657,-296.88,0.015
-4864.099,143.947,2.333,199.597,-297.703,-0.018
-4861.239,139.74,2.336,199.685,-297.226,0.009
-4862.678,127.741,2.332,155.509,-377.046,-0.03
-4863.497,116.839,2.33,124.202,-433.819,-0.044
-4863.698,107.11,2.328,103.869,-470.184,-0.053
-4863.57,98.295,2.327,89.909,-491.777,-0.055
-4862.943,90.424,2.325,83.142,-500.483,-0.066
-4861.734,83.306,2.324,83.361,-500.16,-0.067
-4860.128,76.931,2.322,87.633,-492.234,-0.079
-4858.267,71.045,2.32,93.908,-480.428,-0.081
-4856.185,65.66,2.32,101.527,-465.219,-0.073
-4853.929,60.685,2.32,109.818,-448.01,-0.059
-4851.381,56.114,2.32,119.896,-429.181,-0.054
-4848.686,51.742,2.319,130.014,-411.069,-0.054
-4845.728,47.684,2.319,141.348,-392.392,-0.045
-4842.768,43.62,2.319,151.027,-376.523,-0.036
-4839.779,39.403,2.321,159.588,-364.562,-0.018
-4836.884,35.314,2.323,165.918,-353.043,0.007
-4832.818,29.708,2.326,183.382,-358.83,0.03
-4828.811,24.404,2.328,197.663,-360.666,0.048
-4825.004,19.411,2.33,207.78,-359.022,0.06
-4821.197,14.576,2.332,216.42,-355.997,0.076
-4817.656,9.987,2.334,221.038,-350.885,0.078
-4814.123,5.67,2.337,224.906,-343.725,0.095
-4810.584,1.485,2.338,228.261,-336.254,0.094
-4807.278,-2.815,2.339,228.727,-331.073,0.091
-4803.954,-7.046,2.341,229.311,-325.938,0.093
-4800.847,-11.252,2.342,227.569,-321.306,0.086
-4797.625,-15.305,2.342,227.276,-315.773,0.078
-4794.425,-19.487,2.342,226.789,-312.388,0.068
-4791.467,-23.719,2.343,223.883,-310.014,0.061
-4788.375,-27.662,2.343,222.796,-305.011,0.056
-4785.396,-31.53,2.343,220.702,-299.974,0.047
-4782.449,-35.507,2.343,218.58,-296.794,0.043
-4779.52,-39.532,2.342,216.585,-294.583,0.025
-4776.674,-43.46,2.342,214.026,-291.698,0.024
-4773.688,-47.434,2.342,213.29,-289.707,0.017
-4770.603,-51.505,2.341,213.682,-289.019,0.008
-4767.519,-55.642,2.342,214.012,-289.101,0.012
-4764.288,-59.809,2.342,215.8,-289.476,0.009
-4761.271,-64.025,2.342,215.117,-290.313,0.014
-4758.015,-68.271,2.341,216.999,-291.329,0
-4754.979,-72.654,2.341,216.343,-293.599,-0.001
-4751.896,-77.058,2.341,216.264,-295.758,0.001
-4748.981,-81.293,2.343,214.469,-295.866,0.016
-4745.989,-85.445,2.343,213.724,-295.099,0.017
-4743.104,-89.595,2.343,211.994,-294.422,0.016
-4740.247,-93.725,2.343,210.228,-293.633,0.01
-4737.386,-97.949,2.342,208.767,-293.938,0.003
-4734.577,-102.208,2.341,206.977,-294.552,-0.01
-4731.621,-106.607,2.34,206.97,-296.52,-0.017
-4728.591,-110.948,2.34,207.726,-297.6,-0.016
-4725.592,-115.294,2.339,208.053,-298.573,-0.024
-4722.581,-119.595,2.339,208.452,-298.945,-0.023
-4719.663,-123.77,2.337,207.84,-297.961,-0.035
-4716.831,-128.065,2.337,206.422,-298.351,-0.031
-4714.179,-132.41,2.337,203.364,-299.207,-0.024
-4711.431,-136.668,2.336,201.753,-299.033,-0.026
-4708.743,-140.886,2.337,199.747,-298.481,-0.021
-4706.149,-145.117,2.338,197.074,-298.14,-0.001
-4703.567,-149.337,2.339,194.672,-297.743,0.009
-4701,-153.51,2.34,192.477,-296.913,0.013
-4698.29,-157.721,2.34,192.064,-296.599,0.014
-4695.708,-161.883,2.341,190.393,-295.824,0.022
-4693.019,-166.277,2.343,190.085,-297.555,0.034
-4690.543,-170.333,2.345,187.611,-295.544,0.047
-4687.857,-174.442,2.345,187.673,-294.385,0.044
-4685.031,-178.645,2.346,189.163,-294.355,0.044
-4682.282,-182.807,2.349,189.646,-293.918,0.064
-4679.397,-186.988,2.35,191.451,-293.735,0.066
-4676.472,-191.102,2.351,193.417,-292.884,0.066
-4673.604,-195.14,2.35,194.484,-291.383,0.052
-4670.761,-199.261,2.351,195.162,-290.954,0.045
-4667.324,-203.887,2.35,201.841,-295.785,0.031
-4663.954,-208.313,2.35,206.847,-297.845,0.03
-4660.664,-212.745,2.35,210.297,-299.673,0.028
-4657.42,-216.991,2.351,212.766,-299.31,0.033
-4654.294,-221.195,2.351,213.65,-298.575,0.026
-4651.135,-225.522,2.351,214.759,-299.203,0.02
-4647.999,-229.678,2.349,215.455,-297.985,0.003
-4644.867,-233.614,2.35,216.01,-294.688,0.01
-4641.759,-237.636,2.351,216.235,-292.753,0.012
-4638.685,-241.698,2.351,216.085,-291.512,0.015
-4635.225,-246.033,2.35,219.926,-293.266,0.004
-4631.722,-250.46,2.349,223.643,-295.711,-0.007
-4628.328,-254.988,2.348,225.694,-298.838,-0.019
-4625.127,-259.35,2.349,225.452,-299.791,-0.009
-4621.821,-263.595,2.348,226.334,-299.406,-0.011
-4618.668,-267.759,2.347,225.5,-298.239,-0.018
-4615.473,-271.947,2.347,225.236,-297.498,-0.022
-4612.466,-276.301,2.346,223.06,-298.563,-0.024
-4609.438,-280.395,2.345,221.431,-296.807,-0.026
-4606.266,-284.665,2.345,221.527,-297.116,-0.025
-4607.67,-296.59,2.345,174.489,-376.18,-0.023
-4608.235,-307.147,2.346,143.01,-429.541,-0.012
-4608.334,-316.442,2.346,120.958,-462.049,-0.006
-4607.921,-324.814,2.347,107.422,-480.285,0.001
-4607.029,-332.283,2.348,100.809,-486.548,0.008
-4605.771,-338.932,2.348,98.93,-483.436,0.013
-4603.999,-344.707,2.348,102.624,-471.791,0.008
-4601.995,-350.136,2.348,108.164,-458.299,0.012
-4599.746,-354.974,2.35,115.405,-440.708,0.024
-4597.247,-359.568,2.352,124.161,-423.186,0.04
-4594.498,-363.619,2.354,134.202,-402.651,0.051
-4591.737,-367.594,2.354,142.892,-384.36,0.043
-4588.004,-372.578,2.355,160.302,-379.134,0.045
-4584.527,-377.253,2.354,172.527,-371.505,0.034
-4581.01,-381.66,2.354,183.355,-362.236,0.029
-4577.544,-386.032,2.354,192.073,-353.973,0.028
-4574.231,-390.093,2.356,197.927,-343.727,0.036
-4570.918,-394.016,2.357,202.932,-333.562,0.041
-4567.83,-397.886,2.359,204.877,-324.341,0.058
-4564.651,-401.939,2.359,207.473,-318.366,0.051
-4561.685,-405.905,2.359,207.494,-312.379,0.045
-4558.598,-409.716,2.359,208.758,-305.671,0.037
-4555.826,-413.558,2.361,206.595,-300.272,0.045
-4552.91,-417.497,2.362,206.227,-296.66,0.047
-4550.339,-421.537,2.362,202.361,-294.62,0.046
-4547.612,-425.638,2.363,200.676,-293.506,0.042
-4545.099,-429.526,2.363,197.042,-290.372,0.039
-4542.203,-433.601,2.363,197.876,-289.62,0.035
-4539.517,-437.589,2.364,196.427,-288.082,0.038
-4536.859,-441.45,2.364,194.894,-285.46,0.032
-4534.231,-445.297,2.364,193.287,-283.077,0.027
-4531.618,-449.345,2.363,191.767,-283.12,0.014
-4528.903,-453.424,2.363,191.512,-283.478,0.014
-4526.297,-457.512,2.362,190.171,-283.868,0.006
-4523.564,-461.656,2.362,190.335,-284.787,0.003
-4521.064,-465.846,2.362,188.085,-286.036,0.003
-4518.43,-469.995,2.363,187.543,-286.683,0.008
-4515.915,-474.027,2.362,185.857,-286.034,0
-4513.341,-477.947,2.364,185.015,-284.322,0.017
-4510.889,-482.065,2.364,183.052,-284.894,0.017
-4508.328,-486.229,2.364,182.495,-285.871,0.017
-4505.803,-490.327,2.364,181.653,-286.017,0.007
-4503.198,-494.412,2.364,181.75,-286.003,0.01
-4500.835,-498.547,2.364,179.347,-286.51,0.008
-4498.21,-502.885,2.365,179.989,-289.028,0.015
-4495.651,-506.967,2.366,179.872,-288.552,0.022
-4493.016,-511.22,2.366,180.546,-289.894,0.024
-4490.478,-515.347,2.368,180.123,-289.75,0.034
-4487.946,-519.579,2.367,179.699,-290.704,0.022
-4485.348,-523.924,2.367,180.01,-292.678,0.014
-4482.737,-528.192,2.366,180.416,-293.57,0.007
-4479.951,-532.365,2.365,182.569,-293.356,0
-4477.161,-536.608,2.365,184.443,-293.895,-0.006
-4474.501,-540.683,2.365,184.699,-292.63,0
-4471.867,-544.673,2.366,184.65,-290.664,0.002
-4468.918,-548.682,2.366,187.847,-289.194,0.008
-4465.999,-552.792,2.366,190.275,-288.968,0.003
-4463.131,-556.94,2.367,191.817,-289.171,0.013
-4460.03,-561.156,2.367,195.535,-290.052,0.011
-4457.046,-565.243,2.367,197.498,-289.465,0.011
-4453.905,-569.384,2.368,200.787,-289.523,0.016
-4450.742,-573.412,2.368,203.817,-288.411,0.014
-4447.687,-577.388,2.366,205.296,-286.93,-0.004
-4444.498,-581.359,2.366,207.929,-285.608,-0.007
-4441.364,-585.329,2.366,209.612,-284.483,-0.008
-4438.139,-589.373,2.366,211.993,-284.276,-0.006
-4434.822,-593.197,2.367,214.963,-281.834,0.004
-4431.625,-597.107,2.367,216.26,-280.634,0.005
-4428.372,-600.827,2.369,217.941,-277.654,0.023
-4425.105,-604.555,2.367,219.519,-275.206,0.006
-4421.934,-608.355,2.366,219.879,-273.85,-0.012
-4418.722,-612.161,2.366,220.617,-272.753,-0.004
-4415.539,-615.975,2.366,220.939,-271.908,-0.006
-4412.381,-619.625,2.366,220.947,-269.494,0
-4409.114,-623.437,2.366,222.095,-269.108,-0.005
-4405.82,-627.246,2.366,223.335,-268.74,-0.006
-4402.643,-630.885,2.366,223.205,-266.683,0
-4399.346,-634.699,2.367,224.316,-266.722,0.003
-4396.06,-638.597,2.366,225.152,-267.625,-0.001
-4392.853,-642.308,2.367,225.055,-266.47,0.006
-4389.481,-646.219,2.368,226.671,-267.548,0.012
-4386.181,-650.045,2.368,227.306,-267.587,0.011
-4382.951,-653.635,2.368,227.131,-265.186,0.016
-4379.776,-657.324,2.369,226.413,-264.169,0.021
-4376.651,-661.24,2.371,225.285,-265.634,0.03
-4373.657,-665.105,2.372,222.979,-266.351,0.041
-4370.538,-669.012,2.374,222.299,-267.406,0.048
-4367.534,-672.887,2.373,220.528,-267.967,0.04
-4364.564,-676.746,2.374,218.671,-268.282,0.041
-4361.579,-680.534,2.375,217.236,-267.83,0.039
-4358.416,-684.527,2.375,217.851,-269.547,0.038
-4355.533,-688.479,2.375,215.497,-270.584,0.029
-4352.708,-692.448,2.374,212.883,-271.652,0.021
-4349.574,-696.658,2.374,213.841,-275.041,0.016
-4346.603,-700.802,2.373,212.977,-277.257,0.002
-4343.629,-705.039,2.373,212.274,-280.097,0.001
-4340.042,-710.221,2.372,217.981,-292.254,-0.003
-4336.536,-715.237,2.373,222.017,-300.908,0.008
-4333.214,-720.263,2.372,223.564,-308.395,-0.003
-4329.896,-725.259,2.371,224.84,-314.477,-0.015
-4326.77,-729.972,2.371,223.962,-316.746,-0.017
-4323.759,-734.498,2.371,222.012,-316.757,-0.007
-4320.883,-738.942,2.371,218.97,-315.923,-0.01
-4318.251,-743.315,2.371,213.864,-314.477,-0.006
-4315.589,-747.632,2.372,209.818,-312.666,0.001
-4313.02,-752.006,2.373,205.411,-311.715,0.008
-4310.705,-756.324,2.372,199.033,-310.327,0.001
-4308.335,-760.621,2.373,194.15,-308.928,0.007
-4305.979,-764.838,2.375,189.865,-306.901,0.031
-4303.688,-769.032,2.377,185.52,-304.947,0.042
-4301.239,-773.186,2.377,183.445,-302.864,0.04
-4298.852,-777.234,2.378,181.042,-299.991,0.04
-4296.485,-781.38,2.379,178.786,-298.553,0.045
-4294.327,-785.592,2.379,174.712,-298.012,0.036
-4291.833,-789.835,2.38,174.688,-297.866,0.042
-4289.534,-793.912,2.381,172.666,-296.028,0.04
-4287.343,-797.91,2.381,169.829,-293.653,0.039
-4284.779,-802.174,2.382,171.245,-294.357,0.04
-4282.375,-806.4,2.382,170.811,-294.575,0.04
-4279.926,-810.731,2.383,170.902,-295.838,0.044
-4277.506,-815.05,2.385,170.684,-296.794,0.056
-4275.115,-819.328,2.387,170.191,-297.181,0.067
-4272.59,-823.683,2.389,171.162,-298.314,0.069
-4269.916,-828.059,2.389,173.513,-299.492,0.065
-4267.053,-832.4,2.39,177.467,-300.134,0.062
-4264.227,-836.84,2.391,180.461,-301.702,0.066
-4261.282,-841.185,2.392,184.238,-302.064,0.058
-4258.436,-845.286,2.391,186.447,-299.861,0.04
-4255.478,-849.32,2.391,189.479,-297.292,0.04
-4252.148,-853.434,2.391,195.892,-295.92,0.029
-4248.828,-857.429,2.391,201.26,-293.528,0.033
-4245.6,-861.382,2.391,204.896,-291.047,0.027
-4242.139,-865.255,2.39,210.388,-288.12,0.013
-4238.749,-868.896,2.39,214.349,-283.23,0.009
-4235.385,-872.636,2.391,217.456,-280.079,0.012
-4231.977,-876.18,2.39,220.563,-275.376,0.004
-4227.451,-880.682,2.387,234.71,-281.22,-0.027
-4223.272,-884.691,2.382,243.212,-281.132,-0.071
-4219.858,-887.89,2.376,242.59,-272.718,-0.115
-4217.419,-890.637,2.37,232.024,-260.889,-0.153
-4216.316,-892.571,2.364,209.253,-242.435,-0.186
-4216.467,-893.811,2.36,176.933,-219.549,-0.199
-4217.43,-894.389,2.358,140.995,-193.21,-0.184
-4219.049,-894.191,2.36,103.594,-162.758,-0.138
-4220.897,-893.532,2.365,69.329,-132.031,-0.075
-4222.663,-892.608,2.372,40.96,-103.107,0.001
-4224.272,-891.487,2.379,18.364,-76.397,0.073
-4225.706,-890.311,2.388,0.908,-53.055,0.144
-4226.92,-889.19,2.395,-11.727,-33.717,0.191
-4227.917,-888.164,2.401,-20.266,-18.197,0.222
-4228.712,-887.311,2.404,-25.472,-6.739,0.223
-4229.453,-886.478,2.408,-29.351,2.834,0.222
-4229.9,-885.797,2.41,-29.635,9.425,0.212
-4230.42,-885.202,2.412,-30.632,14.161,0.198
-4230.66,-884.739,2.413,-28.596,16.842,0.178
-4230.849,-884.339,2.414,-26.331,18.491,0.168
-4230.873,-884.036,2.415,-22.713,18.887,0.145
-4230.94,-883.811,2.414,-20.065,18.423,0.122
-4230.931,-883.629,2.415,-17.016,17.586,0.11
-4230.925,-883.527,2.414,-14.451,16.051,0.083
-4230.958,-883.5,2.413,-12.67,13.975,0.062
-4230.999,-883.41,2.412,-11.219,12.847,0.041
-4231.004,-883.449,2.412,-9.631,10.554,0.035
-4231.007,-883.528,2.411,-8.243,8.189,0.025
-4230.881,-883.578,2.41,-5.734,6.47,0.011
-4230.826,-883.607,2.409,-4.32,5.22,-0.001
-4230.754,-883.701,2.408,-2.944,3.479,-0.011
-4230.778,-883.721,2.409,-2.762,2.765,-0.004
-4230.604,-883.678,2.408,-0.57,2.803,-0.013
-4230.562,-883.601,2.408,-0.051,3.18,-0.003
-4230.459,-883.719,2.407,1.015,1.503,-0.014
-4230.269,-883.828,2.407,2.827,0.157,-0.018
-4230.281,-883.819,2.406,2.29,0.225,-0.017
-4230.317,-883.857,2.407,1.58,-0.199,-0.013
-4230.267,-883.841,2.407,1.868,-0.011,-0.006
-4230.228,-883.902,2.406,1.989,-0.633,-0.015
-4230.243,-883.924,2.406,1.547,-0.768,-0.011
-4230.162,-884.005,2.406,2.15,-1.487,-0.015
-4230.176,-884.034,2.406,1.685,-1.561,-0.009
-4230.179,-884.07,2.407,1.41,-1.704,-0.003
-4230.115,-884.06,2.406,1.857,-1.357,-0.004
-4230.073,-883.986,2.406,2.02,-0.389,-0.008
-4230.044,-884.011,2.407,2.018,-0.59,0.001
-4230.069,-883.995,2.407,1.471,-0.343,0.005
-4230.106,-883.978,2.407,0.871,-0.118,0.002
-4230.318,-883.989,2.406,-1.445,-0.214,-0.004
-4230.353,-884.037,2.407,-1.585,-0.676,0.002
-4230.32,-884.025,2.406,-1.014,-0.448,-0.008
-4230.25,-884.08,2.407,-0.145,-0.948,0.001
-4230.242,-884.136,2.407,-0.038,-1.384,0.003
-4230.303,-884.141,2.407,-0.666,-1.236,0.004
-4230.203,-884.19,2.407,0.462,-1.559,0.004
-4230.157,-884.178,2.407,0.866,-1.207,0.001
-4230.126,-884.095,2.407,1.055,-0.175,0
-4230.192,-884.11,2.407,0.224,-0.3,0.002
-4230.159,-884.066,2.407,0.537,0.191,-0.001
-4230.203,-883.983,2.407,0.003,1.018,0.003
-4230.303,-883.94,2.407,-1.03,1.312,0.004
-4230.3,-883.957,2.408,-0.849,0.943,0.005
-4230.229,-883.942,2.408,0.017,0.966,0.006
-4230.342,-883.924,2.408,-1.16,1.003,0.004
-4230.308,-883.916,2.408,-0.632,0.942,0.003
-4230.339,-883.923,2.408,-0.867,0.73,0.004
-4230.306,-883.803,2.408,-0.393,1.859,0.005
-4230.247,-883.846,2.408,0.277,1.143,0.005
-4230.279,-883.808,2.408,-0.103,1.362,0.001
-4230.322,-883.836,2.407,-0.522,0.871,-0.003
-4230.254,-883.867,2.407,0.249,0.424,-0.002
-4230.31,-883.867,2.407,-0.356,0.368,0
-4230.173,-883.82,2.408,1.097,0.793,0.008
-4230.23,-883.853,2.408,0.348,0.338,0.001
-4230.361,-883.872,2.407,-1.052,0.089,-0.003
-4230.412,-883.986,2.407,-1.416,-1.098,0
-4230.391,-883.951,2.407,-0.994,-0.567,-0.005
-4230.396,-883.939,2.406,-0.906,-0.368,-0.012
-4230.292,-883.931,2.407,0.311,-0.224,-0.004
-4230.221,-883.861,2.407,0.988,0.524,-0.003
-4230.177,-883.926,2.406,1.302,-0.222,-0.008
-4230.118,-884.006,2.406,1.711,-1.01,-0.006
-4230.187,-883.994,2.406,0.752,-0.738,-0.006
-4230.219,-883.906,2.406,0.316,0.273,-0.004
-4230.251,-883.887,2.406,-0.063,0.434,-0.009
-4230.348,-883.939,2.406,-1.055,-0.166,-0.004
-4230.316,-884.004,2.407,-0.572,-0.808,0.007
-4230.286,-883.939,2.408,-0.176,-0.025,0.012
-4230.386,-883.991,2.408,-1.177,-0.561,0.009
-4230.423,-883.936,2.408,-1.392,0.089,0.012
-4230.357,-883.922,2.409,-0.5,0.221,0.02
-4230.362,-883.873,2.409,-0.48,0.696,0.011
-4230.389,-883.899,2.407,-0.691,0.324,-0.005
-4230.365,-883.887,2.407,-0.336,0.403,-0.001
-4230.406,-883.889,2.407,-0.714,0.317,-0.009
-4230.222,-883.869,2.406,1.292,0.479,-0.011
-4230.294,-883.928,2.406,0.354,-0.201,-0.015
-4230.301,-883.969,2.406,0.232,-0.587,-0.007
-4230.268,-883.977,2.406,0.544,-0.589,-0.005
-4230.215,-884.016,2.407,1.002,-0.905,-0.002
-4230.311,-884.099,2.407,-0.126,-1.62,-0.001
-4230.273,-884.081,2.406,0.271,-1.198,-0.009
-4230.299,-883.999,2.405,-0.035,-0.182,-0.017
-4230.528,-884.022,2.405,-2.383,-0.391,-0.011
-4230.396,-884.024,2.406,-0.678,-0.348,-0.003
-4230.45,-883.908,2.407,-1.128,0.89,0.007
-4230.486,-883.901,2.407,-1.334,0.84,0.011
-4230.36,-883.857,2.407,0.158,1.166,0.007
-4230.384,-883.888,2.407,-0.112,0.675,0.006
-4230.383,-883.955,2.407,-0.087,-0.116,0.007
-4230.344,-883.984,2.408,0.332,-0.4,0.009
-4230.235,-883.921,2.408,1.405,0.308,0.011
-4230.238,-883.909,2.408,1.168,0.387,0.007
-4230.209,-883.971,2.408,1.294,-0.303,0.004
-4230.2,-883.993,2.407,1.194,-0.492,-0.004
-4230.141,-883.931,2.406,1.626,0.219,-0.013
-4230.077,-883.913,2.405,2.047,0.374,-0.016
-4230.204,-883.93,2.406,0.434,0.144,-0.011
-4230.213,-883.946,2.405,0.28,-0.038,-0.017
-4230.149,-883.989,2.405,0.893,-0.477,-0.012
-4230.197,-883.914,2.405,0.274,0.369,-0.011
-4230.303,-883.937,2.405,-0.862,0.07,-0.008
-4230.242,-883.845,2.406,-0.099,1.007,0
-4230.346,-883.801,2.407,-1.164,1.317,0.007
-4230.336,-883.836,2.407,-0.885,0.76,0.011
-4230.272,-883.843,2.408,-0.094,0.58,0.017
-4230.342,-883.885,2.409,-0.807,0.065,0.021
-4230.401,-883.827,2.408,-1.296,0.647,0.013
-4230.475,-883.847,2.408,-1.858,0.346,0.014
-4230.399,-883.886,2.408,-0.804,-0.103,0.009
-4230.471,-883.864,2.408,-1.43,0.138,0.007
-4230.48,-883.951,2.408,-1.318,-0.784,0.01
-4230.515,-883.928,2.409,-1.479,-0.43,0.009
-4230.501,-883.919,2.409,-1.123,-0.275,0.012
-4230.509,-883.945,2.409,-1.034,-0.504,0.011
-4230.476,-883.779,2.408,-0.538,1.286,0
-4230.465,-883.82,2.408,-0.348,0.671,0
-4230.443,-883.868,2.409,-0.07,0.081,0.011
-4230.354,-883.896,2.409,0.856,-0.224,0.007
-4230.311,-883.895,2.408,1.17,-0.175,0
-4230.417,-883.906,2.408,-0.087,-0.26,0
-4230.281,-883.804,2.408,1.318,0.824,-0.006
-4230.249,-883.812,2.408,1.46,0.621,-0.006
-4230.278,-883.825,2.407,0.943,0.395,-0.009
-4230.281,-883.759,2.406,0.775,1.019,-0.016
-4230.234,-883.858,2.406,1.141,-0.149,-0.012
-4230.281,-883.791,2.406,0.487,0.554,-0.013
-4230.235,-883.833,2.406,0.891,0.045,-0.011
-4230.238,-883.878,2.407,0.728,-0.423,-0.001
-4230.296,-883.913,2.407,0.03,-0.718,-0.005
-4230.346,-883.905,2.407,-0.491,-0.534,-0.004
-4230.365,-883.967,2.406,-0.612,-1.093,-0.01
-4230.43,-884.01,2.406,-1.192,-1.38,-0.01
-4230.409,-884.095,2.406,-0.802,-2.045,-0.008
-4230.35,-884.005,2.406,-0.074,-0.82,-0.006
-4230.414,-884.008,2.405,-0.725,-0.729,-0.014
-4230.489,-883.842,2.406,-1.394,1.084,-0.003
-4230.417,-883.857,2.406,-0.442,0.775,-0.005
-4230.371,-883.883,2.406,0.093,0.394,-0.006
-4230.324,-883.757,2.406,0.558,1.63,0
-4230.278,-883.728,2.406,0.953,1.688,-0.005
-4230.353,-883.695,2.406,0.047,1.775,0.002
-4230.291,-883.676,2.407,0.675,1.716,0.005
-4230.359,-883.656,2.406,-0.123,1.668,0
-4230.355,-883.699,2.406,-0.067,0.984,0.003
-4230.376,-883.809,2.407,-0.273,-0.301,0.007
-4230.304,-883.855,2.407,0.505,-0.726,0.01
-4230.236,-883.873,2.408,1.136,-0.81,0.017
-4230.249,-883.901,2.408,0.839,-0.976,0.015
-4230.342,-883.888,2.409,-0.251,-0.694,0.02
-4230.295,-883.828,2.408,0.275,0.018,0.006
-4230.315,-883.843,2.407,0.028,-0.132,-0.002
-4230.415,-883.872,2.407,-1.003,-0.41,-0.003
-4230.385,-883.876,2.407,-0.545,-0.4,0.002
-4230.455,-883.946,2.408,-1.188,-1.055,0.007
-4230.391,-883.944,2.408,-0.354,-0.883,0.011
-4230.325,-883.957,2.408,0.379,-0.89,0.009
-4230.218,-883.951,2.408,1.424,-0.694,0.008
-4230.15,-883.966,2.408,1.909,-0.747,0.003
-4230.17,-883.919,2.409,1.425,-0.155,0.009
-4230.315,-883.92,2.409,-0.277,-0.135,0.008
-4230.416,-883.894,2.409,-1.273,0.15,0.011
-4230.355,-883.823,2.409,-0.46,0.858,0.009
-4230.355,-883.85,2.409,-0.4,0.449,0.01
-4230.273,-883.87,2.409,0.504,0.186,0.003
-4230.296,-883.864,2.409,0.192,0.214,0
-4230.28,-883.871,2.408,0.33,0.112,-0.003
-4230.32,-883.888,2.407,-0.127,-0.081,-0.01
-4230.427,-883.849,2.408,-1.207,0.338,-0.003
-4230.388,-883.794,2.408,-0.631,0.854,-0.004
-4230.474,-883.773,2.408,-1.424,0.944,-0.003
-4230.615,-883.865,2.408,-2.666,-0.14,-0.006
-4230.665,-883.936,2.407,-2.788,-0.851,-0.01
-4230.658,-883.934,2.407,-2.3,-0.705,-0.007
-4230.57,-883.891,2.407,-1.057,-0.159,-0.007
-4230.587,-883.847,2.406,-1.081,0.315,-0.016
-4230.485,-883.866,2.407,0.123,0.071,-0.009
-4230.474,-883.999,2.407,0.228,-1.303,-0.001
-4230.404,-884.016,2.407,0.908,-1.291,-0.003
-4230.315,-884.069,2.406,1.69,-1.643,-0.011
-4230.254,-884.064,2.406,2.072,-1.355,-0.014
-4230.259,-883.997,2.405,1.717,-0.469,-0.02
-4230.385,-883.965,2.405,0.168,-0.069,-0.013
-4230.478,-883.968,2.405,-0.814,-0.088,-0.011
-4230.451,-883.911,2.407,-0.416,0.514,0.004
-4230.419,-883.898,2.406,-0.033,0.571,-0.001
-4230.465,-883.922,2.407,-0.491,0.242,0.003
-4230.438,-883.84,2.407,-0.15,1.045,0.005
-4230.572,-883.851,2.407,-1.504,0.782,0.005
-4230.483,-883.86,2.407,-0.364,0.57,0.007
-4230.492,-883.943,2.407,-0.406,-0.364,0.006
-4230.41,-883.938,2.407,0.497,-0.256,0.006
-4230.458,-883.908,2.407,-0.063,0.087,0.003
-4230.478,-883.962,2.406,-0.263,-0.486,-0.003
-4230.513,-883.937,2.406,-0.584,-0.153,-0.006
-4230.5,-884.014,2.407,-0.369,-0.923,-0.002
-4230.569,-883.895,2.407,-1.023,0.435,0
-4230.501,-883.937,2.406,-0.17,-0.053,-0.002
-4230.512,-883.963,2.405,-0.261,-0.315,-0.016
-4230.429,-883.983,2.404,0.633,-0.473,-0.02
-4230.459,-884.003,2.405,0.232,-0.618,-0.008
-4230.451,-884.007,2.405,0.278,-0.567,-0.006
-4230.453,-883.989,2.406,0.223,-0.298,0
-4230.352,-883.909,2.405,1.225,0.57,-0.005
-4230.286,-883.867,2.405,1.728,0.916,-0.007
-4230.436,-883.87,2.405,-0.072,0.759,-0.003
-4230.354,-883.869,2.407,0.78,0.657,0.01
-4230.346,-883.879,2.406,0.747,0.454,0.004
-4230.329,-883.931,2.407,0.815,-0.148,0.007
-4230.354,-883.912,2.407,0.431,0.069,0.014
-4230.26,-883.887,2.408,1.339,0.317,0.019
-4230.297,-883.892,2.408,0.759,0.22,0.016
-4230.342,-883.81,2.408,0.187,1.03,0.01
-4230.235,-883.833,2.408,1.257,0.639,0.01
-4230.252,-883.766,2.407,0.901,1.239,-0.002
-4230.35,-883.808,2.408,-0.242,0.622,0.005
-4230.203,-883.791,2.408,1.307,0.704,0.009
-4230.229,-883.808,2.407,0.85,0.43,0.001
-4230.239,-883.832,2.409,0.623,0.117,0.014
-4230.226,-883.86,2.408,0.666,-0.188,0.009
-4230.236,-883.877,2.408,0.458,-0.33,0.004
-4230.306,-883.874,2.408,-0.321,-0.258,0.008
-4230.297,-883.831,2.408,-0.187,0.222,0.006
-4230.423,-883.859,2.408,-1.455,-0.094,0
-4230.45,-883.881,2.408,-1.517,-0.308,-0.003
-4230.387,-883.909,2.407,-0.648,-0.547,-0.007
-4230.311,-883.949,2.407,0.232,-0.883,-0.005
-4230.23,-884.03,2.408,1.025,-1.585,-0.001
-4230.281,-883.972,2.408,0.352,-0.76,-0.001
-4230.273,-883.96,2.407,0.383,-0.518,-0.002
-4230.204,-883.914,2.407,1.04,0.025,-0.004
-4230.261,-883.897,2.407,0.302,0.204,-0.004
-4230.22,-883.928,2.408,0.673,-0.154,0.001
-4230.366,-883.852,2.407,-0.923,0.652,-0.006
-4230.383,-883.815,2.407,-0.966,0.945,-0.004
-4230.444,-883.82,2.407,-1.448,0.747,-0.007
-4230.427,-883.876,2.406,-1.066,0.068,-0.011
-4230.421,-883.912,2.406,-0.849,-0.316,-0.009
-4230.39,-883.902,2.407,-0.394,-0.166,-0.002
-4230.302,-883.818,2.406,0.562,0.717,-0.005
-4230.231,-883.874,2.406,1.206,0.04,-0.005
-4230.291,-883.886,2.406,0.419,-0.09,-0.006
-4230.249,-883.856,2.407,0.789,0.237,0.007
-4230.179,-883.861,2.407,1.391,0.147,0.007
-4230.234,-883.87,2.408,0.62,0.029,0.008
-4230.251,-883.849,2.407,0.349,0.242,0.004
-4230.269,-883.793,2.408,0.125,0.783,0.012
-4230.312,-883.75,2.408,-0.344,1.117,0.009
-4230.305,-883.738,2.409,-0.224,1.073,0.011
-4230.222,-883.862,2.409,0.671,-0.367,0.01
-4230.297,-883.858,2.408,-0.206,-0.272,0.005
-4230.411,-883.81,2.408,-1.347,0.27,0.005
-4230.366,-883.822,2.407,-0.686,0.1,-0.009
-4230.315,-883.879,2.407,-0.061,-0.503,-0.01
-4230.252,-883.899,2.406,0.592,-0.631,-0.018
-4230.248,-883.889,2.406,0.55,-0.431,-0.015
-4230.349,-883.874,2.405,-0.571,-0.217,-0.018
-4230.311,-883.935,2.405,-0.093,-0.812,-0.018
-4230.321,-883.986,2.406,-0.18,-1.215,-0.004
-4230.252,-884.004,2.406,0.55,-1.222,-0.006
-4230.167,-884.059,2.406,1.349,-1.608,-0.005
-4230.152,-883.972,2.407,1.3,-0.482,0.006
-4230.239,-883.924,2.407,0.22,0.088,0.007
-4230.37,-884.002,2.407,-1.157,-0.726,0.003
-4230.321,-884.087,2.406,-0.493,-1.496,0
-4230.471,-884.112,2.407,-1.958,-1.535,0.001
-4230.496,-884.058,2.405,-1.926,-0.759,-0.012
-4230.362,-884.084,2.406,-0.265,-0.912,-0.006
-4230.27,-884.055,2.406,0.723,-0.476,-0.006
-4230.176,-884.02,2.405,1.577,-0.048,-0.01
-4230.2,-884.087,2.405,1.105,-0.735,-0.008
-4230.225,-884.019,2.406,0.686,0.081,-0.001
-4230.101,-883.964,2.406,1.863,0.634,0.006
-4230.053,-883.967,2.406,2.076,0.512,0.002
-4230.08,-883.892,2.407,1.492,1.21,0.005
-4230.082,-883.923,2.407,1.261,0.703,0.013
-4230.149,-883.959,2.407,0.375,0.233,0.01
-4230.086,-883.911,2.406,0.969,0.689,0
-4230.031,-883.857,2.407,1.395,1.147,0.002
-4230.021,-883.875,2.406,1.29,0.798,0.001
-4230.14,-883.896,2.406,-0.116,0.461,-0.004
-4230.21,-883.906,2.407,-0.822,0.287,0.003
-4230.237,-883.897,2.407,-0.984,0.336,0.001
-4230.152,-883.871,2.406,0.035,0.559,-0.001
-4230.236,-883.85,2.406,-0.831,0.693,-0.001
-4230.321,-883.887,2.406,-1.584,0.208,-0.001
-4230.307,-883.881,2.408,-1.202,0.245,0.014
-4230.236,-883.962,2.408,-0.304,-0.63,0.01
-4230.267,-884.051,2.407,-0.577,-1.449,0.007
-4230.309,-884.093,2.408,-0.923,-1.669,0.014
-4230.294,-884.012,2.408,-0.63,-0.595,0.009
-4230.229,-884.011,2.407,0.136,-0.493,0.002
-4230.183,-884.013,2.408,0.585,-0.446,0.003
-4230.096,-883.924,2.407,1.398,0.541,0
-4230.138,-883.935,2.408,0.753,0.346,0.005
-4230.153,-883.951,2.409,0.494,0.128,0.015
-4230.165,-883.946,2.408,0.293,0.166,0.004
-4230.284,-883.938,2.408,-0.974,0.226,0.004
-4230.302,-883.877,2.408,-1.013,0.817,0.002
-4230.27,-883.876,2.408,-0.531,0.705,0.006
-4230.334,-883.894,2.408,-1.122,0.417,0.005
-4230.363,-883.922,2.407,-1.253,0.063,-0.009
-4230.372,-883.95,2.406,-1.155,-0.233,-0.015
-4230.399,-883.955,2.406,-1.267,-0.245,-0.019
-4230.323,-883.901,2.407,-0.295,0.343,-0.002
-4230.297,-883.807,2.406,0.006,1.262,-0.008
-4230.406,-883.825,2.406,-1.109,0.888,-0.008
-4230.318,-883.767,2.406,-0.046,1.362,-0.007
-4230.394,-883.802,2.406,-0.816,0.801,-0.006
-4230.418,-883.825,2.406,-0.949,0.44,-0.006
-4230.277,-883.958,2.407,0.64,-0.987,-0.001
-4230.319,-884.065,2.407,0.118,-1.952,0.008
-4230.38,-883.997,2.407,-0.532,-0.962,0.005
-4230.385,-884.015,2.408,-0.503,-1.007,0.007
-4230.301,-883.973,2.407,0.438,-0.423,0.003
-4230.305,-883.962,2.408,0.336,-0.248,0.014
-4230.273,-883.98,2.409,0.609,-0.4,0.014
-4230.146,-884.016,2.409,1.832,-0.712,0.012
-4230.222,-884.146,2.408,0.779,-1.945,0.008
-4230.209,-884.098,2.409,0.796,-1.162,0.008
-4230.262,-884.03,2.408,0.141,-0.294,0.004
-4230.253,-884.013,2.408,0.21,-0.075,0.001
-4230.344,-883.995,2.408,-0.756,0.127,0.005
-4230.449,-883.927,2.407,-1.732,0.801,-0.007
-4230.394,-883.858,2.406,-0.907,1.394,-0.018
-4230.419,-883.77,2.406,-1.03,2.099,-0.02
-4230.368,-883.769,2.406,-0.357,1.802,-0.013
-4230.331,-883.832,2.406,0.083,0.886,-0.008
-4230.281,-883.88,2.407,0.581,0.263,0
-4230.184,-883.901,2.407,1.491,0.008,0.001
-4230.214,-883.876,2.407,0.962,0.259,-0.003
-4230.22,-883.862,2.406,0.766,0.368,-0.01
-4230.276,-883.902,2.406,0.069,-0.094,-0.009
-4230.326,-883.896,2.406,-0.454,-0.022,-0.002
-4230.257,-883.93,2.406,0.322,-0.37,-0.007
-4230.268,-883.918,2.407,0.166,-0.187,0
-4230.319,-883.973,2.407,-0.386,-0.728,0.005
-4230.358,-884.025,2.406,-0.729,-1.161,-0.002
-4230.269,-883.9,2.406,0.296,0.302,-0.009
-4230.314,-883.888,2.406,-0.216,0.379,-0.007
-4230.38,-883.899,2.406,-0.859,0.207,-0.002
-4230.357,-883.932,2.406,-0.497,-0.163,-0.004
-4230.331,-883.83,2.406,-0.152,0.912,0.001
-4230.275,-883.841,2.405,0.439,0.668,-0.01
-4230.217,-883.844,2.406,0.974,0.535,0.002
-4230.276,-883.867,2.407,0.219,0.221,0.008
-4230.272,-883.918,2.408,0.233,-0.338,0.013
-4230.353,-883.95,2.407,-0.628,-0.618,0.005
-4230.325,-883.974,2.407,-0.254,-0.77,0.005
-4230.266,-883.882,2.408,0.391,0.292,0.012
-4230.176,-883.869,2.407,1.264,0.38,0.004
-4230.17,-883.88,2.407,1.137,0.207,0.004
-4230.139,-883.935,2.407,1.29,-0.386,0
-4230.071,-883.959,2.407,1.794,-0.573,0.001
-4230.109,-883.938,2.408,1.138,-0.276,0.012
-4230.042,-883.908,2.408,1.672,0.073,0.011
-4230.038,-883.912,2.409,1.459,0.025,0.012
-4230.042,-883.917,2.409,1.199,-0.03,0.018
-4230.074,-883.924,2.41,0.697,-0.102,0.026
-4230.159,-884.039,2.41,-0.281,-1.272,0.017
-4230.15,-883.977,2.409,-0.146,-0.448,0.01
-4230.149,-884.071,2.408,-0.115,-1.351,-0.003
-4230.216,-884.034,2.408,-0.785,-0.763,-0.006
-4230.219,-884.098,2.408,-0.697,-1.311,-0.006
-4230.3,-884.096,2.408,-1.437,-1.1,-0.007
-4230.292,-884.054,2.407,-1.141,-0.502,-0.015
-4230.336,-883.976,2.405,-1.43,0.371,-0.024
-4230.455,-883.99,2.406,-2.439,0.177,-0.016
-4230.396,-884.07,2.406,-1.474,-0.678,-0.016
-4230.451,-884.128,2.406,-1.821,-1.178,-0.014
-4230.408,-884.175,2.406,-1.108,-1.483,-0.007
-4230.35,-884.151,2.407,-0.352,-1.016,0
-4230.322,-884.139,2.408,-0.014,-0.748,0.007
-4230.324,-884.118,2.407,-0.034,-0.418,0.005
-4230.35,-884.126,2.407,-0.293,-0.439,-0.003
-4230.321,-884.075,2.406,0.051,0.149,-0.005
-4230.366,-884.073,2.406,-0.421,0.146,-0.004
-4230.252,-884.041,2.408,0.807,0.457,0.007
-4230.307,-884.043,2.407,0.126,0.367,0.003
-4230.274,-884.047,2.408,0.449,0.274,0.008
-4230.264,-884.019,2.407,0.486,0.524,-0.002
-4230.226,-883.895,2.407,0.807,1.714,0.003
-4230.317,-883.877,2.407,-0.25,1.649,0.001
-4230.33,-883.903,2.406,-0.341,1.14,-0.006
-4230.238,-883.886,2.407,0.653,1.151,-0.003
-4230.292,-883.908,2.406,0,0.75,-0.007
-4230.333,-883.905,2.407,-0.423,0.671,-0.001
-4230.368,-883.981,2.407,-0.723,-0.204,0
-4230.408,-884.007,2.407,-1.025,-0.449,0.002
-4230.347,-883.918,2.408,-0.246,0.541,0.007
-4230.292,-883.85,2.407,0.358,1.157,0.004
-4230.27,-883.95,2.407,0.535,-0.039,0.004
-4230.26,-883.917,2.407,0.55,0.3,-0.002
-4230.293,-883.894,2.408,0.128,0.502,0.006
-4230.214,-883.873,2.407,0.93,0.634,0.002
-4230.141,-883.861,2.408,1.542,0.67,0.004
-4230.212,-883.869,2.408,0.58,0.492,0.006
-4230.328,-883.759,2.407,-0.697,1.549,-0.004
-4230.321,-883.807,2.408,-0.522,0.824,0.003
-4230.364,-883.834,2.407,-0.891,0.428,-0.002
-4230.288,-883.839,2.407,0.026,0.315,-0.003
-4230.247,-883.826,2.407,0.445,0.405,-0.002
-4230.384,-883.836,2.407,-1.034,0.234,0.002
-4230.256,-883.896,2.408,0.437,-0.415,0.011
-4230.402,-883.937,2.408,-1.133,-0.774,0.003
-4230.483,-884.046,2.407,-1.799,-1.78,-0.006
-4230.39,-884.027,2.407,-0.572,-1.323,-0.005
-4230.349,-883.999,2.406,-0.063,-0.846,-0.012
-4230.375,-883.947,2.406,-0.325,-0.178,-0.007
-4230.408,-883.917,2.406,-0.617,0.151,-0.013
-4230.27,-883.916,2.406,0.899,0.136,-0.005
-4230.319,-883.93,2.406,0.253,-0.022,-0.011
-4230.348,-883.995,2.407,-0.082,-0.695,0
-4230.379,-884.058,2.407,-0.39,-1.234,0.001
-4230.309,-884.068,2.407,0.391,-1.159,0
-4230.391,-884.03,2.407,-0.504,-0.599,0.001
-4230.342,-884.002,2.406,0.066,-0.224,-0.002
-4230.22,-883.979,2.406,1.317,0.051,-0.002
-4230.232,-884.008,2.406,0.992,-0.252,-0.008
-4230.209,-884.057,2.406,1.087,-0.722,-0.003
-4230.168,-883.985,2.407,1.348,0.127,0.006
-4230.109,-883.996,2.408,1.762,-0.009,0.016
-4230.223,-883.973,2.407,0.328,0.228,0.007
-4230.249,-884.009,2.407,0.011,-0.169,0.003
-4230.387,-883.993,2.407,-1.409,0.017,-0.002
-4230.374,-884.048,2.407,-1.069,-0.548,0.005
-4230.344,-884.042,2.407,-0.609,-0.413,0
-4230.258,-884.008,2.407,0.369,-0.001,0
-4230.289,-884.032,2.407,-0.004,-0.25,-0.001
-4230.292,-883.956,2.406,-0.026,0.578,-0.008
-4230.349,-883.936,2.406,-0.613,0.691,-0.009
-4230.451,-883.865,2.406,-1.574,1.321,-0.01
-4230.437,-883.784,2.406,-1.193,1.958,-0.008
-4230.417,-883.855,2.405,-0.814,0.945,-0.013
-4230.415,-883.912,2.405,-0.672,0.218,-0.008
-4230.36,-883.881,2.406,-0.017,0.506,0
-4230.438,-883.822,2.406,-0.813,1.039,0.004
-4230.534,-883.785,2.407,-1.682,1.265,0.005
-4230.392,-883.791,2.406,0.028,1.021,0.001
-4230.413,-883.871,2.407,-0.188,0.049,0.006
-4230.413,-883.93,2.407,-0.166,-0.568,0.007
-4230.407,-883.97,2.407,-0.084,-0.895,0.006
-4230.306,-884.003,2.408,0.975,-1.102,0.013
-4230.195,-883.944,2.408,1.967,-0.337,0.01
-4230.134,-883.95,2.408,2.312,-0.347,0.007
-4230.149,-884.015,2.408,1.819,-0.969,0.011
-4230.206,-883.99,2.408,0.961,-0.564,0.009
-4230.23,-883.912,2.408,0.567,0.321,0.009
-4230.292,-883.947,2.407,-0.153,-0.087,0
-4230.213,-883.987,2.407,0.681,-0.486,-0.001
-4230.165,-883.931,2.407,1.079,0.158,0
-4230.254,-883.883,2.408,0.006,0.63,0.006
-4230.19,-883.899,2.407,0.663,0.373,-0.005
-4230.238,-883.939,2.406,0.068,-0.092,-0.009
-4230.25,-883.935,2.407,-0.064,-0.034,-0.001
-4230.238,-883.958,2.407,0.074,-0.271,-0.006
-4230.223,-883.943,2.407,0.213,-0.08,-0.003
-4230.292,-883.761,2.407,-0.529,1.81,0.003
-4230.255,-883.87,2.407,-0.071,0.419,0
-4230.23,-883.854,2.407,0.195,0.527,0.001
-4230.326,-883.912,2.407,-0.818,-0.153,0.002
-4230.377,-883.921,2.407,-1.219,-0.22,-0.002
-4230.382,-883.879,2.406,-1.092,0.249,-0.007
-4230.248,-883.872,2.406,0.453,0.276,-0.008
