Index,Time,X,Y
0,0.000000,0,0
1,0.287000,0,0
2,0.305000,0,0
3,0.325000,0,0
4,0.344000,0,0
5,0.364000,0,0
6,0.382000,0,0
7,0.401000,0,0
8,0.420000,0,0
9,0.437000,0,0
10,0.467000,0,0
11,0.484000,0,0
12,0.505000,0,0
13,0.527000,0,0
14,0.546000,0,0
15,0.563000,0,0
16,0.581000,0,0
17,0.599000,0,0
18,0.616000,0,0
19,0.635000,0,0
20,0.655000,0,0
21,0.674000,0,0
22,0.691000,0,0
23,0.708000,0,0
24,0.727000,0,0
25,0.754000,0,0
26,0.772000,0,0
27,0.794000,0,0
28,0.812000,0,0
29,0.831000,0,0
30,0.854000,0,0
31,0.872000,0,0
32,0.888000,0,0
33,0.912000,0,0
34,0.930000,0,0
35,0.948000,0,0
36,0.971000,0,0
37,0.993000,0,0
38,1.015000,0,0
39,1.033000,0,0
40,1.052000,0,0
41,1.071000,0,0
42,1.090000,0,0
43,1.108000,0,0
44,1.126000,0,0
45,1.143000,0,0
46,1.162000,0,0
47,1.180000,0,0
48,1.197000,0,0
49,1.222000,0,0
50,1.247000,0,0
51,1.265000,0,0
52,1.284000,0,0
53,1.302000,0,0
54,1.322000,0,0
55,1.344000,0,0
56,1.362000,0,0
57,1.379000,0,0
58,1.400000,0,0
59,1.418000,0,0
60,1.436000,0,0
61,1.457000,0,0
62,1.475000,0,0
63,1.496000,0,0
64,1.516000,0,0
65,1.534000,0,0
66,1.557000,0,0
67,1.577000,0,0
68,1.594000,0,0
69,1.611000,0,0
70,1.628000,0,0
71,1.646000,0,0
72,1.664000,0,0
73,1.680000,0,0
74,1.697000,0,0
75,1.720000,0,0
76,1.741000,0,0
77,1.759000,0,0
78,1.779000,0,0
79,1.796000,0,0
80,1.820000,0,0
81,1.839000,0,0
82,1.857000,0,0
83,1.874000,0,0
84,1.894000,0,0
85,1.915000,0,0
86,1.934000,0,0
87,1.952000,0,0
88,1.996000,0,0
89,2.013000,0,0
90,2.035000,0,0
91,2.053000,0,0
92,2.070000,0,0
93,2.089000,0,0
94,2.105000,0,0
95,2.124000,0,0
96,2.142000,0,0
97,2.161000,0,0
98,2.180000,0,0
99,2.199000,0,0
100,2.219000,0,0
101,2.245000,0,0
102,2.263000,0,0
103,2.282000,0,0
104,2.300000,0,0
105,2.317000,0,0
106,2.336000,0,0
107,2.353000,0,0
108,2.371000,0,0
109,2.390000,0,0
110,2.410000,0,0
111,2.426000,0,0
112,2.441000,0,0
113,2.464000,0,0
114,2.487000,0,0
115,2.505000,0,0
116,2.522000,0,0
117,2.540000,0,0
118,2.557000,0,0
119,2.576000,0,0
120,2.592000,0,0
121,2.609000,0,0
122,2.628000,0,0
123,2.646000,0,0
124,2.665000,0,0
125,2.683000,0,0
126,2.701000,0,0
127,2.721000,0,0
128,2.745000,0,0
129,2.763000,0,0
130,2.781000,0,0
131,2.801000,0,0
132,2.817000,0,0
133,2.835000,0,0
134,2.852000,0,0
135,2.869000,0,0
136,2.886000,0,0
137,2.903000,0,0
138,2.919000,0,0
139,2.937000,0,0
140,2.956000,0,0
141,2.973000,0,0
142,2.992000,0,0
143,3.011000,0,0
144,3.028000,0,0
145,3.044000,0,0
146,3.063000,0,0
147,3.082000,0,0
148,3.102000,0,0
149,3.120000,0,0
150,3.137000,0,0
151,3.155000,0,0
152,3.171000,0,0
153,3.188000,0,0
154,3.206000,0,0
155,3.235000,0,0
156,3.252000,0,0
157,3.271000,0,0
158,3.289000,0,0
159,3.307000,0,0
160,3.325000,0,0
161,3.343000,0,0
162,3.360000,0,0
163,3.378000,0,0
164,3.398000,0,0
165,3.417000,0,0
166,3.436000,0,0
167,3.453000,0,0
168,3.475000,0,0
169,3.500000,0,0
170,3.517000,0,0
171,3.537000,0,0
172,3.561000,0,0
173,3.579000,0,0
174,3.597000,0,0
175,3.615000,0,0
176,3.631000,0,0
177,3.649000,0,0
178,3.675000,0,0
179,3.692000,0,0
180,3.715000,0,0
181,3.737000,0,0
182,3.756000,0,0
183,3.774000,0,0
184,3.791000,0,0
185,3.810000,0,0
186,3.827000,0,0
187,3.844000,0,0
188,3.862000,0,0
189,3.879000,0,0
190,3.899000,0,0
191,3.916000,0,0
192,3.933000,0,0
193,3.954000,0,0
194,3.976000,0,0
195,4.002000,0,0
196,4.019000,0,0
197,4.039000,0,0
198,4.055000,0,0
199,4.073000,0,0
200,4.091000,0,0
201,4.109000,0,0
202,4.127000,0,0
203,4.144000,0,0
204,4.162000,0,0
205,4.180000,0,0
206,4.198000,0,0
207,4.226000,0,0
208,4.250000,0,0
209,4.270000,0,0
210,4.288000,0,0
211,4.306000,0,0
212,4.326000,0,0
213,4.346000,0,0
214,4.363000,0,0
215,4.381000,0,0
216,4.399000,0,0
217,4.415000,0,0
218,4.434000,0,0
219,4.452000,0,0
220,4.471000,0,0
221,4.493000,0,0
222,4.510000,0,0
223,4.529000,0,0
224,4.550000,0,0
225,4.570000,0,0
226,4.588000,0,0
227,4.605000,0,0
228,4.623000,0,0
229,4.645000,0,0
230,4.666000,0,0
231,4.685000,0,0
232,4.704000,0,0
233,4.725000,0,0
234,4.750000,0,0
235,4.768000,0,0
236,4.786000,0,0
237,4.803000,0,0
238,4.822000,0,0
239,4.841000,0,0
240,4.859000,0,0
241,4.876000,0,0
242,4.895000,0,0
243,4.914000,0,0
244,4.933000,0,0
245,4.952000,0,0
246,4.971000,0,0
247,4.994000,0,0
248,5.010000,0,0
249,5.029000,0,0
250,5.052000,0,0
251,5.074000,0,0
252,5.092000,0,0
253,5.113000,0,0
254,5.134000,0,0
255,5.173000,0,0
256,5.190000,0,0
257,5.216000,0,0
258,5.238000,0,0
259,5.255000,0,0
260,5.273000,0,0
261,5.291000,0,0
262,5.309000,0,0
263,5.331000,0,0
264,5.350000,0,0
265,5.368000,0,0
266,5.386000,0,0
267,5.406000,0,0
268,5.425000,0,0
269,5.444000,0,0
270,5.468000,0,0
271,5.487000,0,0
272,5.505000,0,0
273,5.522000,0,0
274,5.546000,0,0
275,5.564000,0,0
276,5.583000,0,0
277,5.605000,0,0
278,5.623000,0,0
279,5.641000,0,0
280,5.658000,0,0
281,5.675000,0,0
282,5.694000,0,0
283,5.719000,0,0
284,5.739000,0,0
285,5.755000,0,0
286,5.775000,0,0
287,5.793000,0,0
288,5.811000,0,0
289,5.833000,0,0
290,5.853000,0,0
291,5.871000,0,0
292,5.893000,0,0
293,5.910000,0,0
294,5.932000,0,0
295,5.950000,0,0
296,5.969000,0,0
297,5.995000,0,0
298,6.015000,0,0
299,6.034000,0,0
300,6.062000,0,0
301,6.080000,0,0
302,6.100000,0,0
303,6.122000,0,0
304,6.140000,0,0
305,6.163000,0,0
306,6.186000,0,0
307,6.207000,0,0
308,6.248000,0,0
309,6.266000,0,0
310,6.289000,0,0
311,6.307000,0,0
312,6.324000,0,0
313,6.342000,0,0
314,6.362000,0,0
315,6.380000,0,0
316,6.400000,0,0
317,6.416000,0,0
318,6.435000,0,0
319,6.454000,0,0
320,6.475000,0,0
321,6.493000,0,0
322,6.511000,0,0
323,6.528000,0,0
324,6.547000,0,0
325,6.564000,0,0
326,6.580000,0,0
327,6.598000,0,0
328,6.616000,0,0
329,6.634000,0,0
330,6.653000,0,0
331,6.673000,0,0
332,6.691000,0,0
333,6.708000,0,0
334,6.737000,0,0
335,6.755000,0,0
336,6.775000,0,0
337,6.792000,0,0
338,6.809000,0,0
339,6.826000,0,0
340,6.845000,0,0
341,6.864000,0,0
342,6.891000,0,0
343,6.909000,0,0
344,6.927000,0,0
345,6.950000,0,0
346,6.968000,0,0
347,6.993000,0,0
348,7.009000,0,0
349,7.027000,0,0
350,7.045000,0,0
351,7.063000,0,0
352,7.085000,0,0
353,7.103000,0,0
354,7.121000,0,0
355,7.138000,0,0
356,7.157000,0,0
357,7.176000,0,0
358,7.196000,0,0
359,7.215000,0,0
360,7.241000,0,0
361,7.262000,0,0
362,7.279000,0,0
363,7.297000,0,0
364,7.319000,0,0
365,7.337000,0,0
366,7.353000,0,0
367,7.371000,0,0
368,7.389000,0,0
369,7.406000,0,0
370,7.423000,0,0
371,7.440000,0,0
372,7.459000,0,0
373,7.479000,0,0
374,7.498000,0,0
375,7.517000,0,0
376,7.534000,0,0
377,7.558000,0,0
378,7.577000,0,0
379,7.595000,0,0
380,7.616000,0,0
381,7.634000,0,0
382,7.653000,0,0
383,7.674000,0,0
384,7.694000,0,0
385,7.714000,0,0
386,7.738000,0,0
387,7.755000,0,0
388,7.776000,0,0
389,7.797000,0,0
390,7.816000,0,0
391,7.843000,0,0
392,7.861000,0,0
393,7.880000,0,0
394,7.900000,0,0
395,7.916000,0,0
396,7.934000,0,0
397,7.951000,0,0
398,7.972000,0,0
399,8.007000,0,0
400,8.023000,0,0
401,8.044000,0,0
402,8.063000,0,0
403,8.082000,0,0
404,8.106000,0,0
405,8.125000,0,0
406,8.141000,0,0
407,8.159000,0,0
408,8.181000,0,0
409,8.198000,0,0
410,8.219000,0,0
411,8.251000,0,0
412,8.272000,0,0
413,8.290000,0,0
414,8.312000,0,0
415,8.331000,0,0
416,8.352000,0,0
417,8.371000,0,0
418,8.389000,0,0
419,8.409000,0,0
420,8.425000,0,0
421,8.443000,0,0
422,8.464000,0,0
423,8.489000,0,0
424,8.505000,0,0
425,8.522000,0,0
426,8.541000,0,0
427,8.558000,0,0
428,8.576000,0,0
429,8.594000,0,0
430,8.617000,0,0
431,8.634000,0,0
432,8.654000,0,0
433,8.673000,0,0
434,8.691000,0,0
435,8.714000,0,0
436,8.739000,0,0
437,8.757000,0,0
438,8.783000,0,0
439,8.801000,0,0
440,8.818000,0,0
441,8.840000,0,0
442,8.858000,0,0
443,8.876000,0,0
444,8.894000,0,0
445,8.912000,0,0
446,8.929000,0,0
447,8.950000,0,0
448,8.968000,0,0
449,8.987000,0,0
450,9.007000,0,0
451,9.024000,0,0
452,9.042000,0,0
453,9.063000,0,0
454,9.080000,0,0
455,9.099000,0,0
456,9.117000,0,0
457,9.134000,0,0
458,9.151000,0,0
459,9.168000,0,0
460,9.186000,0,0
461,9.205000,0,0
462,9.232000,0,0
463,9.250000,0,0
464,9.268000,0,0
465,9.285000,0,0
466,9.305000,0,0
467,9.323000,0,0
468,9.340000,0,0
469,9.357000,0,0
470,9.375000,0,0
471,9.394000,0,0
472,9.412000,0,0
473,9.429000,0,0
474,9.449000,0,0
475,9.471000,0,0
476,9.497000,0,0
477,9.514000,0,0
478,9.532000,0,0
479,9.552000,0,0
480,9.570000,0,0
481,9.588000,0,0
482,9.604000,0,0
483,9.623000,0,0
484,9.644000,0,0
485,9.663000,0,0
486,9.682000,0,0
487,9.708000,0,0
488,9.728000,0,0
489,9.747000,0,0
490,9.767000,0,0
491,9.784000,0,0
492,9.803000,0,0
493,9.822000,0,0
494,9.840000,0,0
495,9.862000,0,0
496,9.879000,0,0
497,9.897000,0,0
498,9.915000,0,0
499,9.931000,0,0
500,9.949000,0,0
501,9.967000,0,0
502,9.994000,0,0
503,10.013000,0,0
504,10.037000,0,0
505,10.057000,0,0
506,10.077000,0,0
507,10.098000,0,0
508,10.116000,0,0
509,10.133000,0,0
510,10.151000,0,0
511,10.169000,0,0
512,10.187000,0,0
513,10.205000,0,0
514,10.228000,0,0
515,10.258000,0,0
516,10.276000,0,0
517,10.293000,0,0
518,10.313000,0,0
519,10.331000,0,0
520,10.349000,0,0
521,10.370000,0,0
522,10.387000,0,0
523,10.409000,0,0
524,10.426000,0,0
525,10.444000,0,0
526,10.462000,0,0
527,10.484000,0,0
528,10.504000,0,0
529,10.537000,0,0
530,10.558000,0,0
531,10.577000,0,0
532,10.594000,0,0
533,10.612000,0,0
534,10.629000,0,0
535,10.649000,0,0
536,10.666000,0,0
537,10.690000,0,0
538,10.709000,0,0
539,10.728000,0,0
540,10.752000,0,0
541,10.770000,0,0
542,10.796000,0,0
543,10.814000,0,0
544,10.832000,0,0
545,10.858000,0,0
546,10.875000,0,0
547,10.891000,0,0
548,10.916000,0,0
549,10.935000,0,0
550,10.953000,0,0
551,10.981000,0,0
552,11.001000,0,0
553,11.018000,0,0
554,11.035000,0,0
555,11.054000,0,0
556,11.078000,0,0
557,11.097000,0,0
558,11.116000,0,0
559,11.141000,0,0
560,11.160000,0,0
561,11.180000,0,0
562,11.200000,0,0
563,11.221000,0,0
564,11.240000,0,0
565,11.258000,0,0
566,11.277000,0,0
567,11.297000,0,0
568,11.314000,0,0
569,11.331000,0,0
570,11.356000,0,0
571,11.374000,0,0
572,11.393000,0,0
573,11.415000,0,0
574,11.432000,0,0
575,11.450000,0,0
576,11.478000,0,0
577,11.494000,0,0
578,11.512000,0,0
579,11.529000,0,0
580,11.547000,0,0
581,11.565000,0,0
582,11.582000,0,0
583,11.600000,0,0
584,11.618000,0,0
585,11.635000,0,0
586,11.653000,0,0
587,11.669000,0,0
588,11.686000,0,0
589,11.704000,0,0
590,11.726000,0,0
591,11.757000,0,0
592,11.777000,0,0
593,11.804000,0,0
594,11.823000,0,0
595,11.842000,0,0
596,11.864000,0,0
597,11.882000,0,0
598,11.901000,0,0
599,11.919000,0,0
600,11.935000,0,0
601,11.952000,0,0
602,11.982000,0,0
603,12.002000,0,0
604,12.022000,0,0
605,12.040000,0,0
606,12.059000,0,0
607,12.077000,0,0
608,12.094000,0,0
609,12.112000,0,0
610,12.130000,0,0
611,12.147000,0,0
612,12.163000,0,0
613,12.180000,0,0
614,12.198000,0,0
615,12.222000,0,0
616,12.256000,0,0
617,12.275000,0,0
618,12.299000,0,0
619,12.319000,0,0
620,12.339000,0,0
621,12.365000,0,0
622,12.382000,0,0
623,12.400000,0,0
624,12.419000,0,0
625,12.439000,0,0
626,12.458000,0,0
627,12.486000,0,0
628,12.503000,0,0
629,12.521000,0,0
630,12.543000,0,0
631,12.563000,0,0
632,12.580000,0,0
633,12.598000,0,0
634,12.617000,0,0
635,12.635000,0,0
636,12.651000,0,0
637,12.676000,0,0
638,12.692000,0,0
639,12.710000,0,0
640,12.728000,0,0
641,12.750000,0,0
642,12.769000,0,0
643,12.785000,0,0
644,12.804000,0,0
645,12.821000,0,0
646,12.844000,0,0
647,12.861000,0,0
648,12.877000,0,0
649,12.900000,0,0
650,12.919000,0,0
651,12.937000,0,0
652,12.956000,0,0
653,12.974000,0,0
654,12.991000,0,0
655,13.009000,0,0
656,13.028000,0,0
657,13.047000,0,0
658,13.064000,0,0
659,13.082000,0,0
660,13.098000,0,0
661,13.117000,0,0
662,13.135000,0,0
663,13.153000,0,0
664,13.171000,0,0
665,13.187000,0,0
666,13.207000,0,0
667,13.231000,0,0
668,13.259000,0,0
669,13.280000,0,0
670,13.297000,0,0
671,13.316000,0,0
672,13.338000,0,0
673,13.356000,0,0
674,13.373000,0,0
675,13.393000,0,0
676,13.409000,0,0
677,13.429000,0,0
678,13.446000,0,0
679,13.463000,0,0
680,13.482000,0,0
681,13.506000,0,0
682,13.524000,0,0
683,13.542000,0,0
684,13.559000,0,0
685,13.579000,0,0
686,13.603000,0,0
687,13.620000,0,0
688,13.640000,0,0
689,13.660000,0,0
690,13.677000,0,0
691,13.695000,0,0
692,13.717000,0,0
693,13.738000,0,0
694,13.755000,0,0
695,13.773000,0,0
696,13.791000,0,0
697,13.810000,0,0
698,13.828000,0,0
699,13.845000,0,0
700,13.863000,0,0
701,13.884000,0,0
702,13.902000,0,0
703,13.921000,0,0
704,13.940000,0,0
705,13.955000,0,0
706,13.992000,0,0
707,14.009000,0,0
708,14.026000,0,0
709,14.043000,0,0
710,14.061000,0,0
711,14.077000,0,0
712,14.093000,0,0
713,14.111000,0,0
714,14.128000,0,0
715,14.150000,0,0
716,14.167000,0,0
717,14.184000,0,0
718,14.202000,0,0
719,14.221000,0,0
720,14.239000,0,0
721,14.262000,0,0
722,14.279000,0,0
723,14.296000,0,0
724,14.318000,0,0
725,14.335000,0,0
726,14.354000,0,0
727,14.371000,0,0
728,14.389000,0,0
729,14.405000,0,0
730,14.422000,0,0
731,14.440000,0,0
732,14.458000,0,0
733,14.476000,0,0
734,14.494000,0,0
735,14.515000,0,0
736,14.536000,0,0
737,14.554000,0,0
738,14.570000,0,0
739,14.593000,0,0
740,14.610000,0,0
741,14.628000,0,0
742,14.646000,0,0
743,14.663000,0,0
744,14.680000,0,0
745,14.701000,0,0
746,14.721000,0,0
747,14.741000,0,0
748,14.764000,0,0
749,14.781000,0,0
750,14.797000,0,0
751,14.815000,0,0
752,14.833000,0,0
753,14.850000,0,0
754,14.868000,0,0
755,14.887000,0,0
756,14.903000,0,0
757,14.921000,0,0
758,14.939000,0,0
759,14.957000,0,0
760,14.984000,0,0
761,15.008000,0,0
762,15.026000,0,0
763,15.043000,0,0
764,15.061000,0,0
765,15.079000,0,0
766,15.096000,0,0
767,15.114000,0,0
768,15.131000,0,0
769,15.147000,0,0
770,15.165000,0,0
771,15.182000,0,0
772,15.199000,0,0
773,15.222000,0,0
774,15.241000,0,0
775,15.261000,0,0
776,15.278000,0,0
777,15.296000,0,0
778,15.313000,0,0
779,15.331000,0,0
780,15.354000,0,0
781,15.372000,0,0
782,15.391000,0,0
783,15.408000,0,0
784,15.425000,0,0
785,15.441000,0,0
786,15.459000,0,0
787,15.478000,0,0
788,15.496000,0,0
789,15.515000,0,0
790,15.532000,0,0
791,15.550000,0,0
792,15.569000,0,0
793,15.587000,0,0
794,15.603000,0,0
795,15.620000,0,0
796,15.639000,0,0
797,15.654000,0,0
798,15.671000,0,0
799,15.689000,0,0
800,15.708000,0,0
801,15.734000,0,0
802,15.754000,0,0
803,15.770000,0,0
804,15.786000,0,0
805,15.804000,0,0
806,15.822000,0,0
807,15.841000,0,0
808,15.860000,0,0
809,15.877000,0,0
810,15.895000,0,0
811,15.917000,0,0
812,15.933000,0,0
813,15.951000,0,0
814,15.971000,0,0
815,15.987000,0,0
816,16.005000,0,0
817,16.022000,0,0
818,16.040000,0,0
819,16.058000,0,0
820,16.076000,0,0
821,16.093000,0,0
822,16.110000,0,0
823,16.127000,0,0
824,16.145000,0,0
825,16.163000,0,0
826,16.186000,0,0
827,16.206000,0,0
828,16.226000,0,0
829,16.248000,0,0
830,16.268000,0,0
831,16.287000,0,0
832,16.305000,0,0
833,16.323000,0,0
834,16.340000,0,0
835,16.357000,0,0
836,16.378000,0,0
837,16.396000,0,0
838,16.415000,0,0
839,16.435000,0,0
840,16.455000,0,0
841,16.473000,0,0
842,16.497000,0,0
843,16.514000,0,0
844,16.532000,0,0
845,16.557000,0,0
846,16.574000,0,0
847,16.593000,0,0
848,16.610000,0,0
849,16.627000,0,0
850,16.644000,0,0
851,16.664000,0,0
852,16.682000,0,0
853,16.699000,0,0
854,16.722000,0,0
855,16.741000,0,0
856,16.761000,0,0
857,16.778000,0,0
858,16.795000,0,0
859,16.816000,0,0
860,16.834000,0,0
861,16.851000,0,0
862,16.867000,0,0
863,16.884000,0,0
864,16.902000,0,0
865,16.918000,0,0
866,16.940000,0,0
867,16.959000,0,0
868,16.977000,0,0
869,16.996000,0,0
870,17.014000,0,0
871,17.031000,0,0
872,17.056000,0,0
873,17.074000,0,0
874,17.090000,0,0
875,17.113000,0,0
876,17.130000,0,0
877,17.148000,0,0
878,17.166000,0,0
879,17.185000,0,0
880,17.201000,0,0
881,17.225000,0,0
882,17.244000,0,0
883,17.262000,0,0
884,17.279000,0,0
885,17.298000,0,0
886,17.316000,0,0
887,17.336000,0,0
888,17.354000,0,0
889,17.371000,0,0
890,17.389000,0,0
891,17.406000,0,0
892,17.423000,0,0
893,17.442000,0,0
894,17.460000,0,0
895,17.481000,0,0
896,17.501000,0,0
897,17.519000,0,0
898,17.537000,0,0
899,17.556000,0,0
900,17.575000,0,0
901,17.592000,0,0
902,17.609000,0,0
903,17.628000,0,0
904,17.648000,0,0
905,17.669000,0,0
906,17.687000,0,0
907,17.704000,0,0
908,17.730000,0,0
909,17.747000,0,0
910,17.764000,0,0
911,17.781000,0,0
912,17.799000,0,0
913,17.818000,0,0
914,17.835000,0,0
915,17.852000,0,0
916,17.870000,0,0
917,17.888000,0,0
918,17.905000,0,0
919,17.923000,0,0
920,17.940000,0,0
921,17.956000,0,0
922,17.975000,0,0
923,17.995000,0,0
924,18.011000,0,0
925,18.028000,0,0
926,18.046000,0,0
927,18.064000,0,0
928,18.082000,0,0
929,18.106000,0,0
930,18.124000,0,0
931,18.143000,0,0
932,18.165000,0,0
933,18.182000,0,0
934,18.199000,0,0
935,18.221000,0,0
936,18.238000,0,0
937,18.255000,0,0
938,18.273000,0,0
939,18.289000,0,0
940,18.306000,0,0
941,18.325000,0,0
942,18.341000,0,0
943,18.359000,0,0
944,18.377000,0,0
945,18.394000,0,0
946,18.410000,0,0
947,18.428000,0,0
948,18.446000,0,0
949,18.470000,0,0
950,18.489000,0,0
951,18.506000,0,0
952,18.525000,0,0
953,18.542000,0,0
954,18.561000,0,0
955,18.579000,0,0
956,18.597000,0,0
957,18.616000,0,0
958,18.634000,0,0
959,18.652000,0,0
960,18.670000,0,0
961,18.688000,0,0
962,18.707000,0,0
963,18.725000,0,0
964,18.744000,0,0
965,18.762000,0,0
966,18.779000,0,0
967,18.796000,0,0
968,18.819000,0,0
969,18.837000,0,0
970,18.857000,0,0
971,18.875000,0,0
972,18.893000,0,0
973,18.910000,0,0
974,18.929000,0,0
975,18.947000,0,0
976,18.967000,0,0
977,18.997000,0,0
978,19.015000,0,0
979,19.033000,0,0
980,19.050000,0,0
981,19.068000,0,0
982,19.086000,0,0
983,19.104000,0,0
984,19.121000,0,0
985,19.139000,0,0
986,19.157000,0,0
987,19.174000,0,0
988,19.190000,0,0
989,19.208000,0,0
990,19.229000,0,0
991,19.249000,0,0
992,19.267000,0,0
993,19.283000,0,0
994,19.303000,0,0
995,19.321000,0,0
996,19.342000,0,0
997,19.359000,0,0
998,19.376000,0,0
999,19.396000,0,0
1000,19.414000,0,0
1001,19.430000,0,0
1002,19.446000,0,0
1003,19.467000,0,0
1004,19.487000,0,0
1005,19.505000,0,0
1006,19.530000,0,0
1007,19.547000,0,0
1008,19.565000,0,0
1009,19.587000,0,0
1010,19.604000,0,0
1011,19.622000,0,0
1012,19.640000,0,0
1013,19.658000,0,0
1014,19.676000,0,0
1015,19.694000,0,0
1016,19.719000,0,0
1017,19.751000,0,0
1018,19.770000,0,0
1019,19.787000,0,0
1020,19.805000,0,0
1021,19.823000,0,0
1022,19.842000,0,0
1023,19.860000,0,0
1024,19.878000,0,0
1025,19.896000,0,0
1026,19.913000,0,0
1027,19.932000,0,0
1028,19.950000,0,0
1029,19.977000,0,0
1030,19.995000,0,0
1031,20.013000,0,0
1032,20.029000,0,0
1033,20.047000,0,0
1034,20.064000,0,0
1035,20.081000,0,0
1036,20.101000,0,0
1037,20.120000,0,0
1038,20.137000,0,0
1039,20.154000,0,0
1040,20.171000,0,0
1041,20.188000,0,0
1042,20.205000,0,0
1043,20.239000,0,0
1044,20.257000,0,0
1045,20.275000,0,0
1046,20.297000,0,0
1047,20.315000,0,0
1048,20.335000,0,0
1049,20.354000,0,0
1050,20.371000,0,0
1051,20.390000,0,0
1052,20.410000,0,0
1053,20.429000,0,0
1054,20.449000,0,0
1055,20.475000,0,0
1056,20.504000,0,0
1057,20.522000,0,0
1058,20.540000,0,0
1059,20.559000,0,0
1060,20.578000,0,0
1061,20.594000,0,0
1062,20.611000,0,0
1063,20.643000,0,0
1064,20.661000,0,0
1065,20.687000,0,0
1066,20.706000,0,0
1067,20.725000,0,0
1068,20.752000,0,0
1069,20.770000,0,0
1070,20.788000,0,0
1071,20.805000,0,0
1072,20.824000,0,0
1073,20.841000,0,0
1074,20.859000,0,0
1075,20.877000,0,0
1076,20.902000,0,0
1077,20.920000,0,0
1078,20.937000,0,0
1079,20.959000,0,0
1080,20.983000,0,0
1081,21.000000,0,0
1082,21.020000,0,0
1083,21.038000,0,0
1084,21.056000,0,0
1085,21.076000,0,0
1086,21.092000,0,0
1087,21.110000,0,0
1088,21.127000,0,0
1089,21.144000,0,0
1090,21.161000,0,0
1091,21.179000,0,0
1092,21.198000,0,0
1093,21.216000,0,0
1094,21.243000,0,0
1095,21.262000,0,0
1096,21.280000,0,0
1097,21.296000,0,0
1098,21.312000,0,0
1099,21.329000,0,0
1100,21.348000,0,0
1101,21.365000,0,0
1102,21.382000,0,0
1103,21.406000,0,0
1104,21.423000,0,0
1105,21.439000,0,0
1106,21.459000,0,0
1107,21.479000,0,0
1108,21.496000,0,0
1109,21.514000,0,0
1110,21.532000,0,0
1111,21.550000,0,0
1112,21.568000,0,0
1113,21.585000,0,0
1114,21.604000,0,0
1115,21.624000,0,0
1116,21.641000,0,0
1117,21.659000,0,0
1118,21.677000,0,0
1119,21.694000,0,0
1120,21.713000,0,0
1121,21.735000,0,0
1122,21.761000,0,0
1123,21.779000,0,0
1124,21.797000,0,0
1125,21.814000,0,0
1126,21.831000,0,0
1127,21.851000,0,0
1128,21.867000,0,0
1129,21.885000,0,0
1130,21.902000,0,0
1131,21.919000,0,0
1132,21.937000,0,0
1133,21.954000,0,0
1134,21.972000,0,0
1135,21.995000,0,0
1136,22.014000,0,0
1137,22.031000,0,0
1138,22.048000,0,0
1139,22.069000,0,0
1140,22.090000,0,0
1141,22.108000,0,0
1142,22.129000,0,0
1143,22.147000,0,0
1144,22.165000,0,0
1145,22.184000,0,0
1146,22.201000,0,0
1147,22.220000,0,0
1148,22.245000,0,0
1149,22.264000,0,0
1150,22.283000,0,0
1151,22.300000,0,0
1152,22.317000,0,0
1153,22.336000,0,0
1154,22.354000,0,0
1155,22.375000,0,0
1156,22.394000,0.00203200011,-0.0116839996
1157,22.412000,0.0259080026,-0.122428
1158,22.430000,0.0391160026,-0.319531977
1159,22.448000,0.0538480021,-0.688340008
1160,22.467000,0.13360399,-1.14249206
1161,22.490000,0.240283966,-1.65811205
1162,22.507000,0.261619985,-1.80797207
1163,22.523000,0.277368039,-1.90906405
1164,22.545000,0.273304045,-2.11429572
1165,22.565000,0.283972055,-2.25094771
1166,22.582000,0.281940013,-2.48513556
1167,22.599000,0.266192019,-2.83108377
1168,22.619000,0.241807997,-3.15721989
1169,22.637000,0.210820004,-3.45084405
1170,22.655000,0.182880014,-3.8455596
1171,22.678000,0.192532048,-4.24332333
1172,22.695000,0.20624806,-4.59536695
1173,22.716000,0.207772046,-5.00989485
1174,22.736000,0.212852076,-5.41578627
1175,22.755000,0.225044087,-5.6184783
1176,22.773000,0.214884087,-6.03859472
1177,22.791000,0.166624099,-6.63651037
1178,22.809000,0.152908117,-7.20801067
1179,22.828000,0.218948141,-8.04316235
1180,22.850000,0.27990815,-8.7121973
1181,22.865000,0.331216127,-9.30401611
1182,22.884000,0.381508112,-9.96187496
1183,22.903000,0.411988139,-10.6634235
1184,22.920000,0.4470402,-11.2877569
1185,22.937000,0.484124243,-11.943078
1186,22.956000,0.503936291,-12.5232143
1187,22.972000,0.525780201,-13.1470385
1188,22.991000,0.561340153,-13.8033733
1189,23.010000,0.630428195,-14.6161737
1190,23.026000,0.65836817,-14.8635693
1191,23.043000,0.692912102,-15.2821627
1192,23.063000,0.743203998,-16.04772
1193,23.081000,0.781304002,-16.6801796
1194,23.098000,0.848359942,-17.4533539
1195,23.117000,0.909319878,-18.0456848
1196,23.134000,0.975867927,-19.0179939
1197,23.154000,0.997711837,-19.6474056
1198,23.173000,1.02006376,-20.3418407
1199,23.191000,1.06832385,-21.0403423
1200,23.213000,1.15112782,-21.9100342
1201,23.241000,1.20243573,-23.0301704
1202,23.260000,1.22478771,-23.7012367
1203,23.276000,1.27609563,-24.5191154
1204,23.299000,1.35889959,-25.1866264
1205,23.315000,1.40665174,-25.7637157
1206,23.332000,1.42849588,-26.3717899
1207,23.349000,1.45237172,-26.9854507
1208,23.367000,1.48945582,-27.7433834
1209,23.384000,1.52450764,-28.435276
1210,23.402000,1.54889154,-29.1703548
1211,23.419000,1.58292758,-29.4258804
1212,23.446000,1.61035943,-29.7951965
1213,23.463000,1.6255995,-30.2178555
1214,23.483000,1.6352514,-30.686739
1215,23.502000,1.63575935,-30.686739
1216,23.519000,1.63575935,-30.686739
1217,23.537000,1.63575935,-30.686739
1218,23.556000,1.63575935,-30.686739
1219,23.573000,1.63575935,-30.686739
1220,23.591000,1.63575935,-30.686739
1221,23.607000,1.63575935,-30.686739
1222,23.626000,1.63575935,-30.686739
1223,23.641000,1.63575935,-30.686739
1224,23.662000,1.63474333,-30.686739
1225,23.679000,1.67081153,-31.3420582
1226,23.697000,1.72262776,-32.1751785
1227,23.716000,1.72973979,-33.0784035
1228,23.734000,1.76021981,-34.0624046
1229,23.751000,1.77342784,-34.2864342
1230,23.771000,1.76987183,-34.5262108
1231,23.789000,1.76123595,-34.9569931
1232,23.808000,1.78307974,-35.9562263
1233,23.826000,1.79425585,-36.6582832
1234,23.843000,1.81355989,-37.7474365
1235,23.863000,1.85318363,-38.916851
1236,23.881000,1.86334372,-39.9318428
1237,23.899000,1.88010776,-40.9575005
1238,23.916000,1.90296769,-41.841423
1239,23.941000,1.87096357,-43.2922668
1240,23.960000,1.90855563,-44.288456
1241,23.979000,1.91719139,-45.3755722
1242,23.996000,1.89229941,-46.4032555
1243,24.014000,1.89687145,-47.4284019
1244,24.031000,1.88975942,-49.2663536
1245,24.067000,1.89534736,-50.2544174
1246,24.084000,1.93344736,-51.11446
1247,24.103000,1.95224333,-51.3181686
1248,24.122000,1.96595943,-51.7647018
1249,24.140000,1.99186742,-52.2782898
1250,24.156000,2.00101185,-53.2927666
1251,24.176000,2.02996802,-54.6709671
1252,24.200000,2.00812387,-56.3864861
1253,24.218000,1.95376766,-57.5294838
1254,24.235000,1.91363573,-58.8182793
1255,24.252000,1.87807572,-60.1456871
1256,24.270000,1.83997583,-61.774334
1257,24.289000,1.83946764,-63.0265541
1258,24.307000,1.78104758,-64.3117905
1259,24.324000,1.76174366,-65.4994965
1260,24.343000,1.78460371,-66.984375
1261,24.360000,1.77291989,-68.1527786
1262,24.376000,1.77850795,-69.54673
1263,24.393000,1.78561997,-71.0778351
1264,24.422000,1.7703799,-73.075798
1265,24.440000,1.81305194,-74.2584305
1266,24.457000,1.80441594,-75.6259689
1267,24.473000,1.81000388,-76.7740326
1268,24.490000,1.85572386,-78.103981
1269,24.507000,1.8821398,-80.1009293
1270,24.534000,1.93497181,-81.457283
1271,24.551000,1.92633569,-82.6800308
1272,24.570000,1.96341956,-84.2030182
1273,24.589000,2.00964761,-85.6076355
1274,24.606000,2.00964785,-86.9929504
1275,24.629000,2.01828384,-88.7425003
1276,24.646000,2.02895141,-90.0500793
1277,24.667000,2.02742743,-91.7889709
1278,24.690000,2.04114366,-93.4074478
1279,24.709000,2.06095576,-94.780571
1280,24.726000,2.11327934,-96.0957794
1281,24.743000,2.15036345,-97.4902496
1282,24.763000,2.24027944,-98.947197
1283,24.781000,2.30936766,-100.643402
1284,24.799000,2.38658357,-102.217178
1285,24.816000,2.50647187,-103.659897
1286,24.834000,2.57708383,-105.201675
1287,24.851000,2.68630385,-106.703331
1288,24.867000,2.78028393,-108.422409
1289,24.892000,2.9306519,-110.663704
1290,24.919000,3.02564788,-113.101593
1291,24.937000,3.07797217,-114.175507
1292,24.955000,3.19938421,-116.194305
1293,24.979000,3.3075881,-118.261353
1294,25.005000,3.46659207,-119.947899
1295,25.022000,3.56108022,-121.628365
1296,25.039000,3.62762785,-123.136116
1297,25.057000,3.71500349,-124.856201
1298,25.075000,3.82066798,-126.761703
1299,25.093000,3.87095928,-128.570709
1300,25.112000,3.93141103,-130.231873
1301,25.129000,3.99389482,-131.723862
1302,25.149000,4.06298304,-133.442947
1303,25.174000,4.22147894,-136.068817
1304,25.195000,4.33171415,-138.391373
1305,25.213000,4.41858196,-140.199829
1306,25.233000,4.54659748,-142.717453
1307,25.252000,4.65988159,-144.764679
1308,25.269000,4.7254138,-146.605667
1309,25.285000,4.89762592,-148.628021
1310,25.303000,5.15213394,-150.491379
1311,25.322000,5.30300951,-152.623978
1312,25.340000,5.40410185,-154.536591
1313,25.357000,5.54380226,-156.314575
1314,25.375000,5.60577822,-158.327774
1315,25.393000,5.66673851,-160.407028
1316,25.417000,5.77240181,-163.15683
1317,25.434000,5.81710529,-165.186279
1318,25.452000,5.88924074,-167.247742
1319,25.469000,5.93546867,-169.181686
1320,25.487000,5.99744511,-171.159836
1321,25.505000,6.00506496,-173.253799
1322,25.522000,6.05281687,-175.272598
1323,25.540000,6.09294844,-177.2827
1324,25.560000,6.13562107,-179.355865
1325,25.577000,6.18794584,-181.480835
1326,25.596000,6.2341733,-183.542282
1327,25.614000,6.28598976,-185.821671
1328,25.632000,6.34034538,-187.936493
1329,25.650000,6.41502142,-189.484863
1330,25.676000,6.48512506,-192.268219
1331,25.696000,6.56234074,-193.328415
1332,25.715000,6.62888861,-194.873734
1333,25.733000,6.7111845,-196.812256
1334,25.749000,6.81176853,-198.862045
1335,25.775000,6.97432804,-202.517624
1336,25.798000,7.05459261,-204.361679
1337,25.814000,7.12774467,-206.512558
1338,25.839000,7.22629738,-209.500092
1339,25.859000,7.31316566,-211.435074
1340,25.876000,7.38682508,-213.546829
1341,25.905000,7.54633713,-217.029175
1342,25.925000,7.58951759,-219.231842
1343,25.943000,7.66520929,-221.377121
1344,25.963000,7.72921705,-223.312607
1345,25.980000,7.71753311,-224.123367
1346,26.001000,7.77798462,-226.433258
1347,26.018000,7.85469294,-228.277817
1348,26.036000,7.93952942,-230.469818
1349,26.054000,8.02792263,-232.342819
1350,26.074000,8.13104725,-234.563263
1351,26.091000,8.19861031,-236.391037
1352,26.108000,8.29055786,-238.424561
1353,26.126000,8.36320114,-240.467239
1354,26.143000,8.42924213,-242.390015
1355,26.165000,8.50544167,-245.286133
1356,26.183000,8.58062458,-247.522354
1357,26.203000,8.62939167,-249.558395
1358,26.229000,8.68781185,-252.24823
1359,26.247000,8.7579155,-254.532196
1360,26.267000,8.81836605,-256.698273
1361,26.285000,8.87627792,-258.78717
1362,26.307000,8.9484129,-261.213409
1363,26.325000,8.9844799,-263.027985
1364,26.345000,9.06017208,-265.683319
1365,26.364000,9.12011528,-267.72702
1366,26.383000,9.19479084,-270.023132
1367,26.410000,9.28826141,-273.113831
1368,26.440000,9.4345665,-276.859283
1369,26.460000,9.53972149,-278.879578
1370,26.477000,9.63167095,-280.932465
1371,26.495000,9.75968933,-283.191559
1372,26.516000,9.86128807,-285.742798
1373,26.538000,9.92275429,-287.871796
1374,26.555000,10.0456905,-289.910919
1375,26.574000,10.1315432,-292.109039
1376,26.592000,10.1965675,-293.887573
1377,26.609000,10.2544775,-295.984589
1378,26.628000,10.343379,-298.023193
1379,26.647000,10.4185619,-299.837219
1380,26.666000,10.5054302,-301.619812
1381,26.687000,10.6253195,-303.685852
1382,26.704000,10.7066011,-305.63504
1383,26.720000,10.8153143,-307.662506
1384,26.741000,10.9230099,-310.035889
1385,26.758000,10.9976854,-311.834198
1386,26.777000,11.083539,-313.902252
1387,26.796000,11.1536436,-316.143066
1388,26.813000,11.2049522,-318.132446
1389,26.830000,11.3019819,-320.140564
1390,26.846000,11.3304291,-322.232025
1391,26.864000,11.4020586,-324.003967
1392,26.881000,11.4533672,-326.088318
1393,26.907000,11.5463295,-329.081451
1394,26.929000,11.6855211,-331.639191
1395,26.945000,11.7556238,-333.544189
1396,26.962000,11.8242035,-335.368927
1397,26.982000,11.8998938,-337.885559
1398,27.001000,11.9684744,-339.768738
1399,27.020000,12.0639791,-342.381409
1400,27.037000,12.1223974,-344.236145
1401,27.056000,12.2072325,-346.766479
1402,27.075000,12.2758121,-348.651184
1403,27.093000,12.3713169,-350.563293
1404,27.111000,12.4322767,-352.448944
1405,27.130000,12.5196533,-354.490082
1406,27.150000,12.5795975,-356.034393
1407,27.168000,12.668498,-357.916534
1408,27.186000,12.7782288,-359.635071
1409,27.204000,12.8544292,-361.357178
1410,27.221000,12.9016733,-363.166687
1411,27.245000,12.9773645,-365.384613
1412,27.262000,12.9951448,-366.822266
1413,27.280000,13.0403557,-368.455444
1414,27.297000,13.0962362,-370.028168
1415,27.315000,13.1312876,-371.502411
1416,27.333000,13.1998682,-372.983734
1417,27.360000,13.2816553,-374.934967
1418,27.381000,13.4096718,-376.758698
1419,27.397000,13.4640265,-377.915375
1420,27.414000,13.522953,-379.452606
1421,27.435000,13.5874681,-381.229156
1422,27.463000,13.652998,-382.939117
1423,27.483000,13.7012577,-383.074768
1424,27.501000,13.7007504,-383.335907
1425,27.519000,13.7256413,-384.445923
1426,27.537000,13.7515497,-385.29068
1427,27.555000,13.8038731,-386.218292
1428,27.575000,13.8521328,-387.281006
1429,27.592000,13.8805799,-388.477386
1430,27.615000,13.9318876,-389.568542
1431,27.632000,13.9593201,-390.474823
1432,27.650000,13.9486523,-390.782684
1433,27.669000,13.9522085,-391.256622
1434,27.690000,13.9933548,-391.729614
1435,27.707000,14.0497408,-392.271179
1436,27.724000,14.0822525,-392.948364
1437,27.747000,14.1040955,-393.796234
1438,27.768000,14.087841,-394.374298
1439,27.785000,14.0786972,-394.718719
1440,27.802000,14.0827608,-394.846191
1441,27.823000,14.0827608,-394.846191
1442,27.840000,14.0832691,-394.887848
1443,27.866000,14.10359,-395.167206
1444,27.884000,14.1132412,-395.371887
1445,27.903000,14.1188297,-395.709198
1446,27.921000,14.1091785,-396.102875
1447,27.940000,14.0868282,-396.43866
1448,27.961000,14.0512705,-396.807953
1449,27.978000,14.0512705,-396.807953
1450,27.998000,14.0512705,-396.807953
1451,28.017000,14.0538111,-396.796265
1452,28.036000,14.0593987,-396.674316
1453,28.053000,14.0690508,-396.618958
1454,28.071000,14.0690508,-396.616913
1455,28.092000,14.0644798,-396.642822
1456,28.114000,14.0436516,-396.656494
1457,28.132000,14.0050449,-396.527466
1458,28.149000,14.0045366,-396.527466
1459,28.168000,14.0045366,-396.527466
1460,28.186000,13.9928522,-396.315125
1461,28.203000,14.0070772,-395.968689
1462,28.221000,14.0583839,-395.627289
1463,28.239000,14.0995312,-395.264557
1464,28.256000,14.1254387,-394.998352
1465,28.278000,14.1228991,-394.820007
1466,28.295000,14.1162958,-394.729065
1467,28.312000,14.1162958,-394.729065
1468,28.329000,14.1162958,-394.729065
1469,28.357000,14.1188364,-394.519745
1470,28.378000,14.1371241,-393.969574
1471,28.394000,14.1716681,-393.281219
1472,28.411000,14.1655722,-392.506531
1473,28.430000,14.1818285,-392.186462
1474,28.448000,14.2158642,-391.731293
1475,28.466000,14.240756,-391.230865
1476,28.484000,14.261076,-390.925568
1477,28.502000,14.261076,-390.925568
1478,28.519000,14.2798719,-390.652222
1479,28.537000,14.330164,-389.552399
1480,28.558000,14.3433714,-388.611572
1481,28.575000,14.377408,-387.660583
1482,28.594000,14.432271,-386.421051
1483,28.617000,14.4632578,-385.376526
1484,28.636000,14.4744339,-384.190826
1485,28.653000,14.4922142,-383.882446
1486,28.672000,14.4962778,-383.745789
1487,28.690000,14.4927216,-383.055389
1488,28.707000,14.5125332,-381.945923
1489,28.726000,14.505929,-380.610382
1490,28.744000,14.5201521,-379.123993
1491,28.762000,14.5668888,-377.578583
1492,28.784000,14.6222601,-376.808472
1493,28.801000,14.6583271,-375.92865
1494,28.819000,14.6755991,-374.789154
1495,28.842000,14.7025242,-374.504669
1496,28.864000,14.7263994,-373.605011
1497,28.881000,14.7655144,-372.614899
1498,28.898000,14.8152971,-371.899658
1499,28.915000,14.8427286,-371.247894
1500,28.936000,14.8874311,-370.292816
1501,28.953000,14.8859072,-368.678345
1502,28.971000,14.896575,-367.245789
1503,28.988000,14.877779,-365.602936
1504,29.005000,14.9047012,-363.768524
1505,29.023000,14.9351807,-362.277527
1506,29.041000,14.9621058,-360.923187
1507,29.059000,14.985981,-359.27066
1508,29.077000,15.0311918,-357.629364
1509,29.111000,15.1531105,-354.301483
1510,29.129000,15.2440434,-352.766815
1511,29.149000,15.2851906,-351.011688
1512,29.167000,15.3304014,-349.360229
1513,29.185000,15.354784,-348.085144
1514,29.203000,15.3883114,-346.972107
1515,29.221000,15.3984709,-345.571014
1516,29.237000,15.4345388,-343.913452
1517,29.257000,15.4563828,-342.136993
1518,29.276000,15.4812756,-340.254364
1519,29.294000,15.5097227,-338.592194
1520,29.315000,15.5798254,-336.610992
1521,29.337000,15.6245279,-334.891846
1522,29.355000,15.6651669,-332.939117
1523,29.374000,15.6702471,-332.266022
1524,29.393000,15.7195206,-330.715118
1525,29.410000,15.7652397,-329.084961
1526,29.428000,15.8140078,-327.423279
1527,29.446000,15.8729362,-325.94754
1528,29.463000,15.9262762,-324.231476
1529,29.482000,15.9867268,-322.733398
1530,29.503000,16.0791779,-320.752228
1531,29.520000,16.1386108,-319.351624
1532,29.536000,16.2168427,-317.700623
1533,29.556000,16.2864361,-315.933289
1534,29.572000,16.3484116,-314.417389
1535,29.595000,16.4362926,-312.4245
1536,29.612000,16.4601669,-311.570038
1537,29.629000,16.4708328,-310.055695
1538,29.646000,16.4779434,-308.829865
1539,29.665000,16.4855614,-308.229401
1540,29.684000,16.525692,-306.917694
1541,29.700000,16.5698891,-305.477509
1542,29.724000,16.5394077,-304.090668
1543,29.743000,16.5820808,-302.422363
1544,29.760000,16.6222115,-301.171143
1545,29.785000,16.6699657,-299.38855
1546,29.803000,16.7227955,-297.910767
1547,29.820000,16.7822323,-296.111877
1548,29.845000,16.8787518,-292.802216
1549,29.889000,16.9092312,-290.692963
1550,29.945000,17.0143852,-286.525848
1551,29.962000,17.0143852,-284.951538
1552,29.981000,16.9839077,-282.835693
1553,30.012000,16.9839058,-281.53006
1554,30.036000,17.0499439,-279.556976
1555,30.063000,17.0590878,-277.915131
1556,30.083000,17.0590878,-277.915619
1557,30.104000,17.0743294,-277.29892
1558,30.127000,17.0829659,-276.38504
1559,30.147000,17.1073494,-275.300964
1560,30.169000,17.1708527,-273.106934
1561,30.186000,17.1779633,-272.293091
1562,30.204000,17.2059021,-270.344391
1563,30.224000,17.2546711,-268.48764
1564,30.242000,17.3090286,-266.835602
1565,30.262000,17.3511906,-265.051025
1566,30.281000,17.3644009,-262.914337
1567,30.301000,17.3659229,-260.881348
1568,30.318000,17.3999596,-259.22525
1569,30.335000,17.4329777,-256.98291
1570,30.363000,17.4685364,-253.806885
1571,30.382000,17.4786949,-251.833817
1572,30.400000,17.5000324,-250.481522
1573,30.419000,17.5127316,-248.978378
1574,30.436000,17.5945187,-246.932159
1575,30.457000,17.6275349,-245.558533
1576,30.475000,17.6194077,-244.669022
1577,30.495000,17.6356602,-242.795517
1578,30.514000,17.6879826,-240.420609
1579,30.532000,17.7397976,-238.879333
1580,30.550000,17.7778969,-236.635483
1581,30.569000,17.7936459,-235.150589
1582,30.591000,17.8002491,-233.01088
1583,30.616000,17.8119316,-230.573517
1584,30.632000,17.8469849,-229.933426
1585,30.649000,17.9043903,-228.223999
1586,30.673000,17.9755116,-226.716782
1587,30.691000,17.9882126,-226.468369
1588,30.708000,18.0252953,-225.9319
1589,30.730000,18.1152096,-223.330933
1590,30.747000,18.1309547,-221.562073
1591,30.765000,18.1660061,-219.534653
1592,30.782000,18.1934338,-217.490967
1593,30.803000,18.2208652,-215.17601
1594,30.824000,18.267601,-212.790451
1595,30.846000,18.3219604,-210.397263
1596,30.870000,18.501791,-207.399063
1597,30.893000,18.601862,-205.20195
1598,30.919000,18.6643448,-203.27916
1599,30.944000,18.7359734,-200.909836
1600,30.961000,18.8045521,-198.879349
1601,30.980000,18.8309689,-196.854477
1602,30.998000,18.8365574,-194.759995
1603,31.016000,18.8553524,-193.010452
1604,31.033000,18.860939,-190.743271
1605,31.050000,18.930027,-188.956146
1606,31.067000,18.9965744,-186.894699
1607,31.087000,19.0412769,-184.933823
1608,31.113000,19.1469383,-182.06871
1609,31.130000,19.2063751,-180.015869
1610,31.148000,19.2739391,-178.287155
1611,31.164000,19.3074684,-176.227722
1612,31.182000,19.3633461,-173.741531
1613,31.211000,19.4344635,-170.764664
1614,31.228000,19.4720554,-169.397644
1615,31.252000,19.5253906,-167.471313
1616,31.273000,19.5518074,-166.561478
1617,31.291000,19.6127682,-164.881027
1618,31.310000,19.6716938,-163.140106
1619,31.330000,19.6945515,-161.871628
1620,31.352000,19.7717667,-159.733444
1621,31.370000,19.7981815,-157.732941
1622,31.388000,19.842886,-155.733459
1623,31.405000,19.8825092,-153.002426
1624,31.437000,19.9460087,-150.411133
1625,31.455000,19.9957905,-148.225174
1626,31.474000,20.0658932,-146.24295
1627,31.494000,20.1354885,-144.127121
1628,31.510000,20.211689,-142.362335
1629,31.529000,20.2762051,-140.312057
1630,31.548000,20.340723,-136.393326
1631,31.584000,20.3706932,-134.480179
1632,31.611000,20.4321613,-131.476379
1633,31.627000,20.4352093,-130.82106
1634,31.644000,20.4626427,-130.205856
1635,31.664000,20.5230961,-128.588882
1636,31.682000,20.521574,-126.42276
1637,31.701000,20.5901527,-124.465935
1638,31.718000,20.6739693,-121.952858
1639,31.749000,20.6947956,-120.568047
1640,31.769000,20.734417,-118.473564
1641,31.786000,20.7394981,-116.375015
1642,31.806000,20.7288303,-114.650352
1643,31.824000,20.7466106,-113.375267
1644,31.847000,20.7435627,-110.690987
1645,31.865000,20.7765808,-108.664062
1646,31.882000,20.8385582,-107.012047
1647,31.899000,20.8517647,-106.598534
1648,31.916000,20.8954525,-104.910957
1649,31.941000,20.9818096,-103.002396
1650,31.961000,21.0097466,-101.388489
1651,31.980000,21.0605488,-99.3834152
1652,32.000000,21.1382694,-97.1375351
1653,32.017000,21.16926,-95.0572662
1654,32.036000,21.2007561,-93.1670074
1655,32.052000,21.2515545,-91.4017105
1656,32.068000,21.2622223,-89.5586929
1657,32.086000,21.3313084,-87.5912094
1658,32.110000,21.3846474,-84.9257278
1659,32.126000,21.4064903,-83.1807404
1660,32.142000,21.4588127,-81.3981705
1661,32.158000,21.4689732,-79.562767
1662,32.177000,21.5065651,-77.1324921
1663,32.197000,21.4928493,-75.2021027
1664,32.216000,21.5141869,-73.2346115
1665,32.234000,21.5309525,-70.8835907
1666,32.253000,21.5340004,-70.5254517
1667,32.271000,21.5517788,-69.8741913
1668,32.289000,21.5609226,-69.0624008
1669,32.313000,21.5792103,-66.8048477
1670,32.332000,21.5995312,-64.9460754
1671,32.350000,21.5995293,-63.040062
1672,32.371000,21.6183243,-60.6296005
1673,32.387000,21.5939388,-58.7870903
1674,32.405000,21.6518497,-56.6895599
1675,32.423000,21.6579475,-54.5270042
1676,32.440000,21.6990967,-52.9537277
1677,32.457000,21.7234783,-51.8752441
1678,32.480000,21.7178917,-51.3093338
1679,32.497000,21.7559929,-50.7037964
1680,32.515000,21.8469219,-48.3944244
1681,32.546000,21.8794327,-46.2841873
1682,32.566000,21.9414063,-44.2872391
1683,32.584000,21.9795074,-43.1777649
1684,32.606000,22.0267506,-41.9631386
1685,32.623000,22.0643406,-40.1958046
1686,32.646000,22.1771145,-37.7482567
1687,32.663000,22.2228355,-35.9824486
1688,32.683000,22.3203678,-33.7248955
1689,32.707000,22.4016457,-31.7050838
1690,32.724000,22.4626064,-29.9047318
1691,32.743000,22.5235653,-27.8600292
1692,32.761000,22.5738544,-26.8465691
1693,32.779000,22.6424313,-25.0472336
1694,32.797000,22.722187,-23.1081982
1695,32.816000,22.8004169,-20.875536
1696,32.838000,22.8923588,-18.4676132
1697,32.860000,22.9589062,-17.2418079
1698,32.880000,23.0081787,-16.0673103
1699,32.897000,23.049324,-14.6261139
1700,32.915000,23.0528812,-13.0401373
1701,32.933000,23.102663,-10.992897
1702,32.954000,23.1316185,-9.3063364
1703,32.973000,23.1808929,-7.59945583
1704,32.992000,23.2733498,-5.75846386
1705,33.010000,23.3277054,-4.16080379
1706,33.028000,23.3642807,-2.36807203
1707,33.046000,23.399332,-0.830355883
1708,33.062000,23.4333668,0.610840142
1709,33.080000,23.5065174,2.04136825
1710,33.131000,23.5253124,5.28037596
1711,33.160000,23.4943237,7.34336281
1712,33.178000,23.5273418,8.133811
1713,33.196000,23.552742,9.47391319
1714,33.213000,23.5761108,10.1048508
1715,33.234000,23.633007,11.1233902
1716,33.252000,23.6685677,11.6796503
1717,33.269000,23.7000637,12.5244522
1718,33.287000,23.7315617,13.3164234
1719,33.310000,23.7574711,14.5762634
1720,33.329000,23.7686462,15.5028543
1721,33.348000,23.8864975,17.9219475
1722,33.401000,23.8961487,18.4634724
1723,33.417000,23.9312,18.9933167
1724,33.437000,23.9850483,19.7939262
1725,33.455000,24.0094318,20.333931
1726,33.472000,24.0094318,20.3415508
1727,33.490000,23.9845409,20.6961346
1728,33.510000,23.9820023,21.2026119
1729,33.529000,24.0322933,21.7482071
1730,33.546000,24.0536289,22.0550423
1731,33.569000,24.0744553,22.7367783
1732,33.591000,24.1044273,23.0862827
1733,33.624000,24.1415119,23.6643867
1734,33.644000,24.1323662,23.9275303
1735,33.666000,24.0932503,24.1901627
1736,33.684000,24.0988388,24.3989487
1737,33.703000,24.1110306,24.526968
1738,33.724000,24.1465874,24.8820629
1739,33.741000,24.1689396,25.1700974
1740,33.762000,24.2014484,25.5658283
1741,33.781000,24.2314186,25.8279572
1742,33.798000,24.2486877,25.929554
1743,33.815000,24.252243,25.9051743
1744,33.834000,24.2319241,25.7939243
1745,33.861000,24.1963654,25.652195
1746,33.878000,24.1704559,25.5831089
1747,33.896000,24.15979,25.5658379
1748,33.914000,24.1679211,25.5841274
1749,33.931000,24.1735077,25.6080036
1750,33.948000,24.1867142,25.6059723
1751,33.966000,24.213129,25.4698277
1752,33.985000,24.2344646,25.2076988
1753,34.001000,24.2542782,24.8505745
1754,34.018000,24.2415771,24.4624653
1755,34.036000,24.2105923,24.0408287
1756,34.055000,24.1862068,23.6064911
1757,34.073000,24.1516647,23.237175
1758,34.095000,24.11763,22.8262062
1759,34.121000,24.1628399,22.398468
1760,34.138000,24.2095737,21.966671
1761,34.156000,24.26647,21.4962616
1762,34.173000,24.2685013,20.9130783
1763,34.192000,24.2339573,20.2349014
1764,34.209000,24.2171917,19.4993191
1765,34.227000,24.239542,18.7408752
1766,34.245000,24.2578297,18.49856
1767,34.264000,24.2811966,18.1368637
1768,34.281000,24.2822094,17.4795132
1769,34.300000,24.2730637,16.8140335
1770,34.321000,24.2852554,16.1389046
1771,34.347000,24.3213234,15.0624514
1772,34.365000,24.3264046,14.380208
1773,34.389000,24.3203068,13.5171156
1774,34.406000,24.329958,12.9451084
1775,34.422000,24.3370705,12.4980688
1776,34.439000,24.3629799,12.0266447
1777,34.456000,24.3594227,11.5994167
1778,34.475000,24.3340244,10.8328466
1779,34.493000,24.335043,10.2628708
1780,34.511000,24.3142166,9.62228394
1781,34.530000,24.3177738,8.94258118
1782,34.548000,24.3639984,8.2334137
1783,34.565000,24.4412136,7.29158211
1784,34.584000,24.4777908,6.48995876
1785,34.612000,24.5544968,5.02285385
1786,34.632000,24.5956421,3.86309028
1787,34.650000,24.6113873,2.89382625
1788,34.668000,24.6479626,1.96723461
1789,34.685000,24.7297459,0.859286726
1790,34.702000,24.762764,0.0764587373
1791,34.747000,24.9339542,-2.5991776
1792,34.764000,24.9430943,-3.72236514
1793,34.784000,24.9877987,-4.73938131
1794,34.803000,25.0441856,-5.69594526
1795,34.822000,25.0685711,-6.70889711
1796,34.842000,25.1015892,-7.83919716
1797,34.865000,25.0944767,-9.23467255
1798,34.881000,25.1234322,-10.1333237
1799,34.898000,25.1752472,-11.2626085
1800,34.915000,25.1777878,-12.3024845
1801,34.933000,25.2153759,-13.2250137
1802,34.949000,25.2473812,-13.7919426
1803,34.967000,25.2372227,-14.5747709
1804,34.984000,25.2397652,-15.5719757
1805,35.001000,25.2885303,-16.6250591
1806,35.018000,25.3383121,-17.6999874
1807,35.036000,25.3581219,-18.5666351
1808,35.055000,25.3743782,-19.6710262
1809,35.075000,25.4124775,-20.7251244
1810,35.097000,25.4251728,-21.9240055
1811,35.121000,25.4607315,-23.4226036
1812,35.140000,25.5196571,-24.6463776
1813,35.160000,25.5542011,-25.5414753
1814,35.178000,25.5897617,-26.7012386
1815,35.198000,25.6034756,-27.7426376
1816,35.215000,25.6314144,-28.6382408
1817,35.235000,25.6481781,-29.8223896
1818,35.252000,25.6243038,-30.7164688
1819,35.268000,25.6370029,-31.813242
1820,35.285000,25.6014423,-32.8282242
1821,35.302000,25.5836639,-33.9056892
1822,35.322000,25.6303997,-35.1091423
1823,35.347000,25.6939011,-36.3796463
1824,35.364000,25.7594337,-37.5094376
1825,35.385000,25.8346214,-41.2528954
1826,35.449000,25.8971043,-42.5000343
1827,35.467000,25.9392681,-43.5145149
1828,35.485000,25.9753361,-44.4527893
1829,35.503000,26.0205479,-45.5907135
1830,35.521000,26.0373096,-46.767746
1831,35.539000,26.0789623,-47.6409988
1832,35.562000,26.1246834,-49.0019341
1833,35.578000,26.150589,-49.9417343
1834,35.598000,26.1764984,-51.1233444
1835,35.621000,26.1937695,-52.6199188
1836,35.640000,26.2024059,-53.4642181
1837,35.665000,26.2018986,-55.0258141
1838,35.682000,26.1968193,-55.9198952
1839,35.700000,26.147543,-56.8251572
1840,35.719000,26.1104603,-58.0037231
1841,35.737000,26.0830307,-58.9572334
1842,35.754000,26.0449314,-60.0057411
1843,35.774000,26.0434055,-60.990757
1844,35.792000,26.0561047,-62.0494308
1845,35.809000,26.0601692,-63.0999718
1846,35.832000,26.0195293,-64.2429733
1847,35.855000,25.9926052,-65.5901947
1848,35.880000,25.9992085,-67.0608673
1849,35.899000,26.0027657,-67.7248154
1850,35.918000,26.0124168,-68.2130051
1851,35.942000,25.9875278,-69.3224792
1852,35.960000,25.9910851,-70.5604782
1853,35.989000,26.0469608,-72.0199585
1854,36.008000,26.0886173,-73.1502609
1855,36.027000,26.0759182,-74.1972504
1856,36.045000,26.0586433,-75.1258774
1857,36.064000,26.0515289,-76.2246857
1858,36.083000,26.054575,-77.2523804
1859,36.111000,26.0703239,-78.5797882
1860,36.129000,26.095726,-79.7146606
1861,36.148000,26.0708351,-80.6046677
1862,36.166000,26.0936928,-81.5637817
1863,36.183000,26.1516037,-82.4695435
1864,36.208000,26.1516037,-82.4695435
1865,36.227000,26.1516037,-82.4695435
1866,36.245000,26.1516037,-82.4695435
1867,36.266000,26.1597309,-82.5884171
1868,36.284000,26.1571903,-82.6732483
1869,36.300000,26.1734467,-82.8591766
1870,36.318000,26.1988468,-83.5531158
1871,36.340000,26.2267857,-83.8198166
1872,36.362000,26.2359314,-84.4172287
1873,36.380000,26.3136539,-85.3631134
1874,36.398000,26.2999344,-86.4685211
1875,36.417000,26.3217793,-87.4804459
1876,36.436000,26.3883228,-88.4715576
1877,36.453000,26.3847675,-89.46978
1878,36.472000,26.4091492,-90.569603
1879,36.490000,26.4081326,-91.5180359
1880,36.507000,26.388319,-92.3572388
1881,36.525000,26.4142246,-93.3539276
1882,36.544000,26.4152412,-94.3750153
1883,36.562000,26.3939037,-95.5942307
1884,36.580000,26.417778,-96.4232864
1885,36.606000,26.4076157,-97.9284897
1886,36.624000,26.4030476,-99.1288986
1887,36.641000,26.4624805,-100.031601
1888,36.658000,26.4782257,-101.12075
1889,36.676000,26.5031185,-102.243423
1890,36.693000,26.5234375,-103.038948
1891,36.711000,26.5386772,-104.02446
1892,36.730000,26.5457878,-105.175598
1893,36.749000,26.5833778,-106.384644
1894,36.769000,26.6280804,-107.514442
1895,36.788000,26.6417961,-108.612747
1896,36.805000,26.6529713,-109.510391
1897,36.823000,26.6763401,-110.643242
1898,36.845000,26.7190094,-111.772026
1899,36.863000,26.7352657,-113.021706
1900,36.880000,26.7616825,-114.220078
1901,36.898000,26.7413616,-115.439781
1902,36.915000,26.7113895,-116.473053
1903,36.938000,26.7296753,-118.348068
1904,36.957000,26.7068157,-119.671913
1905,36.976000,26.7611694,-121.138512
1906,36.998000,26.7809792,-122.432396
1907,37.017000,26.8647976,-123.523064
1908,37.034000,26.9135647,-124.971367
1909,37.051000,26.9186459,-126.337387
1910,37.071000,26.951664,-127.79129
1911,37.095000,27.0248184,-129.79129
1912,37.115000,27.1116867,-131.432114
1913,37.132000,27.1909351,-133.28476
1914,37.160000,27.2315731,-135.239532
1915,37.178000,27.3108177,-136.909348
1916,37.195000,27.3560295,-138.434845
1917,37.217000,27.3849869,-140.274307
1918,37.235000,27.4474697,-142.009155
1919,37.254000,27.4891262,-143.831848
1920,37.273000,27.571928,-145.682495
1921,37.292000,27.6415234,-147.473206
1922,37.309000,27.720768,-148.986526
1923,37.327000,27.8243999,-150.639069
1924,37.345000,27.8696079,-152.473434
1925,37.364000,27.9691753,-154.209763
1926,37.383000,28.0199757,-155.606262
1927,37.402000,28.0763626,-157.227798
1928,37.419000,28.170845,-158.997681
1929,37.437000,28.2409496,-160.507965
1930,37.454000,28.2983532,-162.143738
1931,37.473000,28.3552475,-164.200607
1932,37.493000,28.3699837,-166.187393
1933,37.516000,28.4385624,-167.638245
1934,37.531000,28.4690418,-169.143478
1935,37.554000,28.5543842,-170.669006
1936,37.571000,28.6067085,-172.132019
1937,37.593000,28.7245617,-174.50592
1938,37.619000,28.7982216,-176.798508
1939,37.638000,28.9501095,-181.806854
1940,37.693000,29.0054798,-183.597031
1941,37.710000,29.0425644,-185.407547
1942,37.729000,29.0618668,-187.081909
1943,37.749000,29.1228237,-188.801987
1944,37.773000,29.1365395,-191.269363
1945,37.791000,29.160923,-192.994034
1946,37.809000,29.1868305,-194.952362
1947,37.833000,29.2726803,-197.121536
1948,37.862000,29.3834248,-199.894714
1949,37.880000,29.4281292,-201.572144
1950,37.897000,29.473341,-203.241959
1951,37.915000,29.5175343,-204.950363
1952,37.942000,29.5759544,-207.369949
1953,37.960000,29.6384392,-209.392288
1954,37.980000,29.680603,-210.892929
1955,38.001000,29.6775551,-212.995041
1956,38.019000,29.7060032,-214.590179
1957,38.036000,29.7263222,-216.401718
1958,38.054000,29.7695007,-217.967377
1959,38.072000,29.8208084,-219.725571
1960,38.095000,29.878212,-221.316101
1961,38.129000,30.01791,-224.301651
1962,38.146000,30.0473728,-225.705765
1963,38.166000,30.1108704,-227.0728
1964,38.188000,30.147953,-229.217575
1965,38.217000,30.2226276,-231.647873
1966,38.235000,30.2383766,-233.339523
1967,38.253000,30.2627602,-235.063171
1968,38.275000,30.3354015,-237.206421
1969,38.293000,30.3958511,-238.936142
1970,38.311000,30.4517307,-240.670441
1971,38.332000,30.5467243,-243.228226
1972,38.355000,30.6254635,-244.992508
1973,38.373000,30.7565269,-246.875641
1974,38.391000,30.845932,-248.730362
1975,38.408000,30.9114628,-250.592697
1976,38.427000,30.9962978,-252.335648
1977,38.446000,31.0608101,-254.180176
1978,38.465000,31.10602,-255.97493
1979,38.483000,31.2010136,-258.24823
1980,38.502000,31.2939758,-259.771759
1981,38.521000,31.3793163,-261.654449
1982,38.543000,31.5007248,-264.1604
1983,38.562000,31.6195946,-265.948059
1984,38.578000,31.7130661,-267.99231
1985,38.609000,31.8029804,-271.589447
1986,38.627000,31.9269333,-273.800262
1987,38.648000,31.9990692,-275.844971
1988,38.665000,32.0117683,-276.244232
1989,38.681000,32.0884705,-278.19751
1990,38.700000,32.1677246,-280.074097
1991,38.717000,32.2357979,-281.831268
1992,38.735000,32.36483,-283.639252
1993,38.751000,32.4674492,-284.851837
1994,38.769000,32.5705757,-286.906219
1995,38.786000,32.649826,-288.595795
1996,38.803000,32.7366943,-291.032166
1997,38.827000,32.8144226,-293.406067
1998,38.849000,32.9312592,-294.9758
1999,38.865000,32.9632645,-296.867554
2000,38.881000,33.0536919,-299.033661
2001,38.901000,33.1019554,-300.86496
2002,38.918000,33.2055893,-303.000092
2003,38.937000,33.2812767,-304.638397
2004,38.956000,33.3747444,-306.574921
2005,38.974000,33.4585648,-308.778625
2006,39.001000,33.5428886,-310.309723
2007,39.017000,33.5693054,-310.829956
2008,39.034000,33.6277351,-313.383667
2009,39.056000,33.6475487,-313.82309
2010,39.072000,33.7303543,-316.343292
2011,39.100000,33.8009682,-319.227722
2012,39.128000,33.9305115,-322.740509
2013,39.149000,34.0260162,-324.585052
2014,39.167000,34.069706,-325.570068
2015,39.185000,34.1626663,-327.508026
2016,39.204000,34.256649,-329.848358
2017,39.221000,34.3435211,-330.937531
2018,39.239000,34.4390297,-332.786163
2019,39.258000,34.5385971,-334.859833
2020,39.275000,34.6488342,-336.762817
2021,39.292000,34.6823654,-337.889557
2022,39.313000,34.749424,-339.886475
2023,39.332000,34.8276558,-341.920563
2024,39.349000,34.9881859,-344.783173
2025,39.368000,35.0461044,-346.593201
2026,39.385000,35.1431351,-348.689209
2027,39.403000,35.2355919,-350.450409
2028,39.419000,35.3615799,-352.575317
2029,39.444000,35.460125,-354.794708
2030,39.463000,35.4906044,-356.008301
2031,39.483000,35.567318,-357.927002
2032,39.502000,35.6013565,-359.216766
2033,39.520000,35.6653633,-360.945007
2034,39.542000,35.7400436,-362.637115
2035,39.562000,35.8060837,-363.321411
2036,39.581000,35.897522,-365.079132
2037,39.603000,36.0092812,-367.616089
2038,39.623000,36.1754036,-370.589386
2039,39.647000,36.2897034,-372.611237
2040,39.669000,36.4187355,-375.152222
2041,39.685000,36.4583664,-376.602081
2042,39.706000,36.5010376,-378.55838
2043,39.724000,36.5609779,-381.075989
2044,39.746000,36.5665665,-382.153473
2045,39.764000,36.6387024,-384.400909
2046,39.782000,36.7159195,-386.334412
2047,39.800000,36.7560577,-388.347656
2048,39.818000,36.7972069,-390.358368
2049,39.837000,36.9470673,-392.740936
2050,39.859000,37.0385094,-395.186432
2051,39.882000,37.1086159,-396.692657
2052,39.901000,37.205143,-398.869995
2053,39.918000,37.2986145,-400.930939
2054,39.944000,37.3600807,-402.643372
2055,39.963000,37.4185066,-404.622528
2056,39.984000,37.5048676,-406.9487
2057,40.001000,37.6024094,-409.064514
2058,40.020000,37.6572838,-411.210266
2059,40.037000,37.7492371,-412.725189
2060,40.056000,37.8401718,-414.116608
2061,40.074000,37.9305916,-416.201965
2062,40.097000,37.9915581,-418.208069
2063,40.123000,38.0748711,-419.928619
2064,40.142000,38.1597099,-421.671082
2065,40.160000,38.1713982,-421.971313
2066,40.178000,38.230835,-423.066071
2067,40.198000,38.3431053,-424.891785
2068,40.215000,38.4365768,-426.336548
2069,40.233000,38.5117569,-427.71521
2070,40.251000,38.6133575,-429.621735
2071,40.276000,38.7246094,-431.84375
2072,40.294000,38.7368011,-431.907227
2073,40.311000,38.7611885,-432.885162
2074,40.332000,38.8450089,-434.689636
2075,40.350000,38.8399315,-435.124481
2076,40.369000,38.9059715,-436.634735
2077,40.390000,38.9659195,-438.056122
2078,40.409000,39.0380478,-439.430267
2079,40.430000,39.0532875,-441.299194
2080,40.449000,39.1604805,-442.367004
2081,40.466000,39.2158508,-443.464325
2082,40.483000,39.2509041,-444.632202
2083,40.502000,39.25243,-444.70282
2084,40.520000,39.3027229,-445.600922
2085,40.544000,39.3631783,-446.697723
2086,40.567000,39.4256554,-447.602966
2087,40.583000,39.4927139,-448.699249
2088,40.604000,39.5491028,-450.038361
2089,40.626000,39.5211639,-450.942627
2090,40.642000,39.5054054,-451.882904
2091,40.664000,39.5236931,-452.454926
2092,40.681000,39.5242004,-452.470154
2093,40.698000,39.5252151,-452.690643
2094,40.717000,39.506424,-453.002045
2095,40.734000,39.5211525,-453.467377
2096,40.751000,39.5724564,-454.083588
2097,40.770000,39.5658531,-454.696259
2098,40.790000,39.5404434,-455.454254
2099,40.807000,39.5221558,-455.972931
2100,40.823000,39.5175858,-456.080109
2101,40.848000,39.5175858,-456.080109
2102,40.872000,39.5511131,-456.213196
2103,40.896000,39.5861702,-456.466675
2104,40.913000,39.5836296,-456.76178
2105,40.931000,39.5673637,-457.053894
2106,40.952000,39.5480499,-457.475067
2107,40.971000,39.5216331,-457.824615
2108,40.989000,39.5211258,-457.824615
2109,41.008000,39.5211258,-457.824615
2110,41.025000,39.5211258,-457.824615
2111,41.043000,39.517067,-457.778412
2112,41.062000,39.5246887,-457.674194
2113,41.079000,39.5323105,-457.643158
2114,41.099000,39.5272369,-457.668579
2115,41.124000,39.5236855,-457.710785
2116,41.140000,39.4967613,-457.647766
2117,41.157000,39.4967613,-457.647766
2118,41.176000,39.4967613,-457.647766
2119,41.192000,39.502861,-457.496368
2120,41.210000,39.5297966,-457.036133
2121,41.228000,39.5684052,-456.597229
2122,41.245000,39.5907593,-456.283325
2123,41.263000,39.5932961,-456.142609
2124,41.283000,39.5932961,-456.124298
2125,41.300000,39.6100655,-455.981567
2126,41.318000,39.6100655,-455.981049
2127,41.343000,39.6100655,-455.981049
2128,41.370000,39.5948296,-455.13623
2129,41.388000,39.6105766,-454.570801
2130,41.404000,39.639534,-453.898682
2131,41.423000,39.6801796,-453.228119
2132,41.440000,39.7096519,-452.663788
2133,41.456000,39.7528343,-452.019684
2134,41.476000,39.7685852,-451.379089
2135,41.493000,39.795002,-450.807556
2136,41.508000,39.8280258,-450.294983
2137,41.527000,39.8280258,-450.294983
2138,41.546000,39.861042,-449.627991
2139,41.566000,39.8879662,-448.808563
2140,41.584000,39.9316559,-447.82608
2141,41.615000,39.9362297,-446.139984
2142,41.635000,39.9540138,-445.063538
2143,41.655000,39.9779015,-443.878387
2144,41.674000,40.0154953,-442.807007
2145,41.695000,40.0947456,-441.438477
2146,41.717000,40.0977936,-441.329254
2147,41.735000,40.1343689,-440.80249
2148,41.754000,40.2049828,-439.555328
2149,41.771000,40.2253075,-438.898987
2150,41.788000,40.2674751,-438.015533
2151,41.807000,40.314209,-436.987885
2152,41.824000,40.3269081,-436.293915
2153,41.848000,40.3436813,-434.9711
2154,41.869000,40.3091393,-434.216736
2155,41.888000,40.3477478,-432.781647
2156,41.905000,40.381279,-431.666107
2157,41.924000,40.3955002,-431.047333
2158,41.943000,40.4214096,-430.342194
2159,41.960000,40.4036293,-429.69754
2160,41.986000,40.4417305,-427.619293
2161,42.005000,40.431572,-427.280457
2162,42.026000,40.4590111,-426.046539
2163,42.045000,40.4828873,-424.230957
2164,42.063000,40.5382614,-422.65918
2165,42.081000,40.5829697,-421.308868
2166,42.111000,40.6251411,-418.588013
2167,42.131000,40.6353035,-417.888519
2168,42.152000,40.6525764,-416.249207
2169,42.169000,40.7048988,-414.452911
2170,42.187000,40.810051,-412.228363
2171,42.207000,40.8298645,-410.927887
2172,42.224000,40.8948898,-409.126038
2173,42.242000,40.9705887,-407.193085
2174,42.262000,41.0376434,-404.803925
2175,42.285000,41.1199379,-402.234009
2176,42.314000,41.1427994,-400.878174
2177,42.335000,41.1427994,-400.878174
2178,42.354000,41.1453362,-399.409515
2179,42.375000,41.2113724,-397.123993
2180,42.391000,41.2383003,-394.968048
2181,42.413000,41.2962189,-392.174042
2182,42.433000,41.3388977,-390.528137
2183,42.451000,41.3607445,-389.890076
2184,42.469000,41.4415169,-387.445557
2185,42.489000,41.4557419,-385.684357
2186,42.510000,41.444561,-384.62619
2187,42.527000,41.4399948,-383.293732
2188,42.545000,41.4577713,-380.93457
2189,42.563000,41.4963837,-378.69635
2190,42.582000,41.4846954,-376.222412
2191,42.613000,41.5167046,-373.092682
2192,42.636000,41.4984131,-369.626587
2193,42.657000,41.4938431,-369.282166
2194,42.674000,41.4709778,-368.081787
2195,42.694000,41.4933319,-367.236511
2196,42.714000,41.5070457,-366.613678
2197,42.732000,41.5878181,-364.055878
2198,42.750000,41.6309967,-361.329376
2199,42.767000,41.6604691,-358.780182
2200,42.785000,41.6955223,-356.911743
2201,42.802000,41.6813011,-355.36441
2202,42.824000,41.6513367,-353.150055
2203,42.845000,41.6599731,-352.664917
2204,42.865000,41.6670876,-352.082733
2205,42.882000,41.669632,-350.265106
2206,42.901000,41.6706505,-348.319458
2207,42.919000,41.6884308,-345.610779
2208,42.941000,41.6858902,-343.888123
2209,42.961000,41.7173882,-343.276978
2210,42.981000,41.7803802,-340.312805
2211,42.999000,41.7752991,-339.953156
2212,43.015000,41.8123817,-339.009827
2213,43.032000,41.8946838,-336.290497
2214,43.053000,41.9490395,-334.833557
2215,43.070000,42.020668,-333.645874
2216,43.089000,42.025238,-333.552917
2217,43.114000,42.0369186,-330.986481
2218,43.131000,42.0475845,-330.185883
2219,43.152000,42.0557098,-328.015717
2220,43.169000,42.0628242,-326.56897
2221,43.187000,42.1217537,-323.871002
2222,43.205000,42.144619,-321.73233
2223,43.223000,42.1969414,-319.09021
2224,43.242000,42.2091293,-317.829376
2225,43.259000,42.2289429,-315.615509
2226,43.277000,42.2563744,-312.468994
2227,43.297000,42.2578964,-312.27243
2228,43.323000,42.2614555,-310.306976
2229,43.342000,42.2909203,-310.090576
2230,43.367000,42.3650894,-306.821564
2231,43.388000,42.4351997,-303.717194
2232,43.410000,42.462635,-301.973724
2233,43.429000,42.4946404,-301.146179
2234,43.449000,42.5241051,-299.035431
2235,43.466000,42.5251236,-296.899292
2236,43.484000,42.5535736,-295.358978
2237,43.501000,42.5728798,-294.408478
2238,43.519000,42.5688171,-293.144592
2239,43.539000,42.6429863,-291.369598
2240,43.561000,42.7120743,-289.069885
2241,43.578000,42.7791328,-286.381561
2242,43.603000,42.8197746,-282.865662
2243,43.628000,42.8974991,-279.017548
2244,43.646000,42.9833527,-276.357697
2245,43.662000,43.076828,-274.040192
2246,43.680000,43.1967163,-271.435699
2247,43.697000,43.2769852,-268.805298
2248,43.715000,43.3582611,-266.387756
2249,43.732000,43.4044914,-263.580048
2250,43.749000,43.449707,-261.093903
2251,43.767000,43.5568962,-258.633179
2252,43.787000,43.6010933,-256.777435
2253,43.805000,43.6818657,-254.506149
2254,43.823000,43.7082863,-252.607239
2255,43.844000,43.7601013,-250.37001
2256,43.860000,43.816494,-248.086029
2257,43.879000,43.8581543,-245.207184
2258,43.897000,43.9033699,-242.582855
2259,43.915000,43.9221649,-241.810699
2260,43.939000,43.933342,-239.897552
2261,43.958000,43.9511223,-239.412399
2262,43.975000,43.9633141,-238.8358
2263,43.993000,43.9831314,-236.140869
2264,44.011000,44.0181847,-234.906937
2265,44.028000,44.018692,-234.527451
2266,44.048000,44.0476494,-231.636963
2267,44.066000,43.9821205,-229.87471
2268,44.085000,43.948082,-227.746201
2269,44.111000,43.9785652,-224.244034
2270,44.131000,44.0161629,-221.562302
2271,44.151000,44.0324249,-219.134567
2272,44.170000,44.0502014,-217.485077
2273,44.187000,44.1010017,-215.591766
2274,44.211000,44.1065865,-212.504639
2275,44.229000,44.1091309,-211.184845
2276,44.245000,44.1797447,-207.356079
2277,44.282000,44.2020988,-206.052567
2278,44.300000,44.2813416,-203.97435
2279,44.319000,44.3453484,-201.85701
2280,44.339000,44.4398346,-200.018036
2281,44.359000,44.5693779,-197.637054
2282,44.377000,44.6039238,-196.293915
2283,44.395000,44.6288185,-195.327698
2284,44.414000,44.6349182,-193.40239
2285,44.432000,44.7197609,-191.456238
2286,44.449000,44.7207718,-189.649292
2287,44.469000,44.7141647,-187.889084
2288,44.487000,44.7436295,-185.799179
2289,44.504000,44.7639542,-184.5495
2290,44.525000,44.8132286,-182.702408
2291,44.543000,44.8721581,-181.805283
2292,44.559000,44.8823204,-181.47052
2293,44.577000,44.9061966,-181.087479
2294,44.605000,44.9107666,-178.831451
2295,44.623000,44.9702034,-177.59346
2296,44.640000,45.0423355,-176.206635
2297,44.657000,45.046402,-175.434479
2298,44.674000,45.0408134,-174.85231
2299,44.691000,45.0438652,-174.47789
2300,44.715000,45.0448799,-174.466721
2301,44.732000,45.0784149,-173.774811
2302,44.749000,45.1429367,-172.440308
2303,44.770000,45.1429367,-172.440308
2304,44.787000,45.1922112,-171.538605
2305,44.805000,45.1957664,-171.388245
2306,44.825000,45.2079659,-171.171326
2307,44.841000,45.1901855,-170.8909
2308,44.858000,45.1998367,-170.502274
2309,44.879000,45.2343826,-170.18428
2310,44.895000,45.2369194,-170.007492
2311,44.914000,45.2369194,-170.006989
2312,44.931000,45.2501259,-169.6539
2313,44.950000,45.2714653,-169.07428
2314,44.968000,45.2902641,-168.66687
2315,44.987000,45.2902641,-168.665848
2316,45.006000,45.2902641,-168.665848
2317,45.026000,45.3156624,-168.210693
2318,45.043000,45.3212471,-167.260239
2319,45.061000,45.3263283,-167.13121
2320,45.078000,45.3502083,-166.659271
2321,45.098000,45.37257,-165.578232
2322,45.118000,45.4045753,-164.952377
2323,45.135000,45.4127045,-164.334656
2324,45.154000,45.4360771,-163.526917
2325,45.172000,45.4304886,-163.184006
2326,45.190000,45.4304886,-163.184006
2327,45.213000,45.4304886,-163.184006
2328,45.231000,45.4304886,-163.184006
2329,45.250000,45.4304886,-163.184006
2330,45.269000,45.4330292,-163.165207
2331,45.287000,45.4711266,-162.591171
2332,45.305000,45.4767151,-162.163452
2333,45.327000,45.4762077,-162.155838
2334,45.345000,45.4762077,-162.155838
2335,45.365000,45.4696045,-162.074066
2336,45.384000,45.475193,-162.023773
2337,45.402000,45.4706192,-161.99939
2338,45.419000,45.4584236,-161.798721
2339,45.442000,45.4574089,-161.465988
2340,45.459000,45.4833221,-160.886856
2341,45.477000,45.5097389,-160.446426
2342,45.496000,45.4772301,-159.63414
2343,45.513000,45.4172897,-159.013855
2344,45.530000,45.4081421,-158.660278
2345,45.548000,45.4096642,-158.370728
2346,45.567000,45.4096642,-158.14061
2347,45.589000,45.3756294,-157.604187
2348,45.611000,45.2973938,-156.905167
2349,45.629000,45.3492088,-156.547012
2350,45.649000,45.4106789,-156.379852
2351,45.665000,45.3949356,-156.177673
2352,45.681000,45.392395,-156.075043
2353,45.705000,45.3761368,-155.925705
2354,45.724000,45.3690224,-155.905396
2355,45.743000,45.3690224,-155.905396
2356,45.763000,45.3690224,-155.905396
2357,45.780000,45.3690224,-155.905396
2358,45.797000,45.3690224,-155.908936
2359,45.815000,45.3644524,-155.812927
2360,45.833000,45.35886,-155.655975
2361,45.852000,45.3730888,-155.313095
2362,45.869000,45.3741035,-155.236389
2363,45.888000,45.3771515,-155.17746
2364,45.906000,45.3913803,-155.054016
2365,45.922000,45.40205,-154.942764
2366,45.940000,45.4218712,-154.733948
2367,45.957000,45.4173012,-154.494171
2368,45.980000,45.3852921,-154.131989
2369,46.000000,45.3761482,-154.003464
2370,46.019000,45.3888512,-153.880005
2371,46.039000,45.3852921,-153.879501
2372,46.058000,45.3898582,-153.921661
2373,46.075000,45.3898582,-153.921661
2374,46.103000,45.3421097,-153.973999
2375,46.122000,45.3258514,-153.983643
2376,46.138000,45.3370323,-153.966354
2377,46.154000,45.3482132,-153.935394
2378,46.171000,45.3543053,-153.911545
2379,46.188000,45.3573494,-153.899841
2380,46.210000,45.3598862,-153.903397
2381,46.227000,45.3609009,-153.907944
2382,46.243000,45.3614082,-153.908951
2383,46.263000,45.3614082,-153.908447
2384,46.280000,45.3614082,-153.908447
2385,46.299000,45.3614082,-153.908447
2386,46.318000,45.3614082,-153.908447
2387,46.337000,45.3619156,-153.908447
2388,46.356000,45.3619156,-153.908447
2389,46.377000,45.3624229,-153.908447
2390,46.397000,45.3624229,-153.908951
2391,46.416000,45.3624229,-153.908951
2392,46.435000,45.3624229,-153.909454
2393,46.452000,45.3629303,-153.909454
2394,46.469000,45.3629303,-153.909454
2395,46.485000,45.3629303,-153.908951
2396,46.504000,45.3629303,-153.908951
2397,46.521000,45.3629303,-153.908951
2398,46.539000,45.3634377,-153.908951
2399,46.556000,45.3634377,-153.908951
2400,46.574000,45.3634377,-153.909454
2401,46.597000,45.363945,-153.909454
2402,46.616000,45.3644524,-153.909958
2403,46.634000,45.3649597,-153.909958
2404,46.651000,45.3654671,-153.909958
2405,46.668000,45.3654671,-153.910461
2406,46.685000,45.3654671,-153.910461
2407,46.709000,45.3659744,-153.910461
2408,46.726000,45.3664818,-153.910965
2409,46.744000,45.3669891,-153.910965
2410,46.761000,45.3685112,-153.911469
2411,46.778000,45.3690186,-153.911972
2412,46.795000,45.3695259,-153.911972
2413,46.814000,45.371048,-153.912979
2414,46.832000,45.385273,-153.912979
2415,46.850000,45.506176,-153.895706
2416,46.869000,45.650959,-153.880463
2417,46.887000,45.7830467,-153.85965
2418,46.904000,45.995388,-153.834778
2419,46.923000,46.3271103,-153.815002
2420,46.940000,46.6750908,-153.794708
2421,46.958000,47.0647354,-153.782532
2422,46.975000,47.3700523,-153.77951
2423,46.994000,47.7266731,-153.787643
2424,47.012000,48.0517921,-153.806915
2425,47.028000,48.3225555,-153.814529
2426,47.046000,48.4703827,-153.821136
2427,47.064000,48.4841003,-153.822159
2428,47.083000,48.6481819,-153.834366
2429,47.102000,48.8518906,-153.84761
2430,47.118000,49.0047951,-153.861343
2431,47.136000,49.1221428,-153.874527
2432,47.155000,49.1490669,-153.874527
2433,47.175000,49.1206131,-153.863846
2434,47.195000,49.0921669,-153.845062
2435,47.214000,49.0941963,-153.831314
2436,47.233000,49.093689,-153.830307
2437,47.250000,49.0926743,-153.833847
2438,47.268000,49.0784492,-153.838928
2439,47.285000,49.0190163,-153.850632
2440,47.304000,48.8523865,-153.855179
2441,47.322000,48.6105804,-153.851608
2442,47.339000,48.3271103,-153.833817
2443,47.366000,48.2783432,-153.826706
2444,47.385000,48.0736198,-153.833832
2445,47.404000,47.9186783,-153.836349
2446,47.421000,47.7302055,-153.840408
2447,47.438000,47.4696045,-153.841919
2448,47.457000,47.2333908,-153.852112
2449,47.474000,46.9727898,-153.868362
2450,47.492000,46.8244514,-153.870895
2451,47.510000,46.7802544,-153.872925
2452,47.528000,46.4307518,-153.892227
2453,47.545000,45.9699936,-153.902405
2454,47.565000,45.424408,-153.897308
2455,47.583000,44.8285255,-153.873932
2456,47.624000,43.5316124,-153.792664
2457,47.654000,43.329937,-153.787094
2458,47.671000,43.329937,-153.787094
2459,47.689000,43.0779724,-153.778458
2460,47.707000,42.5278091,-153.783524
2461,47.725000,42.1341095,-153.790131
2462,47.742000,41.9314156,-153.768784
2463,47.761000,41.8216896,-153.793182
2464,47.778000,41.6687813,-153.777939
2465,47.798000,41.2227592,-153.732193
2466,47.816000,40.5135918,-153.72612
2467,47.839000,39.5275688,-153.750977
2468,47.861000,38.6014862,-153.755066
2469,47.879000,38.2570686,-153.743881
2470,47.898000,37.4823685,-153.730682
2471,47.929000,36.2215118,-153.693604
2472,47.950000,35.3792458,-153.706299
2473,47.974000,34.179348,-153.723557
2474,47.992000,33.3081207,-153.744385
2475,48.009000,32.532917,-153.766754
2476,48.032000,31.4122677,-153.770844
2477,48.050000,31.227354,-153.75206
2478,48.069000,30.7645664,-153.740906
2479,48.093000,29.6647472,-153.723648
2480,48.114000,28.7249508,-153.741943
2481,48.132000,27.8318844,-153.75209
2482,48.151000,27.6352882,-153.745987
2483,48.169000,26.7071724,-153.717026
2484,48.187000,25.8075066,-153.730713
2485,48.207000,25.0221405,-153.746964
2486,48.226000,24.0163021,-153.732239
2487,48.244000,23.1186657,-153.750504
2488,48.262000,22.1859798,-153.764206
2489,48.279000,21.4224567,-153.793167
2490,48.298000,20.9408722,-153.797745
2491,48.315000,20.0975933,-153.811447
2492,48.333000,19.9695778,-153.809921
2493,48.354000,19.1994514,-153.818054
2494,48.380000,18.2190094,-153.832275
2495,48.399000,17.5972157,-153.79213
2496,48.419000,16.8860149,-153.774857
2497,48.437000,16.2433949,-153.779953
2498,48.455000,15.1659279,-153.796219
2499,48.477000,14.9027834,-153.797745
2500,48.530000,13.4265356,-153.814987
2501,48.549000,12.6365957,-153.847504
2502,48.568000,11.6119604,-153.874908
2503,48.585000,10.7509003,-153.890656
2504,48.609000,9.62568188,-153.906876
2505,48.627000,8.7935791,-153.899261
2506,48.650000,7.54999638,-153.907364
2507,48.669000,6.72297239,-153.906357
2508,48.688000,5.86495972,-153.934265
2509,48.705000,5.14055204,-153.944916
2510,48.721000,4.31911659,-153.947464
2511,48.740000,3.25993657,-153.978958
2512,48.760000,2.46694875,-153.988632
2513,48.777000,1.65008473,-153.975937
2514,48.796000,0.920596898,-153.973404
2515,48.819000,-0.026315162,-153.947479
2516,48.838000,-0.422555149,-153.938339
2517,48.866000,-0.913791239,-153.953079
2518,48.884000,-1.37962735,-153.968307
2519,48.901000,-2.02021527,-153.985596
2520,48.925000,-2.78932714,-154.010483
2521,48.941000,-2.92750287,-153.990677
2522,48.961000,-3.26887918,-153.968826
2523,48.979000,-3.89778328,-153.959183
2524,48.996000,-4.44540739,-153.966278
2525,49.013000,-5.06719971,-153.971313
2526,49.034000,-5.69915199,-153.960159
2527,49.052000,-6.07811975,-153.942398
2528,49.070000,-6.28284359,-153.932236
2529,49.091000,-6.70194435,-153.909378
2530,49.112000,-7.00521994,-153.892593
2531,49.130000,-7.19927597,-153.873291
2532,49.147000,-7.40501547,-153.847931
2533,49.163000,-7.6153264,-153.833206
2534,49.180000,-7.92063379,-153.811859
2535,49.199000,-8.20155716,-153.805771
2536,49.216000,-8.36919785,-153.796097
2537,49.235000,-8.50534248,-153.779831
2538,49.251000,-8.62218285,-153.782379
2539,49.269000,-8.6435194,-153.79863
2540,49.288000,-8.61354733,-153.813873
2541,49.306000,-8.5383625,-153.824554
2542,49.326000,-8.48857975,-153.82962
2543,49.345000,-8.44743347,-153.82962
2544,49.371000,-8.4210186,-153.82457
2545,49.389000,-8.42660713,-153.821548
2546,49.407000,-8.42914772,-153.817017
2547,49.424000,-8.42660618,-153.811432
2548,49.443000,-8.42609787,-153.808914
2549,49.462000,-8.42711449,-153.808914
2550,49.480000,-8.4281311,-153.809921
2551,49.496000,-8.42965603,-153.809921
2552,49.514000,-8.43168926,-153.807907
2553,49.535000,-8.43270588,-153.8069
2554,49.553000,-8.4337225,-153.806396
2555,49.570000,-8.43473911,-153.807404
2556,49.591000,-8.46623516,-153.909515
2557,49.610000,-8.50839806,-154.094955
2558,49.629000,-8.57291508,-154.467819
2559,49.646000,-8.55056286,-154.832047
2560,49.663000,-8.52668762,-154.980896
2561,49.682000,-8.4748745,-155.271957
2562,49.699000,-8.42407703,-155.579285
2563,49.718000,-8.32704926,-156.014648
2564,49.737000,-8.27675819,-156.292023
2565,49.754000,-8.25948524,-156.587173
2566,49.775000,-8.26202583,-156.729919
2567,49.794000,-8.29656887,-156.919403
2568,49.810000,-8.32958794,-157.066223
2569,49.827000,-8.35956001,-157.229294
2570,49.856000,-8.34736824,-157.750992
2571,49.876000,-8.33212852,-158.133026
2572,49.894000,-8.30825329,-158.482544
2573,49.913000,-8.28844166,-158.864044
2574,49.931000,-8.28183842,-159.020004
2575,49.948000,-8.26608944,-159.23082
2576,49.966000,-8.26253414,-159.452805
2577,49.982000,-8.28437901,-159.916107
2578,50.000000,-8.26355171,-160.418518
2579,50.020000,-8.21478367,-161.171371
2580,50.037000,-8.19852829,-161.830231
2581,50.054000,-8.19801998,-161.830231
2582,50.071000,-8.19801998,-161.83226
2583,50.091000,-8.20411682,-162.003448
2584,50.115000,-8.19446468,-162.302139
2585,50.132000,-8.18989277,-162.73291
2586,50.148000,-8.17617702,-162.876175
2587,50.168000,-8.14417362,-163.551285
2588,50.186000,-8.15382481,-164.106522
2589,50.204000,-8.15128517,-164.164429
2590,50.223000,-8.12944221,-164.623672
2591,50.242000,-8.14112663,-164.955902
2592,50.259000,-8.12588692,-165.398361
2593,50.275000,-8.12588692,-165.397858
2594,50.296000,-8.14366531,-165.733658
2595,50.313000,-8.14010906,-166.245193
2596,50.329000,-8.10709,-166.764908
2597,50.356000,-8.08016586,-167.76265
2598,50.374000,-8.12944221,-168.461136
2599,50.392000,-8.17922592,-169.161652
2600,50.412000,-8.15484428,-169.918076
2601,50.428000,-8.11522102,-170.530228
2602,50.447000,-8.10099697,-171.210449
2603,50.465000,-8.11826897,-171.908447
2604,50.482000,-8.1030302,-172.688248
2605,50.504000,-8.03953075,-173.490372
2606,50.521000,-8.00803566,-174.124863
2607,50.541000,-8.02937222,-175.03418
2608,50.561000,-8.06645489,-175.61586
2609,50.579000,-8.1025219,-176.351959
2610,50.597000,-8.1101408,-176.840683
2611,50.615000,-8.1101408,-176.840683
2612,50.632000,-8.1101408,-176.840683
2613,50.652000,-8.1101408,-176.840683
2614,50.670000,-8.1101408,-176.840683
2615,50.688000,-8.1101408,-176.840683
2616,50.707000,-8.1101408,-176.840683
2617,50.724000,-8.1101408,-176.840683
2618,50.742000,-8.1101408,-176.840683
2619,50.760000,-8.11064911,-176.840683
2620,50.775000,-8.1101408,-176.840683
2621,50.796000,-8.1101408,-176.840683
2622,50.813000,-8.1101408,-176.840683
2623,50.831000,-8.10048866,-177.153107
2624,50.858000,-8.13045883,-178.093933
2625,50.875000,-8.14569759,-178.574493
2626,50.895000,-8.12740803,-179.118546
2627,50.912000,-8.11826324,-179.563553
2628,50.929000,-8.12486744,-180.218369
2629,50.947000,-8.15483952,-180.863525
2630,50.965000,-8.15636444,-181.611801
2631,50.985000,-8.11775684,-182.297089
2632,51.005000,-8.09489632,-183.044373
2633,51.025000,-8.10353279,-183.617401
2634,51.043000,-8.1111517,-184.167068
2635,51.062000,-8.10302353,-184.801559
2636,51.082000,-8.10759544,-185.539703
2637,51.099000,-8.14721775,-186.211807
2638,51.117000,-8.18480873,-186.908279
2639,51.135000,-8.1964922,-187.6073
2640,51.154000,-8.20004749,-188.344437
2641,51.176000,-8.22087383,-189.212616
2642,51.193000,-8.24220943,-189.880127
2643,51.211000,-8.24271679,-190.189011
2644,51.230000,-8.24373341,-190.716293
2645,51.248000,-8.27523041,-191.413284
2646,51.267000,-8.33466625,-192.265182
2647,51.285000,-8.32450676,-192.913391
2648,51.303000,-8.28285313,-193.545837
2649,51.319000,-8.24983311,-194.165085
2650,51.340000,-8.23459244,-195.048996
2651,51.359000,-8.24576855,-195.823685
2652,51.378000,-8.23814869,-196.56842
2653,51.397000,-8.23713303,-197.426437
2654,51.419000,-8.21986198,-198.180817
2655,51.437000,-8.22087765,-198.483078
2656,51.456000,-8.22900391,-199.041885
2657,51.477000,-8.19750881,-199.852631
2658,51.502000,-8.19750881,-199.854156
2659,51.525000,-8.18887234,-200.083786
2660,51.545000,-8.20258904,-200.294098
2661,51.564000,-8.21173286,-200.421097
2662,51.583000,-8.23713303,-201.102829
2663,51.602000,-8.24170589,-201.823166
2664,51.632000,-8.24780083,-202.520615
2665,51.654000,-8.25796032,-203.163757
2666,51.673000,-8.25694561,-203.830261
2667,51.691000,-8.24018192,-204.156891
2668,51.709000,-8.22595882,-204.790375
2669,51.736000,-8.20563889,-205.679871
2670,51.756000,-8.23205471,-206.370773
2671,51.776000,-8.21173668,-207.142441
2672,51.796000,-8.15738297,-207.987259
2673,51.815000,-8.14061928,-208.681686
2674,51.839000,-8.19141769,-209.643341
2675,51.860000,-8.21580124,-210.397186
2676,51.878000,-8.20665741,-211.079956
2677,51.895000,-8.2061491,-211.696152
2678,51.913000,-8.21529388,-212.542465
2679,51.933000,-8.23612213,-213.171875
2680,51.952000,-8.23866177,-213.869858
2681,51.968000,-8.20361042,-214.490631
2682,51.986000,-8.17617989,-215.1866
2683,52.004000,-8.17821217,-215.87645
2684,52.022000,-8.21580315,-216.628769
2685,52.040000,-8.22240734,-217.59552
2686,52.066000,-8.19649982,-218.20462
2687,52.083000,-8.18837261,-218.905136
2688,52.105000,-8.13706589,-219.842911
2689,52.126000,-8.11623859,-220.578522
2690,52.143000,-8.12690735,-221.284149
2691,52.164000,-8.14519501,-222.037506
2692,52.183000,-8.16043472,-222.733459
2693,52.199000,-8.11623859,-223.469528
2694,52.217000,-8.09591866,-224.06897
2695,52.234000,-8.11725521,-224.525162
2696,52.252000,-8.10252285,-224.721252
2697,52.269000,-8.0669632,-225.292252
2698,52.288000,-8.02632332,-225.942993
2699,52.307000,-7.99939966,-226.651657
2700,52.324000,-8.00295544,-227.117996
2701,52.342000,-8.01057529,-227.3405
2702,52.364000,-7.99939919,-227.945496
2703,52.381000,-7.98365164,-228.533249
2704,52.398000,-7.98720789,-229.342972
2705,52.417000,-8.00549412,-229.974396
2706,52.435000,-8.02479744,-230.675949
2707,52.451000,-7.99838209,-231.51059
2708,52.476000,-7.97247505,-232.23143
2709,52.493000,-7.97247553,-233.061478
2710,52.511000,-7.97196722,-233.647705
2711,52.530000,-7.99635029,-234.400589
2712,52.556000,-7.9724741,-235.416061
2713,52.573000,-7.95367813,-236.089188
2714,52.593000,-7.93996191,-236.356903
2715,52.613000,-7.91608667,-236.721664
2716,52.633000,-7.89881516,-237.361221
2717,52.649000,-7.88611555,-237.939819
2718,52.666000,-7.83531523,-238.668808
2719,52.685000,-7.7860384,-239.352066
2720,52.702000,-7.76114702,-240.053101
2721,52.722000,-7.74895477,-240.836426
2722,52.739000,-7.73981142,-241.440964
2723,52.757000,-7.6874876,-242.24968
2724,52.776000,-7.63567114,-242.890793
2725,52.792000,-7.59452343,-243.495285
2726,52.810000,-7.59452343,-243.495789
2727,52.828000,-7.60315943,-243.936249
2728,52.846000,-7.57471085,-244.495575
2729,52.863000,-7.53864288,-245.061478
2730,52.881000,-7.51375198,-245.667526
2731,52.899000,-7.49495602,-246.470169
2732,52.916000,-7.48733616,-247.044205
2733,52.933000,-7.46904802,-247.655319
2734,52.951000,-7.43196392,-248.426453
2735,52.969000,-7.39945269,-249.172211
2736,52.991000,-7.39081669,-249.948944
2737,53.009000,-7.39132547,-250.673843
2738,53.027000,-7.39437342,-251.312927
2739,53.048000,-7.36643362,-252.115067
2740,53.066000,-7.33239794,-252.958359
2741,53.087000,-7.27956629,-253.64772
2742,53.115000,-7.23740292,-254.760773
2743,53.138000,-7.21251106,-255.252518
2744,53.156000,-7.19777918,-255.569992
2745,53.173000,-7.18203211,-256.087646
2746,53.189000,-7.17390394,-256.63681
2747,53.208000,-7.20946312,-257.36322
2748,53.227000,-7.22216272,-258.085144
2749,53.244000,-7.19625425,-258.608917
2750,53.264000,-7.14342165,-259.073212
2751,53.282000,-7.1017642,-259.621338
2752,53.300000,-7.10531998,-260.353851
2753,53.319000,-7.1225915,-260.588043
2754,53.342000,-7.09871626,-261.085937
2755,53.361000,-7.04994678,-261.832214
2756,53.379000,-7.03369093,-262.497192
2757,53.398000,-7.02861071,-263.243958
2758,53.416000,-6.9910183,-264.009003
2759,53.436000,-6.92497826,-264.730347
2760,53.456000,-6.85792208,-265.51416
2761,53.474000,-6.83201456,-266.310669
2762,53.491000,-6.81474304,-266.998535
2763,53.510000,-6.78985119,-267.664032
2764,53.528000,-6.77918291,-268.235474
2765,53.547000,-6.73600245,-269.003601
2766,53.565000,-6.70298386,-269.778809
2767,53.585000,-6.67809296,-270.475311
2768,53.607000,-6.66082144,-271.321106
2769,53.627000,-6.65218544,-272.253296
2770,53.649000,-6.62932587,-272.98584
2771,53.667000,-6.60646582,-273.59845
2772,53.685000,-6.58106661,-274.323944
2773,53.705000,-6.62577057,-275.086487
2774,53.722000,-6.60545015,-275.746399
2775,53.743000,-6.54702997,-276.600342
2776,53.761000,-6.51350164,-277.227753
2777,53.779000,-6.49470568,-277.93338
2778,53.803000,-6.50639057,-278.850891
2779,53.821000,-6.49521494,-279.498596
2780,53.849000,-6.42866611,-280.581177
2781,53.868000,-6.4220624,-281.254303
2782,53.883000,-6.42714262,-281.859863
2783,53.900000,-6.41190243,-282.539551
2784,53.921000,-6.34281445,-283.287354
2785,53.937000,-6.28236246,-283.963531
2786,53.955000,-6.26712227,-284.684875
2787,53.974000,-6.22851467,-285.452972
2788,53.991000,-6.19346333,-286.073242
2789,54.011000,-6.1614604,-286.779907
2790,54.028000,-6.13250399,-287.441833
2791,54.044000,-6.10405636,-288.038239
2792,54.061000,-6.04868364,-288.762604
2793,54.082000,-5.98873949,-289.636902
2794,54.102000,-5.9892478,-290.342529
2795,54.122000,-5.96080065,-291.177155
2796,54.141000,-5.90949297,-291.808624
2797,54.159000,-5.87342501,-292.25415
2798,54.175000,-5.88256931,-292.598022
2799,54.198000,-5.90187359,-293.553589
2800,54.218000,-5.89476204,-294.248016
2801,54.236000,-5.84040594,-294.975494
2802,54.252000,-5.81195879,-295.978302
2803,54.275000,-5.77893972,-297.044617
2804,54.295000,-5.76827192,-298.042847
2805,54.313000,-5.76065207,-299.174103
2806,54.331000,-5.77487564,-300.28006
2807,54.354000,-5.68699121,-301.546509
2808,54.381000,-5.63923931,-302.6539
2809,54.398000,-5.63923931,-302.6539
2810,54.420000,-5.63568354,-302.710266
2811,54.436000,-5.59047222,-303.331055
2812,54.454000,-5.59047222,-303.331055
2813,54.471000,-5.58031225,-303.510895
2814,54.492000,-5.5188446,-303.94931
2815,54.511000,-5.50055647,-305.0354
2816,54.528000,-5.47363281,-305.896484
2817,54.546000,-5.47668123,-306.345551
2818,54.565000,-5.44162989,-307.24118
2819,54.585000,-5.38016176,-308.36084
2820,54.604000,-5.31158161,-309.904144
2821,54.627000,-5.30142117,-311.370758
2822,54.643000,-5.25062132,-312.586914
2823,54.661000,-5.16578627,-314.168274
2824,54.689000,-5.1256547,-316.146912
2825,54.706000,-5.06926632,-317.530731
2826,54.726000,-5.04437399,-319.047638
2827,54.744000,-4.96817398,-320.419739
2828,54.761000,-4.90822935,-321.818298
2829,54.781000,-4.89705372,-323.213776
2830,54.798000,-4.81475735,-324.561462
2831,54.815000,-4.75836992,-325.750183
2832,54.833000,-4.69334555,-327.141113
2833,54.856000,-4.62070131,-328.363373
2834,54.879000,-4.60850906,-328.815979
2835,54.897000,-4.59072924,-329.22699
2836,54.916000,-4.56837749,-330.04129
2837,54.934000,-4.51300526,-331.053192
2838,54.954000,-4.47388887,-332.908417
2839,54.971000,-4.44036007,-334.197723
2840,54.988000,-4.41699219,-335.02121
2841,55.014000,-4.39870548,-335.933075
2842,55.033000,-4.37990952,-336.734192
2843,55.052000,-4.32301235,-338.031616
2844,55.071000,-4.33012438,-338.664093
2845,55.088000,-4.29405642,-339.500763
2846,55.106000,-4.23868418,-341.144653
2847,55.127000,-4.2407155,-342.436005
2848,55.145000,-4.11625576,-344.21048
2849,55.165000,-4.0893321,-345.565308
2850,55.184000,-4.0329442,-346.995819
2851,55.202000,-3.96487212,-348.506592
2852,55.218000,-3.92321658,-349.713135
2853,55.238000,-3.86378074,-351.13858
2854,55.255000,-3.81602883,-352.504059
2855,55.274000,-3.81348896,-353.521057
2856,55.294000,-3.79824901,-354.557404
2857,55.315000,-3.76421285,-355.649139
2858,55.365000,-3.75506854,-357.725861
2859,55.385000,-3.67582059,-359.374847
2860,55.408000,-3.58946085,-361.440399
2861,55.427000,-3.53358078,-362.90799
2862,55.443000,-3.48278093,-363.940247
2863,55.461000,-3.42994905,-365.320953
2864,55.477000,-3.42639303,-365.327057
2865,55.496000,-3.41521692,-366.312103
2866,55.516000,-3.34816122,-367.773071
2867,55.534000,-3.28567719,-368.824615
2868,55.553000,-3.26992941,-369.921417
2869,55.572000,-3.19372964,-371.32196
2870,55.597000,-3.13988137,-373.322449
2871,55.626000,-3.09568548,-375.355438
2872,55.647000,-3.06266546,-376.89978
2873,55.664000,-3.03218508,-377.838531
2874,55.681000,-2.98748112,-378.96225
2875,55.697000,-2.97782922,-380.209351
2876,55.715000,-2.90315318,-381.516937
2877,55.738000,-2.82136488,-383.249207
2878,55.756000,-2.76142097,-384.93222
2879,55.774000,-2.65372515,-386.256592
2880,55.792000,-2.56126904,-387.634308
2881,55.810000,-2.50132489,-388.901764
2882,55.829000,-2.43630075,-389.602295
2883,55.858000,-2.41953659,-390.605103
2884,55.878000,-2.36873698,-391.87149
2885,55.899000,-2.37127686,-393.460541
2886,55.916000,-2.36619687,-394.593872
2887,55.932000,-2.37381673,-396.322083
2888,55.955000,-2.38702464,-397.674377
2889,55.971000,-2.36975288,-399.21817
2890,55.989000,-2.35248065,-400.67868
2891,56.009000,-2.346385,-401.941559
2892,56.027000,-2.26713681,-403.295959
2893,56.045000,-2.18941283,-404.723969
2894,56.064000,-2.09797263,-406.306396
2895,56.080000,-1.9877367,-407.610931
2896,56.099000,-1.93388855,-408.791565
2897,56.118000,-1.83381271,-410.313049
2898,56.140000,-1.75405681,-412.034668
2899,56.160000,-1.68293679,-413.657257
2900,56.182000,-1.64788473,-415.254425
2901,56.200000,-1.62654889,-416.710388
2902,56.218000,-1.605721,-417.742645
2903,56.238000,-1.61181688,-418.610352
2904,56.255000,-1.60724485,-420.046936
2905,56.280000,-1.54831684,-421.778717
2906,56.299000,-1.50970876,-423.702545
2907,56.322000,-1.48786473,-424.33551
2908,56.343000,-1.48583281,-425.092957
2909,56.366000,-1.37356472,-426.57431
2910,56.382000,-1.31260467,-427.798645
2911,56.400000,-1.2521528,-429.194092
2912,56.418000,-1.2054168,-429.91394
2913,56.436000,-1.14242482,-430.992432
2914,56.454000,-1.05962086,-432.209595
2915,56.470000,-0.992564797,-433.523285
2916,56.489000,-0.981896818,-434.042938
2917,56.512000,-0.942780733,-435.519196
2918,56.529000,-0.903664827,-436.420837
2919,56.555000,-0.852356791,-437.917419
2920,56.573000,-0.830512762,-439.133514
2921,56.590000,-0.820860863,-440.484314
2922,56.611000,-0.71672076,-442.046417
2923,56.631000,-0.669984877,-443.746704
2924,56.650000,-0.586672962,-445.101593
2925,56.668000,-0.498281002,-446.48645
2926,56.688000,-0.433764994,-448.150177
2927,56.706000,-0.378392994,-448.899994
2928,56.723000,-0.360104978,-450.06842
2929,56.740000,-0.311844975,-451.537567
2930,56.758000,-0.227008954,-452.818237
2931,56.775000,-0.174684957,-454.224457
2932,56.793000,-0.110168956,-455.542694
2933,56.811000,-0.0781649575,-456.830994
2934,56.830000,-0.0720689595,-458.081726
2935,56.864000,0.02546704,-460.086761
2936,56.883000,0.104207039,-461.601593
2937,56.900000,0.152975023,-462.766418
2938,56.918000,0.19971104,-464.328491
2939,56.937000,0.251019061,-465.759003
2940,56.954000,0.327219039,-466.9086
2941,56.973000,0.378019065,-468.47937
2942,56.991000,0.418659061,-469.76004
2943,57.009000,0.49587509,-471.275879
2944,57.026000,0.544135034,-472.286804
2945,57.043000,0.57258296,-473.002563
2946,57.062000,0.595950961,-473.605591
2947,57.079000,0.625415027,-474.642944
2948,57.096000,0.676214933,-475.776306
2949,57.124000,0.732095063,-477.944489
2950,57.141000,0.775783122,-479.271851
2951,57.159000,0.821502984,-480.952789
2952,57.181000,0.87230289,-482.473755
2953,57.201000,0.909894824,-483.842773
2954,57.226000,0.952566743,-486.012482
2955,57.245000,1.00438261,-487.355164
2956,57.264000,1.09226668,-489.005676
2957,57.284000,1.16643453,-490.298523
2958,57.303000,1.26193857,-492.035828
2959,57.321000,1.33001065,-493.144775
2960,57.337000,1.4351666,-494.804382
2961,57.360000,1.50984263,-496.310089
2962,57.386000,1.61550689,-498.32077
2963,57.410000,1.70237482,-500.324829
2964,57.432000,1.74149084,-500.914612
2965,57.453000,1.81007075,-502.272491
2966,57.473000,1.82480288,-503.539459
2967,57.492000,1.8578229,-505.015686
2968,57.510000,1.86595082,-506.319702
2969,57.528000,1.90913093,-507.911743
2970,57.556000,1.93707085,-510.012756
2971,57.576000,1.99142671,-511.57074
2972,57.597000,2.10217047,-513.079468
2973,57.616000,2.12045884,-514.584106
2974,57.635000,2.18395853,-515.904846
2975,57.651000,2.19716644,-516.231506
2976,57.671000,2.19767451,-516.243713
2977,57.694000,2.23933077,-517.166321
2978,57.712000,2.2779386,-518.02124
2979,57.729000,2.34143829,-519.109375
2980,57.747000,2.4201777,-520.305237
2981,57.769000,2.4775815,-521.474609
2982,57.788000,2.47046924,-522.52417
2983,57.807000,2.44710112,-523.519409
2984,57.825000,2.44202113,-524.596924
2985,57.848000,2.44202113,-524.596924
2986,57.874000,2.44202113,-524.596924
2987,57.908000,2.45472097,-524.944519
2988,57.929000,2.4882493,-525.561707
2989,57.950000,2.49282122,-526.08551
2990,57.969000,2.47910523,-526.738831
2991,57.986000,2.46234107,-527.46228
2992,58.004000,2.45370507,-527.951477
2993,58.021000,2.45421314,-527.975891
2994,58.038000,2.45421314,-527.975891
2995,58.060000,2.47300911,-528.069397
2996,58.082000,2.4994247,-528.193359
2997,58.104000,2.50450468,-528.275635
2998,58.128000,2.51415658,-528.579956
2999,58.149000,2.51466441,-528.83252
3000,58.166000,2.48621631,-529.179016
3001,58.183000,2.47148418,-529.603271
3002,58.203000,2.47148418,-529.603271
3003,58.222000,2.47148418,-529.603271
3004,58.240000,2.47148418,-529.603271
3005,58.257000,2.47250032,-529.58905
3006,58.284000,2.4750402,-529.455017
3007,58.302000,2.48875618,-529.419922
3008,58.318000,2.48672414,-529.446289
3009,58.337000,2.48316789,-529.491089
3010,58.362000,2.46081543,-529.385925
3011,58.385000,2.44659114,-529.244263
3012,58.403000,2.44608307,-529.244263
3013,58.421000,2.45471931,-528.891724
3014,58.440000,2.4694519,-528.319214
3015,58.462000,2.49231243,-527.962036
3016,58.480000,2.50806069,-527.668396
3017,58.500000,2.51009274,-527.58667
3018,58.517000,2.51364875,-527.467834
3019,58.533000,2.52380872,-527.271301
3020,58.553000,2.5090766,-527.100159
3021,58.569000,2.5090766,-527.100159
3022,58.611000,2.53396845,-526.65564
3023,58.628000,2.57968831,-525.976563
3024,58.651000,2.6045804,-525.141479
3025,58.667000,2.60508847,-524.625366
3026,58.684000,2.6122005,-524.563416
3027,58.707000,2.63302851,-524.234741
3028,58.724000,2.68027258,-523.613464
3029,58.745000,2.6655407,-523.126282
3030,58.764000,2.6655407,-523.102417
3031,58.781000,2.66300058,-522.997253
3032,58.801000,2.65944457,-522.2276
3033,58.821000,2.64115644,-521.596191
3034,58.845000,2.64674449,-521.046021
3035,58.864000,2.6665566,-520.23877
3036,58.882000,2.6665566,-520.203735
3037,58.899000,2.6762085,-520.080872
3038,58.930000,2.68890858,-518.871216
3039,58.951000,2.71024442,-518.836182
3040,58.971000,2.7229445,-518.61261
3041,58.987000,2.74174047,-518.126953
3042,59.005000,2.80168462,-517.230347
3043,59.025000,2.85553241,-516.163574
3044,59.046000,2.90785646,-514.934204
3045,59.063000,2.97186399,-513.611328
3046,59.082000,3.01097965,-512.096497
3047,59.109000,3.07752776,-509.819122
3048,59.134000,3.08565569,-509.005798
3049,59.150000,3.11867571,-507.936462
3050,59.169000,3.1074996,-506.90979
3051,59.197000,3.1339159,-505.820648
3052,59.214000,3.14407611,-504.944336
3053,59.231000,3.14712405,-504.172699
3054,59.248000,3.17658782,-503.087616
3055,59.267000,3.22840357,-501.819183
3056,59.286000,3.24008727,-501.316284
3057,59.308000,3.27717137,-500.575165
3058,59.325000,3.30561948,-499.535767
3059,59.344000,3.35641932,-498.089478
3060,59.363000,3.41687131,-496.387695
3061,59.385000,3.41839576,-494.967285
3062,59.437000,3.48189664,-491.238556
3063,59.454000,3.53726864,-489.980225
3064,59.471000,3.5448885,-488.838745
3065,59.488000,3.59416389,-487.478821
3066,59.519000,3.63480425,-485.378265
3067,59.539000,3.66477609,-483.808502
3068,59.560000,3.67188787,-483.208038
3069,59.578000,3.677984,-483.074432
3070,59.599000,3.70592451,-481.835876
3071,59.618000,3.73234057,-480.713684
3072,59.634000,3.80955648,-479.343658
3073,59.653000,3.80803251,-479.217163
3074,59.673000,3.80701661,-478.875763
3075,59.692000,3.84308434,-477.696198
3076,59.714000,3.85273623,-476.450073
3077,59.732000,3.88169217,-475.190247
3078,59.748000,3.91522026,-473.926331
3079,59.765000,3.94112849,-472.635986
3080,59.785000,3.96906877,-471.576782
3081,59.804000,3.97821236,-470.719818
3082,59.822000,3.96703601,-469.423462
3083,59.848000,3.98532391,-467.719635
3084,59.873000,3.96449637,-465.559082
3085,59.895000,3.98837233,-464.228638
3086,59.912000,3.95484447,-462.960693
3087,59.928000,4.00716829,-461.863403
3088,59.945000,4.06914425,-460.632507
3089,59.962000,4.06050825,-460.326202
3090,59.981000,4.10419655,-459.218719
3091,59.999000,4.13924742,-457.918793
3092,60.016000,4.18649101,-456.552246
3093,60.035000,4.23221064,-455.276703
3094,60.052000,4.23627472,-454.669128
3095,60.069000,4.25303841,-454.168762
3096,60.093000,4.26218271,-452.994263
3097,60.116000,4.25913525,-452.394867
3098,60.143000,4.22357559,-450.854614
3099,60.161000,4.22001934,-449.528198
3100,60.179000,4.1539793,-448.100708
3101,60.196000,4.13416719,-446.4151
3102,60.215000,4.13772297,-444.908386
3103,60.234000,4.22001934,-442.898712
3104,60.254000,4.22306728,-442.059509
3105,60.275000,4.26777172,-440.798157
3106,60.294000,4.28656721,-439.249298
3107,60.313000,4.31196642,-437.082214
3108,60.335000,4.31247377,-436.013428
3109,60.364000,4.3373661,-434.118561
3110,60.383000,4.33177805,-433.188385
3111,60.403000,4.33177853,-431.947845
3112,60.421000,4.34905005,-430.332458
3113,60.438000,4.3952775,-428.58136
3114,60.456000,4.48011398,-427.059875
3115,60.477000,4.49230576,-426.682922
3116,60.495000,4.51313353,-426.065704
3117,60.513000,4.56748962,-424.205902
3118,60.535000,4.5659647,-423.26355
3119,60.554000,4.61981297,-421.693298
3120,60.571000,4.66705704,-419.966064
3121,60.592000,4.71633339,-417.922394
3122,60.616000,4.77830887,-415.047089
3123,60.637000,4.78948498,-413.057251
3124,60.653000,4.80218554,-412.446136
3125,60.671000,4.82707787,-411.535828
3126,60.690000,4.81132984,-409.301636
3127,60.706000,4.79863024,-407.456604
3128,60.724000,4.81895018,-405.504364
3129,60.744000,4.81183815,-403.779205
3130,60.765000,4.81641006,-402.208984
3131,60.783000,4.8524785,-400.526459
3132,60.800000,4.87889481,-399.555664
3133,60.818000,4.91496277,-397.884338
3134,60.840000,4.98303556,-396.191162
3135,60.864000,5.07549191,-393.566833
3136,60.884000,5.1120677,-391.842163
3137,60.903000,5.1491518,-390.257202
3138,60.922000,5.1857276,-388.207947
3139,60.940000,5.28935909,-386.004791
3140,60.964000,5.31679201,-384.395447
3141,60.982000,5.35692406,-383.087402
3142,61.001000,5.39349985,-381.08844
3143,61.023000,5.44125175,-379.004089
3144,61.041000,5.4356637,-377.936768
3145,61.060000,5.46512699,-376.395508
3146,61.077000,5.47985888,-376.069855
3147,61.103000,5.59111071,-372.890289
3148,61.130000,5.67747068,-369.985016
3149,61.151000,5.68864727,-367.968292
3150,61.169000,5.68864727,-367.931702
3151,61.188000,5.73843098,-366.481873
3152,61.205000,5.754179,-363.996704
3153,61.227000,5.75671911,-362.668274
3154,61.245000,5.77449894,-362.239532
3155,61.262000,5.80751848,-360.864899
3156,61.278000,5.81361485,-359.502991
3157,61.299000,5.87914705,-358.31427
3158,61.316000,5.96245956,-356.48291
3159,61.334000,6.03307152,-355.62439
3160,61.365000,6.11536694,-353.62085
3161,61.383000,6.19563007,-351.653351
3162,61.401000,6.2413497,-349.656952
3163,61.418000,6.24592161,-347.635651
3164,61.436000,6.29418087,-345.409027
3165,61.455000,6.33126497,-343.428802
3166,61.474000,6.36072826,-341.331299
3167,61.491000,6.42524385,-339.406494
3168,61.508000,6.48823547,-337.436462
3169,61.528000,6.61371231,-335.278961
3170,61.546000,6.68229198,-333.281525
3171,61.563000,6.74172783,-331.693024
3172,61.582000,6.79201937,-329.230743
3173,61.602000,6.78490734,-327.2724
3174,61.622000,6.78236818,-324.792847
3175,61.641000,6.75798512,-322.78418
3176,61.662000,6.77119207,-320.631348
3177,61.680000,6.80675173,-318.38147
3178,61.697000,6.82757998,-316.407898
3179,61.716000,6.89565182,-314.483582
3180,61.735000,6.96677208,-312.251923
3181,61.753000,7.05160761,-310.251923
3182,61.772000,7.11764717,-308.324585
3183,61.790000,7.1618433,-306.359161
3184,61.807000,7.21213579,-304.347961
3185,61.827000,7.26344395,-302.108185
3186,61.844000,7.29798746,-300.330719
3187,61.869000,7.35843897,-297.197876
3188,61.889000,7.40060234,-295.000275
3189,61.908000,7.43463802,-292.934753
3190,61.926000,7.47222996,-290.75238
3191,61.945000,7.49458218,-289.030243
3192,61.972000,7.54995441,-286.023376
3193,61.993000,7.54792261,-283.85675
3194,62.012000,7.58551455,-281.932434
3195,62.031000,7.60583401,-281.14859
3196,62.049000,7.59415054,-279.37616
3197,62.067000,7.60329437,-277.54837
3198,62.089000,7.63225079,-274.703094
3199,62.114000,7.66171408,-272.286591
3200,62.132000,7.69981432,-270.285553
3201,62.150000,7.74604273,-268.386169
3202,62.166000,7.791255,-266.590881
3203,62.184000,7.93603516,-261.830444
3204,62.229000,8.00969505,-259.337738
3205,62.249000,8.02188683,-257.710083
3206,62.267000,8.07268524,-255.745132
3207,62.285000,8.07370186,-253.821838
3208,62.306000,8.08436871,-251.725342
3209,62.323000,8.10925961,-250.359848
3210,62.343000,8.16107464,-248.506699
3211,62.366000,8.23930454,-245.906265
3212,62.383000,8.28502274,-243.898636
3213,62.402000,8.3312521,-241.81076
3214,62.421000,8.3449688,-239.618713
3215,62.440000,8.36630344,-237.813797
3216,62.458000,8.35919094,-235.863602
3217,62.477000,8.34344292,-233.592819
3218,62.495000,8.36173153,-231.555237
3219,62.513000,8.35157204,-229.600449
3220,62.532000,8.38103676,-227.459229
3221,62.550000,8.40694427,-226.074936
3222,62.569000,8.41710281,-224.468643
3223,62.589000,8.46231556,-222.315247
3224,62.612000,8.47044277,-220.017059
3225,62.628000,8.52632141,-218.445816
3226,62.646000,8.550704,-216.67189
3227,62.665000,8.58778763,-214.751648
3228,62.682000,8.59845543,-213.131622
3229,62.701000,8.57407188,-211.470459
3230,62.719000,8.62030029,-209.606598
3231,62.744000,8.70767403,-207.434387
3232,62.762000,8.73104191,-205.88652
3233,62.781000,8.78742981,-204.216721
3234,62.798000,8.83873749,-202.31424
3235,62.816000,8.86362839,-200.81868
3236,62.834000,8.93271732,-198.773483
3237,62.871000,8.98199177,-195.71785
3238,62.889000,9.02059937,-194.111526
3239,62.913000,9.00840855,-192.431564
3240,62.930000,9.01856709,-191.228119
3241,62.948000,9.01348782,-189.913925
3242,62.967000,9.03228569,-188.436142
3243,62.985000,9.05870247,-187.832138
3244,63.003000,9.05870247,-187.832138
3245,63.023000,9.06530666,-187.722916
3246,63.039000,9.06886292,-187.567459
3247,63.056000,9.06886292,-187.566956
3248,63.073000,9.06987858,-187.486176
3249,63.093000,9.03025532,-186.961411
3250,63.112000,9.02314281,-186.816635
3251,63.130000,9.03889084,-186.083069
3252,63.148000,9.05158901,-185.135635
3253,63.167000,9.02314091,-184.696701
3254,63.185000,9.00028133,-184.125229
3255,63.202000,8.97894669,-183.315994
3256,63.221000,8.99520302,-182.340607
3257,63.239000,8.99672699,-181.465851
3258,63.256000,9.02517509,-180.589523
3259,63.272000,9.06784725,-179.569458
3260,63.291000,9.08918285,-178.557526
3261,63.310000,9.09832668,-177.465332
3262,63.330000,9.15725327,-176.685547
3263,63.355000,9.19078159,-176.101852
3264,63.373000,9.19941711,-175.538452
3265,63.392000,9.15573025,-174.892288
3266,63.410000,9.12372684,-174.319275
3267,63.426000,9.12728214,-173.739655
3268,63.443000,9.16081047,-173.088882
3269,63.463000,9.17046356,-172.412231
3270,63.481000,9.15725613,-171.710678
3271,63.498000,9.14709759,-171.136627
3272,63.515000,9.13541222,-170.449295
3273,63.531000,9.11966515,-169.841736
3274,63.549000,9.12068081,-169.17218
3275,63.569000,9.14862061,-168.44014
3276,63.588000,9.1912899,-167.848328
3277,63.607000,9.17300224,-167.427704
3278,63.629000,9.11864567,-167.014694
3279,63.646000,9.12525082,-166.771881
3280,63.662000,9.1272831,-166.543793
3281,63.680000,9.13490295,-166.296875
3282,63.699000,9.17859173,-166.130264
3283,63.715000,9.17859173,-166.032211
3284,63.733000,9.2227869,-165.704559
3285,63.751000,9.24209023,-165.340836
3286,63.768000,9.23904133,-164.982697
3287,63.786000,9.19586277,-164.582901
3288,63.802000,9.17198658,-164.290817
3289,63.820000,9.16589069,-163.998718
3290,63.841000,9.17351151,-163.858002
3291,63.864000,9.18570232,-163.744705
3292,63.881000,9.18316078,-163.766556
3293,63.899000,9.17147827,-163.867142
3294,63.917000,9.17147827,-163.988037
3295,63.937000,9.16385937,-164.057129
3296,63.956000,9.16284275,-164.070328
3297,63.973000,9.16843033,-164.047485
3298,63.998000,9.16944695,-164.005859
3299,64.017000,9.17147923,-163.986557
3300,64.037000,9.21110344,-164.048508
3301,64.059000,9.20449924,-164.275589
3302,64.078000,9.1831646,-164.627136
3303,64.099000,9.1552248,-165.101608
3304,64.119000,9.16335297,-165.605057
3305,64.136000,9.15928841,-165.946457
3306,64.153000,9.13287354,-166.262939
3307,64.171000,9.12880993,-166.347763
3308,64.188000,9.14455891,-166.642944
3309,64.206000,9.20145416,-166.896439
3310,64.222000,9.25784206,-167.230209
3311,64.242000,9.26342964,-167.572617
3312,64.258000,9.25072956,-167.878952
3313,64.275000,9.26088905,-168.292969
3314,64.295000,9.27003288,-168.638901
3315,64.312000,9.28527355,-168.987396
3316,64.337000,9.31829357,-169.435928
3317,64.355000,9.32083321,-169.669601
3318,64.373000,9.31981659,-169.850967
3319,64.391000,9.30305195,-170.180145
3320,64.411000,9.2964468,-170.513412
3321,64.430000,9.29492378,-170.869507
3322,64.448000,9.2959404,-171.214966
3323,64.465000,9.30305195,-171.436447
3324,64.484000,9.30203724,-171.485199
3325,64.502000,9.31118202,-171.624908
3326,64.518000,9.34267807,-171.903809
3327,64.536000,9.37518883,-172.228409
3328,64.553000,9.3904295,-172.565704
3329,64.570000,9.40109634,-172.906067
3330,64.595000,9.37925339,-173.422729
3331,64.619000,9.35639477,-173.847427
3332,64.638000,9.37214279,-174.198944
3333,64.657000,9.38585854,-174.318314
3334,64.675000,9.39550972,-174.564697
3335,64.693000,9.41430569,-174.89389
3336,64.712000,9.44376945,-175.239334
3337,64.731000,9.47323418,-175.620834
3338,64.748000,9.47780609,-175.929687
3339,64.766000,9.47171116,-176.31987
3340,64.786000,9.45443916,-176.628235
3341,64.802000,9.43818283,-176.762344
3342,64.820000,9.42345142,-177.046295
3343,64.839000,9.44021416,-177.337891
3344,64.856000,9.45342064,-177.657928
3345,64.875000,9.46764374,-178.048584
3346,64.893000,9.49050522,-178.415375
3347,64.910000,9.50422287,-178.73082
3348,64.928000,9.49050617,-179.035095
3349,64.948000,9.46612263,-179.480103
3350,64.966000,9.46663094,-179.479599
3351,64.983000,9.45748806,-179.690445
3352,65.007000,9.43818378,-180.03537
3353,65.024000,9.43005753,-180.382858
3354,65.041000,9.43666172,-180.691711
3355,65.060000,9.45494938,-181.052399
3356,65.077000,9.46612453,-181.401398
3357,65.093000,9.46866512,-181.557358
3358,65.113000,9.48136425,-181.839813
3359,65.130000,9.48034763,-182.16037
3360,65.148000,9.47831631,-182.482422
3361,65.165000,9.48593616,-182.763855
3362,65.182000,9.48542786,-183.041733
3363,65.199000,9.5067625,-183.441513
3364,65.218000,9.52708244,-183.834732
3365,65.235000,9.5453701,-184.147156
3366,65.252000,9.57940578,-184.561142
3367,65.279000,9.59108925,-185.024475
3368,65.297000,9.61648846,-185.394272
3369,65.317000,9.64595222,-185.714798
3370,65.337000,9.67490959,-186.053131
3371,65.356000,9.67440224,-186.157791
3372,65.374000,9.6718626,-186.412277
3373,65.392000,9.67084599,-186.693207
3374,65.413000,9.66475105,-186.796844
3375,65.433000,9.67440319,-186.857803
3376,65.453000,9.70081902,-187.051865
3377,65.475000,9.70081902,-187.051865
3378,65.494000,9.70081902,-187.051865
3379,65.512000,9.70081902,-187.051865
3380,65.529000,9.70843887,-187.078796
3381,65.550000,9.70843887,-187.078796
3382,65.568000,9.70843887,-187.078796
3383,65.587000,9.70843887,-187.078796
3384,65.610000,9.7069149,-187.118927
3385,65.635000,9.75466537,-187.341415
3386,65.652000,9.75466537,-187.341415
3387,65.671000,9.81054401,-187.567993
3388,65.689000,9.81765556,-187.614731
3389,65.706000,9.81765556,-187.615234
3390,65.725000,9.81816387,-187.615234
3391,65.742000,9.81816387,-187.615234
3392,65.760000,9.81816387,-187.615234
3393,65.785000,9.82984829,-187.726486
3394,65.805000,9.83188057,-187.746292
3395,65.824000,9.83950138,-187.798111
3396,65.847000,9.83899307,-187.798111
3397,65.875000,9.84305668,-187.818436
3398,65.907000,9.85372543,-188.00946
3399,65.927000,9.85372543,-188.00946
3400,65.943000,9.84305763,-188.089722
3401,65.963000,9.83340549,-188.311737
3402,65.981000,9.84305763,-188.586594
3403,65.998000,9.86236191,-188.895447
3404,66.015000,9.86286926,-189.111847
3405,66.032000,9.86286926,-189.111847
3406,66.050000,9.86693287,-189.187546
3407,66.068000,9.87150574,-189.254089
3408,66.087000,9.87506199,-189.323166
3409,66.114000,9.87506199,-189.335358
3410,66.131000,9.88115788,-189.398346
3411,66.149000,9.87861824,-189.580215
3412,66.175000,9.85677433,-190.012024
3413,66.191000,9.84255123,-190.340179
3414,66.210000,9.84102726,-190.746094
3415,66.233000,9.84661579,-190.884262
3416,66.254000,9.86083889,-191.175323
3417,66.274000,9.87049007,-191.324661
3418,66.292000,9.86744213,-191.623871
3419,66.309000,9.87607765,-191.914413
3420,66.330000,9.86896515,-192.285751
3421,66.351000,9.84204197,-192.5672
3422,66.373000,9.81410217,-192.807983
3423,66.390000,9.79378319,-192.955292
3424,66.410000,9.78311539,-193.28244
3425,66.428000,9.79632282,-193.612122
3426,66.446000,9.83543968,-193.983994
3427,66.464000,9.8542347,-194.200394
3428,66.482000,9.86337852,-194.278137
3429,66.498000,9.88115692,-194.595139
3430,66.518000,9.87099552,-194.981735
3431,66.537000,9.84965897,-195.345978
3432,66.554000,9.83289528,-195.677704
3433,66.574000,9.82070351,-196.020096
3434,66.592000,9.80495644,-196.253281
3435,66.611000,9.78565216,-196.584
3436,66.636000,9.80140018,-196.739975
3437,66.654000,9.83390999,-197.064072
3438,66.671000,9.85016632,-197.400864
3439,66.690000,9.85880184,-197.728012
3440,66.707000,9.85016537,-198.054672
3441,66.726000,9.84813213,-198.439728
3442,66.744000,9.85371971,-198.763321
3443,66.760000,9.85930824,-199.092545
3444,66.777000,9.86489582,-199.447144
3445,66.797000,9.90705872,-199.883499
3446,66.816000,9.94312572,-200.250259
3447,66.833000,9.96446228,-200.573853
3448,66.866000,9.97411442,-201.212921
3449,66.884000,9.97868729,-201.557861
3450,66.902000,9.98072052,-201.881958
3451,66.921000,9.97818089,-202.261429
3452,66.939000,9.98122787,-202.597229
3453,66.960000,9.97919559,-202.985352
3454,66.978000,9.99443722,-203.371948
3455,66.998000,10.0178041,-203.723999
3456,67.016000,10.0538712,-204.120239
3457,67.034000,10.0797806,-204.394592
3458,67.053000,10.1031485,-204.603882
3459,67.071000,10.1244831,-204.893448
3460,67.087000,10.1361675,-205.154053
3461,67.112000,10.1625843,-205.614792
3462,67.131000,10.1803646,-205.961258
3463,67.148000,10.1656332,-206.278748
3464,67.169000,10.1514101,-206.669907
3465,67.193000,10.1798563,-207.162674
3466,67.210000,10.2037306,-207.518784
3467,67.229000,10.219985,-207.873367
3468,67.249000,10.2479248,-208.259964
3469,67.266000,10.2692604,-208.634872
3470,67.285000,10.2875471,-208.956436
3471,67.302000,10.2966919,-209.293259
3472,67.319000,10.2951679,-209.617859
3473,67.341000,10.2753553,-210.066483
3474,67.360000,10.2591,-210.26358
3475,67.379000,10.2692604,-210.467789
3476,67.397000,10.2707853,-210.776138
3477,67.417000,10.2941532,-211.099731
3478,67.438000,10.3383493,-211.548828
3479,67.458000,10.3647633,-211.897827
3480,67.479000,10.3876228,-212.356567
3481,67.497000,10.4099731,-212.746201
3482,67.517000,10.4079409,-213.059113
3483,67.537000,10.3952417,-213.458374
3484,67.555000,10.3855896,-213.794159
3485,67.574000,10.3876228,-214.124863
3486,67.599000,10.4069262,-214.653183
3487,67.619000,10.4450264,-215.045853
3488,67.638000,10.4633141,-215.400955
3489,67.655000,10.4541693,-215.786545
3490,67.671000,10.4465494,-216.103027
3491,67.690000,10.453661,-216.426117
3492,67.709000,10.4734735,-216.49469
3493,67.726000,10.4704256,-216.608475
3494,67.743000,10.4612827,-216.99353
3495,67.763000,10.4704256,-217.338959
3496,67.781000,10.485158,-217.493896
3497,67.799000,10.5003967,-217.617844
3498,67.820000,10.5263042,-218.003403
3499,67.840000,10.5374804,-218.23558
3500,67.866000,10.5522118,-218.696823
3501,67.884000,10.5598326,-219.043304
3502,67.901000,10.5654192,-219.363312
3503,67.919000,10.5801506,-219.645767
3504,67.938000,10.5964069,-219.862701
3505,67.962000,10.6218061,-220.438248
3506,67.979000,10.6517773,-220.962006
3507,68.001000,10.6995287,-221.643768
3508,68.018000,10.7147694,-222.373764
3509,68.036000,10.7467747,-223.05957
3510,68.054000,10.7930031,-223.760117
3511,68.070000,10.8468494,-224.483505
3512,68.089000,10.8879967,-225.16626
3513,68.108000,10.902729,-225.955688
3514,68.131000,10.9332085,-226.783249
3515,68.149000,10.9377813,-227.540161
3516,68.167000,10.9428616,-228.111145
3517,68.186000,11.0033112,-228.889404
3518,68.203000,11.0637627,-229.659042
3519,68.220000,11.1038933,-230.493683
3520,68.237000,11.1485968,-231.556946
3521,68.257000,11.1806002,-232.433746
3522,68.277000,11.1938076,-233.443161
3523,68.297000,11.1963472,-234.506424
3524,68.313000,11.2308893,-235.48027
3525,68.331000,11.2532415,-236.568924
3526,68.356000,11.2430801,-237.777969
3527,68.374000,11.2364769,-239.32077
3528,68.458000,11.4046221,-242.930038
3529,68.477000,11.4401827,-243.898788
3530,68.495000,11.5026655,-245.037231
3531,68.512000,11.577343,-246.160431
3532,68.531000,11.6123943,-246.797974
3533,68.549000,11.6642094,-247.865265
3534,68.569000,11.7338047,-249.144409
3535,68.596000,11.8247375,-250.585098
3536,68.620000,11.9491968,-252.100937
3537,68.643000,12.0274286,-253.810364
3538,68.659000,12.0899124,-255.322662
3539,68.679000,12.1336002,-257.006683
3540,68.702000,12.2001476,-258.713043
3541,68.723000,12.2885408,-260.564209
3542,68.740000,12.3439112,-261.99115
3543,68.758000,12.3865833,-263.636566
3544,68.776000,12.4831047,-265.159027
3545,68.793000,12.5526991,-266.813049
3546,68.811000,12.6466789,-268.712433
3547,68.830000,12.7543755,-270.395935
3548,68.850000,12.8427668,-272.199341
3549,68.870000,12.937253,-274.328857
3550,68.889000,13.0114193,-276.104828
3551,68.906000,13.0556135,-277.591766
3552,68.926000,13.1368942,-279.346405
3553,68.944000,13.2958984,-284.491913
3554,68.990000,13.3238373,-286.442596
3555,69.008000,13.3629513,-288.3862
3556,69.026000,13.4828415,-290.556885
3557,69.044000,13.5742846,-292.617889
3558,69.062000,13.6697893,-294.362335
3559,69.079000,13.7937412,-296.385193
3560,69.108000,13.9044876,-298.600098
3561,69.133000,14.0838118,-301.372284
3562,69.152000,14.1630602,-303.240723
3563,69.170000,14.1970959,-304.428955
3564,69.189000,14.2824392,-306.417755
3565,69.206000,14.3398438,-308.4935
3566,69.224000,14.4394121,-310.54126
3567,69.242000,14.4724321,-311.196594
3568,69.263000,14.5684433,-313.636536
3569,69.281000,14.6695366,-315.716278
3570,69.299000,14.7919655,-317.991669
3571,69.320000,14.8823891,-320.33255
3572,69.339000,14.9585886,-322.054687
3573,69.356000,14.9519844,-322.756714
3574,69.384000,15.0546017,-325.97641
3575,69.403000,15.1013374,-327.980438
3576,69.419000,15.1907454,-329.984467
3577,69.439000,15.2918377,-332.229828
3578,69.459000,15.3924227,-334.53418
3579,69.478000,15.4782743,-336.567719
3580,69.497000,15.6052752,-338.612915
3581,69.514000,15.7002716,-340.642883
3582,69.539000,15.7114468,-342.347168
3583,69.557000,15.7114468,-342.347168
3584,69.573000,15.697731,-342.362396
3585,69.601000,15.7023029,-342.694122
3586,69.619000,15.7891712,-344.265381
3587,69.638000,15.9248085,-346.438599
3588,69.656000,16.1026077,-348.834839
3589,69.676000,16.2148762,-350.983673
3590,69.696000,16.2600861,-352.258759
3591,69.713000,16.3312035,-353.893463
3592,69.731000,16.3530464,-355.622192
3593,69.754000,16.3952084,-358.031647
3594,69.774000,16.4312763,-359.991516
3595,69.794000,16.4439754,-362.1185
3596,69.813000,16.5039177,-363.422058
3597,69.832000,16.5740185,-365.842194
3598,69.856000,16.6522484,-367.431213
3599,69.880000,16.7822952,-369.576996
3600,69.900000,16.8300476,-370.188141
3601,69.920000,16.934185,-372.373077
3602,69.938000,16.9727936,-373.775635
3603,69.956000,17.0434074,-376.097229
3604,69.975000,17.1404362,-377.572449
3605,69.992000,17.1500854,-378.805878
3606,70.010000,17.1876774,-380.151031
3607,70.034000,17.2801323,-382.573608
3608,70.053000,17.3771591,-384.350616
3609,70.072000,17.4914589,-385.67804
3610,70.089000,17.6042347,-387.652069
3611,70.113000,17.7256432,-389.634796
3612,70.131000,17.7398663,-389.759796
3613,70.149000,17.7479954,-389.823303
3614,70.166000,17.7876205,-390.187531
3615,70.186000,17.8297844,-390.942932
3616,70.203000,17.8851566,-392.349548
3617,70.222000,17.9826889,-394.69754
3618,70.241000,18.0792084,-396.69043
3619,70.261000,18.1935062,-398.955627
3620,70.282000,18.3017082,-401.250793
3621,70.300000,18.4271832,-403.467224
3622,70.318000,18.5338631,-405.000366
3623,70.341000,18.5917759,-406.024506
3624,70.363000,18.6959133,-407.74411
3625,70.403000,18.8046265,-412.083984
3626,70.434000,18.9052048,-415.873169
3627,70.454000,18.9681969,-417.922455
3628,70.473000,19.0753822,-420.296356
3629,70.491000,19.1978092,-422.007812
3630,70.509000,19.3644314,-424.743927
3631,70.568000,19.7271385,-431.057892
3632,70.596000,19.8642979,-434.228363
3633,70.621000,20.0029812,-439.287994
3634,70.658000,20.100008,-441.611023
3635,70.678000,20.160965,-443.745117
3636,70.697000,20.2930431,-446.283112
3637,70.717000,20.3494282,-448.660522
3638,70.737000,20.39921,-450.833221
3639,70.754000,20.4540749,-452.669128
3640,70.771000,20.4759178,-454.696594
3641,70.791000,20.5180817,-457.018188
3642,70.820000,20.559227,-460.707245
3643,70.849000,20.6354237,-463.657684
3644,70.870000,20.6679325,-466.089996
3645,70.888000,20.747179,-468.154572
3646,70.905000,20.807127,-470.214478
3647,70.924000,20.8833275,-472.314514
3648,70.942000,20.9651146,-474.519745
3649,70.959000,21.0524902,-476.884003
3650,70.980000,21.0890656,-477.672394
3651,70.998000,21.1449432,-479.430634
3652,71.018000,21.2221584,-481.683136
3653,71.035000,21.2602577,-484.046844
3654,71.056000,21.3349342,-486.163177
3655,71.075000,21.4345016,-488.759583
3656,71.107000,21.6194134,-492.453247
3657,71.124000,21.6991673,-494.278503
3658,71.143000,21.8170204,-497.001892
3659,71.162000,21.8825493,-498.881042
3660,71.179000,21.9572239,-500.669708
3661,71.197000,22.0344391,-502.254639
3662,71.223000,22.1385765,-504.911987
3663,71.241000,22.2122326,-507.25946
3664,71.261000,22.1721001,-508.64682
3665,71.280000,22.228487,-510.6763
3666,71.297000,22.2609978,-512.102783
3667,71.314000,22.3275433,-513.481079
3668,71.332000,22.3432922,-515.27179
3669,71.355000,22.4606361,-517.744324
3670,71.372000,22.5652828,-519.57196
3671,71.392000,22.603384,-519.987488
3672,71.409000,22.7090435,-521.580444
3673,71.427000,22.7613678,-523.317261
3674,71.446000,22.7903233,-525.434509
3675,71.467000,22.7877846,-526.977722
3676,71.486000,22.8141994,-528.992981
3677,71.507000,22.8665237,-530.138
3678,71.525000,22.9086857,-531.844971
3679,71.545000,22.9584694,-533.442139
3680,71.561000,22.9864082,-534.264038
3681,71.579000,22.9864082,-534.264038
3682,71.613000,23.0407619,-535.798279
3683,71.632000,23.1459198,-537.337585
3684,71.652000,23.2947636,-539.037842
3685,71.673000,23.329813,-539.997864
3686,71.690000,23.331337,-540.073059
3687,71.707000,23.3587666,-540.789856
3688,71.728000,23.4085484,-541.730286
3689,71.745000,23.4750957,-542.68689
3690,71.764000,23.5070972,-543.856262
3691,71.782000,23.4959221,-544.709778
3692,71.802000,23.4375057,-545.969177
3693,71.824000,23.3968678,-546.809937
3694,71.843000,23.398901,-547.783203
3695,71.864000,23.4029636,-548.406006
3696,71.887000,23.444109,-549.090271
3697,71.905000,23.478653,-549.704834
3698,71.925000,23.5015125,-549.991821
3699,71.944000,23.5137043,-550.245789
3700,71.961000,23.5431671,-550.794434
3701,71.983000,23.566534,-551.542114
3702,72.002000,23.6000595,-552.128906
3703,72.020000,23.5858345,-552.312805
3704,72.039000,23.5858345,-552.312805
3705,72.056000,23.5858345,-552.312805
3706,72.076000,23.5939617,-552.345825
3707,72.097000,23.6432362,-552.58667
3708,72.121000,23.6584759,-553.068359
3709,72.140000,23.6559372,-553.421997
3710,72.167000,23.666605,-553.894958
3711,72.187000,23.6513653,-553.93103
3712,72.212000,23.6513653,-553.93103
3713,72.234000,23.6579704,-553.893921
3714,72.252000,23.6600037,-553.874146
3715,72.280000,23.6681309,-553.854431
3716,72.299000,23.6655903,-553.868713
3717,72.317000,23.6564465,-553.9104
3718,72.337000,23.6310482,-553.891052
3719,72.368000,23.6020947,-553.776184
3720,72.388000,23.6020947,-553.776184
3721,72.407000,23.5985374,-553.481384
3722,72.426000,23.6066628,-553.116089
3723,72.452000,23.6219025,-552.983521
3724,72.470000,23.6203785,-552.701599
3725,72.492000,23.5604382,-552.386658
3726,72.511000,23.5497704,-552.281006
3727,72.530000,23.5929508,-551.997131
3728,72.548000,23.6086979,-551.908813
3729,72.566000,23.6086979,-551.908813
3730,72.585000,23.6346054,-551.653809
3731,72.606000,23.6381626,-551.308899
3732,72.628000,23.6264801,-550.53418
3733,72.656000,23.6437511,-550.093811
3734,72.680000,23.7042007,-549.469055
3735,72.698000,23.7478886,-548.695801
3736,72.720000,23.7936096,-548.232483
3737,72.741000,23.7936096,-548.232483
3738,72.758000,23.8007221,-548.135986
3739,72.777000,23.8169785,-547.298279
3740,72.798000,23.8301888,-546.830383
3741,72.816000,23.8362846,-546.676941
3742,72.841000,23.8652401,-545.598999
3743,72.863000,23.8952122,-544.452942
3744,72.881000,23.8637142,-543.302307
3745,72.903000,23.8662548,-542.411743
3746,72.925000,23.8662548,-541.822449
3747,72.944000,23.8677788,-541.640564
3748,72.968000,23.8718433,-541.631958
3749,72.986000,23.8687954,-540.931458
3750,73.007000,23.9328041,-539.148865
3751,73.027000,23.9734421,-538.002869
3752,73.046000,24.0572624,-536.31134
3753,73.064000,24.084692,-535.765259
3754,73.083000,24.117712,-535.018921
3755,73.106000,24.1553059,-533.681885
3756,73.125000,24.1659737,-532.369751
3757,73.144000,24.235569,-530.554626
3758,73.166000,24.2939873,-529.150452
3759,73.185000,24.2985592,-529.00769
3760,73.204000,24.3031311,-528.792847
3761,73.222000,24.3163395,-527.503052
3762,73.248000,24.4179344,-524.968628
3763,73.271000,24.4758472,-523.333374
3764,73.289000,24.5296917,-521.666626
3765,73.307000,24.567791,-519.734619
3766,73.326000,24.6160488,-518.052124
3767,73.344000,24.6475468,-516.298035
3768,73.363000,24.7039356,-514.770996
3769,73.383000,24.7257805,-513.088013
3770,73.400000,24.737463,-511.276947
3771,73.418000,24.7313652,-509.508087
3772,73.438000,24.7867355,-507.950012
3773,73.454000,24.787241,-506.784119
3774,73.472000,24.859375,-505.286011
3775,73.490000,24.9071255,-503.699036
3776,73.513000,24.9736729,-502.502197
3777,73.533000,24.9934845,-501.667542
3778,73.550000,24.9934845,-501.667542
3779,73.568000,24.9945011,-501.025421
3780,73.589000,25.0752735,-499.697479
3781,73.611000,25.1301384,-497.526276
3782,73.627000,25.2027798,-495.943848
3783,73.647000,25.2596741,-493.950928
3784,73.668000,25.3231735,-492.423401
3785,73.684000,25.3932743,-490.870972
3786,73.702000,25.4527073,-489.004089
3787,73.723000,25.4892826,-487.541107
3788,73.749000,25.4989338,-485.663544
3789,73.772000,25.5461788,-483.793518
3790,73.789000,25.5654831,-482.830383
3791,73.807000,25.6040897,-481.172241
3792,73.826000,25.6960373,-479.361206
3793,73.864000,25.8387814,-476.20752
3794,73.883000,25.8717995,-474.75415
3795,73.906000,25.9998131,-472.178528
3796,73.927000,26.0450211,-470.517853
3797,73.945000,26.1257935,-468.708405
3798,73.963000,26.1516991,-467.906281
3799,73.981000,26.1979275,-466.989868
3800,73.997000,26.2924118,-465.249939
3801,74.017000,26.3376217,-464.663177
3802,74.035000,26.3655605,-464.214081
3803,74.055000,26.4321079,-463.06958
3804,74.075000,26.5123692,-461.162567
3805,74.096000,26.629715,-459.138672
3806,74.119000,26.706419,-457.145294
3807,74.138000,26.7709332,-455.359161
3808,74.155000,26.831892,-454.547394
3809,74.173000,26.8704987,-452.686554
3810,74.195000,26.8933563,-450.911102
3811,74.216000,26.9278984,-450.177032
3812,74.234000,26.9202766,-448.724213
3813,74.251000,26.9294205,-447.891113
3814,74.269000,26.9375458,-446.409302
3815,74.288000,26.9644699,-444.995544
3816,74.305000,26.9837723,-443.333893
3817,74.322000,27.0162868,-441.835297
3818,74.344000,27.0777531,-439.638153
3819,74.363000,27.0615005,-437.80426
3820,74.384000,27.0853767,-436.475311
3821,74.401000,27.0843601,-435.306915
3822,74.418000,27.0879154,-433.707184
3823,74.439000,27.0736923,-432.182678
3824,74.462000,27.0742016,-430.396027
3825,74.481000,27.1036644,-428.955811
3826,74.497000,27.1473503,-427.308868
3827,74.520000,27.2123737,-424.897919
3828,74.540000,27.2453918,-423.054871
3829,74.557000,27.2042427,-421.849457
3830,74.579000,27.2194824,-421.370422
3831,74.598000,27.2220211,-420.6008
3832,74.615000,27.2646923,-419.048859
3833,74.633000,27.3185387,-417.498505
3834,74.653000,27.3723831,-415.706177
3835,74.670000,27.4084492,-413.823547
3836,74.691000,27.4440079,-412.015076
3837,74.711000,27.4876919,-410.444855
3838,74.729000,27.5303612,-408.76947
3839,74.746000,27.5684586,-407.557892
3840,74.764000,27.5776024,-406.69223
3841,74.789000,27.5699825,-406.632782
3842,74.808000,27.583189,-406.043488
3843,74.826000,27.5852222,-404.248199
3844,74.855000,27.5765858,-403.502441
3845,74.876000,27.5867443,-401.721405
3846,74.897000,27.6121445,-400.55249
3847,74.917000,27.6487236,-399.505493
3848,74.935000,27.6675205,-397.654327
3849,74.953000,27.7167931,-395.930664
3850,74.973000,27.7320328,-394.496613
3851,74.992000,27.8031502,-392.673859
3852,75.010000,27.8473454,-390.843506
3853,75.031000,27.9159222,-388.790131
3854,75.052000,27.9631653,-386.993835
3855,75.069000,27.9992294,-385.21225
3856,75.094000,28.0662861,-383.140594
3857,75.117000,28.1216564,-381.09848
3858,75.134000,28.1485786,-379.705078
3859,75.151000,28.18363,-379.138641
3860,75.170000,28.2171555,-377.790894
3861,75.186000,28.2237606,-377.651703
3862,75.204000,28.2445869,-376.42691
3863,75.222000,28.2349377,-375.192535
3864,75.241000,28.2313824,-374.40918
3865,75.258000,28.2410355,-373.073639
3866,75.280000,28.2511959,-371.710175
3867,75.301000,28.2964058,-369.855957
3868,75.320000,28.3177414,-369.110748
3869,75.339000,28.3944473,-367.012238
3870,75.373000,28.433054,-364.454468
3871,75.391000,28.4594707,-362.190308
3872,75.413000,28.4701385,-360.665771
3873,75.433000,28.4940147,-359.508057
3874,75.451000,28.4955406,-358.728821
3875,75.468000,28.527544,-357.956696
3876,75.487000,28.5204315,-357.446625
3877,75.505000,28.5961227,-356.066345
3878,75.525000,28.6352386,-354.046509
3879,75.543000,28.7149944,-352.425995
3880,75.563000,28.786623,-350.669342
3881,75.581000,28.8364067,-349.082855
3882,75.603000,28.8826332,-347.024963
3883,75.621000,28.8897438,-346.293915
3884,75.638000,28.8755188,-344.804932
3885,75.657000,28.9186974,-343.303833
3886,75.673000,28.9674664,-341.483124
3887,75.692000,29.0111542,-339.983002
3888,75.709000,29.0421391,-338.542786
3889,75.727000,29.1015759,-336.55191
3890,75.745000,29.1701546,-335.211823
3891,75.763000,29.2229843,-333.437408
3892,75.780000,29.3027382,-331.794525
3893,75.799000,29.3377895,-330.507263
3894,75.822000,29.3819866,-328.740967
3895,75.846000,29.4571686,-326.197449
3896,75.875000,29.490696,-323.419769
3897,75.904000,29.5501308,-321.018433
3898,75.924000,29.5724831,-320.305176
3899,75.942000,29.5933113,-319.135254
3900,75.965000,29.6187115,-317.211395
3901,75.983000,29.6679859,-315.504517
3902,76.001000,29.702528,-314.170532
3903,76.022000,29.6949081,-313.141815
3904,76.041000,29.704052,-311.997314
3905,76.059000,29.7081146,-311.423248
3906,76.076000,29.7578964,-310.049622
3907,76.099000,29.7741528,-309.226654
3908,76.116000,29.779232,-308.727264
3909,76.136000,29.78228,-307.307922
3910,76.152000,29.8467941,-305.584808
3911,76.170000,29.8518753,-304.249298
3912,76.189000,29.8518753,-304.249298
3913,76.205000,29.8625431,-304.047638
3914,76.226000,29.8473034,-302.906189
3915,76.243000,29.8650837,-301.718018
3916,76.261000,29.9057217,-299.876007
3917,76.279000,29.9621086,-297.994415
3918,76.310000,30.0144329,-296.980469
3919,76.331000,30.0672646,-295.631226
3920,76.360000,30.1500702,-293.111542
3921,76.377000,30.1688671,-291.331024
3922,76.393000,30.1780109,-289.618042
3923,76.413000,30.1648026,-288.188538
3924,76.430000,30.1805515,-286.95462
3925,76.447000,30.201889,-285.261444
3926,76.464000,30.3583508,-283.607849
3927,76.485000,30.3817196,-282.745758
3928,76.502000,30.401022,-282.263672
3929,76.521000,30.4259148,-282.021851
3930,76.539000,30.4599495,-280.491272
3931,76.557000,30.4894123,-280.023895
3932,76.574000,30.5259876,-278.969299
3933,76.591000,30.5645943,-277.476807
3934,76.610000,30.5986309,-275.907074
3935,76.632000,30.6519718,-273.913696
3936,76.650000,30.6519699,-273.540314
3937,76.668000,30.6524773,-273.536255
3938,76.688000,30.6214905,-272.866669
3939,76.705000,30.5889797,-271.664734
3940,76.725000,30.5930443,-270.564911
3941,76.743000,30.6026955,-269.256836
3942,76.762000,30.627079,-267.777069
3943,76.779000,30.6656857,-266.652832
3944,76.797000,30.719532,-265.281219
3945,76.815000,30.794714,-263.707977
3946,76.877000,30.8810749,-260.581238
3947,76.897000,30.8455162,-259.526672
3948,76.917000,30.8942833,-258.460388
3949,76.935000,30.9582901,-257.521576
3950,76.953000,31.0131512,-256.517303
3951,76.971000,31.0400753,-256.01947
3952,76.991000,31.0797005,-255.330109
3953,77.013000,31.1177979,-254.542694
3954,77.031000,31.1660576,-253.845215
3955,77.048000,31.1828194,-252.959274
3956,77.082000,31.1553879,-252.080917
3957,77.102000,31.182312,-251.485535
3958,77.122000,31.21838,-250.757034
3959,77.143000,31.2366714,-250.094116
3960,77.160000,31.2427673,-249.639969
3961,77.180000,31.2468338,-248.084457
3962,77.312000,31.2996635,-247.604904
3963,77.332000,31.3494492,-247.404236
3964,77.351000,31.3875504,-247.105515
3965,77.369000,31.3875504,-247.105515
3966,77.388000,31.3875504,-247.105515
3967,77.405000,31.3860264,-247.114655
3968,77.421000,31.3641834,-247.208603
3969,77.439000,31.3326893,-247.298004
3970,77.457000,31.3189735,-247.323395
3971,77.474000,31.3255806,-247.30867
3972,77.492000,31.3332005,-247.26445
3973,77.508000,31.3342152,-247.242615
3974,77.528000,31.3555489,-247.275635
3975,77.545000,31.3657074,-247.514389
3976,77.562000,31.3768845,-247.73587
3977,77.581000,31.3047523,-248.993134
3978,77.664000,31.3133888,-249.509293
3979,77.693000,31.3428535,-250.003036
3980,77.710000,31.3484421,-250.201157
3981,77.727000,31.389082,-250.709167
3982,77.758000,31.3951759,-251.038864
3983,77.775000,31.3707924,-251.333023
3984,77.792000,31.3499641,-251.710434
3985,77.810000,31.3596134,-252.087341
3986,77.828000,31.3743439,-252.413483
3987,77.846000,31.3946648,-252.770615
3988,77.865000,31.4038067,-253.126709
3989,77.883000,31.421587,-253.44928
3990,77.900000,31.4363155,-253.809448
3991,77.920000,31.4500294,-254.216873
3992,77.936000,31.4500294,-254.333221
3993,77.955000,31.4571419,-254.479034
3994,77.971000,31.4535866,-254.572495
3995,77.988000,31.4520626,-254.704056
3996,78.007000,31.462225,-255.006317
3997,78.028000,31.4794979,-255.194794
3998,78.047000,31.5104847,-255.446777
3999,78.065000,31.531311,-255.745483
4000,78.082000,31.5216579,-256.059418
4001,78.100000,31.506422,-256.421082
4002,78.119000,31.4977818,-256.770111
4003,78.135000,31.4825439,-257.104797
4004,78.152000,31.4764462,-257.43045
4005,78.170000,31.4789867,-257.781952
4006,78.192000,31.4921932,-258.150269
4007,78.210000,31.517086,-258.490112
4008,78.228000,31.5587425,-258.851288
4009,78.251000,31.5755043,-259.325806
4010,78.270000,31.5628033,-259.469574
4011,78.288000,31.559248,-259.686493
4012,78.309000,31.5622959,-259.881012
4013,78.328000,31.5551834,-259.91098
4014,78.349000,31.5511189,-260.010559
4015,78.372000,31.5541668,-260.098969
4016,78.389000,31.5673752,-260.272217
4017,78.407000,31.5866795,-260.442383
4018,78.428000,31.6120777,-260.713135
4019,78.445000,31.6257935,-261.0047
4020,78.465000,31.6486549,-261.373535
4021,78.538000,31.6542435,-262.125854
4022,78.561000,31.674057,-262.473785
4023,78.583000,31.6867561,-262.832886
4024,78.600000,31.7009773,-263.19104
4025,78.624000,31.7385693,-263.641663
4026,78.643000,31.7548256,-264.004883
4027,78.663000,31.7375546,-264.414825
4028,78.679000,31.7375546,-264.425507
4029,78.696000,31.7512722,-264.649048
4030,78.716000,31.7533016,-264.91983
4031,78.732000,31.7538109,-265.238892
4032,78.750000,31.7522869,-265.587891
4033,78.770000,31.7715912,-265.964813
4034,78.787000,31.7944508,-266.298553
4035,78.803000,31.8198509,-266.675476
4036,78.825000,31.8289928,-266.812622
4037,78.844000,31.8518543,-267.142822
4038,78.861000,31.8594742,-267.217499
4039,78.879000,31.8742046,-267.305908
4040,78.898000,31.8899517,-267.480164
4041,78.916000,31.8899517,-267.549255
4042,78.934000,31.8929958,-267.825134
4043,78.950000,31.8919792,-268.059296
4044,78.966000,31.8792801,-268.422028
4045,78.991000,31.9036617,-268.898499
4046,79.009000,31.9412498,-269.254578
4047,79.025000,31.9732513,-269.59845
4048,79.048000,31.9549656,-269.735657
4049,79.066000,31.9549656,-269.735657
4050,79.084000,31.9625854,-269.714844
4051,79.114000,32.0057678,-269.562408
4052,79.133000,32.0286293,-269.522278
4053,79.150000,32.0230446,-269.535004
4054,79.166000,32.0144157,-269.567474
4055,79.183000,32.002224,-269.596527
4056,79.201000,31.9986706,-269.599579
4057,79.219000,31.9986706,-269.59906
4058,79.236000,31.9981632,-269.598022
4059,79.256000,31.9981632,-269.598022
4060,79.273000,31.9986706,-269.598053
4061,79.291000,31.9986706,-269.598572
4062,79.309000,31.9986706,-269.598572
4063,79.328000,31.9981632,-269.598053
4064,79.348000,31.9976559,-269.598053
4065,79.368000,31.9859734,-269.601654
4066,79.387000,31.8925018,-269.605194
4067,79.405000,31.6613636,-269.578766
4068,79.425000,31.5983696,-269.592987
4069,79.443000,31.2839184,-269.563995
4070,79.460000,30.9466057,-269.527405
4071,79.480000,30.7850609,-269.515717
4072,79.500000,30.621994,-269.522308
4073,79.519000,30.2384529,-269.548218
4074,79.537000,29.914854,-269.576172
4075,79.556000,29.6100521,-269.600067
4076,79.573000,29.3265858,-269.614838
4077,79.593000,28.9176464,-269.616364
4078,79.612000,28.6255474,-269.615845
4079,79.631000,28.5427437,-269.612274
4080,79.650000,28.5005798,-269.599579
4081,79.666000,28.2709618,-269.566589
4082,79.688000,27.9112988,-269.574188
4083,79.719000,27.812746,-269.578766
4084,79.738000,27.6349487,-269.552338
4085,79.760000,27.4200649,-269.538055
4086,79.781000,27.4200649,-269.538055
4087,79.800000,27.4200649,-269.538055
4088,79.825000,26.5336056,-269.487213
4089,79.895000,26.1465111,-269.479584
4090,79.917000,25.6258087,-269.480621
4091,79.935000,25.1457481,-269.482635
4092,79.952000,24.5585003,-269.471405
4093,79.969000,23.8879375,-269.474426
4094,79.990000,23.2001038,-269.474976
4095,80.007000,22.7185173,-269.446533
4096,80.025000,22.3730774,-269.426208
4097,80.045000,21.9758224,-269.395172
4098,80.064000,21.7650013,-269.383423
4099,80.082000,21.257,-269.356476
4100,80.106000,20.8932724,-269.336639
4101,80.125000,20.4599476,-269.316833
4102,80.143000,19.9722652,-269.317871
4103,80.159000,19.4348011,-269.32193
4104,80.178000,19.1015511,-269.327484
4105,80.197000,18.4523258,-269.294922
4106,80.219000,17.8498363,-269.294952
4107,80.240000,17.6202202,-269.301056
4108,80.264000,17.4703598,-269.250244
4109,80.285000,16.8973351,-269.229858
4110,80.302000,16.6423187,-269.228302
4111,80.327000,16.0027466,-269.25116
4112,80.349000,15.7716074,-269.252716
4113,80.372000,15.3936558,-269.250702
4114,80.390000,14.9567757,-269.25116
4115,80.406000,14.5082111,-269.25473
4116,80.430000,13.9839573,-269.255737
4117,80.448000,13.6359758,-269.277588
4118,80.467000,13.4348078,-269.279114
4119,80.486000,13.3352394,-269.274048
4120,80.504000,13.1990957,-269.266418
4121,80.521000,12.7434206,-269.26181
4122,80.544000,12.7083693,-269.251129
4123,80.570000,10.7591753,-269.206421
4124,80.638000,10.4177999,-269.194183
4125,80.657000,10.1683712,-269.18399
4126,80.674000,9.9082756,-269.175354
4127,80.697000,9.34896755,-269.150391
4128,80.717000,9.18183517,-269.162598
4129,80.735000,8.70837975,-269.167633
4130,80.756000,8.7053318,-269.167633
4131,80.773000,8.67739201,-269.164581
4132,80.792000,8.47876358,-269.15387
4133,80.815000,7.9174242,-269.127899
4134,80.832000,7.7716279,-269.131958
4135,80.850000,7.31849146,-269.115204
4136,80.867000,6.84706736,-269.11264
4137,80.887000,6.18768358,-269.088196
4138,80.906000,5.68882704,-269.065277
4139,80.922000,5.28547478,-269.061218
4140,80.941000,4.98575544,-269.081055
4141,80.958000,4.82268763,-269.094299
4142,80.980000,4.81557608,-269.106506
4143,80.999000,4.87247229,-269.110138
4144,81.017000,4.96238708,-269.109619
4145,81.036000,5.01623535,-269.114746
4146,81.053000,5.06093979,-269.120361
4147,81.070000,5.10615158,-269.124481
4148,81.094000,5.09751511,-269.123444
4149,81.113000,5.09649944,-269.12088
4150,81.130000,5.10056257,-269.118286
4151,81.150000,5.09954691,-269.118286
4152,81.166000,5.09853125,-269.118805
4153,81.185000,5.09700775,-269.119324
4154,81.206000,5.09700775,-269.119324
4155,81.224000,5.09751558,-269.119324
4156,81.241000,5.09751558,-269.119324
4157,81.260000,5.09751558,-269.118805
4158,81.277000,5.09751558,-269.118805
4159,81.294000,5.09700775,-269.118805
4160,81.312000,5.09700775,-269.118805
4161,81.331000,5.09700775,-269.118805
4162,81.353000,5.09700775,-269.118805
4163,81.372000,5.09700775,-269.118805
4164,81.389000,5.09700775,-269.118805
4165,81.406000,5.09700775,-269.118805
4166,81.422000,5.09700775,-269.118805
4167,81.440000,5.09700775,-269.118805
4168,81.457000,5.09700775,-269.118805
4169,81.476000,5.09700775,-269.118805
4170,81.495000,5.09700775,-269.118805
4171,81.514000,5.09700775,-269.118805
4172,81.531000,5.09700775,-269.118805
4173,81.549000,5.09700775,-269.118805
4174,81.567000,5.09700775,-269.118805
4175,81.593000,5.09700775,-269.118805
4176,81.611000,5.09700775,-269.118805
4177,81.629000,5.09700775,-269.118805
4178,81.646000,5.09700775,-269.118805
4179,81.662000,5.09700775,-269.118805
4180,81.680000,5.09700775,-269.118805
4181,81.699000,5.09700775,-269.118805
4182,81.717000,5.09700775,-269.118805
4183,81.739000,5.09700775,-269.118805
4184,81.760000,5.09700775,-269.118805
4185,81.780000,5.09700775,-269.118805
4186,81.802000,5.09700775,-269.118805
4187,81.821000,5.09700775,-269.118805
4188,81.852000,5.09700775,-269.118805
4189,81.889000,5.09700775,-269.118805
4190,81.910000,5.09700775,-269.118805
4191,81.929000,5.09700775,-269.118805
4192,81.954000,5.09700775,-269.118805
4193,81.972000,5.09700775,-269.118805
4194,81.989000,5.09700775,-269.118805
4195,82.012000,5.09700775,-269.118805
4196,82.030000,5.09700775,-269.118805
4197,82.048000,5.09700775,-269.118805
4198,82.065000,5.09700775,-269.118805
4199,82.083000,5.09700775,-269.118805
4200,82.106000,5.09700775,-269.118805
4201,82.130000,5.09700775,-269.118805
4202,82.148000,5.09700775,-269.118805
4203,82.169000,5.09700775,-269.118805
4204,82.185000,5.09700775,-269.118805
4205,82.203000,5.09700775,-269.118805
4206,82.221000,5.09700775,-269.118805
4207,82.240000,5.09700775,-269.118805
4208,82.257000,5.09700775,-269.118805
4209,82.275000,5.09700775,-269.118805
4210,82.295000,5.09700775,-269.118805
4211,82.312000,5.09700775,-269.118805
4212,82.328000,5.09700775,-269.118805
4213,82.357000,5.09700775,-269.118805
4214,82.375000,5.09700775,-269.118805
4215,82.396000,5.09700775,-269.118805
4216,82.415000,5.09700775,-269.118805
4217,82.432000,5.09700775,-269.118805
4218,82.458000,5.09700775,-269.118805
4219,82.478000,5.09700775,-269.118805
4220,82.496000,5.09700775,-269.118805
4221,82.514000,5.09700775,-269.118805
4222,82.530000,5.09700775,-269.118805
4223,82.549000,5.09700775,-269.118805
4224,82.568000,5.09700775,-269.118805
4225,82.589000,5.09700775,-269.118805
4226,82.610000,5.09700775,-269.118805
4227,82.629000,5.09700775,-269.118805
4228,82.647000,5.09700775,-269.118805
4229,82.665000,5.09700775,-269.118805
4230,82.682000,5.09700775,-269.118805
4231,82.702000,5.09700775,-269.118805
4232,82.720000,5.09700775,-269.118805
4233,82.738000,5.09700775,-269.118805
4234,82.757000,5.09700775,-269.118805
4235,82.774000,5.09700775,-269.118805
4236,82.793000,5.09700775,-269.118805
4237,82.812000,5.09700775,-269.118805
4238,82.830000,5.09700775,-269.118805
4239,82.858000,5.09700775,-269.118805
4240,82.875000,5.09700775,-269.118805
4241,82.893000,5.09700775,-269.118805
4242,82.910000,5.09700775,-269.118805
4243,82.929000,5.09700775,-269.118805
4244,82.956000,5.09700775,-269.118805
4245,82.973000,5.09700775,-269.118805
4246,82.992000,5.09700775,-269.118805
4247,83.012000,5.09700775,-269.118805
4248,83.030000,5.09700775,-269.118805
4249,83.050000,5.09700775,-269.118805
4250,83.069000,5.09700775,-269.118805
4251,83.088000,5.09700775,-269.118805
4252,83.119000,5.0665288,-269.362671
4253,83.136000,5.0705924,-269.612122
4254,83.154000,5.09294367,-269.868195
4255,83.178000,5.08329201,-270.504181
4256,83.194000,5.07719612,-270.983795
4257,83.218000,5.09751558,-271.4151
4258,83.242000,5.13205957,-271.761597
4259,83.259000,5.17574787,-272.050659
4260,83.276000,5.20825911,-272.377289
4261,83.298000,5.23315048,-272.801971
4262,83.315000,5.2631216,-273.187012
4263,83.340000,5.2631216,-273.624878
4264,83.365000,5.24940586,-274.109497
4265,83.387000,5.24432564,-274.410767
4266,83.406000,5.24940491,-274.446808
4267,83.424000,5.26616859,-274.745544
4268,83.442000,5.29817247,-275.255554
4269,83.459000,5.33932066,-275.857544
4270,83.478000,5.33678007,-276.746582
4271,83.498000,5.38097525,-277.793579
4272,83.527000,5.44345903,-278.864929
4273,83.553000,5.46123886,-279.181396
4274,83.575000,5.46073103,-279.206787
4275,83.598000,5.47698641,-279.794067
4276,83.618000,5.49832201,-280.376282
4277,83.636000,5.51711798,-280.742523
4278,83.652000,5.53032637,-281.188568
4279,83.670000,5.54962969,-281.845398
4280,83.690000,5.55166149,-282.059784
4281,83.708000,5.55775738,-282.323395
4282,83.726000,5.58823681,-283.001587
4283,83.744000,5.60347652,-283.13623
4284,83.762000,5.6578331,-283.776306
4285,83.781000,5.68526554,-284.244141
4286,83.798000,5.69237709,-284.888824
4287,83.815000,5.70253658,-285.559326
4288,83.834000,5.7421608,-286.180115
4289,83.863000,5.7828021,-287.347076
4290,83.881000,5.75283098,-288.025269
4291,83.899000,5.73403549,-288.610474
4292,83.916000,5.75740337,-289.376526
4293,83.934000,5.81328344,-290.018036
4294,83.953000,5.83766699,-290.712006
4295,83.971000,5.83665085,-290.752136
4296,83.991000,5.83715963,-290.961426
4297,84.008000,5.84935093,-291.419159
4298,84.027000,5.89710379,-292.165924
4299,84.046000,5.93469667,-292.885254
4300,84.065000,5.94942904,-293.67569
4301,84.083000,5.97381353,-294.078033
4302,84.107000,5.97279739,-294.705383
4303,84.127000,6.00073671,-295.322083
4304,84.145000,6.02816868,-296.004852
4305,84.163000,6.03782034,-296.67746
4306,84.180000,6.04442453,-297.333771
4307,84.200000,6.04340839,-297.998749
4308,84.218000,6.05001211,-298.252258
4309,84.237000,6.05966377,-298.409729
4310,84.258000,6.08760309,-298.882172
4311,84.277000,6.08455515,-299.098602
4312,84.296000,6.09014273,-299.265228
4313,84.315000,6.1109705,-299.692963
4314,84.332000,6.12519407,-300.046021
4315,84.350000,6.18717003,-300.742493
4316,84.373000,6.2186656,-301.66452
4317,84.390000,6.27911806,-302.779572
4318,84.408000,6.35226965,-303.703094
4319,84.424000,6.41170549,-304.809509
4320,84.442000,6.46047449,-305.665436
4321,84.457000,6.52397394,-306.587402
4322,84.477000,6.57325029,-307.733429
4323,84.496000,6.64792633,-308.895233
4324,84.513000,6.7124424,-309.894958
4325,84.532000,6.77695751,-311.17157
4326,84.553000,6.82928133,-312.172882
4327,84.571000,6.87906504,-313.208649
4328,84.589000,6.92580175,-314.218567
4329,84.613000,7.03298998,-315.586151
4330,84.632000,7.08074141,-316.608765
4331,84.651000,7.12595415,-317.670502
4332,84.668000,7.1660862,-318.710907
4333,84.685000,7.16252995,-319.664459
4334,84.703000,7.19046879,-320.487915
4335,84.719000,7.25650883,-321.530334
4336,84.738000,7.30781746,-322.426483
4337,84.755000,7.332201,-322.952301
4338,84.772000,7.38858986,-323.772217
4339,84.789000,7.44396162,-324.568756
4340,84.806000,7.49780941,-325.480621
4341,84.822000,7.56842136,-326.476288
4342,84.841000,7.64919329,-327.565948
4343,84.861000,7.71218586,-328.463104
4344,84.878000,7.72488594,-328.578918
4345,84.895000,7.75434971,-329.342957
4346,84.914000,7.78686142,-330.566681
4347,84.931000,7.86001348,-331.541046
4348,84.948000,7.877285,-332.392944
4349,84.972000,7.90878057,-333.641083
4350,84.990000,7.95602608,-334.593597
4351,85.010000,7.9890461,-335.810242
4352,85.028000,8.0246048,-336.830322
4353,85.042000,8.07337189,-337.732513
4354,85.060000,8.10435772,-338.672821
4355,85.082000,8.12213802,-339.278839
4356,85.106000,8.11553478,-340.183594
4357,85.126000,8.12417126,-341.088806
4358,85.144000,8.12620354,-342.118988
4359,85.161000,8.1805582,-343.127899
4360,85.185000,8.21764183,-344.446686
4361,85.202000,8.23034096,-345.437286
4362,85.221000,8.25167656,-346.410675
4363,85.241000,8.27707577,-347.548096
4364,85.259000,8.34006691,-348.702789
4365,85.278000,8.36952972,-349.753845
4366,85.297000,8.3781662,-350.901947
4367,85.313000,8.40508842,-351.775757
4368,85.332000,8.42337513,-352.830872
4369,85.359000,8.42185116,-354.353821
4370,85.378000,8.48585892,-355.479553
4371,85.397000,8.54427719,-356.826752
4372,85.417000,8.61641312,-358.264404
4373,85.434000,8.6717844,-359.64566
4374,85.461000,8.75103092,-361.470428
4375,85.477000,8.80792618,-362.958862
4376,85.498000,8.80843353,-363.61264
4377,85.516000,8.86075687,-364.857239
4378,85.535000,8.92323971,-366.249664
4379,85.555000,8.99385071,-367.85495
4380,85.574000,9.0670023,-369.122925
4381,85.590000,9.10357761,-370.520447
4382,85.612000,9.20721149,-372.168884
4383,85.632000,9.24531174,-373.078705
4384,85.651000,9.28290367,-373.838654
4385,85.669000,9.36520004,-375.196533
4386,85.696000,9.46476746,-377.041046
4387,85.712000,9.51455116,-377.865021
4388,85.731000,9.52725124,-378.387268
4389,85.751000,9.56890774,-380.004761
4390,85.769000,9.5978632,-381.19397
4391,85.785000,9.56128788,-382.274475
4392,85.805000,9.5592556,-383.234619
4393,85.825000,9.55620766,-384.609253
4394,85.846000,9.54045963,-386.194183
4395,85.872000,9.60548306,-388.118011
4396,85.889000,9.61970615,-388.978546
4397,85.908000,9.66745758,-390.427856
4398,85.929000,9.69285679,-391.649567
4399,85.947000,9.75483227,-392.803741
4400,85.964000,9.78632832,-393.227936
4401,85.984000,9.78988361,-393.471771
4402,86.001000,9.82645798,-394.319153
4403,86.020000,9.86455727,-394.936371
4404,86.038000,9.94075584,-396.438995
4405,86.061000,10.0281315,-397.875641
4406,86.078000,10.0916328,-399.119263
4407,86.107000,10.1774855,-401.349945
4408,86.126000,10.2668934,-402.8526
4409,86.147000,10.3309011,-404.723083
4410,86.165000,10.377636,-405.986511
4411,86.181000,10.4528198,-407.303284
4412,86.206000,10.5417185,-409.167633
4413,86.224000,10.6052179,-410.740387
4414,86.242000,10.6641445,-412.027191
4415,86.265000,10.7240887,-412.99646
4416,86.281000,10.7769203,-414.011444
4417,86.299000,10.8449917,-415.346008
4418,86.317000,10.8983297,-417.025452
4419,86.340000,10.9496374,-418.664764
4420,86.361000,10.9882441,-420.119141
4421,86.385000,11.0375204,-421.531921
4422,86.404000,11.0685072,-422.453461
4423,86.426000,11.0827312,-423.471466
4424,86.446000,11.1426744,-424.360504
4425,86.468000,11.1711226,-424.754211
4426,86.489000,11.1919498,-425.24292
4427,86.507000,11.2412252,-426.233582
4428,86.525000,11.3016758,-428.009064
4429,86.549000,11.4063244,-429.937439
4430,86.571000,11.4322329,-431.235352
4431,86.602000,11.5556765,-433.941437
4432,86.622000,11.5668516,-435.119476
4433,86.638000,11.6379728,-436.521576
4434,86.656000,11.6598158,-438.165924
4435,86.676000,11.6918201,-439.44104
4436,86.693000,11.7502403,-440.901581
4437,86.713000,11.7395735,-442.200043
4438,86.731000,11.7553215,-443.753448
4439,86.750000,11.7791967,-445.105743
4440,86.770000,11.8051033,-446.599792
4441,86.787000,11.8503151,-447.780365
4442,86.803000,11.8757143,-448.966034
4443,86.822000,11.9158459,-450.60791
4444,86.840000,11.9956026,-451.924103
4445,86.865000,12.0550385,-453.772705
4446,86.882000,12.117013,-455.130066
4447,86.900000,12.1678114,-456.444763
4448,86.918000,12.2272472,-457.778778
4449,86.937000,12.3273239,-459.539551
4450,86.959000,12.3842182,-461.006622
4451,86.978000,12.4568605,-462.528564
4452,86.998000,12.4517813,-462.638794
4453,87.015000,12.5056295,-463.053864
4454,87.034000,12.533061,-463.685303
4455,87.054000,12.5742083,-464.828308
4456,87.071000,12.6158638,-465.619781
4457,87.093000,12.63974,-466.108032
4458,87.112000,12.6834278,-466.985809
4459,87.131000,12.7347355,-467.926636
4460,87.147000,12.7189875,-468.796844
4461,87.168000,12.7271147,-470.09021
4462,87.187000,12.7819777,-471.180878
4463,87.204000,12.799757,-471.976959
4464,87.223000,12.799757,-471.976959
4465,87.239000,12.8114414,-472.066895
4466,87.265000,12.8287144,-472.498688
4467,87.284000,12.8444614,-472.943726
4468,87.301000,12.8597021,-473.240387
4469,87.322000,12.8480177,-473.807343
4470,87.344000,12.8510647,-474.24881
4471,87.371000,12.8810368,-475.107849
4472,87.401000,12.9577446,-475.985687
4473,87.419000,12.9450455,-476.36264
4474,87.439000,12.9450455,-476.36264
4475,87.462000,12.9465694,-476.387543
4476,87.480000,12.9597769,-476.533875
4477,87.499000,12.96943,-476.590271
4478,87.517000,12.9770508,-476.655792
4479,87.534000,12.9846697,-476.861023
4480,87.553000,12.985178,-477.191223
4481,87.572000,12.9988947,-477.693146
4482,87.595000,13.0060062,-478.087341
4483,87.613000,12.9983864,-478.174225
4484,87.634000,12.9983864,-478.174225
4485,87.651000,12.9983864,-478.171692
4486,87.671000,13.0034666,-478.080261
4487,87.692000,12.9912739,-477.977142
4488,87.709000,12.9856853,-477.938019
4489,87.726000,12.9856853,-477.938019
4490,87.749000,12.9856853,-477.938019
4491,87.766000,12.9856853,-477.938538
4492,87.784000,12.9831438,-477.93396
4493,87.801000,12.9821272,-477.902954
4494,87.822000,12.9821272,-477.899902
4495,87.843000,12.9765396,-477.783569
4496,87.867000,12.9719677,-477.600159
4497,87.886000,12.970952,-477.514313
4498,87.909000,12.97857,-477.139923
4499,87.927000,12.9760284,-476.898071
4500,87.945000,12.9953299,-476.620209
4501,87.970000,13.0247936,-476.31134
4502,87.986000,13.0247936,-476.31134
4503,88.008000,13.0247936,-476.31134
4504,88.026000,13.0324144,-476.046143
4505,88.043000,13.059845,-475.477234
4506,88.062000,13.0913401,-475.02005
4507,88.085000,13.1081028,-474.430237
4508,88.107000,13.117754,-473.837891
4509,88.124000,13.0948944,-473.28772
4510,88.140000,13.0999746,-472.646149
4511,88.160000,13.1451855,-471.923248
4512,88.177000,13.2279892,-471.196808
4513,88.194000,13.2366257,-470.851349
4514,88.211000,13.2366257,-470.851349
4515,88.227000,13.2396736,-470.776154
4516,88.245000,13.2894564,-469.831757
4517,88.263000,13.3245077,-468.96405
4518,88.282000,13.3250151,-467.973419
4519,88.298000,13.3458424,-467.140808
4520,88.317000,13.38445,-466.141541
4521,88.335000,13.3697176,-465.140289
4522,88.355000,13.4179773,-463.905823
4523,88.376000,13.4322014,-463.423706
4524,88.395000,13.4423618,-462.611938
4525,88.413000,13.470809,-461.647766
4526,88.430000,13.5084009,-460.76944
4527,88.457000,13.555644,-459.350098
4528,88.474000,13.5591984,-458.245697
4529,88.493000,13.6023769,-457.17688
4530,88.513000,13.6089802,-456.957947
4531,88.531000,13.61203,-456.131927
4532,88.548000,13.6414938,-455.075287
4533,88.570000,13.6704502,-453.957703
4534,88.592000,13.6750212,-452.825867
4535,88.609000,13.6933088,-451.880493
4536,88.626000,13.7070246,-451.492859
4537,88.641000,13.7303925,-450.847717
4538,88.658000,13.7349644,-450.042023
4539,88.678000,13.7613802,-448.89801
4540,88.698000,13.786273,-447.976532
4541,88.714000,13.8025293,-447.08551
4542,88.735000,13.8238659,-445.891693
4543,88.754000,13.8787289,-444.559204
4544,88.775000,13.9310532,-443.716461
4545,88.794000,13.9457855,-442.764954
4546,88.811000,13.9615335,-441.803802
4547,88.829000,14.0052214,-440.947815
4548,88.850000,14.006238,-439.838867
4549,88.869000,14.0103016,-439.373047
4550,88.887000,14.0367184,-438.658813
4551,88.904000,14.0702467,-437.804352
4552,88.925000,14.0646591,-436.644073
4553,88.943000,14.0971708,-435.602692
4554,88.961000,14.1494932,-434.643097
4555,88.979000,14.1723518,-433.653015
4556,88.997000,14.1926727,-432.666443
4557,89.015000,14.2419481,-431.779999
4558,89.032000,14.2556648,-430.788391
4559,89.049000,14.2551565,-429.785065
4560,89.067000,14.2815714,-428.774109
4561,89.083000,14.3217039,-427.664642
4562,89.105000,14.3399916,-426.720795
4563,89.124000,14.3582802,-425.684479
4564,89.143000,14.4309254,-424.544495
4565,89.161000,14.4969645,-423.385773
4566,89.187000,14.5812912,-422.006012
4567,89.209000,14.6392012,-421.13736
4568,89.227000,14.6524096,-420.375824
4569,89.244000,14.6752682,-419.428955
4570,89.265000,14.7169247,-418.298157
4571,89.286000,14.7773762,-417.320282
4572,89.303000,14.8119183,-416.294678
4573,89.319000,14.8281746,-415.819183
4574,89.342000,14.8942137,-414.733582
4575,89.364000,14.9160566,-413.425476
4576,89.386000,14.9587278,-412.325684
4577,89.404000,14.9658394,-411.980743
4578,89.423000,14.9805708,-411.186279
4579,89.443000,14.9937792,-410.069672
4580,89.461000,15.0090189,-409.000885
4581,89.478000,15.0323868,-408.183044
4582,89.515000,15.0969019,-406.046875
4583,89.534000,15.1385574,-404.942444
4584,89.552000,15.1736088,-404.332855
4585,89.572000,15.197484,-403.385925
4586,89.591000,15.2635241,-402.264252
4587,89.611000,15.3021326,-401.136505
4588,89.629000,15.313817,-400.130127
4589,89.647000,15.3255005,-399.108551
4590,89.667000,15.3768063,-398.108765
4591,89.683000,15.4149065,-397.07196
4592,89.700000,15.4138899,-395.877655
4593,89.721000,15.4372578,-395.127319
4594,89.737000,15.3585196,-393.830872
4595,89.755000,15.3778248,-393.142029
4596,89.773000,15.406271,-392.147369
4597,89.791000,15.4331932,-390.855011
4598,89.809000,15.4763708,-389.465118
4599,89.827000,15.5327587,-387.883698
4600,89.852000,15.5896549,-386.256592
4601,89.870000,15.6633148,-384.921082
4602,89.891000,15.690238,-383.412292
4603,89.909000,15.7461176,-381.914673
4604,89.929000,15.7918377,-380.777252
4605,89.950000,15.8152056,-380.010651
4606,89.968000,15.8609238,-378.805176
4607,89.986000,15.8670197,-377.600189
4608,90.005000,15.8797188,-375.677887
4609,90.029000,15.9401693,-373.790131
4610,90.065000,15.9767456,-373.032715
4611,90.082000,16.0097656,-371.939484
4612,90.101000,16.0661507,-370.856964
4613,90.127000,16.1743565,-369.021545
4614,90.145000,16.2210922,-367.913147
4615,90.161000,16.2622395,-367.208038
4616,90.179000,16.2967815,-366.431305
4617,90.200000,16.3755207,-364.024353
4618,90.250000,16.3958416,-363.008331
4619,90.268000,16.4029541,-361.710419
4620,90.291000,16.4151478,-360.251465
4621,90.311000,16.4435959,-358.909821
4622,90.328000,16.4623928,-357.552979
4623,90.362000,16.5385895,-355.070892
4624,90.380000,16.5771942,-353.54538
4625,90.399000,16.6320572,-352.424255
4626,90.414000,16.6498356,-351.14566
4627,90.431000,16.6919994,-349.906128
4628,90.447000,16.757021,-348.732178
4629,90.468000,16.7747993,-347.116241
4630,90.486000,16.8255978,-345.75531
4631,90.505000,16.8784294,-344.456329
4632,90.523000,16.8865585,-343.177673
4633,90.541000,16.9261799,-342.049438
4634,90.560000,16.9891701,-340.439545
4635,90.584000,17.0663872,-338.788513
4636,90.602000,17.1049938,-337.456024
4637,90.622000,17.1171856,-336.090515
4638,90.639000,17.1512222,-334.748932
4639,90.657000,17.1811943,-333.393066
4640,90.675000,17.1842442,-332.005707
4641,90.693000,17.2380905,-330.590424
4642,90.710000,17.2731457,-329.435211
4643,90.728000,17.3117542,-328.013855
4644,90.746000,17.3534107,-326.711334
4645,90.762000,17.4021759,-325.388977
4646,90.779000,17.4545002,-324.050873
4647,90.800000,17.4875164,-322.725494
4648,90.818000,17.5154552,-321.243622
4649,90.842000,17.5941944,-319.428528
4650,90.863000,17.6272125,-318.078735
4651,90.881000,17.6551533,-317.571228
4652,90.901000,17.6830921,-316.692932
4653,90.920000,17.7059536,-315.753143
4654,90.937000,17.7369423,-314.523804
4655,90.966000,17.7638645,-312.680298
4656,90.985000,17.7826595,-311.697784
4657,91.002000,17.7882462,-310.780853
4658,91.018000,17.7923088,-309.404175
4659,91.038000,17.8359947,-307.97113
4660,91.064000,17.8933983,-306.084381
4661,91.097000,18.0198879,-303.597229
4662,91.123000,18.0925293,-301.73999
4663,91.140000,18.1870174,-299.91626
4664,91.176000,18.282011,-298.053955
4665,91.194000,18.2997913,-296.750427
4666,91.212000,18.2911549,-295.324982
4667,91.230000,18.3277283,-294.115936
4668,91.248000,18.3409348,-292.651917
4669,91.266000,18.3582077,-291.31485
4670,91.284000,18.3729382,-289.983398
4671,91.302000,18.3693829,-288.959778
4672,91.327000,18.3800507,-287.605957
4673,91.349000,18.4338989,-286.287689
4674,91.367000,18.5040016,-285.038055
4675,91.385000,18.5354977,-284.315704
4676,91.404000,18.5756302,-283.099579
4677,91.421000,18.6243973,-282.20047
4678,91.442000,18.6665611,-280.815186
4679,91.464000,18.6823101,-280.354431
4680,91.484000,18.7132988,-279.045837
4681,91.502000,18.7153301,-278.554565
4682,91.520000,18.7549515,-277.797638
4683,91.537000,18.7930489,-276.525635
4684,91.554000,18.8082886,-275.606689
4685,91.572000,18.8418159,-275.311035
4686,91.594000,18.8479137,-273.855072
4687,91.616000,18.8601055,-272.413849
4688,91.634000,18.9271603,-270.924377
4689,91.651000,18.9617043,-269.555328
4690,91.670000,19.0023422,-268.128845
4691,91.693000,19.0023422,-267.431427
4692,91.711000,19.0145321,-266.134003
4693,91.729000,19.0241852,-264.926483
4694,91.745000,19.0572052,-263.601135
4695,91.765000,19.0942879,-262.252899
4696,91.784000,19.0937786,-260.859955
4697,91.804000,19.1227322,-259.407104
4698,91.829000,19.1161289,-257.711395
4699,91.847000,19.122736,-257.230835
4700,91.865000,19.1369572,-255.898819
4701,91.884000,19.1501656,-255.15004
4702,91.903000,19.1577854,-254.064957
4703,91.919000,19.1821671,-252.703522
4704,91.937000,19.2050247,-251.756104
4705,91.956000,19.210104,-250.976837
4706,91.974000,19.2131519,-249.868881
4707,91.991000,19.2355042,-248.654266
4708,92.009000,19.2629375,-247.28064
4709,92.027000,19.2847805,-245.913101
4710,92.046000,19.3371029,-244.550644
4711,92.064000,19.3706322,-243.317734
4712,92.080000,19.3990822,-242.052307
4713,92.104000,19.4310856,-240.223495
4714,92.122000,19.4422607,-239.459961
4715,92.139000,19.4615631,-238.736557
4716,92.156000,19.4996624,-237.545319
4717,92.175000,19.5179501,-236.461243
4718,92.193000,19.5463982,-235.099808
4719,92.210000,19.5535088,-233.705856
4720,92.228000,19.5596027,-231.946121
4721,92.252000,19.5641766,-230.619736
4722,92.269000,19.5723038,-229.284714
4723,92.287000,19.5905914,-228.684265
4724,92.312000,19.6225948,-226.749786
4725,92.331000,19.6612072,-225.296387
4726,92.353000,19.6708584,-223.769318
4727,92.375000,19.6754322,-221.987762
4728,92.393000,19.6860981,-220.627838
4729,92.411000,19.7013378,-219.430969
4730,92.429000,19.6977825,-218.087311
4731,92.446000,19.693718,-216.718765
4732,92.465000,19.7389297,-215.21814
4733,92.483000,19.7333412,-214.037521
4734,92.499000,19.7318153,-212.762451
4735,92.518000,19.732832,-212.630371
4736,92.536000,19.7333393,-212.620712
4737,92.552000,19.7404518,-212.388565
4738,92.569000,19.7429924,-212.332184
4739,92.587000,19.7536583,-211.8069
4740,92.605000,19.7465477,-210.289017
4741,92.624000,19.7434998,-210.205719
4742,92.642000,19.7201309,-210.088867
4743,92.662000,19.7201309,-210.088867
4744,92.680000,19.7114944,-210.00708
4745,92.697000,19.7048893,-209.532608
4746,92.715000,19.6850777,-208.851898
4747,92.733000,19.6510448,-207.743927
4748,92.751000,19.5911045,-206.454605
4749,92.768000,19.527607,-205.20697
4750,92.788000,19.4849358,-203.636734
4751,92.805000,19.4402351,-202.399246
4752,92.822000,19.3929958,-201.055084
4753,92.839000,19.3264484,-199.661133
4754,92.865000,19.27565,-197.739365
4755,92.883000,19.292923,-196.995132
4756,92.903000,19.3081665,-195.901398
4757,92.920000,19.3396645,-194.967697
4758,92.936000,19.3736992,-193.717499
4759,92.953000,19.3960495,-192.199081
4760,92.971000,19.423481,-191.05658
4761,92.987000,19.4209423,-190.755325
4762,93.005000,19.4255142,-189.626068
4763,93.023000,19.4488792,-188.30426
4764,93.041000,19.4803753,-187.147064
4765,93.060000,19.4961224,-185.931412
4766,93.083000,19.5139046,-184.762009
4767,93.103000,19.5235596,-183.671814
4768,93.120000,19.5083179,-182.581635
4769,93.139000,19.5291462,-181.606277
4770,93.156000,19.5743599,-180.754868
4771,93.173000,19.629221,-179.832321
4772,93.190000,19.6698608,-178.687302
4773,93.207000,19.7110081,-178.192505
4774,93.225000,19.7623177,-177.478775
4775,93.249000,19.8090553,-176.57811
4776,93.266000,19.8441067,-175.89534
4777,93.284000,19.858839,-175.631195
4778,93.303000,19.8613796,-175.164368
4779,93.321000,19.8725548,-174.546631
4780,93.344000,19.9274178,-173.780563
4781,93.362000,19.9436741,-173.36348
4782,93.384000,19.9350376,-172.840759
4783,93.402000,19.9319916,-172.193054
4784,93.421000,19.9624691,-171.52858
4785,93.440000,20.0208874,-170.993622
4786,93.463000,20.010725,-170.761978
4787,93.479000,19.990406,-170.559784
4788,93.499000,19.9675426,-170.338318
4789,93.516000,19.9492569,-170.022339
4790,93.536000,19.9426537,-169.720596
4791,93.553000,19.9472256,-169.262863
4792,93.581000,19.9589081,-168.763992
4793,93.601000,19.9675446,-168.737076
4794,93.620000,19.9736385,-168.71167
4795,93.638000,19.9675446,-168.75029
4796,93.655000,19.9548454,-168.79805
4797,93.674000,19.9538288,-168.801102
4798,93.691000,19.949255,-168.816345
4799,93.708000,19.9446831,-168.828018
4800,93.725000,19.9497623,-168.812775
4801,93.744000,19.9543324,-168.793488
4802,93.760000,19.9543324,-168.791977
4803,93.777000,19.9548397,-168.792984
4804,93.802000,19.9548397,-168.792984
4805,93.819000,19.9548397,-168.792984
4806,93.846000,19.9548397,-168.792984
4807,93.865000,19.9548397,-168.792984
4808,93.884000,19.9548397,-168.792984
4809,93.906000,19.9543324,-168.792984
4810,93.923000,19.9543324,-168.792984
4811,93.943000,19.9543324,-168.792984
4812,93.960000,19.9543324,-168.792984
4813,93.978000,19.9543324,-168.792984
4814,93.996000,19.953825,-168.79248
4815,94.014000,19.953825,-168.79248
4816,94.030000,19.953825,-168.79248
4817,94.047000,19.9335079,-168.844299
4818,94.069000,19.9223328,-169.084076
4819,94.089000,19.9167442,-169.316742
4820,94.109000,19.9020119,-169.654068
4821,94.127000,19.9136944,-170.071625
4822,94.145000,19.9345245,-170.48056
4823,94.162000,19.9594173,-170.844284
4824,94.184000,19.9462109,-171.03833
4825,94.202000,19.9294491,-171.282669
4826,94.219000,19.9116669,-171.544785
4827,94.238000,19.9274139,-171.932892
4828,94.258000,19.9355392,-172.518112
4829,94.281000,19.9660206,-173.1008
4830,94.298000,19.9690685,-173.826233
4831,94.316000,19.9426537,-174.520142
4832,94.334000,19.9314785,-175.323792
4833,94.359000,19.8999825,-176.28035
4834,94.377000,19.9126797,-176.945847
4835,94.395000,19.9314709,-177.618958
4836,94.414000,19.9715996,-178.385529
4837,94.431000,19.9939499,-179.087097
4838,94.449000,20.0081749,-179.836899
4839,94.466000,20.0828476,-180.722839
4840,94.483000,20.1153603,-181.684998
4841,94.502000,20.0676098,-182.702515
4842,94.521000,20.0147762,-183.787064
4843,94.538000,19.9975052,-184.795944
4844,94.555000,20.0122356,-185.723038
4845,94.575000,19.9685478,-186.849777
4846,94.594000,19.9248581,-187.973984
4847,94.612000,19.9248581,-188.93309
4848,94.629000,19.8689823,-190.026306
4849,94.646000,19.8578072,-191.11496
4850,94.664000,19.8598385,-192.422546
4851,94.682000,19.8298664,-193.46701
4852,94.701000,19.8176746,-194.325531
4853,94.719000,19.8227558,-195.280045
4854,94.737000,19.8252964,-196.2742
4855,94.755000,19.8735542,-197.721512
4856,94.772000,19.8984413,-199.117493
4857,94.793000,19.8852329,-200.699402
4858,94.811000,19.9004745,-201.99379
4859,94.829000,19.9736271,-203.579773
4860,94.855000,20.0401726,-205.845459
4861,94.875000,20.0147743,-207.707779
4862,94.891000,20.0229015,-209.23584
4863,94.908000,20.0371246,-210.870575
4864,94.925000,20.069128,-212.641998
4865,94.945000,20.0823364,-213.027054
4866,94.963000,20.0980835,-213.513733
4867,94.981000,20.0975761,-213.513733
4868,94.999000,20.0975761,-213.513733
4869,95.017000,20.0996075,-213.60466
4870,95.036000,20.0843678,-214.931549
4871,95.055000,20.0823364,-215.189117
4872,95.074000,20.0813217,-216.000412
4873,95.096000,20.0792904,-216.046143
4874,95.115000,20.0625286,-216.690796
4875,95.133000,20.052372,-218.677078
4876,95.151000,20.0777721,-220.642014
4877,95.169000,20.107235,-222.682159
4878,95.187000,20.1402531,-224.944809
4879,95.206000,20.2286415,-227.134796
4880,95.226000,20.243372,-229.331894
4881,95.243000,20.3170319,-231.207962
4882,95.262000,20.3871365,-233.234375
4883,95.280000,20.5070248,-237.435501
4884,95.313000,20.5451221,-239.519302
4885,95.331000,20.5933819,-241.702179
4886,95.364000,20.6568813,-246.371689
4887,95.383000,20.6995525,-248.561157
4888,95.407000,20.7376518,-251.901764
4889,95.425000,20.7960701,-254.248215
4890,95.443000,20.8951283,-256.886749
4891,95.461000,21.0876598,-260.183197
4892,95.491000,21.2019577,-262.829346
4893,95.513000,21.310667,-265.573547
4894,95.533000,21.453413,-267.90274
4895,95.551000,21.5616169,-270.435669
4896,95.571000,21.627655,-272.558044
4897,95.594000,21.6850567,-274.335022
4898,95.631000,21.8384686,-278.115021
4899,95.650000,21.9258442,-280.328369
4900,95.668000,22.0076313,-282.766266
4901,95.686000,22.0924664,-285.463715
4902,95.704000,22.2103233,-287.988983
4903,95.730000,22.2890663,-291.164459
4904,95.749000,22.3347855,-293.631317
4905,95.768000,22.4257183,-296.323212
4906,95.786000,22.4978523,-298.758057
4907,95.804000,22.5603371,-301.407715
4908,95.822000,22.6289177,-303.335083
4909,95.844000,22.6649818,-304.982025
4910,95.865000,22.7635326,-307.835449
4911,95.884000,22.7950287,-310.234192
4912,95.904000,22.8935795,-313.499115
4913,95.924000,23.0017834,-316.3078
4914,95.942000,23.0825539,-319.070312
4915,95.961000,23.2105694,-321.824707
4916,95.978000,23.3086128,-324.61261
4917,95.996000,23.4036102,-326.611053
4918,96.015000,23.472187,-328.650665
4919,96.034000,23.5631161,-331.354736
4920,96.052000,23.6479511,-334.026337
4921,96.070000,23.7769794,-336.807159
4922,96.094000,23.9055004,-340.519562
4923,96.119000,24.0106544,-343.270935
4924,96.138000,24.1447659,-345.758057
4925,96.155000,24.2478886,-348.530701
4926,96.173000,24.3886032,-351.441071
4927,96.192000,24.4597225,-352.518555
4928,96.209000,24.5425262,-355.19165
4929,96.227000,24.6629181,-358.15683
4930,96.246000,24.7853451,-360.964569
4931,96.266000,24.8920231,-363.703186
4932,96.282000,25.0200386,-366.331573
4933,96.301000,25.0860786,-367.977966
4934,96.319000,25.1978359,-370.476288
4935,96.344000,25.367506,-373.813904
4936,96.368000,25.4508171,-376.177124
4937,96.388000,25.5834045,-379.13623
4938,96.407000,25.7566299,-382.155792
4939,96.427000,25.9146175,-385.274902
4940,96.451000,26.0207901,-387.481598
4941,96.468000,26.0817509,-389.23468
4942,96.489000,26.1655712,-392.022583
4943,96.507000,26.2331333,-395.342834
4944,96.527000,26.2559929,-397.10965
4945,96.573000,26.3941689,-401.221893
4946,96.595000,26.5176125,-403.977295
4947,96.616000,26.5790787,-405.662323
4948,96.635000,26.6369896,-407.499725
4949,96.653000,26.7147141,-410.082855
4950,96.673000,26.7787228,-413.088196
4951,96.693000,26.8727016,-416.332764
4952,96.720000,27.0047798,-418.813324
4953,96.738000,27.116539,-421.275116
4954,96.757000,27.2562408,-424.035065
4955,96.778000,27.2770691,-424.796051
4956,96.796000,27.3288822,-425.911652
4957,96.814000,27.4299736,-428.364258
4958,96.833000,27.461977,-429.311646
4959,96.854000,27.5214119,-431.508759
4960,96.874000,27.5803375,-433.282684
4961,96.890000,27.6824436,-435.792725
4962,96.907000,27.7916622,-437.964417
4963,96.925000,27.9166298,-440.30835
4964,96.942000,28.0796947,-443.374115
4965,96.965000,28.2610512,-445.998962
4966,96.983000,28.3880501,-448.054321
4967,97.000000,28.5064125,-450.352539
4968,97.016000,28.5663548,-451.621002
4969,97.036000,28.5734653,-452.552673
4970,97.054000,28.6887798,-454.729004
4971,97.071000,28.7791996,-456.839264
4972,97.090000,28.829998,-459.016052
4973,97.120000,29.0885735,-462.651306
4974,97.139000,29.2358894,-464.96167
4975,97.160000,29.4213085,-467.513397
4976,97.179000,29.5097008,-469.542847
4977,97.197000,29.5930099,-471.862854
4978,97.220000,29.6788578,-474.147339
4979,97.239000,29.754549,-476.5466
4980,97.257000,29.774868,-477.680908
4981,97.278000,29.8495445,-479.798279
4982,97.294000,29.897295,-481.563599
4983,97.318000,29.9780693,-484.525269
4984,97.344000,30.0131187,-487.35025
4985,97.362000,30.0476608,-489.353271
4986,97.379000,30.0756016,-491.468597
4987,97.397000,30.0806828,-493.499573
4988,97.415000,30.1126842,-495.614868
4989,97.439000,30.1665306,-498.349884
4990,97.457000,30.2305393,-500.423523
4991,97.476000,30.300642,-502.504272
4992,97.494000,30.3946209,-504.608917
4993,97.510000,30.4728508,-506.273163
4994,97.527000,30.5048542,-507.0672
4995,97.546000,30.5444775,-507.616333
4996,97.563000,30.5444775,-507.616333
4997,97.584000,30.548542,-507.65036
4998,97.612000,30.5510826,-507.702667
4999,97.634000,30.5510826,-507.702667
5000,97.652000,30.5510826,-507.702667
5001,97.669000,30.5510826,-507.702667
5002,97.689000,30.5510826,-507.702667
5003,97.709000,30.5510826,-507.702667
5004,97.727000,30.5510826,-507.702667
5005,97.745000,30.5510826,-507.702667
5006,97.764000,30.54702,-507.632568
5007,97.785000,30.5520992,-506.833496
5008,97.803000,30.5541306,-506.730377
5009,97.820000,30.5541306,-506.730377
5010,97.841000,30.5500641,-505.963257
5011,97.862000,30.5617485,-505.807312
5012,97.880000,30.5617485,-505.806793
5013,97.899000,30.5566673,-505.611176
5014,97.924000,30.5612373,-504.027252
5015,97.943000,30.5612373,-504.027252
5016,97.962000,30.5612373,-504.027252
5017,97.983000,30.56073,-504.016571
5018,98.003000,30.56073,-504.016571
5019,98.024000,30.56073,-504.015045
5020,98.043000,30.5774918,-501.787445
5021,98.059000,30.5978107,-499.173767
5022,98.078000,30.6354027,-497.7229
5023,98.101000,30.6536922,-495.398315
5024,98.124000,30.6795979,-491.801178
5025,98.146000,30.698391,-488.823853
5026,98.164000,30.7176933,-487.795685
5027,98.185000,30.7420769,-486.192413
5028,98.203000,30.7573185,-485.432434
5029,98.222000,30.8492622,-482.82486
5030,98.241000,30.9732132,-479.717468
5031,98.260000,31.0529671,-476.337708
5032,98.278000,31.1743793,-472.582031
5033,98.296000,31.2388935,-469.832214
5034,98.317000,31.3257618,-465.817474
5035,98.334000,31.4441223,-462.513458
5036,98.354000,31.4883194,-458.817719
5037,98.380000,31.596014,-453.618347
5038,98.401000,31.6559563,-449.478607
5039,98.423000,31.691515,-447.482666
5040,98.440000,31.7326622,-445.284546
5041,98.459000,31.7733021,-443.516754
5042,98.477000,31.7824459,-442.612
5043,98.494000,31.8515339,-441.054474
5044,98.512000,31.8891239,-438.059357
5045,98.529000,31.9856415,-434.381409
5046,98.551000,32.0501595,-432.322998
5047,98.570000,32.1141701,-429.427948
5048,98.595000,32.2675896,-424.999176
5049,98.619000,32.3285522,-422.19754
5050,98.642000,32.47435,-417.729645
5051,98.662000,32.5622368,-414.713654
5052,98.680000,32.6455421,-412.035492
5053,98.705000,32.8131828,-407.65094
5054,98.724000,32.8822708,-404.794464
5055,98.753000,32.8985291,-403.410187
5056,98.772000,32.9351082,-400.185913
5057,98.804000,32.9884491,-397.647919
5058,98.824000,32.9894638,-396.866608
5059,98.847000,33.0316277,-395.358368
5060,98.867000,33.0743027,-392.275818
5061,98.886000,33.1891136,-388.525269
5062,98.906000,33.2714119,-385.265472
5063,98.925000,33.3318672,-383.670868
5064,98.944000,33.4644547,-380.204254
5065,98.969000,33.6066933,-375.782074
5066,98.987000,33.6773033,-374.051361
5067,99.004000,33.7509613,-371.432098
5068,99.028000,33.6981201,-367.363007
5069,99.045000,33.8469734,-364.68985
5070,99.064000,33.8733864,-362.725891
5071,99.081000,33.9048805,-361.824188
5072,99.105000,33.8911629,-359.701172
5073,99.123000,33.8495026,-358.487091
5074,99.145000,33.8220711,-357.347168
5075,99.164000,33.7987022,-356.671509
5076,99.181000,33.7296181,-356.516083
5077,99.201000,33.7057381,-356.540497
5078,99.218000,33.6971054,-356.604004
5079,99.235000,33.7153969,-356.752869
5080,99.272000,33.7595901,-356.77829
5081,99.296000,33.7941284,-356.745819
5082,99.318000,33.7890511,-356.674744
5083,99.336000,33.7839737,-356.663574
5084,99.364000,33.7839737,-356.679901
5085,99.383000,33.7849884,-356.683441
5086,99.402000,33.7854958,-356.681366
5087,99.424000,33.7860031,-356.681366
5088,99.442000,33.7865105,-356.681366
5089,99.459000,33.7865105,-356.681366
5090,99.477000,33.7865105,-356.681366
5091,99.495000,33.7870178,-356.681366
5092,99.513000,33.7870178,-356.681366
5093,99.532000,33.7870178,-356.681366
5094,99.556000,33.8042908,-356.761627
5095,99.577000,33.8149567,-356.812439
5096,99.594000,33.8586464,-357.059326
5097,99.616000,33.8682976,-357.502899
5098,99.633000,33.8774414,-358.023102
5099,99.654000,33.8738899,-358.525024
5100,99.679000,33.8784561,-358.881195
5101,99.696000,33.8774414,-359.159607
5102,99.714000,33.8703346,-359.458313
5103,99.740000,33.9074173,-359.927185
5104,99.758000,33.9307899,-360.301575
5105,99.777000,33.9582214,-360.613464
5106,99.798000,34.0003853,-361.019836
5107,99.814000,34.0313683,-361.381989
5108,99.834000,34.0445824,-361.73349
5109,99.866000,34.0461044,-362.329376
5110,99.884000,34.0466118,-362.659088
5111,99.905000,34.0257721,-363.061432
5112,99.923000,34.0074806,-363.374817
5113,99.941000,34.0293312,-363.826416
5114,99.961000,34.0476265,-364.204346
5115,99.978000,34.0532112,-364.487335
5116,99.995000,34.057785,-364.842407
5117,100.015000,34.0720139,-365.139099
5118,100.035000,34.0730286,-365.148254
5119,100.053000,34.0938644,-365.374847
5120,100.072000,34.1167221,-365.720306
5121,100.091000,34.0872574,-366.338562
5122,100.114000,34.0882683,-367.349457
5123,100.132000,34.0882683,-368.215576
5124,100.149000,34.0816612,-369.358551
5125,100.167000,34.1233177,-370.480255
5126,100.186000,34.1527824,-371.769104
5127,100.201000,34.1847878,-372.936493
5128,100.219000,34.2686081,-374.206512
5129,100.237000,34.3128014,-375.584686
5130,100.255000,34.3818893,-376.907593
5131,100.274000,34.4895859,-378.601227
5132,100.295000,34.5414047,-380.022583
5133,100.314000,34.6242065,-381.352051
5134,100.335000,34.6983719,-382.917206
5135,100.359000,34.7410545,-384.63681
5136,100.375000,34.8030357,-386.25943
5137,100.395000,34.8203049,-387.67215
5138,100.413000,34.8594246,-389.08136
5139,100.432000,34.8772049,-390.528656
5140,100.451000,34.9173393,-392.059753
5141,100.470000,34.9468079,-393.434387
5142,100.489000,34.9650993,-394.612457
5143,100.507000,35.0514641,-395.988647
5144,100.534000,35.1119194,-396.690247
5145,100.553000,35.1855812,-397.685944
5146,100.574000,35.1926994,-398.146179
5147,100.595000,35.2892189,-399.610748
5148,100.613000,35.3415413,-400.616638
5149,100.631000,35.3654175,-401.808929
5150,100.647000,35.4416199,-403.267914
5151,100.665000,35.5071564,-404.824432
5152,100.685000,35.5797997,-406.673553
5153,100.704000,35.6219673,-408.442413
5154,100.723000,35.708828,-410.290985
5155,100.742000,35.7271194,-411.744385
5156,100.759000,35.7601395,-412.522156
5157,100.776000,35.7890968,-413.50412
5158,100.794000,35.8241501,-415.170868
5159,100.813000,35.8744469,-416.768494
5160,100.831000,35.8937492,-417.9039
5161,100.853000,35.9354095,-419.556427
5162,100.874000,35.9745255,-420.371246
5163,100.894000,35.9989128,-421.088013
5164,100.912000,36.0019608,-421.234314
5165,100.930000,36.0852737,-422.979797
5166,100.949000,36.1096611,-424.566803
5167,100.966000,36.1325188,-426.542938
5168,100.985000,36.1990623,-427.513245
5169,101.003000,36.2925339,-429.047394
5170,101.021000,36.3113327,-429.56604
5171,101.039000,36.3763542,-431.63974
5172,101.060000,36.4759216,-433.421295
5173,101.076000,36.5307846,-434.709076
5174,101.100000,36.6196823,-435.766205
5175,101.118000,36.6720085,-438.027313
5176,101.138000,36.6989365,-438.950897
5177,101.158000,36.7451706,-441.349182
5178,101.175000,36.7405968,-443.307526
5179,101.193000,36.8198433,-445.216064
5180,101.213000,36.863533,-447.219604
5181,101.231000,36.8701363,-448.15686
5182,101.251000,36.8701363,-448.15686
5183,101.269000,36.8701363,-448.15686
5184,101.289000,36.8701363,-448.15686
5185,101.308000,36.8701363,-448.15686
5186,101.326000,36.8701363,-448.15686
5187,101.348000,36.8701363,-448.15686
5188,101.369000,36.8701363,-448.15686
5189,101.392000,36.8701363,-448.15686
5190,101.410000,36.8701363,-448.15686
5191,101.427000,36.8701363,-448.15686
5192,101.444000,36.8701363,-448.15686
5193,101.463000,36.8701363,-448.15686
5194,101.482000,36.8686104,-448.141113
5195,101.500000,36.8792801,-447.945007
5196,101.521000,36.8792801,-447.945007
5197,101.539000,36.8792801,-447.945007
5198,101.558000,36.8792801,-447.945007
5199,101.576000,36.8792801,-447.945007
5200,101.598000,36.8655624,-447.965332
5201,101.625000,36.8655624,-447.965332
5202,101.641000,36.8655624,-447.965332
5203,101.658000,36.8655624,-447.965332
5204,101.680000,36.8655624,-447.965332
5205,101.698000,36.8655624,-447.965332
5206,101.717000,36.8655624,-447.965332
5207,101.734000,36.8655624,-447.965332
5208,101.751000,36.8655624,-447.965332
5209,101.769000,36.8655624,-447.965332
5210,101.788000,36.8655624,-447.965332
5211,101.804000,36.8655624,-447.965332
5212,101.823000,36.8650551,-447.965332
5213,101.867000,36.8650551,-447.965332
5214,101.886000,36.8650551,-447.965332
5215,101.907000,36.8650551,-447.965332
5216,101.924000,36.8650551,-447.965332
5217,101.940000,36.8650551,-447.965332
5218,101.959000,36.8650551,-447.965332
5219,101.976000,36.8650551,-447.965332
5220,101.993000,36.8650551,-447.965332
5221,102.010000,36.8650551,-447.965332
5222,102.027000,36.8650551,-447.965332
5223,102.043000,36.8650551,-447.965332
5224,102.060000,36.8650551,-447.965332
5225,102.077000,36.8650551,-447.965332
5226,102.099000,36.8650551,-447.965332
5227,102.124000,36.8650551,-447.965332
5228,102.142000,36.8650551,-447.965332
5229,102.159000,36.8650551,-447.965332
5230,102.175000,36.8650551,-447.965332
5231,102.192000,36.8650551,-447.965332
5232,102.215000,36.8650551,-447.965332
5233,102.235000,36.8650551,-447.965332
5234,102.253000,36.8650551,-447.965332
5235,102.271000,36.8650551,-447.965332
5236,102.291000,36.8650551,-447.965332
5237,102.310000,36.8650551,-447.965332
5238,102.326000,36.8650551,-447.965332
5239,102.344000,36.8650551,-447.965332
5240,102.363000,36.8650551,-447.965332
5241,102.380000,36.8650551,-447.965332
5242,102.398000,36.8650551,-447.965332
5243,102.418000,36.8650551,-447.965332
5244,102.438000,36.8650551,-447.965332
5245,102.456000,36.8650551,-447.965332
5246,102.484000,36.8650551,-447.965332
5247,102.503000,36.8650551,-447.965332
5248,102.523000,36.8650551,-447.965332
5249,102.556000,36.8650551,-447.965332
5250,102.572000,36.8650551,-447.965332
5251,102.602000,36.8721695,-447.953644
5252,102.625000,36.8757248,-447.97345
5253,102.656000,36.8167915,-447.954132
5254,102.675000,36.7548103,-447.970917
5255,102.692000,36.7156906,-447.980621
5256,102.715000,36.6298332,-447.986816
5257,102.733000,36.5668449,-447.991943
5258,102.753000,36.5668449,-447.991943
5259,102.772000,36.5673523,-447.992462
5260,102.792000,36.5673523,-447.992462
5261,102.810000,36.5673523,-447.992462
5262,102.829000,36.5673523,-447.992462
5263,102.852000,36.5673523,-447.992462
5264,102.879000,36.5673523,-447.992462
5265,102.894000,36.5673523,-447.992462
5266,102.911000,36.5673523,-447.992462
5267,102.936000,36.5673523,-447.992462
5268,102.957000,36.5673523,-447.992462
5269,102.973000,36.5673523,-447.992462
5270,102.991000,36.5673523,-447.992462
5271,103.009000,36.554142,-447.9935
5272,103.032000,36.5200996,-447.994019
5273,103.052000,36.2280006,-448.021973
5274,103.069000,35.9628258,-448.050934
5275,103.088000,35.4731064,-448.111359
5276,103.116000,35.0677261,-448.163208
5277,103.138000,35.0677261,-448.163208
5278,103.164000,34.7451515,-448.201324
5279,103.198000,34.7451515,-448.201324
5280,103.215000,34.5048637,-448.241974
5281,103.235000,34.2915039,-448.275513
5282,103.254000,34.1944771,-448.280579
5283,103.272000,34.0537643,-448.304474
5284,103.289000,33.8851089,-448.326843
5285,103.309000,33.6753082,-448.342621
5286,103.328000,33.5401802,-448.35434
5287,103.344000,33.5330696,-448.378723
5288,103.368000,33.4406166,-448.377716
5289,103.386000,33.3202171,-448.394501
5290,103.405000,33.204895,-448.410797
5291,103.423000,33.1835518,-448.411835
5292,103.445000,33.1185265,-448.410797
5293,103.465000,33.0651855,-448.413818
5294,103.491000,32.9524155,-448.428528
5295,103.509000,32.8995895,-448.439178
5296,103.526000,32.8426895,-448.448334
5297,103.547000,32.788826,-448.451965
5298,103.568000,32.7502174,-448.454041
5299,103.590000,32.6978798,-448.458679
5300,103.611000,32.6511459,-448.465851
5301,103.629000,32.6206703,-448.47049
5302,103.656000,32.5845985,-448.473083
5303,103.675000,32.5607185,-448.47464
5304,103.694000,32.538868,-448.476715
5305,103.721000,32.5088806,-448.479309
5306,103.737000,32.4936295,-448.480347
5307,103.754000,32.4717712,-448.482941
5308,103.776000,32.4524574,-448.485016
5309,103.794000,32.4346657,-448.48761
5310,103.813000,32.4168701,-448.49176
5311,103.832000,32.4011116,-448.495392
5312,103.854000,32.3868828,-448.497467
5313,103.881000,32.3726616,-448.500061
5314,103.901000,32.3635254,-448.501099
5315,103.919000,32.3528557,-448.503693
5316,103.945000,32.3457527,-448.50473
5317,103.962000,32.3401718,-448.505249
5318,103.984000,32.3320541,-448.506805
5319,104.006000,32.3249512,-448.507324
5320,104.028000,32.3229218,-448.507843
5321,104.053000,32.3168335,-448.508362
5322,104.071000,32.3122673,-448.508881
5323,104.094000,32.3046494,-448.509399
5324,104.123000,32.3016052,-448.509918
5325,104.144000,32.2995758,-448.509918
5326,104.162000,32.2965317,-448.509918
5327,104.183000,32.2939949,-448.510437
5328,104.201000,32.2924728,-448.510437
5329,104.230000,32.2889214,-448.511475
5330,104.250000,32.2879066,-448.511993
5331,104.267000,32.2853699,-448.511993
5332,104.289000,32.2802925,-448.512512
5333,104.306000,32.2792778,-448.512512
5334,104.338000,32.2787704,-448.512512
5335,104.355000,32.2787704,-448.512512
5336,104.373000,32.2787704,-448.512512
5337,104.392000,32.2787704,-448.512512
5338,104.410000,32.2787704,-448.512512
5339,104.430000,32.2787704,-448.512512
5340,104.448000,32.2787704,-448.512512
5341,104.469000,32.2787704,-448.512512
5342,104.498000,32.2787704,-448.513031
5343,104.515000,32.2787704,-448.513031
5344,104.534000,32.2787704,-448.513031
5345,104.559000,32.2787704,-448.513031
5346,104.577000,32.2787704,-448.513031
5347,104.596000,32.2787704,-448.513031
5348,104.615000,32.2787704,-448.513031
5349,104.637000,32.2787704,-448.513031
5350,104.654000,32.2787704,-448.513031
5351,104.675000,32.2787704,-448.513031
5352,104.696000,32.2787704,-448.513031
5353,104.718000,32.2787704,-448.513031
5354,104.738000,32.2879143,-448.514069
5355,104.755000,32.3341408,-448.525238
5356,104.778000,32.4474297,-448.532898
5357,104.800000,32.5820427,-448.531891
5358,104.819000,32.7689934,-448.517181
5359,104.842000,32.7735672,-448.515137
5360,104.865000,32.7735672,-448.514618
5361,104.890000,32.7735672,-448.514618
5362,104.907000,32.7735672,-448.514618
5363,104.924000,32.7903328,-448.512085
5364,104.941000,32.8624725,-448.500916
5365,104.960000,32.8731384,-448.49884
5366,104.986000,32.9554329,-448.491638
5367,105.005000,33.022995,-448.483978
5368,105.021000,33.0707474,-448.485016
5369,105.047000,33.1002121,-448.483459
5370,105.064000,33.146946,-448.484955
5371,105.083000,33.4034843,-448.467163
5372,105.114000,33.8048019,-448.44278
5373,105.133000,33.9993668,-448.420868
5374,105.157000,34.1446533,-448.403595
5375,105.175000,34.255394,-448.393494
5376,105.194000,34.4022064,-448.387909
5377,105.215000,34.5733986,-448.373718
5378,105.234000,34.6871948,-448.361053
5379,105.254000,34.7705078,-448.349884
5380,105.275000,34.7893028,-448.345825
5381,105.293000,34.837059,-448.352448
5382,105.315000,34.8863373,-448.350372
5383,105.332000,34.9396706,-448.344757
5384,105.354000,35.023983,-448.331085
5385,105.378000,35.0818977,-448.317902
5386,105.394000,35.1154213,-448.313293
5387,105.414000,35.1479301,-448.311707
5388,105.439000,35.1972046,-448.304535
5389,105.458000,35.235302,-448.297882
5390,105.476000,35.2667999,-448.290802
5391,105.503000,35.3120041,-448.282654
5392,105.521000,35.3363914,-448.278564
5393,105.538000,35.3572273,-448.274933
5394,105.558000,35.3770523,-448.272339
5395,105.577000,35.3933182,-448.269745
5396,105.594000,35.4085655,-448.268188
5397,105.623000,35.4263535,-448.266632
5398,105.641000,35.4395638,-448.265594
5399,105.660000,35.4517517,-448.264557
5400,105.679000,35.4542923,-448.264557
5401,105.698000,35.4542923,-448.264557
5402,105.719000,35.4573364,-448.264038
5403,105.738000,35.4644394,-448.262482
5404,105.756000,35.4715462,-448.261963
5405,105.773000,35.4791565,-448.261963
5406,105.791000,35.4847374,-448.261444
5407,105.808000,35.4908257,-448.260406
5408,105.826000,35.4964066,-448.259888
5409,105.856000,35.5035095,-448.259369
5410,105.877000,35.5090904,-448.25885
5411,105.899000,35.5131493,-448.257294
5412,105.919000,35.5192375,-448.256775
5413,105.937000,35.5217743,-448.256775
5414,105.953000,35.522789,-448.256775
5415,105.975000,35.5253258,-448.256256
5416,105.995000,35.5278625,-448.256256
5417,106.013000,35.553772,-448.225281
5418,106.034000,35.6365776,-448.09375
5419,106.059000,35.6365776,-448.09375
5420,106.079000,35.6223564,-447.970825
5421,106.099000,35.6213455,-447.621338
5422,106.129000,35.6437111,-447.085876
5423,106.147000,35.6396446,-446.929901
5424,106.164000,35.6223717,-446.795288
5425,106.184000,35.6162758,-446.769897
5426,106.206000,35.6162758,-446.769897
5427,106.231000,35.6604729,-446.518951
5428,106.250000,35.668602,-446.447845
5429,106.269000,35.665554,-446.337585
5430,106.287000,35.6736832,-446.12973
5431,106.307000,35.6675835,-445.983429
5432,106.323000,35.6508179,-445.727386
5433,106.351000,35.6482773,-445.621704
5434,106.369000,35.6528511,-445.460693
5435,106.388000,35.654377,-445.107147
5436,106.410000,35.6879044,-444.749512
5437,106.426000,35.7097473,-444.594025
5438,106.444000,35.7097473,-444.594025
5439,106.462000,35.7097473,-444.594025
5440,106.480000,35.70924,-444.556427
5441,106.499000,35.7163544,-444.04538
5442,106.520000,35.7432823,-443.312897
5443,106.538000,35.7458229,-442.630646
5444,106.562000,35.796627,-441.80365
5445,106.579000,35.8042488,-441.49527
5446,106.601000,35.7905273,-440.970001
5447,106.626000,35.8204994,-440.018555
5448,106.644000,35.854023,-439.379028
5449,106.664000,35.8646889,-438.67038
5450,106.682000,35.8489342,-438.011475
5451,106.700000,35.8611336,-437.291595
5452,106.722000,35.8834915,-436.487396
5453,106.743000,35.8961983,-435.814819
5454,106.761000,35.8733368,-435.148346
5455,106.788000,35.8321991,-434.093201
5456,106.807000,35.85252,-433.396698
5457,106.826000,35.890625,-432.792694
5458,106.850000,35.8911324,-432.522949
5459,106.879000,35.9419403,-431.131042
5460,106.902000,35.9627724,-429.727448
5461,106.924000,35.9780121,-429.184357
5462,106.948000,36.0252571,-427.973267
5463,106.965000,36.02882,-427.092346
5464,106.985000,36.0333939,-426.002686
5465,107.003000,36.0471115,-425.024811
5466,107.020000,36.0908089,-424.042816
5467,107.038000,36.098938,-423.411377
5468,107.056000,36.1065636,-422.614288
5469,107.074000,36.1400986,-421.823303
5470,107.092000,36.175663,-420.854523
5471,107.120000,36.1573715,-420.240875
5472,107.137000,36.1538162,-419.647491
5473,107.154000,36.1507721,-419.022644
5474,107.174000,36.1502609,-418.142761
5475,107.192000,36.1517792,-417.09375
5476,107.211000,36.2041054,-416.058899
5477,107.229000,36.2366219,-415.273102
5478,107.245000,36.2371368,-414.651276
5479,107.262000,36.2305298,-414.580658
5480,107.281000,36.242218,-413.892303
5481,107.299000,36.2508583,-411.885162
5482,107.335000,36.2178383,-410.709106
5483,107.357000,36.2376518,-409.794128
5484,107.375000,36.2061501,-408.650116
5485,107.392000,36.2132683,-407.472565
5486,107.410000,36.2102165,-406.15683
5487,107.428000,36.2259674,-404.836548
5488,107.446000,36.2229233,-403.461884
5489,107.464000,36.2280083,-402.075043
5490,107.482000,36.2173386,-400.804016
5491,107.504000,36.249855,-399.241974
5492,107.521000,36.2742424,-398.07663
5493,107.539000,36.2838974,-397.772308
5494,107.560000,36.2874527,-397.535583
5495,107.578000,36.3092957,-396.289978
5496,107.597000,36.3082771,-395.797241
5497,107.622000,36.3407936,-394.678589
5498,107.640000,36.3611221,-393.686951
5499,107.659000,36.4195442,-392.402191
5500,107.675000,36.4449463,-391.258148
5501,107.691000,36.5048904,-390.013489
5502,107.707000,36.5465469,-388.823242
5503,107.724000,36.5744934,-387.457733
5504,107.744000,36.6298676,-386.145599
5505,107.760000,36.641552,-384.952301
5506,107.783000,36.6410446,-383.188049
5507,107.801000,36.6776199,-381.842346
5508,107.819000,36.6776199,-380.553009
5509,107.841000,36.7147064,-378.983826
5510,107.859000,36.7370605,-377.802704
5511,107.877000,36.7345276,-376.110046
5512,107.900000,36.7863426,-374.819702
5513,107.918000,36.7980309,-373.538513
5514,107.937000,36.8341064,-372.09726
5515,107.955000,36.8843994,-370.922729
5516,107.973000,36.8925285,-370.018494
5517,107.990000,36.9057426,-369.229553
5518,108.009000,36.9626427,-367.899628
5519,108.026000,37.00634,-366.0383
5520,108.050000,37.0535851,-364.836823
5521,108.068000,37.0571404,-363.488556
5522,108.087000,37.0866165,-361.719208
5523,108.108000,37.0901718,-360.383698
5524,108.133000,37.1257286,-358.686493
5525,108.149000,37.1211586,-357.467773
5526,108.165000,37.1104889,-356.106354
5527,108.185000,37.1038895,-355.501862
5528,108.202000,37.1130333,-354.822693
5529,108.223000,37.0972862,-354.163788
5530,108.241000,37.1496124,-352.876526
5531,108.259000,37.1719666,-352.209534
5532,108.276000,37.2192078,-351.250916
5533,108.294000,37.2608681,-350.119568
5534,108.313000,37.320816,-348.726105
5535,108.330000,37.3182755,-347.600891
5536,108.354000,37.3299675,-345.826935
5537,108.378000,37.3721313,-344.100739
5538,108.399000,37.414814,-342.447693
5539,108.417000,37.387886,-341.003479
5540,108.434000,37.3985558,-339.58667
5541,108.458000,37.3817902,-338.308533
5542,108.475000,37.3934746,-337.602356
5543,108.494000,37.4127769,-336.436981
5544,108.513000,37.4188766,-335.22995
5545,108.530000,37.4468193,-334.033051
5546,108.554000,37.4640846,-332.097107
5547,108.571000,37.4859314,-330.901733
5548,108.591000,37.5133667,-329.602264
5549,108.615000,37.5529976,-327.847687
5550,108.635000,37.54842,-326.762115
5551,108.652000,37.5545158,-325.644989
5552,108.672000,37.5524826,-324.807281
5553,108.691000,37.5585785,-323.760284
5554,108.709000,37.5616264,-322.586823
5555,108.724000,37.5753517,-321.432587
5556,108.744000,37.5875397,-320.106232
5557,108.761000,37.5905876,-318.777771
5558,108.782000,37.6175079,-317.141998
5559,108.800000,37.6230965,-316.155945
5560,108.819000,37.6688194,-314.991608
5561,108.836000,37.7155571,-313.578857
5562,108.856000,37.7277489,-312.306824
5563,108.873000,37.7292747,-311.703339
5564,108.890000,37.7323189,-311.248169
5565,108.908000,37.7399406,-311.012939
5566,108.926000,37.7755051,-309.736877
5567,108.946000,37.8034515,-308.865173
5568,108.963000,37.8181801,-308.248962
5569,108.983000,37.825798,-307.749115
5570,109.002000,37.8298645,-307.214691
5571,109.019000,37.8491707,-305.914215
5572,109.038000,37.8700027,-304.590393
5573,109.056000,37.863903,-303.266113
5574,109.074000,37.9035301,-301.929535
5575,109.093000,37.9355354,-300.584839
5576,109.118000,37.9868355,-298.725067
5577,109.136000,38.0051308,-297.459198
5578,109.156000,38.0528908,-296.084045
5579,109.174000,38.0884552,-294.880096
5580,109.191000,38.1255341,-293.601959
5581,109.210000,38.1631241,-292.098267
5582,109.228000,38.1824379,-290.871979
5583,109.247000,38.2342606,-289.388123
5584,109.267000,38.29776,-287.930664
5585,109.284000,38.3297691,-286.503204
5586,109.307000,38.3871727,-285.067596
5587,109.325000,38.4049492,-283.905823
5588,109.348000,38.4537163,-282.106995
5589,109.368000,38.4892731,-280.775513
5590,109.386000,38.5248375,-279.470978
5591,109.403000,38.5593796,-278.132446
5592,109.421000,38.5929108,-276.890869
5593,109.440000,38.653862,-275.417114
5594,109.460000,38.7026367,-273.917969
5595,109.480000,38.7590218,-272.48999
5596,109.497000,38.8011894,-271.440002
5597,109.514000,38.8479271,-270.035858
5598,109.534000,38.8591042,-269.279968
5599,109.552000,38.9114304,-268.073975
5600,109.571000,38.975441,-266.834473
5601,109.599000,38.9871254,-266.564209
5602,109.620000,38.996273,-265.812347
5603,109.637000,39.041481,-264.617004
5604,109.654000,39.0922775,-263.311951
5605,109.671000,39.1334229,-261.92865
5606,109.691000,39.1867599,-260.683044
5607,109.715000,39.2004852,-259.444031
5608,109.732000,39.2330055,-258.320343
5609,109.750000,39.3132744,-256.979248
5610,109.769000,39.3442688,-255.477142
5611,109.787000,39.3762703,-254.104004
5612,109.804000,39.396595,-252.83197
5613,109.824000,39.4773674,-251.238876
5614,109.846000,39.574398,-249.787521
5615,109.865000,39.624691,-248.139069
5616,109.882000,39.6790466,-247.131699
5617,109.900000,39.7349281,-245.813934
5618,109.919000,39.7303581,-244.271652
5619,109.939000,39.7532196,-242.856873
5620,109.956000,39.7557564,-242.222885
5621,109.975000,39.7638855,-241.554367
5622,109.993000,39.782177,-240.979309
5623,110.011000,39.8116379,-240.666885
5624,110.028000,39.8116379,-240.666885
5625,110.048000,39.8116379,-240.666885
5626,110.065000,39.824337,-240.248291
5627,110.091000,39.9249229,-238.530243
5628,110.112000,39.9879227,-236.88942
5629,110.130000,40.0488777,-235.828705
5630,110.147000,40.0991745,-234.498749
5631,110.166000,40.1393127,-233.240936
5632,110.183000,40.1763992,-231.397934
5633,110.209000,40.2327919,-229.651428
5634,110.233000,40.2515907,-228.467285
5635,110.252000,40.2485466,-227.161713
5636,110.268000,40.2658234,-225.847031
5637,110.288000,40.2439728,-224.439362
5638,110.319000,40.2490501,-222.238708
5639,110.348000,40.2876549,-220.206711
5640,110.371000,40.3496323,-218.215851
5641,110.390000,40.374527,-217.106369
5642,110.407000,40.376564,-215.924255
5643,110.426000,40.4258461,-214.563324
5644,110.444000,40.4502296,-213.316208
5645,110.462000,40.4796944,-212.067551
5646,110.479000,40.5122108,-210.790939
5647,110.498000,40.5213585,-209.487427
5648,110.515000,40.5366058,-208.28447
5649,110.534000,40.5249176,-206.915405
5650,110.551000,40.5284729,-206.565903
5651,110.568000,40.5015488,-205.866379
5652,110.589000,40.4736099,-205.633194
5653,110.613000,40.4985046,-204.22551
5654,110.640000,40.5432129,-202.609039
5655,110.663000,40.5427055,-202.545044
5656,110.684000,40.5498199,-202.022324
5657,110.706000,40.5508347,-202.022324
5658,110.723000,40.5508347,-202.022324
5659,110.742000,40.5625191,-201.239471
5660,110.761000,40.5625191,-201.227783
5661,110.779000,40.5706444,-200.792938
5662,110.805000,40.570137,-200.792938
5663,110.824000,40.5401649,-200.407883
5664,110.844000,40.5579453,-200.316956
5665,110.865000,40.5594711,-200.297653
5666,110.885000,40.5437241,-200.167618
5667,110.902000,40.5406723,-200.130524
5668,110.921000,40.4924049,-199.230865
5669,110.939000,40.4482079,-198.186432
5670,110.958000,40.3963814,-196.736649
5671,110.979000,40.3664055,-195.423447
5672,110.999000,40.3669128,-193.792282
5673,111.020000,40.3638649,-192.33078
5674,111.039000,40.3801231,-190.841827
5675,111.057000,40.4106026,-189.534241
5676,111.074000,40.3958702,-186.723999
5677,111.130000,40.419239,-184.129654
5678,111.153000,40.4649696,-182.519836
5679,111.171000,40.4898643,-181.148758
5680,111.193000,40.4730949,-180.011353
5681,111.210000,40.4146767,-179.242737
5682,111.229000,40.3592987,-178.6875
5683,111.248000,40.3283081,-178.224197
5684,111.267000,40.3481255,-178.199814
5685,111.285000,40.3745461,-178.290756
5686,111.304000,40.4253502,-178.453842
5687,111.323000,40.4380569,-178.646896
5688,111.343000,40.476162,-178.747971
5689,111.363000,40.5127373,-178.744385
5690,111.381000,40.5203552,-178.699188
5691,111.399000,40.5188332,-178.643295
5692,111.418000,40.5213699,-178.634155
5693,111.436000,40.522892,-178.648392
5694,111.453000,40.5289803,-178.659576
5695,111.469000,40.5305023,-178.657562
5696,111.488000,40.531517,-178.655045
5697,111.506000,40.5330391,-178.655548
5698,111.524000,40.5345612,-178.655548
5699,111.543000,40.5370979,-178.655045
5700,111.560000,40.5406494,-178.654541
5701,111.578000,40.545723,-178.654037
5702,111.605000,40.5497818,-178.653534
5703,111.623000,40.5513039,-178.653534
5704,111.642000,40.5538406,-178.65303
5705,111.661000,40.5563774,-178.65303
5706,111.678000,40.5584068,-178.65303
5707,111.696000,40.5594215,-178.65303
5708,111.714000,40.561451,-178.652527
5709,111.732000,40.562973,-178.652527
5710,111.750000,40.5644951,-178.652527
5711,111.768000,40.5675392,-178.652023
5712,111.786000,40.5675392,-178.652023
5713,111.805000,40.5675392,-178.652023
5714,111.822000,40.5680466,-178.652023
5715,111.841000,40.5680466,-178.652023
5716,111.860000,40.5680466,-178.652023
5717,111.880000,40.5680466,-178.652023
5718,111.897000,40.5680466,-178.652023
5719,111.917000,40.5680466,-178.652023
5720,111.938000,40.5680466,-178.652023
5721,111.955000,40.5680466,-178.652023
5722,111.972000,40.5680466,-178.652023
5723,111.993000,40.5680466,-178.652023
5724,112.009000,40.5680466,-178.652023
5725,112.033000,40.5680466,-178.652023
5726,112.055000,40.5680466,-178.652023
5727,112.071000,40.5680466,-178.652023
5728,112.095000,40.5680466,-178.652023
5729,112.114000,40.5685539,-178.652023
5730,112.133000,40.5685539,-178.652023
5731,112.159000,40.5685539,-178.652023
5732,112.177000,40.5685539,-178.652023
5733,112.193000,40.5685539,-178.652023
5734,112.217000,40.5685539,-178.652023
5735,112.233000,40.5685539,-178.652023
5736,112.252000,40.5685539,-178.652023
5737,112.271000,40.5685539,-178.652023
5738,112.289000,40.5685539,-178.652023
5739,112.308000,40.5685539,-178.652023
5740,112.328000,40.5685539,-178.652023
5741,112.348000,40.5685539,-178.652023
5742,112.367000,40.5685539,-178.652023
5743,112.385000,40.5685539,-178.652023
5744,112.404000,40.5685539,-178.652023
5745,112.422000,40.5685539,-178.652023
5746,112.441000,40.5685539,-178.652023
5747,112.458000,40.5685539,-178.652023
5748,112.477000,40.5685539,-178.652023
5749,112.497000,40.5685539,-178.652023
5750,112.515000,40.5685539,-178.652023
5751,112.536000,40.5685539,-178.652023
5752,112.554000,40.5685539,-178.652023
5753,112.571000,40.5685539,-178.652023
5754,112.588000,40.5690613,-178.652023
5755,112.612000,40.5690613,-178.652023
5756,112.634000,40.5690613,-178.652023
5757,112.653000,40.5690613,-178.652023
5758,112.672000,40.5690613,-178.652023
5759,112.694000,40.5782051,-178.674377
5760,112.717000,40.6325645,-178.874542
5761,112.735000,40.6655884,-179.202698
5762,112.755000,40.6869278,-179.739685
5763,112.777000,40.7189331,-180.225861
5764,112.795000,40.7397652,-180.556549
5765,112.812000,40.7534828,-180.926376
5766,112.830000,40.7738113,-181.267242
5767,112.849000,40.7849922,-181.623825
5768,112.869000,40.7580681,-181.941345
5769,112.889000,40.7209816,-182.31015
5770,112.906000,40.7103081,-182.641846
5771,112.925000,40.7235222,-183.022369
5772,112.944000,40.7468987,-183.42218
5773,112.963000,40.7626534,-183.738159
5774,112.981000,40.7763786,-184.072418
5775,113.000000,40.7829895,-184.430527
5776,113.017000,40.764698,-184.756134
5777,113.035000,40.7433586,-185.037567
5778,113.052000,40.7108459,-185.444489
5779,113.071000,40.7027092,-185.802124
5780,113.096000,40.7260857,-186.155182
5781,113.116000,40.7408295,-186.594574
5782,113.132000,40.7530212,-187.145233
5783,113.149000,40.7713089,-188.08046
5784,113.179000,40.7733345,-188.973007
5785,113.201000,40.7560539,-189.752777
5786,113.219000,40.7641754,-190.456345
5787,113.236000,40.7758636,-191.095917
5788,113.253000,40.7352219,-191.349411
5789,113.270000,40.7550354,-191.776123
5790,113.289000,40.7860222,-192.37709
5791,113.307000,40.8149796,-192.987198
5792,113.325000,40.8439331,-193.700912
5793,113.348000,40.9033775,-194.628525
5794,113.365000,40.9414787,-195.328552
5795,113.383000,40.9389381,-195.925446
5796,113.399000,40.9394455,-196.502029
5797,113.417000,40.990242,-197.16954
5798,113.434000,41.0532379,-197.747635
5799,113.451000,41.1218185,-198.370941
5800,113.468000,41.1492462,-198.897217
5801,113.485000,41.1832771,-199.522552
5802,113.504000,41.2335739,-200.229172
5803,113.523000,41.3021584,-200.746292
5804,113.541000,41.3712463,-201.135941
5805,113.561000,41.3712463,-201.135941
5806,113.586000,41.3885193,-201.23349
5807,113.606000,41.4784355,-201.78212
5808,113.625000,41.5302544,-202.119431
5809,113.642000,41.5668297,-202.48674
5810,113.659000,41.6247444,-203.085159
5811,113.678000,41.6872215,-203.719131
5812,113.699000,41.7349701,-204.250519
5813,113.716000,41.7537651,-204.660477
5814,113.735000,41.7491913,-205.197922
5815,113.754000,41.7507172,-205.917267
5816,113.772000,41.7649498,-206.518753
5817,113.790000,41.7807121,-207.148193
5818,113.808000,41.8111954,-207.741531
5819,113.827000,41.8152657,-208.446136
5820,113.847000,41.8457451,-209.076065
5821,113.868000,41.8691139,-209.710083
5822,113.886000,41.8620033,-210.405533
5823,113.903000,41.8929901,-211.035477
5824,113.925000,41.9275284,-211.715698
5825,113.942000,41.9610519,-212.354294
5826,113.960000,41.9900055,-212.975571
5827,113.978000,41.9803505,-213.610565
5828,113.995000,41.9823799,-214.257767
5829,114.015000,42.0021896,-214.881577
5830,114.033000,42.0037117,-215.514557
5831,114.052000,42.0011711,-215.670517
5832,114.070000,42.0047226,-215.815292
5833,114.091000,42.0265656,-216.357315
5834,114.112000,42.07127,-217.027374
5835,114.131000,42.0794029,-217.611038
5836,114.149000,42.0677109,-218.22879
5837,114.167000,42.0504303,-218.83992
5838,114.192000,42.0605965,-219.719788
5839,114.208000,42.0560265,-220.263855
5840,114.226000,42.0387497,-220.809464
5841,114.249000,42.0402718,-221.790421
5842,114.267000,42.0052185,-222.586441
5843,114.285000,41.9452782,-223.492706
5844,114.304000,41.9178429,-224.535629
5845,114.323000,41.8741493,-225.511505
5846,114.342000,41.8116608,-226.649933
5847,114.366000,41.7857513,-227.980362
5848,114.383000,41.770504,-228.948608
5849,114.400000,41.7908249,-229.950394
5850,114.423000,41.7837105,-231.057312
5851,114.440000,41.7588158,-232.066208
5852,114.459000,41.7491608,-233.20311
5853,114.476000,41.7699928,-234.16272
5854,114.493000,41.7821846,-235.148239
5855,114.510000,41.7908211,-236.311554
5856,114.531000,41.8482285,-237.41188
5857,114.549000,41.8705864,-238.669189
5858,114.566000,41.9020844,-239.634872
5859,114.585000,41.9447594,-240.689484
5860,114.607000,42.0514374,-242.573654
5861,114.627000,42.0621109,-243.844177
5862,114.645000,42.0549927,-245.09436
5863,114.664000,42.0702324,-246.589905
5864,114.681000,42.0595665,-247.740036
5865,114.698000,42.069725,-249.275726
5866,114.717000,42.092083,-250.695084
5867,114.735000,42.1566048,-252.351685
5868,114.755000,42.1865807,-253.523636
5869,114.771000,42.1906433,-254.913513
5870,114.791000,42.2043533,-256.344543
5871,114.809000,42.2013054,-257.049133
5872,114.826000,42.2013054,-257.049133
5873,114.845000,42.2013054,-257.049133
5874,114.866000,42.2013054,-257.049133
5875,114.885000,42.2013054,-257.049133
5876,114.904000,42.2013054,-257.049133
5877,114.924000,42.1164742,-258.194153
5878,114.942000,42.0285988,-259.573914
5879,114.968000,41.9117584,-261.559692
5880,114.986000,41.8375854,-262.984161
5881,115.005000,41.7974548,-264.649872
5882,115.025000,41.7578316,-266.105835
5883,115.044000,41.7329369,-267.447449
5884,115.061000,41.7258224,-268.865295
5885,115.080000,41.7644348,-270.267365
5886,115.099000,41.8040581,-271.845764
5887,115.118000,41.7969437,-273.207672
5888,115.134000,41.8198013,-274.451294
5889,115.151000,41.8634911,-275.856873
5890,115.168000,41.8579025,-277.078613
5891,115.186000,41.8883858,-278.458832
5892,115.203000,41.9081955,-279.837036
5893,115.222000,41.933094,-280.408539
5894,115.240000,41.9798317,-281.542389
5895,115.258000,41.9869461,-282.685425
5896,115.277000,42.0098076,-284.024994
5897,115.294000,42.0362244,-285.372742
5898,115.311000,42.0392761,-286.717926
5899,115.332000,42.0702629,-288.255676
5900,115.358000,42.1185303,-290.409637
5901,115.376000,42.1236115,-291.552155
5902,115.394000,42.1678047,-292.986206
5903,115.413000,42.1825371,-294.722046
5904,115.430000,42.2394371,-295.734528
5905,115.455000,42.2673798,-297.580627
5906,115.473000,42.3171654,-299.057892
5907,115.490000,42.3796539,-300.472656
5908,115.513000,42.4152145,-302.127197
5909,115.531000,42.4553452,-303.562286
5910,115.548000,42.4726219,-304.854675
5911,115.567000,42.5284996,-305.883911
5912,115.588000,42.5508499,-306.734253
5913,115.608000,42.5838699,-308.158203
5914,115.628000,42.635685,-309.724823
5915,115.645000,42.6788673,-310.862244
5916,115.664000,42.7215385,-312.352203
5917,115.684000,42.804348,-313.973755
5918,115.702000,42.8429604,-315.557678
5919,115.721000,42.9156075,-316.970428
5920,115.741000,43.0197411,-318.595001
5921,115.771000,43.2884789,-323.99707
5922,115.832000,43.3976936,-325.53479
5923,115.858000,43.4688072,-327.356049
5924,115.874000,43.5104599,-328.163757
5925,115.892000,43.5287437,-329.356018
5926,115.910000,43.530777,-330.369995
5927,115.927000,43.5571938,-330.940979
5928,115.945000,43.5505867,-332.204407
5929,115.964000,43.5937653,-333.636505
5930,115.981000,43.6359291,-335.15744
5931,116.001000,43.6501579,-336.664185
5932,116.019000,43.6877518,-337.962585
5933,116.034000,43.7268753,-339.176239
5934,116.054000,43.7797127,-340.671783
5935,116.071000,43.8391495,-341.913818
5936,116.089000,43.8447418,-343.406342
5937,116.110000,43.8833542,-344.994904
5938,116.130000,43.9514275,-346.479858
5939,116.149000,43.9798737,-347.993713
5940,116.168000,44.0342293,-349.546722
5941,116.186000,44.0291519,-350.879211
5942,116.205000,44.0911255,-355.058044
5943,116.259000,44.0946808,-356.50943
5944,116.276000,44.0987511,-357.722504
5945,116.292000,44.1048508,-359.209381
5946,116.310000,44.1444778,-360.573853
5947,116.328000,44.1820755,-361.837219
5948,116.346000,44.1729317,-363.616241
5949,116.372000,44.2633514,-365.274872
5950,116.391000,44.3141518,-366.93042
5951,116.410000,44.3837433,-368.371124
5952,116.427000,44.417778,-369.517181
5953,116.443000,44.4162483,-370.922333
5954,116.461000,44.4995575,-372.553009
5955,116.479000,44.565094,-376.068298
5956,116.543000,44.6092949,-377.387054
5957,116.562000,44.6773682,-378.892761
5958,116.580000,44.6545067,-379.963104
5959,116.608000,44.7047997,-382.117493
5960,116.626000,44.7032738,-383.563782
5961,116.644000,44.7149582,-384.957794
5962,116.661000,44.7652512,-386.239471
5963,116.681000,44.7743912,-387.780212
5964,116.699000,44.8043671,-389.291016
5965,116.716000,44.8485603,-390.590485
5966,116.733000,44.9064713,-392.080963
5967,116.760000,44.9669228,-393.943329
5968,116.779000,44.9984169,-395.277344
5969,116.798000,45.023819,-396.869415
5970,116.819000,45.0573502,-398.591064
5971,116.840000,45.0624313,-400.007385
5972,116.865000,45.109169,-401.962677
5973,116.884000,45.1056137,-403.147888
5974,116.900000,45.1442299,-404.52713
5975,116.926000,45.1660728,-406.347778
5976,116.944000,45.220932,-407.853485
5977,116.961000,45.2879906,-409.364319
5978,116.984000,45.361145,-411.038147
5979,117.002000,45.3987389,-412.435669
5980,117.019000,45.416008,-413.709717
5981,117.037000,45.4815407,-415.045776
5982,117.056000,45.5287857,-416.643463
5983,117.076000,45.6669579,-418.114655
5984,117.102000,45.9732857,-419.900269
5985,117.120000,46.2201767,-421.575623
5986,117.141000,46.4223595,-422.871552
5987,117.159000,46.6265793,-424.252808
5988,117.177000,46.8155556,-425.666565
5989,117.198000,47.0218086,-426.974182
5990,117.215000,47.1543961,-427.98761
5991,117.232000,47.26717,-428.60788
5992,117.252000,47.38554,-429.665009
5993,117.272000,47.561306,-431.346466
5994,117.293000,47.7375832,-432.69931
5995,117.310000,47.8513756,-433.518188
5996,117.327000,47.9565315,-434.581451
5997,117.346000,48.0139389,-435.329193
5998,117.364000,48.1495781,-436.751038
5999,117.381000,48.2415276,-437.885406
6000,117.401000,48.2405128,-438.482819
6001,117.418000,48.3416061,-439.470886
6002,117.435000,48.3502426,-439.875793
6003,117.452000,48.4508286,-441.445526
6004,117.479000,48.5305824,-442.856781
6005,117.495000,48.583416,-443.457214
6006,117.512000,48.6662216,-444.615997
6007,117.536000,48.7408943,-446.470215
6008,117.554000,48.8287773,-447.787964
6009,117.573000,48.9085312,-448.911682
6010,117.602000,49.0533104,-451.157074
6011,117.620000,49.1569405,-452.650146
6012,117.639000,49.2326279,-454.100494
6013,117.657000,49.3677597,-455.952179
6014,117.677000,49.4439621,-457.238953
6015,117.695000,49.5404854,-458.455139
6016,117.712000,49.5730019,-459.707367
6017,117.729000,49.6329422,-461.348236
6018,117.757000,49.7081223,-462.884369
6019,117.782000,49.7131996,-464.381409
6020,117.806000,49.9423218,-468.886292
6021,117.878000,50.0144653,-470.572388
6022,117.899000,50.1186028,-472.14209
6023,117.916000,50.1963234,-473.593445
6024,117.934000,50.2628746,-474.944244
6025,117.952000,50.362442,-476.167023
6026,117.972000,50.4589653,-477.482758
6027,117.992000,50.5890198,-478.863983
6028,118.011000,50.6860466,-480.118744
6029,118.029000,50.7307549,-481.503052
6030,118.046000,50.7688522,-482.286957
6031,118.066000,50.836422,-483.847565
6032,118.091000,50.912117,-485.811981
6033,118.122000,50.9542847,-486.916901
6034,118.141000,51.0518341,-488.624847
6035,118.179000,51.1148262,-490.383606
6036,118.200000,51.1808701,-492.049347
6037,118.221000,51.2189713,-493.419952
6038,118.238000,51.3271751,-494.65036
6039,118.256000,51.4074402,-495.929016
6040,118.283000,51.4866943,-498.226715
6041,118.303000,51.5344467,-499.606934
6042,118.322000,51.566452,-500.95462
6043,118.351000,51.6071014,-503.276672
6044,118.372000,51.6233559,-505.18576
6045,118.401000,51.7341003,-507.257416
6046,118.419000,51.7447662,-508.579285
6047,118.439000,51.8392525,-510.252167
6048,118.459000,51.8529663,-511.496765
6049,118.478000,51.9251022,-512.994324
6050,118.496000,51.9936829,-514.159729
6051,118.521000,52.0317841,-516.203552
6052,118.539000,52.0754776,-517.505554
6053,118.556000,52.1003761,-519.032654
6054,118.574000,52.1618462,-520.276245
6055,118.597000,52.2319565,-522.120728
6056,118.616000,52.2822495,-523.741699
6057,118.634000,52.3310127,-524.39801
6058,118.652000,52.3762283,-525.56543
6059,118.671000,52.4539528,-527.137146
6060,118.691000,52.4879837,-528.538208
6061,118.709000,52.5220184,-529.945313
6062,118.726000,52.5972023,-531.194519
6063,118.747000,52.6134567,-532.708374
6064,118.765000,52.6500359,-534.145935
6065,118.783000,52.6840744,-535.853333
6066,118.804000,52.7490997,-537.158936
6067,118.821000,52.835968,-538.448792
6068,118.841000,52.8872757,-539.952515
6069,118.867000,52.9507828,-541.669067
6070,118.883000,53.0280037,-543.246948
6071,118.910000,53.0935326,-545.103577
6072,118.933000,53.1687241,-546.66571
6073,118.949000,53.1885338,-547.90686
6074,118.968000,53.268795,-549.531372
6075,118.987000,53.295208,-550.995422
6076,119.005000,53.3053703,-552.283142
6077,119.026000,53.3033409,-553.9505
6078,119.044000,53.2789574,-555.193604
6079,119.063000,53.2779388,-556.782043
6080,119.083000,53.292675,-558.180603
6081,119.105000,53.2850571,-559.617798
6082,119.126000,53.3363686,-561.090515
6083,119.155000,53.4232368,-563.687317
6084,119.176000,53.4653969,-565.158081
6085,119.204000,53.5040054,-567.112305
6086,119.221000,53.5807152,-568.526611
6087,119.240000,53.604084,-570.098877
6088,119.258000,53.6117096,-571.49939
6089,119.276000,53.6300011,-572.93042
6090,119.304000,53.6813126,-574.798828
6091,119.322000,53.6904564,-575.131653
6092,119.345000,53.6630173,-576.719727
6093,119.370000,53.7112885,-578.952454
6094,119.392000,53.7001076,-580.371277
6095,119.409000,53.7331314,-581.571167
6096,119.429000,53.7554893,-582.88324
6097,119.447000,53.8062897,-584.006897
6098,119.465000,53.8657227,-585.420227
6099,119.483000,53.9251556,-586.834534
6100,119.500000,53.9698639,-587.593994
6101,119.528000,53.9972992,-589.255737
6102,119.545000,54.0364189,-590.659424
6103,119.564000,54.0933151,-591.988403
6104,119.590000,54.1065216,-593.664673
6105,119.613000,54.1862793,-595.550354
6106,119.634000,54.2096519,-597.078491
6107,119.651000,54.2218437,-597.9776
6108,119.668000,54.2309952,-599.053467
6109,119.694000,54.2569046,-599.864685
6110,119.712000,54.2569046,-599.875366
6111,119.729000,54.2569046,-599.875366
6112,119.752000,54.2569046,-599.875854
6113,119.770000,54.2569046,-599.875854
6114,119.787000,54.2569046,-599.875854
6115,119.805000,54.2569046,-599.875854
6116,119.827000,54.2569046,-599.875854
6117,119.852000,54.2569046,-599.875854
6118,119.869000,54.2569046,-599.875854
6119,119.888000,54.2330246,-599.858582
6120,119.910000,54.2381058,-599.813354
6121,119.932000,54.2381058,-599.813354
6122,119.956000,54.2381058,-599.813354
6123,119.974000,54.2381058,-599.813354
6124,119.994000,54.2381058,-599.813354
6125,120.014000,54.2381058,-599.813354
6126,120.034000,54.2381058,-599.813354
6127,120.055000,54.2381058,-599.813354
6128,120.075000,54.2381058,-599.813354
6129,120.101000,54.2381058,-599.813354
6130,120.128000,54.2381058,-599.813354
6131,120.148000,54.2381058,-599.813354
6132,120.168000,54.2381058,-599.813354
6133,120.189000,54.2381058,-599.813354
6134,120.210000,54.2381058,-599.813354
6135,120.228000,54.2381058,-599.813354
6136,120.246000,54.2381058,-599.813354
6137,120.266000,54.2345505,-599.80426
6138,120.284000,54.2314987,-599.793091
6139,120.304000,54.2314987,-599.793091
6140,120.323000,54.2330246,-599.721497
6141,120.342000,54.2503014,-599.310974
6142,120.365000,54.2533493,-599.01886
6143,120.389000,54.2589455,-598.727844
6144,120.405000,54.2421722,-598.435181
6145,120.423000,54.2381058,-598.125732
6146,120.445000,54.2452202,-597.977905
6147,120.462000,54.3011017,-597.762573
6148,120.493000,54.3752747,-597.288147
6149,120.512000,54.3935699,-596.93396
6150,120.540000,54.3590202,-596.437012
6151,120.558000,54.3234558,-596.10675
6152,120.578000,54.3082161,-595.892883
6153,120.611000,54.3061829,-595.853699
6154,120.632000,54.3061829,-595.853699
6155,120.651000,54.2894173,-595.282227
6156,120.675000,54.2823067,-594.817383
6157,120.693000,54.2563934,-594.300781
6158,120.716000,54.2833214,-593.61554
6159,120.733000,54.3087234,-592.998291
6160,120.753000,54.3259964,-592.626953
6161,120.777000,54.3249817,-592.343506
6162,120.797000,54.323967,-592.102234
6163,120.815000,54.3290443,-591.790344
6164,120.832000,54.3295517,-591.790344
6165,120.853000,54.3305664,-591.158447
6166,120.877000,54.3686676,-590.212036
6167,120.896000,54.3859329,-589.138184
6168,120.914000,54.4062576,-588.147156
6169,120.933000,54.4423294,-586.936646
6170,120.955000,54.5195465,-585.602112
6171,120.987000,54.5769539,-584.209106
6172,121.005000,54.5185318,-583.240906
6173,121.021000,54.5764465,-582.292419
6174,121.048000,54.6130257,-581.62738
6175,121.068000,54.6628075,-580.760193
6176,121.088000,54.7298698,-579.805664
6177,121.113000,54.7481613,-578.289917
6178,121.139000,54.7766113,-577.099243
6179,121.161000,54.7684822,-576.768005
6180,121.179000,54.7674713,-576.112244
6181,121.199000,54.7720451,-575.944641
6182,121.217000,54.7791634,-575.056641
6183,121.236000,54.7862701,-574.270264
6184,121.255000,54.7583351,-573.307617
6185,121.275000,54.7613792,-572.231628
6186,121.293000,54.8035469,-571.148682
6187,121.313000,54.7578278,-569.900024
6188,121.336000,54.7552872,-568.921082
6189,121.359000,54.6806068,-567.713684
6190,121.375000,54.5510674,-566.748474
6191,121.397000,54.3397408,-565.529785
6192,121.418000,54.0085297,-564.18457
6193,121.439000,53.7535133,-563.213318
6194,121.458000,53.4075623,-562.205566
6195,121.485000,52.9198761,-560.731934
6196,121.502000,52.6145668,-559.857666
6197,121.519000,52.2559242,-558.793823
6198,121.542000,51.8652802,-557.526794
6199,121.566000,51.5503197,-556.589478
6200,121.588000,51.1241112,-555.283447
6201,121.606000,50.8386192,-554.308167
6202,121.625000,50.5201035,-553.230286
6203,121.649000,50.1192932,-552.005493
6204,121.669000,49.7652168,-550.797974
6205,121.690000,49.4695625,-549.712952
6206,121.709000,49.1571426,-548.750854
6207,121.727000,48.8213615,-547.573853
6208,121.748000,48.4403572,-546.375061
6209,121.772000,48.0827293,-545.186401
6210,121.792000,47.7581177,-544.136353
6211,121.816000,47.3283463,-542.746887
6212,121.834000,47.0524979,-541.928101
6213,121.853000,46.8558998,-541.461731
6214,121.877000,46.5521202,-540.466064
6215,121.899000,46.2407036,-539.541016
6216,121.916000,45.9597778,-538.539673
6217,121.937000,45.7545509,-537.818726
6218,121.955000,45.5701485,-537.169861
6219,121.976000,45.2638321,-536.155823
6220,121.998000,44.9031525,-535.084961
6221,122.016000,44.593277,-533.996277
6222,122.044000,44.165535,-532.609436
6223,122.061000,43.8653069,-531.654358
6224,122.078000,43.5417099,-530.539307
6225,122.107000,43.1414146,-529.172302
6226,122.123000,42.8579483,-528.282349
6227,122.144000,42.599369,-527.462891
6228,122.161000,42.3047295,-526.397705
6229,122.184000,42.0187225,-525.458435
6230,122.210000,41.8490524,-524.781738
6231,122.229000,41.6367073,-523.98877
6232,122.248000,41.3253059,-522.992554
6233,122.267000,41.0301666,-522.031921
6234,122.284000,40.7421341,-521.06665
6235,122.303000,40.372818,-519.92926
6236,122.322000,40.3062706,-519.712891
6237,122.342000,40.1818085,-519.277466
6238,122.362000,40.0441437,-518.81073
6239,122.381000,39.7413788,-517.956665
6240,122.399000,39.453846,-517.064087
6241,122.419000,39.0977364,-516.07605
6242,122.439000,38.7543297,-515.095093
6243,122.457000,38.3961906,-514.025269
6244,122.475000,38.049736,-513.022461
6245,122.492000,37.7088776,-511.990631
6246,122.511000,37.429985,-511.135162
6247,122.530000,37.285717,-510.621063
6248,122.550000,37.0713387,-509.799072
6249,122.568000,36.7238731,-508.627594
6250,122.592000,36.4551506,-507.583649
6251,122.615000,36.1086922,-506.476685
6252,122.634000,35.991848,-506.104828
6253,122.652000,35.9298744,-505.912781
6254,122.669000,35.7342949,-505.2966
6255,122.687000,35.4223747,-504.290222
6256,122.706000,35.0667725,-503.234619
6257,122.725000,34.7172623,-502.230865
6258,122.742000,34.4272003,-501.27533
6259,122.760000,34.121891,-500.2995
6260,122.779000,33.7667999,-499.252533
6261,122.798000,33.4625053,-498.367584
6262,122.815000,33.1196022,-497.366302
6263,122.833000,32.8264847,-496.418854
6264,122.852000,32.4729195,-495.380554
6265,122.878000,32.048748,-494.000824
6266,122.896000,31.7729034,-493.123474
6267,122.916000,31.3863125,-491.984558
6268,122.934000,31.1003075,-491.091949
6269,122.954000,31.0114079,-490.72467
6270,122.971000,30.8833904,-490.323853
6271,122.988000,30.6436138,-489.59079
6272,123.005000,30.4429531,-488.881622
6273,123.026000,30.1813335,-488.004333
6274,123.044000,30.0853214,-487.689911
6275,123.062000,29.9517174,-487.247437
6276,123.080000,29.7099094,-486.508301
6277,123.100000,29.3243389,-485.336823
6278,123.130000,28.8148136,-483.663483
6279,123.148000,28.534399,-482.77597
6280,123.165000,28.2428093,-481.746246
6281,123.186000,27.8059292,-480.382812
6282,123.207000,27.4716625,-479.263123
6283,123.227000,27.1932774,-478.390869
6284,123.245000,26.9631519,-477.713135
6285,123.264000,26.5933285,-476.524384
6286,123.283000,26.279892,-475.518524
6287,123.301000,26.0243664,-474.681396
6288,123.320000,25.6352367,-473.401733
6289,123.341000,25.3009739,-472.362335
6290,123.361000,25.0815163,-471.573395
6291,123.379000,24.9809303,-471.256927
6292,123.395000,24.7472477,-470.551819
6293,123.416000,24.4617519,-469.525696
6294,123.435000,24.1330757,-468.459412
6295,123.455000,23.8252258,-467.459137
6296,123.475000,23.5021343,-466.340973
6297,123.494000,23.165329,-465.205109
6298,123.517000,22.7762012,-463.901062
6299,123.539000,22.4764786,-462.911438
6300,123.558000,22.1874256,-461.845642
6301,123.575000,21.9166622,-460.984589
6302,123.605000,21.4274597,-459.330536
6303,123.622000,21.0860825,-458.222595
6304,123.642000,20.8000774,-457.27066
6305,123.658000,20.5445518,-456.410583
6306,123.677000,20.2001286,-455.331085
6307,123.697000,19.8612919,-454.104767
6308,123.718000,19.6250725,-453.358459
6309,123.737000,19.4980736,-452.975433
6310,123.753000,19.2750607,-452.301788
6311,123.770000,19.0083599,-451.525024
6312,123.789000,18.6766357,-450.482635
6313,123.805000,18.3946953,-449.520996
6314,123.824000,18.0380783,-448.318085
6315,123.846000,17.6677456,-447.089752
6316,123.864000,17.4015522,-446.218018
6317,123.883000,17.1226597,-445.280762
6318,123.902000,16.7690907,-444.073273
6319,123.928000,16.3616734,-442.696045
6320,123.946000,16.0771942,-441.702911
6321,123.964000,15.7856016,-440.716858
6322,123.984000,15.528554,-439.823273
6323,124.004000,15.410697,-439.495605
6324,124.023000,15.2562647,-439.019104
6325,124.044000,15.2100363,-438.853485
6326,124.062000,15.0667801,-438.441467
6327,124.080000,14.8945675,-437.850708
6328,124.109000,14.5638599,-436.702179
6329,124.130000,14.117836,-435.166473
6330,124.155000,13.7942381,-434.089539
6331,124.174000,13.5102654,-433.051758
6332,124.193000,13.2491531,-432.154175
6333,124.210000,12.8300533,-430.672333
6334,124.236000,12.2529659,-428.792694
6335,124.269000,11.9344482,-427.740601
6336,124.287000,11.662158,-426.763702
6337,124.306000,11.3421192,-425.752716
6338,124.324000,11.0027752,-424.72757
6339,124.347000,10.5963764,-423.495605
6340,124.364000,10.2997046,-422.500427
6341,124.384000,9.95578766,-421.256317
6342,124.402000,9.69162655,-420.391144
6343,124.419000,9.40511513,-419.423401
6344,124.439000,9.05103874,-418.266174
6345,124.458000,8.74877834,-417.317749
6346,124.476000,8.4500742,-416.296112
6347,124.493000,8.17321396,-415.389313
6348,124.509000,7.80592918,-414.176727
6349,124.530000,7.54075289,-413.287201
6350,124.547000,7.22325277,-412.310303
6351,124.565000,6.94232845,-411.320709
6352,124.589000,6.50493956,-409.951172
6353,124.611000,6.08075953,-408.606964
6354,124.633000,5.59866714,-407.187592
6355,124.660000,5.19531441,-405.8927
6356,124.679000,4.86054325,-404.911224
6357,124.694000,4.59181118,-404.023193
6358,124.714000,4.29107571,-402.981293
6359,124.732000,3.9283638,-401.9216
6360,124.751000,3.63626313,-400.938049
6361,124.768000,3.37210274,-400.0495
6362,124.785000,3.30047441,-399.601959
6363,124.801000,3.15975833,-399.103088
6364,124.819000,2.89712214,-398.154114
6365,124.838000,2.72135401,-397.624237
6366,124.862000,2.37692976,-396.352173
6367,124.880000,2.06654167,-395.337708
6368,124.896000,1.77850556,-394.456818
6369,124.914000,1.4742136,-393.473297
6370,124.931000,1.12013757,-392.508606
6371,124.948000,0.976373494,-392.097107
6372,124.966000,0.863597453,-391.719147
6373,124.984000,0.620773435,-390.934296
6374,125.003000,0.358137488,-390.068665
6375,125.021000,0.0365734883,-389.057281
6376,125.039000,-0.212346509,-388.222107
6377,125.055000,-0.483110487,-387.246277
6378,125.073000,-0.765050471,-386.285187
6379,125.103000,-1.27508259,-384.471588
6380,125.123000,-1.41732275,-383.959991
6381,125.140000,-1.63169873,-383.266052
6382,125.159000,-1.9237988,-382.287109
6383,125.179000,-2.22504282,-381.299561
6384,125.198000,-2.53593874,-380.335876
6385,125.216000,-2.8854425,-379.30719
6386,125.233000,-3.24713874,-378.157074
6387,125.254000,-3.54381084,-377.202026
6388,125.273000,-3.86689901,-376.152435
6389,125.292000,-4.10159492,-375.22229
6390,125.310000,-4.34645081,-374.444519
6391,125.332000,-4.39217043,-374.217957
6392,125.351000,-4.68122244,-373.303558
6393,125.378000,-5.17093468,-371.79071
6394,125.398000,-5.40004206,-371.032227
6395,125.415000,-5.46151018,-370.823425
6396,125.436000,-5.6875701,-370.053284
6397,125.453000,-5.93293381,-369.29837
6398,125.477000,-6.37590981,-368.008087
6399,125.496000,-6.70356941,-367.025604
6400,125.513000,-7.05205679,-366.060425
6401,125.532000,-7.35533333,-365.094727
6402,125.549000,-7.7124567,-364.104614
6403,125.566000,-8.05332661,-363.128265
6404,125.587000,-8.37489128,-362.052368
6405,125.606000,-8.70001125,-361.086639
6406,125.624000,-8.90981579,-360.449127
6407,125.641000,-9.11606407,-359.756714
6408,125.657000,-9.32637596,-359.08609
6409,125.674000,-9.56716633,-358.281372
6410,125.690000,-9.89736557,-357.295319
6411,125.714000,-10.2763348,-356.109161
6412,125.731000,-10.5806274,-355.132263
6413,125.746000,-10.8945704,-354.264618
6414,125.774000,-11.3837738,-352.849365
6415,125.793000,-11.7698536,-351.782074
6416,125.810000,-12.0878611,-350.889008
6417,125.829000,-12.4079008,-349.943634
6418,125.848000,-12.7355595,-348.988068
6419,125.865000,-13.0591555,-348.016754
6420,125.882000,-13.3639555,-347.054596
6421,125.900000,-13.6794233,-346.101593
6422,125.919000,-13.9766026,-345.131256
6423,125.939000,-14.2976589,-344.061951
6424,125.956000,-14.5501356,-343.193298
6425,125.974000,-14.8468075,-342.119354
6426,125.992000,-15.112999,-341.249115
6427,126.009000,-15.4045925,-340.265137
6428,126.026000,-15.686533,-339.255707
6429,126.045000,-15.9501867,-338.32962
6430,126.061000,-16.2316189,-337.374573
6431,126.079000,-16.5501347,-336.425629
6432,126.106000,-17.0134277,-334.984406
6433,126.126000,-17.3385487,-333.971924
6434,126.144000,-17.6697655,-332.914795
6435,126.163000,-17.9923439,-331.98465
6436,126.180000,-18.2880001,-331.134247
6437,126.198000,-18.6466446,-329.911987
6438,126.218000,-18.9580517,-328.988464
6439,126.234000,-19.2486248,-328.14212
6440,126.253000,-19.5635853,-327.156097
6441,126.272000,-19.9679527,-326.053284
6442,126.291000,-20.3022175,-325.18512
6443,126.310000,-20.4536037,-324.727905
6444,126.329000,-20.5602837,-324.361115
6445,126.350000,-20.6923637,-324.053253
6446,126.368000,-21.0063095,-323.255188
6447,126.386000,-21.1510887,-322.85083
6448,126.403000,-21.3202534,-322.337708
6449,126.419000,-21.5214233,-321.869354
6450,126.438000,-21.8765144,-320.971191
6451,126.455000,-22.1675968,-320.125854
6452,126.473000,-22.5795841,-319.049866
6453,126.492000,-22.9168987,-318.136475
6454,126.510000,-23.2338924,-317.116425
6455,126.526000,-23.5209122,-316.165405
6456,126.545000,-23.8038692,-315.19104
6457,126.562000,-23.973032,-314.61087
6458,126.581000,-24.159977,-313.951965
6459,126.607000,-24.51964,-312.614319
6460,126.625000,-24.6755962,-312.024536
6461,126.642000,-24.8274899,-311.431702
6462,126.660000,-24.9504242,-310.965363
6463,126.676000,-25.2846889,-309.576508
6464,126.693000,-25.5778046,-308.526459
6465,126.710000,-25.8699017,-307.362579
6466,126.729000,-26.1579361,-306.238342
6467,126.747000,-26.1665726,-306.194153
6468,126.764000,-26.3916168,-305.377838
6469,126.783000,-26.7731266,-304.064636
6470,126.803000,-26.8533897,-303.767944
6471,126.825000,-27.1912079,-302.481689
6472,126.843000,-27.4162521,-301.585571
6473,126.862000,-27.4162521,-301.585571
6474,126.880000,-27.5219154,-301.065369
6475,126.899000,-27.8277302,-300.01886
6476,126.917000,-28.1396446,-298.843323
6477,126.934000,-28.4256477,-297.625671
6478,126.952000,-28.5841446,-296.942474
6479,126.969000,-28.8066502,-296.065704
6480,126.989000,-28.817318,-295.999146
6481,127.005000,-28.817318,-295.999146
6482,127.024000,-28.817318,-295.999664
6483,127.065000,-28.8940258,-295.912811
6484,127.082000,-29.2826424,-294.741364
6485,127.102000,-29.623003,-293.345886
6486,127.125000,-30.032959,-291.575531
6487,127.145000,-30.3245506,-290.278137
6488,127.162000,-30.579567,-288.954773
6489,127.180000,-30.810709,-287.438904
6490,127.198000,-31.0093365,-286.278595
6491,127.215000,-31.2795925,-285.089355
6492,127.232000,-31.5076885,-283.883362
6493,127.252000,-31.8419552,-282.377167
6494,127.271000,-32.1528511,-281.013153
6495,127.288000,-32.3844948,-279.82901
6496,127.308000,-32.7614365,-278.169403
6497,127.327000,-33.0235672,-276.962402
6498,127.347000,-33.3735886,-275.508026
6499,127.370000,-33.804882,-273.777252
6500,127.387000,-34.1076508,-272.444794
6501,127.405000,-34.430233,-271.215393
6502,127.421000,-34.7665291,-269.939819
6503,127.439000,-35.0591431,-268.766357
6504,127.458000,-35.4335442,-267.270264
6505,127.478000,-35.8140373,-265.809784
6506,127.496000,-36.0416183,-265.013245
6507,127.514000,-36.1640472,-264.537262
6508,127.532000,-36.4287186,-263.516174
6509,127.548000,-36.6933861,-262.418854
6510,127.569000,-36.983963,-261.36322
6511,127.591000,-37.0540695,-260.918701
6512,127.614000,-37.4188156,-259.55426
6513,127.631000,-37.6824684,-258.474792
6514,127.648000,-38.0009842,-257.188538
6515,127.666000,-38.3205223,-255.9104
6516,127.683000,-38.6913643,-254.556091
6517,127.704000,-39.0637283,-253.129608
6518,127.721000,-39.4777489,-251.716339
6519,127.739000,-39.7810249,-250.526093
6520,127.757000,-40.1015739,-249.172791
6521,127.774000,-40.3606529,-248.08873
6522,127.792000,-40.6862755,-246.646011
6523,127.810000,-40.998188,-245.460342
6524,127.827000,-41.2968903,-244.260971
6525,127.845000,-41.6113434,-242.988434
6526,127.868000,-41.9811668,-241.414139
6527,127.886000,-42.2859688,-240.21373
6528,127.904000,-42.6461411,-238.765945
6529,127.922000,-42.9783745,-237.452744
6530,127.941000,-43.3055344,-236.131454
6531,127.959000,-43.6626549,-234.803528
6532,127.977000,-43.9832039,-233.509659
6533,127.995000,-44.3184853,-232.286896
6534,128.011000,-44.5836601,-231.192657
6535,128.027000,-44.899128,-229.868317
6536,128.045000,-45.2425461,-228.531754
6537,128.064000,-45.5478516,-227.137802
6538,128.081000,-45.7886429,-226.067932
6539,128.100000,-46.1183395,-224.477371
6540,128.127000,-46.623291,-222.559692
6541,128.145000,-46.9555283,-221.18454
6542,128.165000,-47.3197594,-219.704742
6543,128.184000,-47.6845055,-218.202591
6544,128.202000,-48.0431557,-217.008759
6545,128.219000,-48.3992653,-215.686951
6546,128.239000,-48.7894135,-214.193939
6547,128.256000,-49.0926895,-212.890411
6548,128.274000,-49.4965477,-211.454803
6549,128.293000,-49.8003387,-210.14975
6550,128.311000,-50.1198769,-208.818787
6551,128.328000,-50.4322968,-207.499512
6552,128.357000,-50.9194641,-205.441116
6553,128.374000,-51.2105484,-204.186859
6554,128.393000,-51.3710747,-203.492416
6555,128.411000,-51.6077995,-202.475891
6556,128.428000,-51.8435097,-201.546753
6557,128.446000,-52.2133369,-200.015656
6558,128.466000,-52.5008583,-198.906189
6559,128.484000,-52.6959305,-198.077652
6560,128.501000,-52.8249626,-197.525986
6561,128.523000,-52.9971695,-196.998688
6562,128.541000,-52.9900513,-196.908264
6563,128.562000,-53.0042763,-197.045425
6564,128.580000,-53.0078278,-197.194794
6565,128.601000,-53.0159531,-197.394455
6566,128.617000,-53.0139236,-197.467606
6567,128.636000,-52.9798889,-197.457977
6568,128.655000,-52.976841,-197.406647
6569,128.674000,-53.0159645,-197.369568
6570,128.700000,-53.0479736,-197.373627
6571,128.717000,-53.060173,-197.38887
6572,128.735000,-53.069313,-197.394974
6573,128.755000,-53.074894,-197.39296
6574,128.772000,-53.0875931,-197.391449
6575,128.792000,-53.1008148,-197.392456
6576,128.810000,-53.1114883,-197.39296
6577,128.827000,-53.1201172,-197.39296
6578,128.849000,-53.1292496,-197.39296
6579,128.867000,-53.1378746,-197.393463
6580,128.886000,-53.1459923,-197.393463
6581,128.904000,-53.1520805,-197.393463
6582,128.921000,-53.1566467,-197.393967
6583,128.939000,-53.1622276,-197.39447
6584,128.958000,-53.1662865,-197.395493
6585,128.979000,-53.169838,-197.395996
6586,128.997000,-53.1738968,-197.395996
6587,129.014000,-53.1774483,-197.3965
6588,129.031000,-53.1794777,-197.3965
6589,129.050000,-53.1809998,-197.397522
6590,129.068000,-53.1632156,-197.449356
6591,129.087000,-53.1347656,-197.633759
6592,129.107000,-53.1088524,-198.030518
6593,129.125000,-53.0859909,-198.371384
6594,129.143000,-53.0544968,-198.791489
6595,129.160000,-53.0326462,-199.201447
6596,129.178000,-53.0067406,-199.587021
6597,129.196000,-53.0026817,-199.926849
6598,129.216000,-53.0092888,-200.263153
6599,129.232000,-53.0163994,-200.38356
6600,129.250000,-53.0214806,-200.539505
6601,129.267000,-53.0108109,-200.691895
6602,129.285000,-53.0052147,-201.088638
6603,129.305000,-52.9940338,-201.402573
6604,129.321000,-52.9889526,-201.659622
6605,129.343000,-52.9798088,-201.763763
6606,129.363000,-52.972187,-201.849106
6607,129.381000,-52.9589729,-202.025375
6608,129.397000,-52.9503365,-202.396729
6609,129.417000,-52.9462776,-203.017502
6610,129.436000,-52.9417076,-203.596619
6611,129.455000,-52.9290009,-204.377899
6612,129.474000,-52.919342,-204.995132
6613,129.490000,-52.8827629,-205.691086
6614,129.509000,-52.8329735,-206.471878
6615,129.527000,-52.8212891,-207.119568
6616,129.543000,-52.8207893,-207.782516
6617,129.561000,-52.8131638,-208.564819
6618,129.581000,-52.7908134,-209.316147
6619,129.604000,-52.7669373,-210.116226
6620,129.623000,-52.8070717,-210.77153
6621,129.639000,-52.8085976,-211.373001
6622,129.657000,-52.7456017,-212.069504
6623,129.681000,-52.686161,-213.008774
6624,129.699000,-52.6760025,-213.663559
6625,129.716000,-52.7115631,-214.320908
6626,129.735000,-52.866497,-215.038208
6627,129.752000,-53.0463257,-215.789047
6628,129.770000,-53.194664,-216.410828
6629,129.788000,-53.343502,-217.114395
6630,129.806000,-53.494381,-217.839798
6631,129.822000,-53.6147842,-218.446869
6632,129.847000,-53.780899,-219.464386
6633,129.869000,-53.872345,-220.386398
6634,129.888000,-53.9383926,-221.021881
6635,129.905000,-54.0029106,-221.624878
6636,129.922000,-54.0618439,-222.323883
6637,129.938000,-54.112133,-222.948227
6638,129.956000,-54.1695328,-223.631989
6639,129.973000,-54.2294693,-224.324402
6640,129.991000,-54.2746811,-224.97261
6641,130.013000,-54.2777252,-225.789978
6642,130.030000,-54.2955093,-226.498123
6643,130.048000,-54.333107,-227.163071
6644,130.070000,-54.3895035,-227.968246
6645,130.091000,-54.4047432,-228.835907
6646,130.112000,-54.4017029,-229.679703
6647,130.131000,-54.4519997,-230.406143
6648,130.151000,-54.5038185,-231.097534
6649,130.170000,-54.5363388,-231.57402
6650,130.188000,-54.531765,-231.982971
6651,130.207000,-54.4992561,-232.754639
6652,130.225000,-54.5089111,-233.389648
6653,130.244000,-54.5404015,-234.055649
6654,130.261000,-54.5718918,-234.730789
6655,130.281000,-54.5906944,-235.475525
6656,130.300000,-54.5912056,-236.152206
6657,130.319000,-54.6354027,-236.861893
6658,130.338000,-54.6379471,-237.519241
6659,130.363000,-54.5922356,-238.592636
6660,130.389000,-54.5587044,-239.608612
6661,130.408000,-54.5581932,-240.36705
6662,130.428000,-54.557682,-241.062469
6663,130.447000,-54.5531082,-241.720337
6664,130.465000,-54.5637779,-242.271027
6665,130.481000,-54.5571709,-242.508774
6666,130.498000,-54.5459938,-243.089401
6667,130.515000,-54.5119514,-243.63855
6668,130.534000,-54.4774094,-244.414261
6669,130.553000,-54.486557,-245.134079
6670,130.573000,-54.4977303,-245.883896
6671,130.596000,-54.4453964,-246.741409
6672,130.615000,-54.4184685,-247.47142
6673,130.632000,-54.4301529,-248.097778
6674,130.651000,-54.4367599,-248.748505
6675,130.669000,-54.4255791,-249.49324
6676,130.693000,-54.4042435,-250.291824
6677,130.711000,-54.3854523,-250.912109
6678,130.728000,-54.4199944,-251.577057
6679,130.747000,-54.442852,-252.333481
6680,130.765000,-54.423542,-253.110199
6681,130.785000,-54.4509773,-253.532364
6682,130.805000,-54.4596138,-253.888474
6683,130.828000,-54.4718094,-254.523499
6684,130.848000,-54.4453964,-255.285995
6685,130.868000,-54.4052582,-255.973328
6686,130.885000,-54.3803596,-256.642914
6687,130.902000,-54.3574982,-257.251495
6688,130.922000,-54.3549538,-258.097382
6689,130.940000,-54.3651199,-258.688202
6690,130.959000,-54.3884964,-259.471558
6691,130.978000,-54.3823967,-260.150726
6692,130.997000,-54.3305702,-260.919281
6693,131.014000,-54.2990761,-261.558807
6694,131.032000,-54.2569046,-262.477814
6695,131.055000,-54.2304916,-263.527893
6696,131.073000,-54.2447281,-264.463654
6697,131.097000,-54.2188148,-265.763092
6698,131.116000,-54.1355019,-266.796844
6699,131.135000,-54.0496483,-267.816895
6700,131.154000,-53.9871674,-268.849182
6701,131.171000,-53.9348412,-269.89212
6702,131.188000,-53.8896217,-270.901031
6703,131.206000,-53.8870811,-271.907379
6704,131.229000,-53.8677788,-273.178925
6705,131.248000,-53.8418732,-274.334595
6706,131.267000,-53.8073387,-275.383118
6707,131.285000,-53.7834625,-276.296478
6708,131.301000,-53.7951469,-277.307404
6709,131.319000,-53.8180046,-278.317291
6710,131.343000,-53.815464,-279.668518
6711,131.363000,-53.825634,-280.915161
6712,131.383000,-53.8332596,-282.485931
6713,131.415000,-53.8327484,-283.743744
6714,131.433000,-53.8276711,-284.770935
6715,131.452000,-53.7463875,-285.868744
6716,131.473000,-53.6920319,-286.84967
6717,131.490000,-53.6900024,-287.007141
6718,131.507000,-53.6930466,-287.543091
6719,131.525000,-53.6524086,-288.381775
6720,131.544000,-53.611763,-289.209808
6721,131.562000,-53.5533409,-290.389313
6722,131.579000,-53.5172691,-291.406311
6723,131.599000,-53.4857712,-292.623016
6724,131.626000,-53.4923706,-293.569427
6725,131.645000,-53.5411453,-294.339478
6726,131.664000,-53.5762024,-295.266022
6727,131.684000,-53.621418,-296.351135
6728,131.703000,-53.690506,-297.464691
6729,131.722000,-53.7687416,-298.434479
6730,131.740000,-53.854599,-299.532806
6731,131.759000,-53.923687,-300.506653
6732,131.785000,-53.8977814,-300.920654
6733,131.806000,-53.9064178,-301.039032
6734,131.841000,-53.8789864,-301.502808
6735,131.861000,-53.8754311,-301.994568
6736,131.881000,-53.8571434,-302.87796
6737,131.900000,-53.8093796,-304.008728
6738,131.919000,-53.7819481,-305.142578
6739,131.936000,-53.780426,-306.085999
6740,131.956000,-53.7768669,-307.06897
6741,131.974000,-53.7763596,-308.208954
6742,131.991000,-53.7382545,-309.375366
6743,132.009000,-53.7026863,-310.274536
6744,132.027000,-53.6823692,-311.446503
6745,132.045000,-53.6534119,-312.436096
6746,132.067000,-53.6676407,-313.853455
6747,132.090000,-53.6452866,-314.980194
6748,132.110000,-53.5660362,-316.185211
6749,132.131000,-53.5147285,-317.269287
6750,132.148000,-53.435482,-318.401611
6751,132.167000,-53.3496361,-319.339417
6752,132.185000,-53.2922287,-320.477814
6753,132.201000,-53.238884,-321.405426
6754,132.219000,-53.1474419,-322.143066
6755,132.238000,-53.038723,-323.2388
6756,132.255000,-52.9533806,-324.084595
6757,132.273000,-52.8538094,-325.049835
6758,132.294000,-52.7628784,-326.105499
6759,132.311000,-52.6480751,-327.06308
6760,132.328000,-52.5525665,-328.047089
6761,132.353000,-52.4601135,-329.327209
6762,132.373000,-52.3615685,-330.435181
6763,132.394000,-52.3392181,-330.907623
6764,132.411000,-52.3006096,-331.817444
6765,132.427000,-52.2528496,-332.521027
6766,132.444000,-52.1984978,-333.538544
6767,132.464000,-52.1664886,-334.735382
6768,132.482000,-52.0760612,-335.902252
6769,132.500000,-52.0186577,-337.148926
6770,132.518000,-51.9973221,-338.322418
6771,132.535000,-51.9617615,-339.843353
6772,132.553000,-51.9521065,-341.013794
6773,132.573000,-51.9541397,-342.525604
6774,132.594000,-51.9597282,-344.168488
6775,132.615000,-51.9942741,-345.732635
6776,132.632000,-51.9709053,-346.866486
6777,132.651000,-51.9937668,-348.231995
6778,132.668000,-52.0222168,-349.610199
6779,132.687000,-52.0049477,-350.867523
6780,132.705000,-51.9739571,-352.017639
6781,132.724000,-51.943985,-353.393799
6782,132.742000,-51.9338303,-354.764862
6783,132.761000,-51.8881035,-356.111572
6784,132.778000,-51.8027573,-357.59491
6785,132.796000,-51.7991982,-358.889832
6786,132.812000,-51.812912,-360.094818
6787,132.830000,-51.860157,-361.277985
6788,132.856000,-51.8926735,-363.115387
6789,132.873000,-51.7605896,-364.599762
6790,132.891000,-51.739254,-365.895691
6791,132.910000,-51.739254,-366.986359
6792,132.927000,-51.6879501,-367.750427
6793,132.946000,-51.6432419,-368.884766
6794,132.964000,-51.6020927,-369.689484
6795,132.981000,-51.5421524,-371.077881
6796,132.999000,-51.5030327,-372.177216
6797,133.018000,-51.3785706,-373.715393
6798,133.038000,-51.2901764,-375.433899
6799,133.056000,-51.2368355,-376.866425
6800,133.078000,-51.171299,-378.465637
6801,133.102000,-51.1560593,-380.277161
6802,133.120000,-51.1596146,-380.939606
6803,133.137000,-51.1631699,-382.131409
6804,133.155000,-51.1753654,-383.454742
6805,133.173000,-51.1514854,-384.816711
6806,133.191000,-51.151989,-386.282288
6807,133.209000,-51.1403084,-387.580261
6808,133.229000,-51.0930557,-389.112366
6809,133.246000,-51.0432663,-390.383911
6810,133.263000,-50.9863739,-391.557373
6811,133.280000,-50.9477654,-392.957397
6812,133.299000,-50.8832474,-394.73645
6813,133.317000,-50.8476868,-395.80426
6814,133.334000,-50.8238106,-397.299835
6815,133.361000,-50.7653885,-398.254852
6816,133.379000,-50.7572632,-399.277466
6817,133.397000,-50.7445602,-400.664307
6818,133.415000,-50.6912193,-401.836273
6819,133.434000,-50.6358414,-403.248016
6820,133.452000,-50.5870743,-404.636963
6821,133.469000,-50.5540581,-405.942505
6822,133.487000,-50.4991913,-407.32785
6823,133.505000,-50.4560089,-408.547546
6824,133.523000,-50.3919983,-409.899811
6825,133.539000,-50.3183365,-411.376526
6826,133.558000,-50.2898865,-412.660278
6827,133.576000,-50.2477226,-414.143646
6828,133.594000,-50.1725464,-415.588959
6829,133.613000,-50.1227646,-416.847809
6830,133.629000,-50.0907555,-418.250427
6831,133.648000,-50.0216713,-419.909576
6832,133.668000,-49.9871254,-421.30304
6833,133.687000,-49.9556313,-422.686859
6834,133.705000,-49.9048271,-424.057434
6835,133.724000,-49.9083862,-425.384796
6836,133.743000,-49.85149,-426.691864
6837,133.761000,-49.8011894,-428.221497
6838,133.780000,-49.7773094,-430.118378
6839,133.804000,-49.7346382,-431.252747
6840,133.822000,-49.7036552,-432.564941
6841,133.844000,-49.6294861,-433.646973
6842,133.865000,-49.5776672,-435.282227
6843,133.882000,-49.5705566,-436.507538
6844,133.907000,-49.4786072,-438.449646
6845,133.924000,-49.4333916,-439.641449
6846,133.941000,-49.356678,-441.087708
6847,133.960000,-49.2891121,-442.597961
6848,133.979000,-49.2271347,-443.947754
6849,133.997000,-49.1636314,-445.310669
6850,134.015000,-49.1311188,-446.645203
6851,134.033000,-49.1026688,-448.054901
6852,134.051000,-49.047802,-449.638763
6853,134.078000,-48.9909096,-451.605194
6854,134.101000,-48.936554,-453.300934
6855,134.129000,-48.9218216,-455.237427
6856,134.146000,-48.8715248,-456.732483
6857,134.163000,-48.8440933,-457.97406
6858,134.184000,-48.7404594,-459.612854
6859,134.204000,-48.68153,-461.080963
6860,134.222000,-48.626667,-462.394653
6861,134.238000,-48.5403061,-463.842957
6862,134.256000,-48.4834099,-465.092102
6863,134.274000,-48.4691811,-465.703735
6864,134.296000,-48.3950119,-467.549805
6865,134.315000,-48.3477669,-468.794922
6866,134.333000,-48.2863007,-470.091339
6867,134.359000,-48.2273674,-472.171112
6868,134.376000,-48.1897697,-473.534607
6869,134.396000,-48.151165,-474.966156
6870,134.413000,-48.1354179,-476.460236
6871,134.432000,-48.0668373,-477.73175
6872,134.457000,-48.0333061,-479.412201
6873,134.475000,-47.9728508,-480.505402
6874,134.492000,-47.9576073,-481.569122
6875,134.514000,-47.9525299,-483.334961
6876,134.531000,-47.881916,-484.849304
6877,134.549000,-47.8062172,-486.070007
6878,134.569000,-47.7386475,-487.559479
6879,134.587000,-47.6629562,-488.946838
6880,134.614000,-47.5913239,-491.084473
6881,134.640000,-47.522747,-492.942688
6882,134.657000,-47.5039482,-494.389984
6883,134.678000,-47.4744797,-496.321899
6884,134.699000,-47.4780388,-497.595978
6885,134.718000,-47.4531441,-499.095093
6886,134.737000,-47.3855782,-500.505341
6887,134.754000,-47.4124985,-502.24118
6888,134.775000,-47.3616982,-503.443115
6889,134.796000,-47.2524834,-505.047943
6890,134.812000,-47.1661224,-506.364655
6891,134.829000,-47.0873795,-507.637665
6892,134.857000,-46.9593544,-510.327576
6893,134.884000,-46.8618202,-512.212769
6894,134.905000,-46.8338776,-513.543274
6895,134.923000,-46.7805328,-514.951599
6896,134.941000,-46.7647743,-516.283691
6897,134.959000,-46.7566452,-517.949951
6898,134.980000,-46.7195587,-519.348083
6899,135.000000,-46.6870537,-520.932678
6900,135.021000,-46.661644,-522.539978
6901,135.041000,-46.6672325,-524.033569
6902,135.062000,-46.6179504,-525.877136
6903,135.085000,-46.609314,-527.153748
6904,135.107000,-46.6392899,-527.738464
6905,135.131000,-46.6199913,-528.864197
6906,135.150000,-46.635231,-529.493103
6907,135.166000,-46.6062698,-530.949036
6908,135.192000,-46.5935707,-532.555359
6909,135.209000,-46.5265121,-534.022034
6910,135.228000,-46.4777527,-535.344299
6911,135.244000,-46.4462585,-536.76416
6912,135.262000,-46.3949547,-538.144348
6913,135.281000,-46.334507,-539.592651
6914,135.298000,-46.2989426,-540.863586
6915,135.315000,-46.231884,-542.09082
6916,135.333000,-46.1917572,-543.515259
6917,135.360000,-46.1206322,-545.612366
6918,135.379000,-46.0627098,-546.953064
6919,135.396000,-46.0119057,-548.288513
6920,135.413000,-45.9372292,-549.6875
6921,135.430000,-45.9235039,-551.010864
6922,135.450000,-45.8782845,-552.46637
6923,135.470000,-45.7919235,-553.989807
6924,135.488000,-45.7421303,-555.425964
6925,135.506000,-45.6750717,-556.956604
6926,135.523000,-45.6613541,-558.073669
6927,135.540000,-45.6161385,-559.393982
6928,135.559000,-45.5439949,-560.764038
6929,135.575000,-45.4962387,-561.973206
6930,135.593000,-45.4647446,-563.327515
6931,135.612000,-45.3865128,-564.727539
6932,135.631000,-45.3585739,-565.643982
6933,135.650000,-45.2935448,-567.192871
6934,135.669000,-45.2859268,-567.900513
6935,135.686000,-45.2838974,-568.457825
6936,135.704000,-45.2402115,-569.73291
6937,135.726000,-45.2158203,-570.646729
6938,135.742000,-45.1594238,-571.518921
6939,135.759000,-45.1426582,-572.855042
6940,135.778000,-45.0918579,-574.015381
6941,135.795000,-45.0314026,-575.462219
6942,135.811000,-44.9983826,-576.845032
6943,135.829000,-44.9618073,-578.317627
6944,135.854000,-44.8952599,-579.265015
6945,135.875000,-44.8317642,-580.526917
6946,135.892000,-44.8083992,-581.519531
6947,135.909000,-44.7906227,-582.719421
6948,135.925000,-44.7774162,-584.137756
6949,135.943000,-44.748455,-585.290344
6950,135.961000,-44.7032356,-586.89093
6951,135.980000,-44.7027245,-588.17157
6952,136.000000,-44.6564941,-589.655396
6953,136.021000,-44.6503983,-591.384216
6954,136.037000,-44.6138191,-592.412415
6955,136.055000,-44.5813065,-594.051819
6956,136.072000,-44.5680923,-595.240112
6957,136.090000,-44.5086517,-596.733032
6958,136.113000,-44.419239,-598.337769
6959,136.131000,-44.3537025,-599.657043
6960,136.149000,-44.248539,-601.298889
6961,136.168000,-44.1951981,-602.492615
6962,136.188000,-44.1078186,-603.776367
6963,136.205000,-44.0595589,-605.033081
6964,136.224000,-44.0321198,-606.540283
6965,136.241000,-43.9904633,-607.815857
6966,136.259000,-43.941185,-609.346069
6967,136.277000,-43.8924065,-610.657715
6968,136.294000,-43.8136597,-612.060852
6969,136.312000,-43.7704773,-613.293213
6970,136.330000,-43.7039261,-614.733948
6971,136.357000,-43.588089,-616.617188
6972,136.374000,-43.5022316,-618.126343
6973,136.394000,-43.4082565,-619.937866
6974,136.415000,-43.3594933,-621.033142
6975,136.432000,-43.2766953,-622.332031
6976,136.460000,-43.2238579,-624.475159
6977,136.478000,-43.186264,-625.94635
6978,136.495000,-43.157814,-627.582581
6979,136.518000,-43.1400261,-628.897827
6980,136.535000,-43.1019249,-629.708679
6981,136.555000,-43.0831223,-631.106689
6982,136.572000,-43.0805855,-632.360474
6983,136.595000,-43.007431,-634.274048
6984,136.612000,-42.9678001,-635.486694
6985,136.630000,-42.893631,-636.974731
6986,136.648000,-42.8474007,-638.3078
6987,136.665000,-42.7833824,-639.758118
6988,136.684000,-42.6802559,-641.154175
6989,136.704000,-42.6137009,-642.850403
6990,136.724000,-42.5562973,-644.042725
6991,136.743000,-42.5009155,-645.338135
6992,136.760000,-42.4856758,-645.874084
6993,136.778000,-42.4465599,-646.235229
6994,136.801000,-42.3901749,-647.202576
6995,136.819000,-42.3165207,-648.312561
6996,136.837000,-42.265213,-649.288879
6997,136.865000,-42.2118683,-650.804688
6998,136.885000,-42.1691971,-652.037537
6999,136.905000,-42.1422691,-653.161316
7000,136.925000,-42.0447311,-654.108215
7001,136.942000,-41.9868202,-655.071838
7002,136.960000,-41.9304276,-656.048706
7003,136.978000,-41.8806419,-657.060059
7004,136.996000,-41.794281,-658.096863
7005,137.013000,-41.7439842,-659.136658
7006,137.031000,-41.732811,-659.3703
7007,137.050000,-41.743988,-659.469849
7008,137.076000,-41.7048759,-659.569397
7009,137.100000,-41.6149559,-660.251648
7010,137.130000,-41.5748253,-661.085693
7011,137.147000,-41.5463715,-661.775513
7012,137.168000,-41.53825,-662.420715
7013,137.186000,-41.4869423,-663.232117
7014,137.210000,-41.4539185,-664.005127
7015,137.227000,-41.4767799,-664.652771
7016,137.245000,-41.4996414,-665.223267
7017,137.263000,-41.5062485,-665.529602
7018,137.283000,-41.5062485,-665.529602
7019,137.301000,-41.4798317,-665.651001
7020,137.318000,-41.4396973,-665.841553
7021,137.338000,-41.418354,-666.063965
7022,137.361000,-41.4275017,-666.432251
7023,137.378000,-41.4341087,-666.742676
7024,137.396000,-41.4346237,-667.116028
7025,137.415000,-41.438179,-667.490906
7026,137.437000,-41.4452934,-667.547791
7027,137.457000,-41.4452934,-667.547791
7028,137.478000,-41.4320793,-667.488403
7029,137.498000,-41.4295349,-667.385254
7030,137.522000,-41.4275055,-667.351074
7031,137.543000,-41.4214134,-667.378052
7032,137.561000,-41.4178619,-667.404053
7033,137.581000,-41.4168472,-667.41272
7034,137.600000,-41.4209099,-667.403687
7035,137.619000,-41.4407272,-667.294983
7036,137.637000,-41.4407272,-667.294983
7037,137.657000,-41.4351387,-667.242676
7038,137.675000,-41.4275208,-666.81488
7039,137.692000,-41.429554,-666.672607
7040,137.709000,-41.4290466,-666.57251
7041,137.727000,-41.4371719,-666.291626
7042,137.746000,-41.4727364,-666.006104
7043,137.764000,-41.4889908,-665.720093
7044,137.784000,-41.4808655,-665.429016
7045,137.802000,-41.4742584,-665.325378
7046,137.822000,-41.4889908,-665.175598
7047,137.846000,-41.4884834,-665.053162
7048,137.864000,-41.491024,-665.015564
7049,137.887000,-41.4920387,-664.270752
7050,137.915000,-41.480854,-663.204529
7051,137.933000,-41.4590073,-662.449646
7052,137.953000,-41.4559593,-661.67395
7053,137.974000,-41.4544334,-661.372681
7054,137.991000,-41.4452896,-660.936829
7055,138.018000,-41.4336052,-660.132629
7056,138.037000,-41.4214134,-659.842468
7057,138.054000,-41.4214134,-659.823181
7058,138.078000,-41.4102325,-659.299988
7059,138.096000,-41.428524,-658.841736
7060,138.114000,-41.4290352,-658.139526
7061,138.134000,-41.3960114,-657.413452
7062,138.155000,-41.359436,-656.703186
7063,138.172000,-41.3538513,-656.055481
7064,138.190000,-41.3838234,-655.394531
7065,138.208000,-41.3904266,-654.799683
7066,138.226000,-41.3655281,-654.135193
7067,138.242000,-41.328949,-653.47229
7068,138.261000,-41.3325081,-652.67218
7069,138.282000,-41.3508034,-652.003784
7070,138.301000,-41.3365746,-651.349915
7071,138.317000,-41.2989845,-650.681519
7072,138.361000,-41.2583389,-649.145386
7073,138.380000,-41.2710381,-648.409241
7074,138.408000,-41.2441101,-647.677551
7075,138.427000,-41.2537651,-647.22998
7076,138.446000,-41.2527466,-646.595459
7077,138.466000,-41.2776375,-645.898987
7078,138.483000,-41.278141,-645.245728
7079,138.501000,-41.2735672,-645.030334
7080,138.520000,-41.2700119,-644.85968
7081,138.546000,-41.2700119,-644.85968
7082,138.571000,-41.2552795,-644.610291
7083,138.600000,-41.2456207,-643.413879
7084,138.630000,-41.2359734,-642.464417
7085,138.648000,-41.2034569,-641.377258
7086,138.665000,-41.1445274,-640.359741
7087,138.686000,-41.1308098,-639.390015
7088,138.701000,-41.1155701,-638.427734
7089,138.719000,-41.0891533,-637.566711
7090,138.738000,-41.0708694,-636.523743
7091,138.755000,-41.0784912,-635.505676
7092,138.774000,-41.0571556,-634.304871
7093,138.795000,-41.0398827,-633.440735
7094,138.813000,-41.0403976,-632.19458
7095,138.831000,-41.0312538,-631.263489
7096,138.863000,-41.009407,-629.765869
7097,138.882000,-41.0195694,-628.863586
7098,138.900000,-41.0165215,-627.992981
7099,138.917000,-40.98909,-627.013123
7100,138.936000,-40.9591217,-625.92865
7101,138.954000,-40.9535332,-624.747681
7102,138.976000,-40.8946075,-623.743958
7103,138.994000,-40.8260193,-622.787964
7104,139.017000,-40.7802963,-621.494751
7105,139.037000,-40.7020645,-620.356812
7106,139.056000,-40.6344986,-619.491211
7107,139.077000,-40.5908165,-618.408752
7108,139.095000,-40.5786247,-618.153748
7109,139.118000,-40.5384903,-617.116394
7110,139.137000,-40.5384903,-616.26239
7111,139.156000,-40.5262947,-615.083435
7112,139.178000,-40.4953079,-614.192993
7113,139.194000,-40.4587326,-613.243042
7114,139.210000,-40.4551811,-612.259155
7115,139.228000,-40.4739761,-611.404785
7116,139.247000,-40.4399452,-610.340027
7117,139.268000,-40.4394302,-609.376831
7118,139.283000,-40.4531479,-608.386841
7119,139.301000,-40.4038734,-607.458679
7120,139.318000,-40.3647499,-606.539734
7121,139.334000,-40.3810043,-605.665527
7122,139.352000,-40.371357,-604.679077
7123,139.371000,-40.323101,-603.458374
7124,139.387000,-40.313446,-602.723328
7125,139.406000,-40.2824554,-601.668213
7126,139.424000,-40.2550163,-600.888367
7127,139.447000,-40.2103119,-599.639771
7128,139.465000,-40.218441,-598.748169
7129,139.481000,-40.2174225,-597.726135
7130,139.504000,-40.180336,-596.621765
7131,139.522000,-40.1757545,-595.639709
7132,139.539000,-40.1742325,-594.682617
7133,139.558000,-40.1534004,-593.734802
7134,139.576000,-40.1300392,-592.703064
7135,139.596000,-40.1259766,-591.681458
7136,139.616000,-40.1427422,-590.617676
7137,139.634000,-40.1274986,-589.651489
7138,139.651000,-40.1290207,-589.292847
7139,139.670000,-40.1335945,-588.984985
7140,139.689000,-40.1193657,-587.943115
7141,139.708000,-40.1193657,-587.943115
7142,139.725000,-40.1193657,-587.943115
7143,139.744000,-40.122921,-587.151123
7144,139.770000,-40.1391754,-586.012207
7145,139.787000,-40.1559448,-585.005859
7146,139.803000,-40.1605186,-584.419067
7147,139.827000,-40.1661148,-583.698303
7148,139.856000,-40.2108192,-583.180664
7149,139.872000,-40.2280998,-582.290161
7150,139.890000,-40.2372475,-581.440308
7151,139.908000,-40.2291145,-580.241394
7152,139.927000,-40.2601051,-579.375183
7153,139.945000,-40.2458763,-578.394775
7154,139.963000,-40.2113266,-577.399109
7155,139.987000,-40.2346992,-576.135742
7156,140.005000,-40.2153931,-575.262024
7157,140.021000,-40.1808395,-574.50354
7158,140.042000,-40.1935387,-573.669861
7159,140.059000,-40.2062378,-572.979431
7160,140.078000,-40.2011642,-571.971069
7161,140.106000,-40.2021828,-570.425903
7162,140.125000,-40.237751,-569.493713
7163,140.145000,-40.2590942,-568.382202
7164,140.163000,-40.2778931,-567.407898
7165,140.180000,-40.3058357,-566.414307
7166,140.203000,-40.2849998,-565.102112
7167,140.222000,-40.2595978,-564.129822
7168,140.240000,-40.2504501,-563.280396
7169,140.263000,-40.2296181,-561.878906
7170,140.283000,-40.1788139,-560.684082
7171,140.305000,-40.1879539,-559.695557
7172,140.322000,-40.1747437,-558.849792
7173,140.349000,-40.110733,-557.354675
7174,140.373000,-40.0787239,-556.07196
7175,140.389000,-40.0329971,-554.964539
7176,140.411000,-39.9903221,-553.985657
7177,140.429000,-39.9832039,-553.012878
7178,140.447000,-39.9715195,-552.030334
7179,140.471000,-39.955265,-551.478577
7180,140.490000,-39.9308815,-550.678406
7181,140.509000,-39.9278412,-549.61261
7182,140.530000,-39.9633904,-548.636292
7183,140.548000,-39.9740562,-547.515686
7184,140.567000,-39.9994583,-546.551025
7185,140.589000,-40.0309601,-545.33844
7186,140.609000,-39.9938698,-544.243225
7187,140.625000,-39.9755859,-543.248169
7188,140.645000,-39.9776154,-542.269775
7189,140.663000,-39.9659309,-541.302612
7190,140.681000,-39.9354553,-540.320801
7191,140.702000,-39.931385,-539.241272
7192,140.719000,-39.8815918,-538.057617
7193,140.740000,-39.8500977,-537.138733
7194,140.757000,-39.8079262,-536.128296
7195,140.775000,-39.7764244,-535.183411
7196,140.794000,-39.7495003,-534.393921
7197,140.816000,-39.7114067,-533.788879
7198,140.833000,-39.6885452,-533.022766
7199,140.852000,-39.6514549,-532.022034
7200,140.874000,-39.5808372,-530.744385
7201,140.895000,-39.5650902,-529.749756
7202,140.918000,-39.5371513,-528.459473
7203,140.935000,-39.4934616,-527.557861
7204,140.953000,-39.4970169,-526.504761
7205,140.974000,-39.4863472,-525.273865
7206,140.992000,-39.4365616,-524.264038
7207,141.011000,-39.4457016,-523.186707
7208,141.032000,-39.4451981,-522.19519
7209,141.049000,-39.3857574,-521.345337
7210,141.068000,-39.3705139,-520.362427
7211,141.094000,-39.3268242,-519.066895
7212,141.113000,-39.2882233,-518.009827
7213,141.132000,-39.260273,-516.866333
7214,141.150000,-39.2277641,-515.906128
7215,141.167000,-39.219635,-514.884033
7216,141.187000,-39.2059174,-513.875122
7217,141.205000,-39.1942329,-513.418457
7218,141.224000,-39.2201385,-512.533997
7219,141.241000,-39.2038803,-511.757751
7220,141.263000,-39.195755,-510.467987
7221,141.281000,-39.2125244,-509.290955
7222,141.303000,-39.1779823,-508.205353
7223,141.324000,-39.1657906,-507.209167
7224,141.348000,-39.1861153,-505.242645
7225,141.381000,-39.1378555,-504.139832
7226,141.399000,-39.1185493,-503.31076
7227,141.427000,-39.1119499,-501.786713
7228,141.444000,-39.0870552,-500.800659
7229,141.462000,-39.0697746,-499.826263
7230,141.483000,-39.0377693,-498.592346
7231,141.499000,-39.0083046,-497.818665
7232,141.516000,-38.979847,-496.839264
7233,141.536000,-38.924469,-495.807495
7234,141.552000,-38.9198952,-494.850403
7235,141.572000,-38.8833084,-493.887268
7236,141.595000,-38.8314896,-492.567902
7237,141.616000,-38.8518219,-491.469604
7238,141.634000,-38.826931,-490.583618
7239,141.652000,-38.7710495,-489.212524
7240,141.673000,-38.7705421,-489.161194
7241,141.693000,-38.7476807,-487.916077
7242,141.713000,-38.733448,-486.735992
7243,141.731000,-38.7238007,-485.264832
7244,141.749000,-38.68367,-483.818512
7245,141.768000,-38.7100868,-482.502777
7246,141.786000,-38.7111015,-482.299072
7247,141.805000,-38.719738,-481.948578
7248,141.824000,-38.7192307,-481.541199
7249,141.845000,-38.6760521,-480.859955
7250,141.864000,-38.6384506,-479.78302
7251,141.882000,-38.6003456,-478.444397
7252,141.902000,-38.5759583,-476.925995
7253,141.921000,-38.5393753,-475.553436
7254,141.941000,-38.5144768,-474.229553
7255,141.959000,-38.4763718,-472.903687
7256,141.977000,-38.4413109,-471.427917
7257,141.995000,-38.4245491,-470.251892
7258,142.012000,-38.3844109,-468.904175
7259,142.030000,-38.3442764,-467.45282
7260,142.051000,-38.3249741,-466.383484
7261,142.069000,-38.3122673,-465.714966
7262,142.088000,-38.3056564,-464.779236
7263,142.116000,-38.288887,-463.020996
7264,142.138000,-38.2528152,-461.591461
7265,142.166000,-38.2248726,-460.833527
7266,142.184000,-38.2441826,-459.23996
7267,142.203000,-38.2375717,-457.524963
7268,142.224000,-38.2355347,-455.591003
7269,142.242000,-38.2340088,-454.842712
7270,142.260000,-38.2573776,-453.190674
7271,142.276000,-38.2507744,-452.747192
7272,142.293000,-38.2507744,-452.747192
7273,142.312000,-38.253315,-452.633881
7274,142.331000,-38.2462044,-451.395355
7275,142.350000,-38.250267,-450.853821
7276,142.371000,-38.2584,-450.410858
7277,142.388000,-38.2401085,-449.062653
7278,142.408000,-38.2304535,-447.454834
7279,142.427000,-38.1242752,-446.358582
7280,142.446000,-38.0577316,-445.140869
7281,142.466000,-38.0577316,-445.14035
7282,142.484000,-37.9911842,-444.072021
7283,142.503000,-37.9053307,-443.016388
7284,142.521000,-37.9043159,-442.85788
7285,142.540000,-37.8626595,-441.465881
7286,142.560000,-37.8347168,-440.092712
7287,142.579000,-37.8611298,-438.96344
7288,142.599000,-37.848938,-437.388611
7289,142.624000,-37.8621483,-435.842773
7290,142.642000,-37.8245544,-434.360443
7291,142.663000,-37.8098259,-433.025909
7292,142.681000,-37.804245,-431.464294
7293,142.699000,-37.7890091,-429.844818
7294,142.717000,-37.7539597,-428.036865
7295,142.738000,-37.7824097,-426.478333
7296,142.761000,-37.7427788,-424.308136
7297,142.778000,-37.7696991,-422.676941
7298,142.796000,-37.7600365,-421.208252
7299,142.813000,-37.76054,-419.533356
7300,142.831000,-37.7742577,-418.146027
7301,142.849000,-37.8022041,-416.216125
7302,142.869000,-37.7707062,-414.909027
7303,142.887000,-37.7722282,-413.382477
7304,142.907000,-37.7361565,-411.840149
7305,142.924000,-37.7117729,-410.164246
7306,142.943000,-37.7254944,-408.556427
7307,142.959000,-37.7580109,-407.023804
7308,142.980000,-37.8123703,-404.977051
7309,142.997000,-37.8189735,-403.606445
7310,143.017000,-37.8469124,-402.010773
7311,143.039000,-37.8667336,-399.704468
7312,143.058000,-37.8748589,-398.023956
7313,143.075000,-37.8834953,-396.571136
7314,143.102000,-37.8596191,-393.937714
7315,143.121000,-37.8550415,-392.320801
7316,143.141000,-37.8113518,-390.668304
7317,143.159000,-37.7910271,-389.057404
7318,143.175000,-37.7534294,-387.60202
7319,143.194000,-37.741745,-385.977936
7320,143.210000,-37.7239571,-384.393982
7321,143.228000,-37.7320862,-382.472229
7322,143.250000,-37.7381783,-380.903992
7323,143.267000,-37.7193756,-378.95993
7324,143.288000,-37.6990509,-378.021149
7325,143.306000,-37.6528168,-376.913177
7326,143.327000,-37.6335106,-375.585815
7327,143.351000,-37.5623894,-374.483459
7328,143.377000,-37.5674706,-374.206573
7329,143.420000,-37.5197144,-372.778595
7330,143.440000,-37.5171738,-372.022186
7331,143.461000,-37.5258102,-371.623413
7332,143.480000,-37.5298729,-371.557892
7333,143.497000,-37.5298729,-371.557892
7334,143.517000,-37.5700035,-371.099152
7335,143.536000,-37.5725441,-370.560699
7336,143.557000,-37.5669556,-369.18811
7337,143.575000,-37.5938797,-367.697632
7338,143.593000,-37.6111526,-367.275482
7339,143.613000,-37.6111526,-367.275482
7340,143.631000,-37.6111526,-367.275482
7341,143.666000,-37.5308876,-365.910004
7342,143.687000,-37.5054855,-365.45282
7343,143.703000,-37.4541779,-363.994324
7344,143.722000,-37.4257317,-363.066223
7345,143.739000,-37.4287796,-363.003235
7346,143.768000,-37.4287796,-363.003235
7347,143.789000,-37.4287796,-363.004761
7348,143.807000,-37.4287796,-363.004761
7349,143.828000,-37.4287796,-363.004761
7350,143.849000,-37.4287796,-363.004761
7351,143.867000,-37.4364014,-362.591766
7352,143.891000,-37.3962631,-361.238953
7353,143.910000,-37.3627319,-359.582397
7354,143.926000,-37.2956734,-357.985748
7355,143.946000,-37.2839813,-356.062439
7356,143.963000,-37.2936325,-355.152649
7357,143.982000,-37.2738152,-353.993347
7358,144.002000,-37.3332481,-352.161011
7359,144.019000,-37.3571281,-350.721375
7360,144.037000,-37.3845596,-349.083069
7361,144.055000,-37.4582214,-347.428528
7362,144.072000,-37.4775276,-345.749084
7363,144.112000,-37.4480591,-342.064087
7364,144.129000,-37.4145355,-340.414124
7365,144.148000,-37.3896484,-338.895752
7366,144.166000,-37.3805046,-337.08017
7367,144.184000,-37.3545952,-335.302704
7368,144.202000,-37.3444328,-333.741608
7369,144.221000,-37.3332596,-332.091614
7370,144.239000,-37.3286858,-330.715454
7371,144.260000,-37.3109093,-329.074615
7372,144.278000,-37.3830414,-327.868103
7373,144.296000,-37.4409561,-326.663116
7374,144.313000,-37.4592476,-326.00882
7375,144.333000,-37.4536591,-325.902161
7376,144.355000,-37.4201241,-325.250916
7377,144.379000,-37.3825264,-323.754364
7378,144.396000,-37.3367996,-322.455963
7379,144.414000,-37.3393402,-321.294708
7380,144.438000,-37.2687263,-319.720978
7381,144.456000,-37.2484055,-318.989929
7382,144.475000,-37.2316322,-318.249298
7383,144.493000,-37.2260361,-317.47818
7384,144.511000,-37.2417908,-316.637482
7385,144.530000,-37.2468719,-316.141693
7386,144.547000,-37.241291,-315.326355
7387,144.566000,-37.2026825,-314.552673
7388,144.590000,-37.141716,-313.322815
7389,144.624000,-37.1026001,-311.685089
7390,144.645000,-37.0609436,-310.809326
7391,144.666000,-37.0462112,-310.09967
7392,144.684000,-37.0695763,-309.518036
7393,144.702000,-37.117836,-308.932861
7394,144.722000,-37.1391754,-308.339996
7395,144.739000,-37.1127586,-307.640533
7396,144.758000,-37.072628,-306.951691
7397,144.777000,-37.0406227,-306.311096
7398,144.793000,-36.9994698,-305.723816
7399,144.812000,-36.9730492,-305.243225
7400,144.829000,-36.9943886,-304.925232
7401,144.849000,-37.0086174,-304.630096
7402,144.865000,-37.0477333,-304.406555
7403,144.883000,-37.0771942,-304.207428
7404,144.901000,-37.0827866,-304.088043
7405,144.919000,-37.0553551,-303.837097
7406,144.942000,-37.020298,-303.463715
7407,144.961000,-36.9786453,-303.030365
7408,144.979000,-36.9486656,-302.861725
7409,144.998000,-36.9517097,-302.816467
7410,145.015000,-36.9552689,-302.869812
7411,145.035000,-36.9720421,-302.994263
7412,145.055000,-36.9710274,-303.121307
7413,145.073000,-36.9771233,-303.161957
7414,145.092000,-36.9908447,-303.169098
7415,145.117000,-36.9867859,-303.136536
7416,145.135000,-36.9817123,-303.131958
7417,145.152000,-37.0005112,-303.277252
7418,145.168000,-37.0198174,-303.468781
7419,145.187000,-37.0330276,-303.844696
7420,145.204000,-37.0325203,-304.21701
7421,145.225000,-37.0177765,-304.696014
7422,145.242000,-37.0198059,-305.09375
7423,145.260000,-37.0142174,-305.503693
7424,145.281000,-37.0203171,-305.906067
7425,145.298000,-37.0106621,-306.15451
7426,145.315000,-37.00457,-306.518219
7427,145.332000,-36.9812012,-307.044983
7428,145.351000,-36.9344597,-307.670807
7429,145.370000,-36.9349709,-308.412506
7430,145.395000,-36.925312,-309.411224
7431,145.414000,-36.9055023,-310.061005
7432,145.431000,-36.8465729,-310.828613
7433,145.451000,-36.8231964,-311.522522
7434,145.468000,-36.8470764,-312.203278
7435,145.489000,-36.8877182,-312.999817
7436,145.507000,-36.8531647,-313.96756
7437,145.526000,-36.8704414,-314.847443
7438,145.545000,-36.9105797,-315.743042
7439,145.562000,-36.8633385,-316.943451
7440,145.582000,-36.832859,-318.035645
7441,145.601000,-36.8526764,-318.899292
7442,145.620000,-36.855217,-319.945221
7443,145.637000,-36.8567429,-320.847931
7444,145.656000,-36.8811264,-321.834473
7445,145.676000,-36.8821449,-322.978485
7446,145.695000,-36.8862076,-324.216461
7447,145.712000,-36.9202461,-325.533691
7448,145.731000,-36.8765602,-326.66449
7449,145.748000,-36.8608131,-327.82782
7450,145.764000,-36.8272858,-329.262421
7451,145.783000,-36.793251,-330.02951
7452,145.802000,-36.7795372,-330.516205
7453,145.819000,-36.7673416,-331.364014
7454,145.842000,-36.7134933,-333.132416
7455,145.863000,-36.7256851,-334.705658
7456,145.887000,-36.7333031,-336.665527
7457,145.905000,-36.7678528,-338.214935
7458,145.922000,-36.7866516,-339.616516
7459,145.942000,-36.8023987,-341.415344
7460,145.959000,-36.8374481,-343.107452
7461,145.978000,-36.8440514,-344.737579
7462,145.996000,-36.8135719,-346.487183
7463,146.013000,-36.7505798,-348.096008
7464,146.031000,-36.6708221,-349.896362
7465,146.048000,-36.6027527,-351.347717
7466,146.065000,-36.5407753,-353.220734
7467,146.083000,-36.5072479,-354.988098
7468,146.114000,-36.442215,-358.187469
7469,146.132000,-36.3802376,-360.132599
7470,146.149000,-36.3898926,-362.226105
7471,146.167000,-36.3345184,-364.162598
7472,146.184000,-36.0927086,-367.916229
7473,146.220000,-36.002285,-369.775452
7474,146.239000,-35.997715,-369.814545
7475,146.256000,-35.997715,-369.814545
7476,146.273000,-35.9987297,-369.838409
7477,146.290000,-36.0363197,-371.592041
7478,146.308000,-36.014473,-373.600708
7479,146.335000,-35.921505,-376.995148
7480,146.354000,-35.899662,-379.652527
7481,146.382000,-35.9499588,-382.779785
7482,146.398000,-35.8702011,-385.227875
7483,146.417000,-35.8127937,-387.507294
7484,146.434000,-35.819912,-389.684601
7485,146.452000,-35.7726669,-392.363281
7486,146.470000,-35.719326,-394.449677
7487,146.492000,-35.636013,-397.741516
7488,146.512000,-35.4871674,-400.378052
7489,146.531000,-35.4704018,-402.975952
7490,146.549000,-35.4444923,-405.771484
7491,146.567000,-35.3510246,-408.197693
7492,146.584000,-35.2570419,-410.959717
7493,146.613000,-35.2082787,-412.456787
7494,146.634000,-35.1869392,-414.958679
7495,146.655000,-35.1523933,-417.473785
7496,146.671000,-35.0985413,-419.748566
7497,146.688000,-35.0639954,-422.540497
7498,146.712000,-35.0228539,-424.527771
7499,146.730000,-34.9817047,-427.13382
7500,146.749000,-34.9405556,-429.721558
7501,146.772000,-34.8313332,-433.080414
7502,146.788000,-34.7500572,-435.888062
7503,146.807000,-34.6906166,-438.560608
7504,146.823000,-34.6377831,-441.019836
7505,146.846000,-34.5615807,-444.607391
7506,146.869000,-34.4940147,-447.96875
7507,146.887000,-34.4056244,-450.770386
7508,146.905000,-34.2984352,-453.509064
7509,146.924000,-34.213604,-456.21109
7510,146.942000,-34.1704178,-458.142517
7511,146.960000,-34.1541595,-459.652283
7512,146.985000,-34.1084328,-463.281982
7513,147.001000,-34.0672874,-465.586761
7514,147.018000,-33.9956589,-468.377747
7515,147.040000,-33.9174271,-471.403412
7516,147.056000,-33.8259811,-474.187225
7517,147.073000,-33.7192955,-476.634277
7518,147.102000,-33.5653648,-481.011261
7519,147.119000,-33.4729118,-483.871826
7520,147.136000,-33.3606453,-486.58963
7521,147.154000,-33.2869835,-488.683624
7522,147.171000,-33.2666626,-489.043274
7523,147.188000,-33.1391525,-491.839325
7524,147.208000,-33.0588875,-494.55307
7525,147.226000,-33.0192604,-497.284576
7526,147.244000,-32.9923401,-499.734711
7527,147.264000,-32.919693,-502.952362
7528,147.281000,-32.8907356,-505.561432
7529,147.299000,-32.8714294,-507.878387
7530,147.317000,-32.8368797,-510.752655
7531,147.334000,-32.8175735,-513.295715
7532,147.355000,-32.8145294,-516.406128
7533,147.373000,-32.7992859,-519.007568
7534,147.389000,-32.7682915,-520.285706
7535,147.407000,-32.7632141,-522.676392
7536,147.424000,-32.7261314,-525.293579
7537,147.442000,-32.71698,-527.630859
7538,147.459000,-32.67939,-530.381775
7539,147.475000,-32.6621208,-532.51947
7540,147.495000,-32.6143646,-535.500427
7541,147.511000,-32.5508652,-538.242065
7542,147.528000,-32.4187851,-541.380615
7543,147.550000,-32.3293724,-543.681824
7544,147.567000,-32.2221832,-546.714111
7545,147.592000,-32.0631752,-550.273193
7546,147.615000,-31.8995991,-553.903931
7547,147.633000,-31.7319603,-556.917297
7548,147.653000,-31.5668621,-559.127075
7549,147.672000,-31.3148899,-562.483948
7550,147.698000,-31.01161,-566.727295
7551,147.716000,-30.8211098,-569.386719
7552,147.735000,-30.6229877,-572.217896
7553,147.755000,-30.4172459,-575.657532
7554,147.774000,-30.2785625,-578.433655
7555,147.791000,-30.1312428,-581.252991
7556,147.809000,-29.99967,-583.63501
7557,147.827000,-29.8406639,-586.314697
7558,147.848000,-29.6471157,-589.812317
7559,147.871000,-29.4845543,-593.084412
7560,147.890000,-29.3890514,-594.897949
7561,147.909000,-29.3651772,-595.338928
7562,147.926000,-29.2874546,-597.703125
7563,147.947000,-29.1619797,-600.432678
7564,147.977000,-28.9719887,-604.606995
7565,147.995000,-28.832798,-607.324158
7566,148.015000,-28.6788769,-609.713257
7567,148.033000,-28.5437508,-612.18573
7568,148.050000,-28.4406281,-614.59729
7569,148.081000,-28.3517284,-616.724304
7570,148.104000,-28.3080425,-618.361084
7571,148.122000,-28.2323532,-620.078613
7572,148.142000,-28.1896839,-621.59198
7573,148.159000,-28.1485348,-622.011108
7574,148.177000,-28.0240746,-623.952698
7575,148.196000,-27.9179058,-625.980591
7576,148.214000,-27.8056393,-628.386536
7577,148.232000,-27.6852436,-630.261597
7578,148.251000,-27.6049805,-632.142273
7579,148.270000,-27.5892315,-632.371887
7580,148.289000,-27.527256,-633.481384
7581,148.309000,-27.4749317,-634.69043
7582,148.325000,-27.3987331,-635.471741
7583,148.348000,-27.2824059,-637.888184
7584,148.379000,-27.1869049,-640.712585
7585,148.411000,-27.135088,-643.309448
7586,148.429000,-27.1147709,-643.901306
7587,148.446000,-27.101059,-644.926941
7588,148.469000,-27.063467,-646.706421
7589,148.486000,-27.0111427,-648.140503
7590,148.502000,-26.9750748,-648.809509
7591,148.524000,-26.8541698,-650.411316
7592,148.542000,-26.8099728,-651.846008
7593,148.577000,-26.8099728,-654.028442
7594,148.610000,-26.7998142,-655.607788
7595,148.636000,-26.7967682,-656.180359
7596,148.655000,-26.7612114,-657.140015
7597,148.675000,-26.7358131,-658.044739
7598,148.694000,-26.7210827,-658.723511
7599,148.715000,-26.6900959,-659.64093
7600,148.742000,-26.6565666,-661.236572
7601,148.760000,-26.6062737,-662.252136
7602,148.780000,-26.5986538,-662.513245
7603,148.800000,-26.5986538,-662.513245
7604,148.817000,-26.5793495,-662.67688
7605,148.834000,-26.5478516,-663.101013
7606,148.859000,-26.4660625,-663.795959
7607,148.881000,-26.4721584,-664.244507
7608,148.900000,-26.4731731,-664.810425
7609,148.919000,-26.4391384,-665.49408
7610,148.938000,-26.4111977,-666.199158
7611,148.963000,-26.414753,-666.698486
7612,148.985000,-26.3852863,-666.737122
7613,149.004000,-26.3497276,-666.993225
7614,149.025000,-26.2938442,-667.209656
7615,149.043000,-26.2831745,-667.5047
7616,149.059000,-26.3141613,-667.730774
7617,149.080000,-26.3532791,-668.113892
7618,149.100000,-26.3583584,-668.546631
7619,149.119000,-26.366993,-668.961182
7620,149.137000,-26.3898506,-669.099915
7621,149.155000,-26.3898506,-669.099915
7622,149.173000,-26.3898506,-669.099915
7623,149.191000,-26.3984871,-669.102478
7624,149.209000,-26.3928986,-669.007507
7625,149.227000,-26.3923893,-668.975525
7626,149.247000,-26.3923893,-668.963318
7627,149.262000,-26.3995018,-669.000977
7628,149.283000,-26.4081421,-669.041138
7629,149.300000,-26.4426861,-669.024963
7630,149.319000,-26.4604645,-668.930969
7631,149.339000,-26.4604645,-668.930969
7632,149.361000,-26.4477634,-668.753174
7633,149.379000,-26.4228687,-668.367004
7634,149.399000,-26.3847713,-668.03064
7635,149.417000,-26.3654652,-667.683533
7636,149.433000,-26.3588619,-667.430542
7637,149.451000,-26.3436222,-667.174683
7638,149.469000,-26.3360023,-666.895813
7639,149.488000,-26.3603859,-666.510254
7640,149.506000,-26.3603859,-666.510254
7641,149.526000,-26.3603859,-666.481812
7642,149.549000,-26.3568306,-665.921021
7643,149.567000,-26.3446407,-665.311462
7644,149.591000,-26.3644524,-664.489075
7645,149.616000,-26.3868046,-663.60968
7646,149.634000,-26.360899,-662.89032
7647,149.651000,-26.326355,-662.356934
7648,149.670000,-26.2892704,-661.635498
7649,149.694000,-26.2811432,-661.244934
7650,149.711000,-26.2811432,-661.244934
7651,149.729000,-26.290287,-661.112854
7652,149.749000,-26.3034935,-660.085632
7653,149.766000,-26.3410835,-658.825317
7654,149.789000,-26.3314323,-657.865234
7655,149.808000,-26.3192406,-656.764404
7656,149.827000,-26.2786026,-655.817444
7657,149.849000,-26.2272949,-654.64502
7658,149.868000,-26.1551609,-652.820374
7659,149.901000,-26.1551609,-652.819885
7660,149.918000,-26.1434784,-652.444946
7661,149.939000,-26.1505909,-651.186584
7662,149.959000,-26.1033478,-649.905396
7663,149.976000,-26.0571213,-648.552063
7664,149.995000,-26.0439129,-647.2724
7665,150.012000,-25.9956551,-645.884521
7666,150.039000,-25.9550209,-643.757568
7667,150.062000,-25.9245415,-642.455017
7668,150.081000,-25.8879681,-641.080444
7669,150.109000,-25.8651085,-640.373291
7670,150.132000,-25.8666325,-640.325562
7671,150.149000,-25.8508816,-639.199341
7672,150.167000,-25.8574848,-637.748901
7673,150.185000,-25.8122749,-636.312744
7674,150.205000,-25.7614765,-634.506348
7675,150.222000,-25.7264252,-632.697937
7676,150.243000,-25.7284584,-631.751953
7677,150.262000,-25.7086468,-630.755798
7678,150.282000,-25.6695328,-628.799988
7679,150.300000,-25.6080627,-627.181946
7680,150.319000,-25.5608215,-625.13208
7681,150.346000,-25.4663334,-622.700256
7682,150.371000,-25.4135036,-620.689026
7683,150.389000,-25.3169861,-618.927795
7684,150.406000,-25.2799053,-617.658691
7685,150.421000,-25.24333,-616.379517
7686,150.440000,-25.2092953,-615.548523
7687,150.457000,-25.1752586,-614.708801
7688,150.476000,-25.1590023,-613.335144
7689,150.494000,-25.1595078,-611.952393
7690,150.511000,-25.1716995,-610.880005
7691,150.529000,-25.1437607,-609.655212
7692,150.550000,-25.1711922,-607.360962
7693,150.570000,-25.1295395,-605.393494
7694,150.592000,-25.0863609,-603.075989
7695,150.617000,-25.0274334,-600.355042
7696,150.633000,-25.0010185,-598.712646
7697,150.650000,-24.9817142,-597.140442
7698,150.668000,-24.9486961,-594.955566
7699,150.686000,-24.9497108,-594.718872
7700,150.705000,-24.9268532,-593.006897
7701,150.721000,-24.9009438,-591.393005
7702,150.738000,-24.8917999,-590.300842
7703,150.757000,-24.8450661,-588.616821
7704,150.777000,-24.7922382,-586.58783
7705,150.794000,-24.7521076,-584.31604
7706,150.813000,-24.7388992,-582.15448
7707,150.830000,-24.7251835,-579.598633
7708,150.858000,-24.7521076,-576.108032
7709,150.877000,-24.7973213,-573.758484
7710,150.896000,-24.8008766,-571.421631
7711,150.914000,-24.7683659,-569.111694
7712,150.932000,-24.7404289,-566.797302
7713,150.949000,-24.6947098,-564.432068
7714,150.967000,-24.6936932,-564.37262
7715,150.985000,-24.6967392,-563.166138
7716,151.004000,-24.6672764,-560.150635
7717,151.026000,-24.6525459,-559.719849
7718,151.045000,-24.629179,-558.397034
7719,151.064000,-24.5870152,-555.590393
7720,151.083000,-24.5504379,-553.011292
7721,151.112000,-24.4803391,-548.376282
7722,151.131000,-24.458498,-545.552368
7723,151.149000,-24.4376717,-543.241028
7724,151.166000,-24.3284512,-540.264221
7725,151.188000,-24.2156754,-536.552246
7726,151.223000,-24.1496353,-532.485168
7727,151.241000,-24.0876637,-529.50061
7728,151.258000,-24.0531178,-527.124634
7729,151.276000,-24.0267029,-525.788086
7730,151.293000,-23.9789505,-523.433594
7731,151.317000,-23.9225636,-519.671387
7732,151.340000,-23.8270607,-516.215393
7733,151.361000,-23.7640705,-513.582031
7734,151.379000,-23.7249546,-511.775543
7735,151.397000,-23.7026043,-509.57077
7736,151.414000,-23.6528225,-507.446869
7737,151.433000,-23.5852623,-504.473511
7738,151.450000,-23.5476704,-502.014801
7739,151.469000,-23.5278587,-499.37677
7740,151.492000,-23.5019512,-497.085236
7741,151.510000,-23.4765511,-494.623444
7742,151.528000,-23.4735012,-491.898987
7743,151.548000,-23.4313374,-488.897217
7744,151.564000,-23.4318428,-486.49234
7745,151.584000,-23.3708839,-483.618591
7746,151.612000,-23.3246536,-479.51297
7747,151.630000,-23.2769051,-476.928772
7748,151.648000,-23.2159481,-474.262787
7749,151.665000,-23.1859779,-471.579529
7750,151.684000,-23.1306038,-468.792633
7751,151.701000,-23.1011429,-466.518829
7752,151.720000,-23.0782833,-464.049438
7753,151.736000,-23.0310402,-461.667938
7754,151.753000,-23.0036087,-459.139069
7755,151.773000,-23.002594,-456.439056
7756,151.790000,-22.9848156,-454.053497
7757,151.807000,-22.982275,-453.427643
7758,151.828000,-22.9675407,-451.969666
7759,151.848000,-22.9025192,-449.120239
7760,151.866000,-22.8405457,-446.610199
7761,151.883000,-22.7618084,-444.041229
7762,151.901000,-22.6988163,-441.053162
7763,151.920000,-22.6815453,-439.052643
7764,151.939000,-22.6536064,-436.188477
7765,151.958000,-22.5835037,-433.346191
7766,151.977000,-22.5215282,-430.95752
7767,151.999000,-22.4595566,-426.941284
7768,152.020000,-22.4077415,-424.58316
7769,152.039000,-22.3447514,-421.714478
7770,152.057000,-22.3229084,-419.270508
7771,152.074000,-22.3005562,-417.426453
7772,152.094000,-22.2558537,-415.01651
7773,152.117000,-22.2055626,-411.482849
7774,152.136000,-22.1608601,-408.75946
7775,152.154000,-22.1400337,-407.259369
7776,152.173000,-22.0993958,-404.786926
7777,152.189000,-22.062315,-402.050842
7778,152.214000,-22.0094852,-399.29245
7779,152.231000,-21.9378567,-397.357483
7780,152.250000,-21.8901062,-394.25412
7781,152.269000,-21.8321972,-391.643494
7782,152.286000,-21.8032398,-389.333588
7783,152.304000,-21.7783508,-386.942413
7784,152.322000,-21.7041836,-385.133423
7785,152.346000,-21.6665936,-383.282745
7786,152.363000,-21.6030922,-381.517975
7787,152.380000,-21.6030922,-381.517456
7788,152.397000,-21.6030922,-381.517456
7789,152.416000,-21.6000443,-380.312988
7790,152.435000,-21.5497513,-377.643463
7791,152.455000,-21.5207977,-374.607727
7792,152.472000,-21.4247837,-371.803558
7793,152.492000,-21.2805157,-368.5849
7794,152.512000,-21.2378445,-366.389313
7795,152.531000,-21.1535168,-362.31665
7796,152.559000,-21.0747795,-360.219116
7797,152.577000,-21.0199203,-357.506378
7798,152.614000,-20.9289856,-352.790649
7799,152.633000,-20.8568516,-350.49292
7800,152.651000,-20.7684612,-348.088043
7801,152.669000,-20.6551781,-345.868073
7802,152.684000,-20.5540886,-343.805054
7803,152.704000,-20.4220104,-341.345856
7804,152.723000,-20.3478451,-339.202606
7805,152.740000,-20.2889214,-337.148224
7806,152.757000,-20.2081509,-335.04306
7807,152.777000,-20.1258545,-332.85611
7808,152.795000,-20.0699768,-331.046112
7809,152.814000,-20.0227337,-328.856659
7810,152.837000,-19.9556789,-326.406586
7811,152.857000,-19.8784637,-324.216614
7812,152.876000,-19.7534962,-322.261292
7813,152.895000,-19.6676464,-320.187134
7814,152.913000,-19.5594425,-318.372559
7815,152.931000,-19.4725742,-316.585968
7816,152.950000,-19.3938332,-314.645905
7817,152.967000,-19.3384628,-312.916138
7818,152.986000,-19.3069687,-311.235199
7819,153.006000,-19.2856312,-309.345428
7820,153.025000,-19.2231483,-307.546112
7821,153.044000,-19.1494904,-305.878876
7822,153.062000,-19.0925941,-304.554047
7823,153.079000,-19.0311241,-303.117462
7824,153.099000,-19.0021687,-301.062134
7825,153.125000,-18.9788017,-299.568085
7826,153.144000,-18.9757538,-298.242187
7827,153.161000,-18.9295273,-296.906647
7828,153.178000,-18.8858414,-295.586853
7829,153.196000,-18.8512993,-294.180725
7830,153.214000,-18.7938938,-292.938141
7831,153.233000,-18.739027,-291.737762
7832,153.251000,-18.7054977,-290.555664
7833,153.268000,-18.6516495,-289.427887
7834,153.290000,-18.5922127,-288.042572
7835,153.310000,-18.561224,-287.072815
7836,153.329000,-18.528204,-286.107605
7837,153.355000,-18.4840088,-284.727417
7838,153.376000,-18.4509907,-283.550354
7839,153.400000,-18.4266052,-282.311859
7840,153.418000,-18.3722534,-281.501556
7841,153.436000,-18.3245029,-280.793884
7842,153.456000,-18.301136,-280.017181
7843,153.475000,-18.355999,-279.491425
7844,153.493000,-18.4001942,-278.877228
7845,153.510000,-18.3590469,-278.229553
7846,153.527000,-18.3097725,-277.641785
7847,153.546000,-18.2848816,-276.785339
7848,153.567000,-18.3026619,-276.211304
7849,153.591000,-18.2625313,-275.377167
7850,153.615000,-18.2112236,-274.813782
7851,153.636000,-18.186842,-274.511536
7852,153.653000,-18.1782074,-274.299713
7853,153.671000,-18.1914139,-274.148834
7854,153.690000,-18.2020817,-273.903961
7855,153.708000,-18.1822681,-273.491486
7856,153.738000,-18.1319752,-272.922516
7857,153.755000,-18.11623,-272.54657
7858,153.775000,-18.0999775,-272.245331
7859,153.795000,-18.0933743,-272.126434
7860,153.812000,-18.0933743,-272.126434
7861,153.833000,-18.0989628,-272.166595
7862,153.872000,-18.1004868,-272.328674
7863,153.953000,-18.0943966,-272.273224
7864,153.973000,-18.0954113,-272.389038
7865,153.992000,-18.1111565,-272.667938
7866,154.012000,-18.1096306,-273.068237
7867,154.032000,-18.0710239,-273.501556
7868,154.049000,-18.041563,-273.913055
7869,154.075000,-18.0019398,-274.474945
7870,154.098000,-17.9806061,-274.892517
7871,154.119000,-17.9628258,-275.334534
7872,154.139000,-17.9780636,-275.688629
7873,154.159000,-17.952158,-276.007629
7874,154.176000,-17.9516506,-276.314453
7875,154.198000,-17.9673996,-276.799591
7876,154.214000,-17.9541931,-277.472229
7877,154.233000,-17.9298058,-278.2388
7878,154.251000,-17.9110088,-278.986542
7879,154.269000,-17.8805294,-279.652008
7880,154.293000,-17.8012848,-280.638092
7881,154.312000,-17.7667408,-281.325439
7882,154.329000,-17.7636929,-281.985809
7883,154.359000,-17.7037468,-283.241058
7884,154.378000,-17.6676769,-284.214905
7885,154.397000,-17.6468487,-285.166931
7886,154.415000,-17.6209412,-286.315552
7887,154.435000,-17.6214504,-287.370148
7888,154.453000,-17.6189098,-288.354187
7889,154.471000,-17.5909691,-289.410309
7890,154.489000,-17.5650635,-290.428375
7891,154.508000,-17.5254402,-291.523621
7892,154.526000,-17.5228996,-292.478638
7893,154.542000,-17.5396614,-293.503784
7894,154.566000,-17.4919109,-295.251343
7895,154.589000,-17.4466991,-296.805359
7896,154.618000,-17.3583088,-298.973511
7897,154.636000,-17.3105583,-300.405548
7898,154.652000,-17.2419796,-301.689758
7899,154.672000,-17.2069321,-303.348389
7900,154.689000,-17.1561337,-304.772308
7901,154.709000,-17.1337814,-306.169342
7902,154.733000,-17.0677433,-308.342621
7903,154.749000,-16.9407425,-309.956573
7904,154.766000,-16.9249935,-311.200165
7905,154.785000,-16.8193302,-313.147858
7906,154.803000,-16.78936,-314.584473
7907,154.821000,-16.7278938,-316.220734
7908,154.842000,-16.7065563,-318.432587
7909,154.865000,-16.6252785,-320.506226
7910,154.883000,-16.5942936,-322.067322
7911,154.901000,-16.5617828,-323.714752
7912,154.917000,-16.4987926,-325.422119
7913,154.935000,-16.4657745,-326.166351
7914,154.953000,-16.422596,-327.368317
7915,154.970000,-16.3702755,-328.655579
7916,154.988000,-16.273756,-330.397034
7917,155.005000,-16.1960335,-332.358917
7918,155.024000,-16.1071358,-334.217682
7919,155.042000,-16.0685291,-336.222809
7920,155.064000,-16.0121422,-338.27359
7921,155.082000,-15.9623575,-340.160278
7922,155.101000,-15.9633732,-342.386841
7923,155.123000,-15.9095259,-344.907013
7924,155.142000,-15.9156218,-346.940033
7925,155.161000,-15.8907299,-348.923767
7926,155.179000,-15.8455172,-351.371796
7927,155.200000,-15.8302784,-353.606476
7928,155.226000,-15.7489986,-356.914551
7929,155.246000,-15.7190275,-358.861176
7930,155.265000,-15.7154722,-361.168518
7931,155.283000,-15.672802,-362.895203
7932,155.299000,-15.6768665,-364.703735
7933,155.318000,-15.6280994,-367.103546
7934,155.339000,-15.5417404,-371.585663
7935,155.384000,-15.4670658,-374.427948
7936,155.406000,-15.4045839,-376.929321
7937,155.423000,-15.3598804,-378.827209
7938,155.442000,-15.3024778,-380.96286
7939,155.459000,-15.2953644,-382.884125
7940,155.477000,-15.2852049,-384.804382
7941,155.496000,-15.2613287,-386.427429
7942,155.513000,-15.2638683,-386.957245
7943,155.530000,-15.2293243,-388.431427
7944,155.549000,-15.1897011,-390.499969
7945,155.567000,-15.1759863,-392.518768
7946,155.590000,-15.1038513,-395.432129
7947,155.610000,-15.0657511,-397.245667
7948,155.629000,-15.04848,-399.323914
7949,155.645000,-15.0032701,-401.415802
7950,155.664000,-15.0119057,-403.536224
7951,155.682000,-14.9687252,-405.715607
7952,155.705000,-14.9052267,-408.534973
7953,155.722000,-14.9011631,-410.277405
7954,155.738000,-14.8473167,-412.057434
7955,155.761000,-14.764513,-414.70108
7956,155.779000,-14.6944084,-416.45517
7957,155.796000,-14.6542768,-418.491211
7958,155.816000,-14.5943346,-420.819855
7959,155.839000,-14.4810486,-423.472595
7960,155.863000,-14.3896093,-426.278259
7961,155.886000,-14.3245878,-428.569336
7962,155.904000,-14.2773457,-430.671967
7963,155.921000,-14.2041941,-432.7771
7964,155.940000,-14.1422167,-434.550537
7965,155.957000,-14.1213884,-436.511902
7966,155.974000,-14.0370588,-438.463654
7967,155.993000,-13.947649,-440.499756
7968,156.011000,-13.8470669,-442.694824
7969,156.029000,-13.7474976,-444.593689
7970,156.044000,-13.6514864,-446.389984
7971,156.061000,-13.5834122,-448.218781
7972,156.077000,-13.5061941,-450.356445
7973,156.102000,-13.4223728,-453.556366
7974,156.123000,-13.3624306,-456.159363
7975,156.140000,-13.3461742,-458.367157
7976,156.160000,-13.3040113,-460.645538
7977,156.178000,-13.2415276,-462.988464
7978,156.196000,-13.1932678,-465.341522
7979,156.212000,-13.1343403,-467.526459
7980,156.230000,-13.0911617,-469.909485
7981,156.249000,-13.0495062,-472.415985
7982,156.267000,-13.0078497,-474.894989
7983,156.287000,-12.9778776,-477.41571
7984,156.304000,-12.9606056,-479.804382
7985,156.323000,-12.8981228,-482.254517
7986,156.342000,-12.8549452,-484.809723
7987,156.362000,-12.7243862,-488.021301
7988,156.387000,-12.6507263,-490.893005
7989,156.404000,-12.533885,-493.173431
7990,156.421000,-12.4566698,-495.526001
7991,156.441000,-12.4129829,-498.46637
7992,156.460000,-12.3489752,-500.77829
7993,156.479000,-12.2631235,-503.430573
7994,156.499000,-12.2174044,-505.997528
7995,156.515000,-12.1147871,-508.440491
7996,156.534000,-12.0131865,-511.290924
7997,156.553000,-11.9339371,-513.799377
7998,156.570000,-11.8826284,-516.397888
7999,156.593000,-11.8755169,-519.478882
8000,156.614000,-11.8069363,-522.750916
8001,156.631000,-11.7469921,-525.596313
8002,156.648000,-11.6596155,-528.267395
8003,156.668000,-11.5834141,-531.114319
8004,156.685000,-11.4747009,-533.45874
8005,156.702000,-11.4233923,-534.993469
8006,156.721000,-11.3583689,-537.548218
8007,156.738000,-11.2892809,-540.233032
8008,156.756000,-11.2115564,-542.953857
8009,156.775000,-11.0911598,-547.978027
8010,156.807000,-10.9565392,-551.636536
8011,156.826000,-10.8671303,-553.893555
8012,156.846000,-10.8620501,-554.557495
8013,156.875000,-10.6796761,-559.293152
8014,156.901000,-10.6141443,-562.191833
8015,156.919000,-10.4947653,-565.554382
8016,156.937000,-10.4617453,-566.727905
8017,156.954000,-10.3997688,-569.264465
8018,156.974000,-10.3184891,-572.28302
8019,156.992000,-10.2463531,-574.591858
8020,157.009000,-10.1996155,-576.429321
8021,157.028000,-10.1401787,-578.248474
8022,157.047000,-10.0152102,-580.604492
8023,157.064000,-9.90446568,-583.291748
8024,157.081000,-9.81454849,-585.860779
8025,157.107000,-9.67433834,-590.293701
8026,157.129000,-9.51482677,-593.538391
8027,157.148000,-9.40001774,-596.29425
8028,157.165000,-9.27758884,-598.96991
8029,157.183000,-9.13788891,-602.235901
8030,157.204000,-9.02003384,-605.047119
8031,157.221000,-8.97990227,-606.354126
8032,157.239000,-8.86509323,-609.676514
8033,157.266000,-8.72844219,-613.388428
8034,157.286000,-8.65884686,-615.589539
8035,157.306000,-8.59890175,-617.39032
8036,157.325000,-8.43887997,-620.340759
8037,157.345000,-8.45818424,-620.566345
8038,157.361000,-8.38249207,-623.708923
8039,157.384000,-8.33829594,-626.080811
8040,157.405000,-8.26311111,-628.657471
8041,157.422000,-8.17116356,-631.527161
8042,157.441000,-8.064991,-634.640198
8043,157.459000,-7.98117018,-637.411804
8044,157.476000,-7.89379358,-640.155518
8045,157.494000,-7.80641699,-641.618042
8046,157.512000,-7.73631334,-643.085205
8047,157.533000,-7.63877726,-645.791321
8048,157.552000,-7.56765699,-648.406982
8049,157.569000,-7.52295303,-649.615967
8050,157.590000,-7.40966845,-651.963928
8051,157.617000,-7.26590443,-655.600708
8052,157.634000,-7.18310022,-657.980652
8053,157.652000,-7.04441595,-660.31134
8054,157.670000,-6.91538429,-662.860535
8055,157.692000,-6.79194021,-665.797791
8056,157.717000,-6.72844028,-669.322327
8057,157.739000,-6.66646385,-671.831848
8058,157.757000,-6.61921978,-674.238708
8059,157.777000,-6.57603931,-676.485535
8060,157.795000,-6.499331,-679.032654
8061,157.813000,-6.43278313,-681.074341
8062,157.833000,-6.31492662,-683.481689
8063,157.852000,-6.29613066,-683.969421
8064,157.869000,-6.26006317,-685.451782
8065,157.886000,-6.20367479,-687.201782
8066,157.903000,-6.18487883,-688.209656
8067,157.921000,-6.15897083,-690.101501
8068,157.939000,-6.16354322,-691.519348
8069,157.956000,-6.18183088,-693.160339
8070,157.972000,-6.19554615,-694.929199
8071,157.996000,-6.15033436,-696.760498
8072,158.014000,-6.19402313,-697.950684
8073,158.031000,-6.14322376,-699.69519
8074,158.051000,-6.12341166,-700.993103
8075,158.069000,-6.05330801,-702.579529
8076,158.088000,-5.96034479,-704.435303
8077,158.122000,-5.90802097,-707.387756
8078,158.138000,-5.90954447,-708.966003
8079,158.154000,-5.89836788,-710.194824
8080,158.171000,-5.89785957,-710.295898
8081,158.188000,-5.9029398,-710.300476
8082,158.207000,-5.88160372,-711.875183
8083,158.229000,-5.88668394,-713.53186
8084,158.250000,-5.80337191,-715.054993
8085,158.280000,-5.70481968,-717.127075
8086,158.297000,-5.59610701,-719.522827
8087,158.330000,-5.51736689,-720.787292
8088,158.356000,-5.48383904,-721.565613
8089,158.378000,-5.47164679,-721.688599
8090,158.412000,-5.46097898,-723.164917
8091,158.435000,-5.3984952,-724.151428
8092,158.456000,-5.35531569,-725.088745
8093,158.474000,-5.33550406,-726.07373
8094,158.493000,-5.31061172,-727.223267
8095,158.513000,-5.32178736,-728.318481
8096,158.529000,-5.29740429,-729.172485
8097,158.549000,-5.23491955,-730.149902
8098,158.567000,-5.22729969,-730.287048
8099,158.583000,-5.20748806,-730.82196
8100,158.606000,-5.1851368,-731.483337
8101,158.630000,-5.12824059,-732.277832
8102,158.649000,-5.09572935,-732.899109
8103,158.671000,-5.11757326,-733.782532
8104,158.691000,-5.15618181,-734.653748
8105,158.710000,-5.14805365,-735.171387
8106,158.731000,-5.165833,-735.685913
8107,158.747000,-5.16684914,-735.957703
8108,158.764000,-5.13230562,-736.25592
8109,158.781000,-5.0921731,-736.440857
8110,158.797000,-5.01800585,-736.656738
8111,158.816000,-5.0002265,-736.919373
8112,158.840000,-5.00886297,-737.0672
8113,158.866000,-5.03883457,-737.671631
8114,158.886000,-5.08252239,-737.942383
8115,158.903000,-5.08303022,-737.942871
8116,158.922000,-5.08303022,-737.943359
8117,158.947000,-5.08049059,-737.907288
8118,158.963000,-5.06779051,-737.798096
8119,158.982000,-5.04391479,-737.735657
8120,159.003000,-5.04391479,-737.736145
8121,159.022000,-5.04493046,-737.735657
8122,159.041000,-5.04493046,-737.736145
8123,159.061000,-5.04493046,-737.736145
8124,159.081000,-5.04493046,-737.736145
8125,159.101000,-5.04493046,-737.736145
8126,159.127000,-5.03273869,-737.401306
8127,159.144000,-5.0200386,-737.21228
8128,159.163000,-4.9966712,-737.023865
8129,159.180000,-4.96720695,-736.737427
8130,159.198000,-4.98092222,-736.512451
8131,159.216000,-5.00479889,-736.21936
8132,159.233000,-5.02054644,-736.039978
8133,159.252000,-5.00530672,-735.666138
8134,159.269000,-4.96568346,-735.135376
8135,159.292000,-4.9387598,-734.846863
8136,159.311000,-4.91437674,-734.164673
8137,159.330000,-4.89100933,-733.603271
8138,159.358000,-4.86611748,-732.999207
8139,159.378000,-4.81379366,-732.400208
8140,159.396000,-4.76045322,-731.842407
8141,159.414000,-4.72845078,-731.188477
8142,159.431000,-4.69085884,-730.507263
8143,159.449000,-4.67511082,-730.256287
8144,159.468000,-4.67714262,-730.200439
8145,159.485000,-4.68069839,-729.501404
8146,159.504000,-4.68222284,-728.541321
8147,159.522000,-4.71321106,-728.352356
8148,159.540000,-4.73911905,-727.838257
8149,159.561000,-4.72083044,-726.761292
8150,159.583000,-4.69797039,-726.255798
8151,159.601000,-4.69085884,-725.402771
8152,159.628000,-4.67765141,-724.682434
8153,159.647000,-4.67765141,-724.682434
8154,159.664000,-4.67765141,-724.652954
8155,159.681000,-4.68882751,-724.44873
8156,159.698000,-4.71168756,-724.015442
8157,159.715000,-4.71473503,-722.97406
8158,159.736000,-4.70305109,-721.622192
8159,159.753000,-4.68019152,-720.323303
8160,159.772000,-4.66952419,-718.876038
8161,159.790000,-4.66749239,-717.610596
8162,159.807000,-4.66901684,-716.429016
8163,159.825000,-4.66901684,-716.429016
8164,159.844000,-4.68425703,-716.1745
8165,159.868000,-4.64971352,-714.769348
8166,159.890000,-4.64717388,-713.882874
8167,159.908000,-4.61669445,-712.643738
8168,159.927000,-4.59180212,-711.140991
8169,159.946000,-4.53795385,-709.358459
8170,159.968000,-4.51915836,-707.68457
8171,159.987000,-4.45667458,-706.039185
8172,160.004000,-4.43432236,-705.873047
8173,160.021000,-4.43686247,-705.652039
8174,160.037000,-4.43686247,-705.640869
8175,160.063000,-4.40739822,-703.928406
8176,160.081000,-4.41451025,-702.1026
8177,160.107000,-4.41552544,-699.708435
8178,160.124000,-4.4251771,-697.112976
8179,160.146000,-4.4129858,-695.12207
8180,160.170000,-4.41552544,-692.788208
8181,160.187000,-4.36574173,-690.772522
8182,160.206000,-4.28243017,-689.075256
8183,160.224000,-4.27531815,-689.012329
8184,160.241000,-4.27531815,-689.012329
8185,160.258000,-4.27684212,-688.897522
8186,160.278000,-4.31341743,-686.645569
8187,160.300000,-4.3586297,-685.274414
8188,160.319000,-4.42162132,-683.110779
8189,160.343000,-4.42466927,-681.500916
8190,160.371000,-4.38606167,-680.681519
8191,160.390000,-4.36421776,-680.165955
8192,160.407000,-4.34085035,-677.99939
8193,160.424000,-4.35050249,-675.791077
8194,160.444000,-4.36269474,-674.368164
8195,160.462000,-4.38657045,-672.66687
8196,160.482000,-4.40993834,-670.492676
8197,160.499000,-4.46734238,-668.047241
8198,160.517000,-4.51356983,-666.305237
8199,160.534000,-4.47750139,-665.489929
8200,160.558000,-4.3972373,-664.661377
8201,160.575000,-4.16914511,-662.617126
8202,160.603000,-3.90701771,-659.130737
8203,160.621000,-3.89634967,-656.805603
8204,160.641000,-3.96492958,-654.528625
8205,160.668000,-4.02893734,-653.50708
8206,160.688000,-4.15695333,-652.761841
8207,160.709000,-4.33119774,-651.820557
8208,160.727000,-4.57351351,-651.029175
8209,160.743000,-4.75182152,-650.472412
8210,160.762000,-4.78992128,-650.40332
8211,160.786000,-4.97686481,-650.027954
8212,160.802000,-5.56817627,-648.868591
8213,160.836000,-5.633708,-648.667419
8214,160.856000,-6.12900782,-647.789551
8215,160.877000,-6.38402414,-647.342957
8216,160.895000,-6.4287281,-647.241882
8217,160.915000,-7.13332415,-646.131836
8218,160.933000,-7.39341974,-645.713806
8219,160.951000,-7.74851179,-645.188049
8220,160.968000,-8.74063587,-643.750854
8221,160.990000,-9.63370037,-642.466125
8222,161.013000,-10.4424362,-641.207825
8223,161.030000,-10.5181284,-641.019348
8224,161.047000,-10.5734997,-640.925842
8225,161.068000,-11.1455069,-640.10083
8226,161.090000,-11.9450979,-638.925232
8227,161.111000,-13.0063105,-637.407288
8228,161.131000,-14.2727566,-635.622681
8229,161.150000,-15.5651083,-633.839661
8230,161.172000,-16.5689163,-632.473206
8231,161.194000,-17.3278656,-631.40741
8232,161.213000,-18.2529335,-630.145508
8233,161.233000,-18.2529335,-630.145508
8234,161.253000,-18.3565655,-630.017517
8235,161.273000,-18.5379219,-629.75293
8236,161.292000,-19.04389,-629.114929
8237,161.312000,-20.1711445,-627.728149
8238,161.330000,-20.7517872,-627.105347
8239,161.352000,-21.709877,-625.882507
8240,161.371000,-23.2008572,-624.87561
8241,161.390000,-24.199585,-624.025696
8242,161.408000,-24.4627285,-623.87384
8243,161.432000,-24.5018444,-623.861633
8244,161.449000,-24.8716698,-623.7453
8245,161.467000,-25.2562275,-623.707275
8246,161.484000,-25.5488358,-623.74585
8247,161.508000,-25.6870117,-623.774353
8248,161.529000,-25.9974003,-623.914612
8249,161.547000,-26.1645317,-623.982178
8250,161.566000,-26.1965351,-623.995911
8251,161.584000,-26.3636665,-624.054321
8252,161.608000,-26.5709305,-624.146301
8253,161.633000,-26.76194,-624.228149
8254,161.653000,-26.9488831,-624.297791
8255,161.671000,-27.1266823,-624.354187
8256,161.688000,-27.7296791,-624.637634
8257,161.709000,-27.7530479,-624.650818
8258,161.726000,-27.9145908,-624.734131
8259,161.745000,-28.0410824,-624.78241
8260,161.762000,-28.3128624,-624.883972
8261,161.783000,-28.4794865,-624.965759
8262,161.803000,-28.5521297,-624.995728
8263,161.820000,-28.8284817,-625.130432
8264,161.844000,-29.3334351,-625.364136
8265,161.863000,-29.5676231,-625.460144
8266,161.882000,-29.644331,-625.495728
8267,161.903000,-29.8099422,-625.559265
8268,161.920000,-29.8099422,-625.559265
8269,161.939000,-29.8099422,-625.559265
8270,161.960000,-30.0034866,-625.668457
8271,161.977000,-30.0080585,-625.669495
8272,161.997000,-30.1254082,-625.703491
8273,162.015000,-30.1259155,-625.703979
8274,162.033000,-30.1259155,-625.703979
8275,162.050000,-30.1259155,-625.703491
8276,162.068000,-30.2066841,-625.73761
8277,162.084000,-30.2955837,-625.779724
8278,162.103000,-30.2955837,-625.779724
8279,162.129000,-30.2955837,-625.779724
8280,162.147000,-30.2955837,-625.779724
8281,162.164000,-30.2955837,-625.779724
8282,162.181000,-30.3484135,-625.801575
8283,162.199000,-30.4682999,-625.859558
8284,162.225000,-30.6384773,-625.935852
8285,162.245000,-30.8025608,-626.002319
8286,162.261000,-30.9635963,-626.071533
8287,162.283000,-31.12006,-626.141785
8288,162.302000,-31.2490864,-626.211426
8289,162.322000,-31.3445911,-626.262207
8290,162.347000,-31.5340767,-626.338501
8291,162.365000,-31.6661568,-626.400085
8292,162.382000,-31.7408314,-626.433716
8293,162.402000,-31.7408314,-626.433716
8294,162.419000,-31.7408314,-626.433716
8295,162.437000,-31.7408314,-626.433716
8296,162.453000,-31.7408314,-626.433716
8297,162.469000,-31.7443867,-626.434753
8298,162.486000,-31.7647057,-626.440918
8299,162.509000,-31.813982,-626.461182
8300,162.528000,-31.8886585,-626.489197
8301,162.546000,-31.9252338,-626.507019
8302,162.564000,-31.9252338,-626.507019
8303,162.582000,-31.9252338,-626.507019
8304,162.602000,-31.9430141,-626.515137
8305,162.621000,-31.9867001,-626.53241
8306,162.638000,-32.033432,-626.5578
8307,162.656000,-32.0786514,-626.582642
8308,162.673000,-32.1218338,-626.601929
8309,162.694000,-32.1619682,-626.620239
8310,162.712000,-32.172123,-626.624329
8311,162.734000,-32.1812668,-626.627441
8312,162.753000,-32.2132645,-626.642151
8313,162.769000,-32.2208824,-626.646179
8314,162.788000,-32.2208824,-626.646179
8315,162.808000,-32.2208824,-626.646179
8316,162.826000,-32.2208824,-626.646179
8317,162.854000,-32.2412071,-626.65332
8318,162.871000,-32.266098,-626.663574
8319,162.889000,-32.2874413,-626.675781
8320,162.907000,-32.3067551,-626.683472
8321,162.924000,-32.3199768,-626.68689
8322,162.942000,-32.3357315,-626.693481
8323,162.962000,-32.35606,-626.703308
8324,162.980000,-32.3763733,-626.71344
8325,162.997000,-32.3946724,-626.722595
8326,163.014000,-32.406868,-626.725586
8327,163.031000,-32.423645,-626.731201
8328,163.048000,-32.4383888,-626.736816
8329,163.068000,-32.4577065,-626.746033
8330,163.084000,-32.4724503,-626.751587
8331,163.108000,-32.5009079,-626.767456
8332,163.131000,-32.5176811,-626.779724
8333,163.148000,-32.5176811,-626.779724
8334,163.168000,-32.5176811,-626.779724
8335,163.185000,-32.5181885,-626.780212
8336,163.203000,-32.5237732,-626.784668
8337,163.229000,-32.532402,-626.791687
8338,163.245000,-32.5369682,-626.795593
8339,163.263000,-32.5420418,-626.798523
8340,163.282000,-32.5506706,-626.804016
8341,163.299000,-32.5633812,-626.812256
8342,163.317000,-32.5735359,-626.820435
8343,163.340000,-32.5841942,-626.825378
8344,163.363000,-32.5918045,-626.828796
8345,163.378000,-32.6014481,-626.832703
8346,163.396000,-32.6100845,-626.836182
8347,163.414000,-32.6197281,-626.841064
8348,163.431000,-32.6242943,-626.843018
8349,163.453000,-32.6313972,-626.845459
8350,163.470000,-32.6374855,-626.848877
8351,163.488000,-32.6440811,-626.852295
8352,163.506000,-32.6506767,-626.855225
8353,163.524000,-32.656765,-626.857666
8354,163.541000,-32.6623459,-626.861084
8355,163.564000,-32.6689415,-626.86499
8356,163.584000,-32.6750298,-626.86792
8357,163.602000,-32.6877365,-626.876099
8358,163.629000,-32.7024651,-626.884155
8359,163.648000,-32.709568,-626.887085
8360,163.665000,-32.7115974,-626.88855
8361,163.684000,-32.7156563,-626.890503
8362,163.704000,-32.7197151,-626.892944
8363,163.729000,-32.725296,-626.895874
8364,163.748000,-32.7293549,-626.897827
8365,163.768000,-32.7329063,-626.898804
8366,163.785000,-32.7359505,-626.900757
8367,163.802000,-32.741024,-626.903198
8368,163.819000,-32.7476196,-626.90564
8369,163.838000,-32.7521858,-626.908081
8370,163.859000,-32.7547226,-626.909058
8371,163.879000,-32.7552299,-626.909058
8372,163.897000,-32.7557373,-626.909546
8373,163.915000,-32.756752,-626.909546
8374,163.932000,-32.7582741,-626.911011
8375,163.951000,-32.7592888,-626.911987
8376,163.970000,-32.7603035,-626.912476
8377,163.987000,-32.7618256,-626.912964
8378,164.004000,-32.7628403,-626.913452
8379,164.024000,-32.7643623,-626.914917
8380,164.042000,-32.765377,-626.915405
8381,164.063000,-32.7668991,-626.915894
8382,164.080000,-32.7679138,-626.916382
8383,164.097000,-32.7694359,-626.917358
8384,164.120000,-32.7709579,-626.918335
8385,164.136000,-32.77248,-626.918335
8386,164.154000,-32.7729874,-626.918823
8387,164.172000,-32.7740021,-626.919312
8388,164.188000,-32.7760315,-626.9198
8389,164.215000,-32.7785683,-626.920776
8390,164.235000,-32.779583,-626.922729
8391,164.253000,-32.7816124,-626.922729
8392,164.273000,-32.7826271,-626.923218
8393,164.291000,-32.7841492,-626.924194
8394,164.308000,-32.7856712,-626.925171
8395,164.326000,-32.7866859,-626.926147
8396,164.344000,-32.7877007,-626.926147
8397,164.361000,-32.7887154,-626.926147
8398,164.379000,-32.7892227,-626.927612
8399,164.398000,-32.7907448,-626.928101
8400,164.414000,-32.7922668,-626.928589
8401,164.432000,-32.7937889,-626.929565
8402,164.450000,-32.7942963,-626.930542
8403,164.467000,-32.7988625,-626.933105
8404,164.485000,-32.8044434,-626.937561
8405,164.502000,-32.8085022,-626.940063
8406,164.520000,-32.8105316,-626.94104
8407,164.543000,-32.8135757,-626.94397
8408,164.561000,-32.8156052,-626.944458
8409,164.580000,-32.8166199,-626.944458
8410,164.607000,-32.8201714,-626.946899
8411,164.624000,-32.8227081,-626.947388
8412,164.643000,-32.8227081,-626.947876
8413,164.661000,-32.8242302,-626.948853
8414,164.680000,-32.8262596,-626.949829
8415,164.700000,-32.8287964,-626.950806
8416,164.721000,-32.828289,-626.950806
8417,164.739000,-32.8308258,-626.952271
8418,164.759000,-32.8323479,-626.952271
8419,164.777000,-32.8338699,-626.953247
8420,164.798000,-32.835392,-626.954224
8421,164.816000,-32.8369141,-626.9552
8422,164.836000,-32.8394508,-626.956177
8423,164.857000,-32.8409729,-626.957642
8424,164.883000,-32.8435097,-626.957642
8425,164.898000,-32.8445244,-626.959106
8426,164.917000,-32.8460464,-626.959595
8427,164.941000,-32.8470612,-626.960571
8428,164.959000,-32.8531494,-626.962097
8429,164.977000,-32.8556862,-626.962585
8430,164.994000,-32.8572083,-626.963623
8431,165.013000,-32.859745,-626.9646
8432,165.032000,-32.8627892,-626.966064
8433,165.051000,-32.8638039,-626.966553
8434,165.068000,-32.8663406,-626.967529
8435,165.088000,-32.8688774,-626.968506
8436,165.109000,-32.8698921,-626.969482
8437,165.126000,-32.8714142,-626.97052
8438,165.142000,-32.8734436,-626.971008
8439,165.161000,-32.875473,-626.971985
8440,165.180000,-32.8769951,-626.973511
8441,165.200000,-32.8795319,-626.973999
8442,165.217000,-32.8810539,-626.974976
8443,165.235000,-32.882576,-626.975952
8444,165.253000,-32.8840981,-626.97644
8445,165.274000,-32.8861275,-626.976929
8446,165.295000,-32.8886642,-626.977417
8447,165.315000,-32.8891716,-626.978882
8448,165.334000,-32.889679,-626.97937
8449,165.354000,-32.8927231,-626.979858
8450,165.377000,-32.8942451,-626.980835
8451,165.396000,-32.8962746,-626.981323
8452,165.414000,-32.8977966,-626.9823
8453,165.431000,-32.8993187,-626.983276
8454,165.449000,-32.9013481,-626.984253
8455,165.469000,-32.9033775,-626.985229
8456,165.487000,-32.9043922,-626.985229
8457,165.505000,-32.905407,-626.985718
8458,165.524000,-32.906929,-626.986694
8459,165.542000,-32.9084511,-626.987183
8460,165.561000,-32.9104805,-626.988159
8461,165.579000,-32.9125099,-626.989136
8462,165.613000,-32.9145393,-626.989624
8463,165.631000,-32.9165688,-626.990601
8464,165.649000,-32.9180908,-626.991577
8465,165.667000,-32.9191055,-626.992065
8466,165.683000,-32.9206276,-626.992554
8467,165.703000,-32.9216423,-626.993042
8468,165.722000,-32.927227,-626.996094
8469,165.740000,-32.9328117,-627.000122
8470,165.759000,-32.9368744,-627.002686
8471,165.776000,-32.9383965,-627.002686
8472,165.792000,-32.9389038,-627.004211
8473,165.811000,-32.9414406,-627.0047
8474,165.830000,-32.9429626,-627.005676
8475,165.852000,-32.9454994,-627.007141
8476,165.879000,-32.9485435,-627.009644
8477,165.897000,-32.9495583,-627.01062
8478,165.914000,-32.9510803,-627.011108
8479,165.932000,-32.9536171,-627.012085
8480,165.949000,-32.9551392,-627.012573
8481,165.968000,-32.9576759,-627.014587
8482,165.985000,-32.9586906,-627.015076
8483,166.002000,-32.9602127,-627.016541
8484,166.019000,-32.9622421,-627.017578
8485,166.038000,-32.9637642,-627.018066
8486,166.056000,-32.9652863,-627.019592
8487,166.074000,-32.967823,-627.020569
8488,166.101000,-32.9703598,-627.021545
8489,166.118000,-32.9713745,-627.022522
8490,166.137000,-32.9734039,-627.02301
8491,166.154000,-32.974926,-627.023499
8492,166.173000,-32.9759407,-627.024475
8493,166.192000,-32.9779701,-627.025452
8494,166.211000,-32.9799995,-627.026917
8495,166.229000,-32.9825363,-627.028442
8496,166.248000,-32.9845657,-627.029419
8497,166.265000,-32.9886246,-627.030396
8498,166.283000,-32.9942093,-627.031433
8499,166.301000,-32.9962387,-627.032898
8500,166.319000,-32.9977608,-627.033386
8501,166.338000,-32.9987755,-627.033875
8502,166.369000,-33.0028343,-627.034851
8503,166.385000,-33.003849,-627.035828
8504,166.404000,-33.0053711,-627.035828
8505,166.426000,-33.0068932,-627.036316
8506,166.446000,-33.0094299,-627.036804
8507,166.464000,-33.0114594,-627.037292
8508,166.482000,-33.0129814,-627.038269
8509,166.502000,-33.0150108,-627.039246
8510,166.530000,-33.0170403,-627.040222
8511,166.552000,-33.0190697,-627.041199
8512,166.571000,-33.0200844,-627.041687
8513,166.589000,-33.0210991,-627.042725
8514,166.609000,-33.0221138,-627.043762
8515,166.629000,-33.0236359,-627.043762
8516,166.645000,-33.0241432,-627.04425
8517,166.663000,-33.0256653,-627.044739
8518,166.680000,-33.0261726,-627.044739
8519,166.699000,-33.0271873,-627.045227
8520,166.716000,-33.0287094,-627.045715
8521,166.733000,-33.0297241,-627.045715
8522,166.754000,-33.0307388,-627.046692
8523,166.772000,-33.0307388,-627.046692
8524,166.790000,-33.0317535,-627.046692
8525,166.809000,-33.0322609,-627.046692
8526,166.827000,-33.0322609,-627.046692
8527,166.848000,-33.0327682,-627.046692
8528,166.873000,-33.0327682,-627.04718
8529,166.898000,-33.0327682,-627.04718
8530,166.925000,-33.0327682,-627.04718
8531,166.945000,-33.0327682,-627.046692
8532,166.969000,-33.0327682,-627.04718
8533,166.986000,-33.0327682,-627.04718
8534,167.005000,-33.0327682,-627.04718
8535,167.023000,-33.0327682,-627.04718
8536,167.042000,-33.0327682,-627.04718
8537,167.060000,-33.0327682,-627.04718
8538,167.079000,-33.0327682,-627.04718
8539,167.106000,-33.0327682,-627.04718
8540,167.125000,-33.0332756,-627.04718
8541,167.144000,-33.0332756,-627.046631
8542,167.162000,-33.0332756,-627.046631
8543,167.180000,-33.0332756,-627.046631
8544,167.198000,-33.0332756,-627.046631
8545,167.216000,-33.0332756,-627.046631
8546,167.236000,-33.0332756,-627.046631
8547,167.255000,-33.0332756,-627.046631
8548,167.275000,-33.0332756,-627.046631
8549,167.300000,-33.0332756,-627.046631
8550,167.333000,-33.0332756,-627.046631
8551,167.350000,-33.0332756,-627.046631
8552,167.369000,-33.0332756,-627.046631
8553,167.387000,-33.0332756,-627.046631
8554,167.404000,-33.0332756,-627.046631
8555,167.423000,-33.033783,-627.046631
8556,167.442000,-33.033783,-627.046631
8557,167.459000,-33.033783,-627.046631
8558,167.476000,-33.033783,-627.046631
8559,167.502000,-33.033783,-627.046631
8560,167.521000,-33.033783,-627.046631
8561,167.542000,-33.033783,-627.046631
8562,167.568000,-33.033783,-627.046631
8563,167.583000,-33.033783,-627.046631
8564,167.601000,-33.033783,-627.046631
8565,167.618000,-33.033783,-627.046631
8566,167.637000,-33.033783,-627.046631
8567,167.653000,-33.033783,-627.046631
8568,167.671000,-33.033783,-627.046631
8569,167.689000,-33.033783,-627.046631
8570,167.708000,-33.033783,-627.046631
8571,167.729000,-33.033783,-627.046631
8572,167.750000,-33.033783,-627.046631
8573,167.768000,-33.033783,-627.046631
8574,167.794000,-33.033783,-627.046631
8575,167.816000,-33.033783,-627.046631
8576,167.845000,-33.033783,-627.046631
8577,167.865000,-33.033783,-627.046631
8578,167.884000,-33.033783,-627.046631
8579,167.905000,-33.033783,-627.046631
8580,167.924000,-33.033783,-627.046631
8581,167.944000,-33.033783,-627.046631
8582,167.961000,-33.033783,-627.046631
8583,167.977000,-33.033783,-627.046631
8584,167.995000,-33.033783,-627.046631
8585,168.013000,-33.033783,-627.046631
8586,168.039000,-33.033783,-627.046631
8587,168.063000,-33.033783,-627.046631
8588,168.081000,-33.033783,-627.046631
8589,168.100000,-33.033783,-627.046631
8590,168.118000,-33.033783,-627.046631
8591,168.137000,-33.033783,-627.046631
8592,168.155000,-33.033783,-627.046631
8593,168.172000,-33.033783,-627.046631
8594,168.190000,-33.033783,-627.046631
8595,168.208000,-33.033783,-627.046631
8596,168.228000,-33.033783,-627.046631
8597,168.245000,-33.033783,-627.046631
8598,168.263000,-33.033783,-627.046631
8599,168.284000,-33.033783,-627.046631
8600,168.305000,-33.033783,-627.046631
8601,168.325000,-33.033783,-627.046631
8602,168.345000,-33.033783,-627.046631
8603,168.364000,-33.033783,-627.046631
8604,168.383000,-33.033783,-627.046631
8605,168.401000,-33.033783,-627.046631
8606,168.418000,-33.033783,-627.046631
8607,168.441000,-33.033783,-627.046631
8608,168.458000,-33.033783,-627.046631
8609,168.476000,-33.033783,-627.046631
8610,168.496000,-33.033783,-627.046631
8611,168.519000,-33.033783,-627.046631
8612,168.539000,-33.033783,-627.046631
8613,168.564000,-33.033783,-627.046631
8614,168.580000,-33.033783,-627.046631
8615,168.599000,-33.033783,-627.046631
8616,168.619000,-33.033783,-627.046631
8617,168.635000,-33.033783,-627.046631
8618,168.654000,-33.033783,-627.046631
8619,168.671000,-33.033783,-627.046631
8620,168.691000,-33.033783,-627.046631
8621,168.710000,-33.033783,-627.046631
8622,168.728000,-33.033783,-627.046631
8623,168.748000,-33.033783,-627.046631
8624,168.768000,-33.033783,-627.046631
8625,168.789000,-33.033783,-627.046631
8626,168.806000,-33.033783,-627.046631
8627,168.825000,-33.033783,-627.046631
8628,168.842000,-33.033783,-627.046631
8629,168.859000,-33.033783,-627.046631
8630,168.876000,-33.033783,-627.046631
8631,168.893000,-33.033783,-627.046631
8632,168.911000,-33.033783,-627.046631
8633,168.929000,-33.033783,-627.046631
8634,168.947000,-33.033783,-627.046631
8635,168.965000,-33.033783,-627.046631
8636,168.982000,-33.033783,-627.046631
8637,169.000000,-33.033783,-627.046631
8638,169.017000,-33.033783,-627.046631
8639,169.037000,-33.033783,-627.046631
8640,169.059000,-33.033783,-627.046631
8641,169.079000,-33.033783,-627.046631
8642,169.101000,-33.033783,-627.046631
8643,169.117000,-33.033783,-627.046631
8644,169.136000,-33.033783,-627.046631
8645,169.156000,-33.033783,-627.046631
8646,169.173000,-33.033783,-627.046631
8647,169.191000,-33.033783,-627.046631
8648,169.208000,-33.033783,-627.046631
8649,169.228000,-33.033783,-627.046631
8650,169.246000,-33.033783,-627.046631
8651,169.268000,-33.033783,-627.046631
8652,169.290000,-33.033783,-627.046631
8653,169.308000,-33.033783,-627.046631
8654,169.325000,-33.033783,-627.046631
8655,169.343000,-33.033783,-627.046631
8656,169.361000,-33.033783,-627.046631
8657,169.381000,-33.033783,-627.046631
8658,169.400000,-33.033783,-627.046631
8659,169.417000,-33.033783,-627.046631
8660,169.438000,-33.033783,-627.046631
8661,169.454000,-33.033783,-627.046631
8662,169.472000,-33.033783,-627.046631
8663,169.490000,-33.033783,-627.046631
8664,169.508000,-33.033783,-627.046631
8665,169.529000,-33.033783,-627.046631
8666,169.555000,-33.033783,-627.046631
8667,169.572000,-33.033783,-627.046631
8668,169.589000,-33.033783,-627.046631
8669,169.606000,-33.033783,-627.046631
8670,169.622000,-33.033783,-627.046631
8671,169.638000,-33.033783,-627.046631
8672,169.656000,-33.033783,-627.046631
8673,169.674000,-33.033783,-627.046631
8674,169.694000,-33.033783,-627.046631
8675,169.717000,-33.033783,-627.046631
8676,169.736000,-33.033783,-627.046631
8677,169.754000,-33.033783,-627.046631
8678,169.792000,-33.033783,-627.046631
8679,169.812000,-33.033783,-627.046631
8680,169.831000,-33.033783,-627.046631
8681,169.853000,-33.033783,-627.046631
8682,169.874000,-33.033783,-627.046631
8683,169.892000,-33.033783,-627.046631
8684,169.909000,-33.033783,-627.046631
8685,169.928000,-33.033783,-627.046631
8686,169.945000,-33.033783,-627.046631
8687,169.963000,-33.033783,-627.046631
8688,169.981000,-33.033783,-627.046631
8689,169.999000,-33.033783,-627.046631
8690,170.017000,-33.033783,-627.046631
8691,170.035000,-33.033783,-627.046631
8692,170.056000,-33.033783,-627.046631
8693,170.074000,-33.033783,-627.046631
8694,170.091000,-33.033783,-627.046631
8695,170.111000,-33.033783,-627.046631
8696,170.131000,-33.033783,-627.046631
8697,170.149000,-33.033783,-627.046631
8698,170.169000,-33.033783,-627.046631
8699,170.186000,-33.033783,-627.046631
8700,170.203000,-33.033783,-627.046631
8701,170.221000,-33.033783,-627.046631
8702,170.237000,-33.033783,-627.046631
8703,170.254000,-33.033783,-627.046631
8704,170.274000,-33.033783,-627.046631
8705,170.291000,-33.033783,-627.046631
8706,170.312000,-33.033783,-627.046631
8707,170.329000,-33.033783,-627.046631
8708,170.346000,-33.033783,-627.046631
8709,170.362000,-33.033783,-627.046631
8710,170.387000,-33.033783,-627.046631
8711,170.404000,-33.033783,-627.046631
8712,170.421000,-33.033783,-627.046631
8713,170.446000,-33.033783,-627.046631
8714,170.465000,-33.033783,-627.046631
8715,170.482000,-33.033783,-627.046631
8716,170.500000,-33.033783,-627.046631
8717,170.518000,-33.033783,-627.046631
8718,170.535000,-33.033783,-627.046631
8719,170.560000,-33.033783,-627.046631
8720,170.579000,-33.033783,-627.046631
8721,170.609000,-33.033783,-627.046631
8722,170.629000,-33.033783,-627.046631
8723,170.648000,-33.033783,-627.046631
8724,170.668000,-33.033783,-627.046631
8725,170.689000,-33.033783,-627.046631
8726,170.708000,-33.033783,-627.046631
8727,170.727000,-33.033783,-627.046631
8728,170.748000,-33.033783,-627.046631
8729,170.766000,-33.033783,-627.046631
8730,170.787000,-33.033783,-627.046631
8731,170.808000,-33.033783,-627.046631
8732,170.829000,-33.033783,-627.046631
8733,170.847000,-33.033783,-627.046631
8734,170.866000,-33.033783,-627.046631
8735,170.885000,-33.033783,-627.046631
8736,170.903000,-33.033783,-627.046631
8737,170.923000,-33.033783,-627.046631
8738,170.941000,-33.033783,-627.046631
8739,170.959000,-33.033783,-627.046631
8740,170.976000,-33.033783,-627.046631
8741,170.995000,-33.033783,-627.046631
8742,171.012000,-33.033783,-627.046631
8743,171.034000,-33.033783,-627.046631
8744,171.056000,-33.033783,-627.046631
8745,171.076000,-33.033783,-627.046631
8746,171.092000,-33.033783,-627.046631
8747,171.110000,-33.033783,-627.046631
8748,171.130000,-33.033783,-627.046631
8749,171.148000,-33.033783,-627.046631
8750,171.177000,-33.033783,-627.046631
8751,171.197000,-33.033783,-627.046631
8752,171.212000,-33.033783,-627.046631
8753,171.233000,-33.033783,-627.046631
8754,171.252000,-33.033783,-627.046631
8755,171.270000,-33.033783,-627.046631
8756,171.297000,-33.033783,-627.046631
8757,171.317000,-33.033783,-627.046631
8758,171.343000,-33.033783,-627.046631
8759,171.359000,-33.033783,-627.046631
8760,171.379000,-33.033783,-627.046631
8761,171.402000,-33.033783,-627.046631
8762,171.419000,-33.033783,-627.046631
8763,171.439000,-33.033783,-627.046631
8764,171.462000,-33.033783,-627.046631
8765,171.480000,-33.033783,-627.046631
8766,171.499000,-33.033783,-627.046631
8767,171.518000,-33.033783,-627.046631
8768,171.536000,-33.033783,-627.046631
8769,171.554000,-33.033783,-627.046631
8770,171.572000,-33.033783,-627.046631
8771,171.589000,-33.033783,-627.046631
8772,171.607000,-33.033783,-627.046631
8773,171.624000,-33.033783,-627.046631
8774,171.644000,-33.033783,-627.046631
8775,171.663000,-33.033783,-627.046631
8776,171.689000,-33.033783,-627.046631
8777,171.708000,-33.033783,-627.046631
8778,171.725000,-33.033783,-627.046631
8779,171.748000,-33.033783,-627.046631
8780,171.777000,-33.033783,-627.046631
8781,171.812000,-33.033783,-627.046631
8782,171.829000,-33.033783,-627.046631
8783,171.848000,-33.033783,-627.046631
8784,171.898000,-33.033783,-627.046631
8785,171.921000,-33.033783,-627.046631
8786,171.939000,-33.033783,-627.046631
8787,171.957000,-33.033783,-627.046631
8788,171.978000,-33.033783,-627.046631
8789,171.995000,-33.0170135,-627.063965
8790,172.013000,-33.0124397,-627.096436
8791,172.040000,-33.0312424,-627.094971
8792,172.062000,-33.0541153,-627.070557
8793,172.084000,-33.0617332,-627.065857
8794,172.103000,-33.0612259,-627.066833
8795,172.120000,-33.0617332,-627.066345
8796,172.141000,-33.0622406,-627.073914
8797,172.161000,-33.0688362,-627.082092
8798,172.181000,-33.0678215,-627.078064
8799,172.199000,-33.0668068,-627.079041
8800,172.216000,-33.0652847,-627.079041
8801,172.233000,-33.0647774,-627.079041
8802,172.254000,-33.0647774,-627.079041
8803,172.271000,-33.0647774,-627.078064
8804,172.291000,-33.0647774,-627.078064
8805,172.316000,-33.0647774,-627.078064
8806,172.334000,-33.0652847,-627.078064
8807,172.366000,-33.0652847,-627.078064
8808,172.386000,-33.0652847,-627.078064
8809,172.404000,-33.0652847,-627.078064
8810,172.426000,-33.0652847,-627.078064
8811,172.442000,-33.0652847,-627.077576
8812,172.461000,-33.0657921,-627.077576
8813,172.480000,-33.0657921,-627.077576
8814,172.497000,-33.0657921,-627.078064
8815,172.517000,-33.0657921,-627.078064
8816,172.540000,-33.0657921,-627.078064
8817,172.569000,-33.0657921,-627.078064
8818,172.590000,-33.0657921,-627.077576
8819,172.608000,-33.0657921,-627.077576
8820,172.625000,-33.0657921,-627.077576
8821,172.642000,-33.0657921,-627.077576
8822,172.664000,-33.0657921,-627.077576
8823,172.683000,-33.0657921,-627.077576
8824,172.702000,-33.0657921,-627.078064
8825,172.720000,-33.0657921,-627.078064
8826,172.740000,-33.0657921,-627.078064
8827,172.760000,-33.0657921,-627.078064
8828,172.787000,-33.0657921,-627.078064
8829,172.816000,-33.0657921,-627.078064
8830,172.835000,-33.0657921,-627.078064
8831,172.856000,-33.0657921,-627.078064
8832,172.873000,-33.0657921,-627.078064
8833,172.894000,-33.0657921,-627.078064
8834,172.913000,-33.0657921,-627.078064
8835,172.931000,-33.0657921,-627.078064
8836,172.949000,-33.0657921,-627.078064
8837,172.980000,-33.0657921,-627.078064
8838,173.001000,-33.0657921,-627.078064
8839,173.020000,-33.0657921,-627.078064
8840,173.043000,-33.0657921,-627.078064
8841,173.064000,-33.0657921,-627.078064
8842,173.085000,-33.0657921,-627.078064
8843,173.103000,-33.0657921,-627.078064
8844,173.119000,-33.0657921,-627.078064
8845,173.145000,-33.0657921,-627.078064
8846,173.164000,-33.0657921,-627.078064
8847,173.183000,-33.0657921,-627.078064
8848,173.199000,-33.0657921,-627.078064
8849,173.218000,-33.0657921,-627.078064
8850,173.239000,-33.0657921,-627.078064
8851,173.257000,-33.0657921,-627.078064
8852,173.273000,-33.0657921,-627.078064
8853,173.290000,-33.0657921,-627.078064
8854,173.310000,-33.0657921,-627.078064
8855,173.328000,-33.0657921,-627.078064
8856,173.346000,-33.0657921,-627.078064
8857,173.375000,-33.0657921,-627.078064
8858,173.393000,-33.0657921,-627.078064
8859,173.410000,-33.0657921,-627.078064
8860,173.433000,-33.0657921,-627.078064
8861,173.451000,-33.0657921,-627.078064
8862,173.469000,-33.0657921,-627.078064
8863,173.487000,-33.0657921,-627.078064
8864,173.503000,-33.0657921,-627.078064
8865,173.526000,-33.0657921,-627.078064
8866,173.555000,-33.0657921,-627.078064
8867,173.572000,-33.0657921,-627.078064
8868,173.594000,-33.0657921,-627.078064
8869,173.613000,-33.0657921,-627.078064
8870,173.631000,-33.0657921,-627.078064
8871,173.650000,-33.0657921,-627.078064
8872,173.668000,-33.0657921,-627.078064
8873,173.685000,-33.0657921,-627.078064
8874,173.703000,-33.0657921,-627.078064
8875,173.722000,-33.0657921,-627.078064
8876,173.739000,-33.0657921,-627.078064
8877,173.758000,-33.0657921,-627.078064
8878,173.776000,-33.0657921,-627.078064
8879,173.794000,-33.0657921,-627.078064
8880,173.814000,-33.0657921,-627.078064
8881,173.833000,-33.0657921,-627.078064
8882,173.850000,-33.0657921,-627.078064
8883,173.867000,-33.0657921,-627.078064
8884,173.885000,-33.0657921,-627.078064
8885,173.902000,-33.0657921,-627.078064
8886,173.920000,-33.0657921,-627.078064
8887,173.937000,-33.0657921,-627.078064
8888,173.954000,-33.0657921,-627.078064
8889,173.973000,-33.0657921,-627.078064
8890,173.989000,-33.0657921,-627.078064
8891,174.007000,-33.0657921,-627.078064
8892,174.029000,-33.0657921,-627.078064
8893,174.050000,-33.0657921,-627.078064
8894,174.068000,-33.0657921,-627.078064
8895,174.085000,-33.0657921,-627.078064
8896,174.105000,-33.0657921,-627.078064
8897,174.123000,-33.0657921,-627.078064
8898,174.146000,-33.0657921,-627.078064
8899,174.163000,-33.0657921,-627.078064
8900,174.180000,-33.0657921,-627.078064
8901,174.199000,-33.0657921,-627.078064
8902,174.217000,-33.0657921,-627.078064
8903,174.234000,-33.0657921,-627.078064
8904,174.253000,-33.0657921,-627.078064
8905,174.271000,-33.0657921,-627.078064
8906,174.290000,-33.0657921,-627.078064
8907,174.318000,-33.0657921,-627.078064
8908,174.336000,-33.0657921,-627.078064
8909,174.354000,-33.0657921,-627.078064
8910,174.370000,-33.0657921,-627.078064
8911,174.389000,-33.0657921,-627.078064
8912,174.406000,-33.0657921,-627.078064
8913,174.424000,-33.0657921,-627.078064
8914,174.442000,-33.0657921,-627.078064
8915,174.461000,-33.0657921,-627.078064
8916,174.481000,-33.0657921,-627.078064
8917,174.500000,-33.0657921,-627.078064
8918,174.517000,-33.0657921,-627.078064
8919,174.546000,-33.0657921,-627.078064
8920,174.564000,-33.0657921,-627.078064
8921,174.584000,-33.0657921,-627.078064
8922,174.602000,-33.0657921,-627.078064
8923,174.618000,-33.0657921,-627.078064
8924,174.636000,-33.0657921,-627.078064
8925,174.655000,-33.0657921,-627.078064
8926,174.674000,-33.0657921,-627.078064
8927,174.690000,-33.0657921,-627.078064
8928,174.710000,-33.0657921,-627.078064
8929,174.728000,-33.0657921,-627.078064
8930,174.745000,-33.0657921,-627.078064
8931,174.763000,-33.0657921,-627.078064
8932,174.787000,-33.0657921,-627.078064
8933,174.804000,-33.0657921,-627.078064
8934,174.821000,-33.0657921,-627.078064
8935,174.839000,-33.0657921,-627.078064
8936,174.855000,-33.0657921,-627.078064
8937,174.876000,-33.0657921,-627.078064
8938,174.894000,-33.0657921,-627.078064
8939,174.913000,-33.0657921,-627.078064
8940,174.932000,-33.0657921,-627.078064
8941,174.948000,-33.0657921,-627.078064
8942,174.966000,-33.0657921,-627.078064
8943,174.984000,-33.0657921,-627.078064
8944,175.003000,-33.0657921,-627.078064
8945,175.022000,-33.0657921,-627.078064
8946,175.048000,-33.0657921,-627.078064
8947,175.068000,-33.0657921,-627.078064
8948,175.087000,-33.0657921,-627.078064
8949,175.106000,-33.0657921,-627.078064
8950,175.126000,-33.0657921,-627.078064
8951,175.145000,-33.0657921,-627.078064
8952,175.164000,-33.0657921,-627.078064
8953,175.184000,-33.0657921,-627.078064
8954,175.211000,-33.0657921,-627.078064
8955,175.230000,-33.0657921,-627.078064
8956,175.247000,-33.0657921,-627.078064
8957,175.268000,-33.0657921,-627.078064
8958,175.285000,-33.0657921,-627.078064
8959,175.303000,-33.0657921,-627.078064
8960,175.329000,-33.0657921,-627.078064
8961,175.346000,-33.0657921,-627.078064
8962,175.364000,-33.0657921,-627.078064
8963,175.382000,-33.0657921,-627.078064
8964,175.401000,-33.0657921,-627.078064
8965,175.422000,-33.0657921,-627.078064
8966,175.441000,-33.0657921,-627.078064
8967,175.457000,-33.0657921,-627.078064
8968,175.476000,-33.0657921,-627.078064
8969,175.494000,-33.0657921,-627.078064
8970,175.514000,-33.0657921,-627.078064
8971,175.539000,-33.0657921,-627.078064
8972,175.556000,-33.0657921,-627.078064
8973,175.577000,-33.0657921,-627.078064
8974,175.597000,-33.0657921,-627.078064
8975,175.616000,-33.0657921,-627.078064
8976,175.633000,-33.0657921,-627.078064
8977,175.658000,-33.0657921,-627.078064
8978,175.677000,-33.0657921,-627.078064
8979,175.693000,-33.0657921,-627.078064
8980,175.711000,-33.0657921,-627.078064
8981,175.730000,-33.0657921,-627.078064
8982,175.747000,-33.0657921,-627.078064
8983,175.764000,-33.0657921,-627.078064
8984,175.781000,-33.0657921,-627.078064
8985,175.799000,-33.0657921,-627.078064
8986,175.820000,-33.0657921,-627.078064
8987,175.839000,-33.0657921,-627.078064
8988,175.856000,-33.0657921,-627.078064
8989,175.874000,-33.0657921,-627.078064
8990,175.891000,-33.0657921,-627.078064
8991,175.909000,-33.0657921,-627.078064
8992,175.929000,-33.0657921,-627.078064
8993,175.949000,-33.0657921,-627.078064
8994,175.966000,-33.0657921,-627.078064
8995,175.983000,-33.0657921,-627.078064
8996,176.002000,-33.0657921,-627.078064
8997,176.018000,-33.0657921,-627.078064
8998,176.038000,-33.0657921,-627.078064
8999,176.058000,-33.0657921,-627.078064
9000,176.076000,-33.0657921,-627.078064
9001,176.097000,-33.0657921,-627.078064
9002,176.114000,-33.0657921,-627.078064
9003,176.132000,-33.0657921,-627.078064
9004,176.153000,-33.0657921,-627.078064
9005,176.179000,-33.0657921,-627.078064
9006,176.197000,-33.0657921,-627.078064
9007,176.216000,-33.0657921,-627.078064
9008,176.234000,-33.0657921,-627.078064
9009,176.251000,-33.0657921,-627.078064
9010,176.269000,-33.0657921,-627.078064
9011,176.285000,-33.0657921,-627.078064
9012,176.305000,-33.0657921,-627.078064
9013,176.323000,-33.0657921,-627.078064
9014,176.340000,-33.0657921,-627.078064
9015,176.357000,-33.0657921,-627.078064
9016,176.375000,-33.0657921,-627.078064
9017,176.391000,-33.0657921,-627.078064
9018,176.409000,-33.0657921,-627.078064
9019,176.434000,-33.0657921,-627.078064
9020,176.450000,-33.0657921,-627.078064
9021,176.468000,-33.0657921,-627.078064
9022,176.485000,-33.0657921,-627.078064
9023,176.504000,-33.0657921,-627.078064
9024,176.523000,-33.0657921,-627.078064
9025,176.541000,-33.0657921,-627.078064
9026,176.560000,-33.0657921,-627.078064
9027,176.577000,-33.0657921,-627.078064
9028,176.595000,-33.0657921,-627.078064
9029,176.615000,-33.0657921,-627.078064
9030,176.636000,-33.0657921,-627.078064
9031,176.657000,-33.0657921,-627.078064
9032,176.676000,-33.0657921,-627.078064
9033,176.696000,-33.0657921,-627.078064
9034,176.713000,-33.0657921,-627.078064
9035,176.730000,-33.0657921,-627.078064
9036,176.750000,-33.0657921,-627.078064
9037,176.777000,-33.0657921,-627.078064
9038,176.805000,-33.0657921,-627.078064
9039,176.823000,-33.0657921,-627.078064
9040,176.842000,-33.0657921,-627.078064
9041,176.860000,-33.0657921,-627.078064
9042,176.879000,-33.0657921,-627.078064
9043,176.896000,-33.0657921,-627.078064
9044,176.915000,-33.0657921,-627.078064
9045,176.935000,-33.0657921,-627.078064
9046,176.954000,-33.0657921,-627.078064
9047,176.972000,-33.0657921,-627.078064
9048,176.990000,-33.0657921,-627.078064
9049,177.009000,-33.0657921,-627.078064
9050,177.032000,-33.0657921,-627.078064
9051,177.058000,-33.0657921,-627.078064
9052,177.076000,-33.0657921,-627.078064
9053,177.099000,-33.0657921,-627.078064
9054,177.119000,-33.0657921,-627.078064
9055,177.138000,-33.0657921,-627.078064
9056,177.158000,-33.0657921,-627.078064
9057,177.176000,-33.0657921,-627.078064
9058,177.192000,-33.0657921,-627.078064
9059,177.213000,-33.0657921,-627.078064
9060,177.230000,-33.0657921,-627.078064
9061,177.246000,-33.0657921,-627.078064
9062,177.265000,-33.0657921,-627.078064
9063,177.286000,-33.0657921,-627.078064
9064,177.304000,-33.0657921,-627.078064
9065,177.321000,-33.0657921,-627.078064
9066,177.342000,-33.0657921,-627.078064
9067,177.361000,-33.0657921,-627.078064
9068,177.381000,-33.0657921,-627.078064
9069,177.401000,-33.0657921,-627.078064
9070,177.420000,-33.0657921,-627.078064
9071,177.441000,-33.0657921,-627.078064
9072,177.459000,-33.0657921,-627.078064
9073,177.479000,-33.0657921,-627.078064
9074,177.498000,-33.0657921,-627.078064
9075,177.515000,-33.0657921,-627.078064
9076,177.537000,-33.0657921,-627.078064
9077,177.558000,-33.0657921,-627.078064
9078,177.575000,-33.0657921,-627.078064
9079,177.594000,-33.0657921,-627.078064
9080,177.612000,-33.0657921,-627.078064
9081,177.630000,-33.0657921,-627.078064
9082,177.648000,-33.0657921,-627.078064
9083,177.665000,-33.0657921,-627.078064
9084,177.684000,-33.0657921,-627.078064
9085,177.703000,-33.0657921,-627.078064
9086,177.721000,-33.0657921,-627.078064
9087,177.739000,-33.0657921,-627.078064
9088,177.756000,-33.0657921,-627.078064
9089,177.780000,-33.0657921,-627.078064
9090,177.799000,-33.0657921,-627.078064
9091,177.817000,-33.0657921,-627.078064
9092,177.835000,-33.0657921,-627.078064
9093,177.853000,-33.0657921,-627.078064
9094,177.871000,-33.0657921,-627.078064
9095,177.891000,-33.0657921,-627.078064
9096,177.912000,-33.0657921,-627.078064
9097,177.937000,-33.0657921,-627.078064
9098,177.957000,-33.0657921,-627.078064
9099,177.976000,-33.0657921,-627.078064
9100,177.995000,-33.0657921,-627.078064
9101,178.013000,-33.0657921,-627.078064
9102,178.033000,-33.0657921,-627.078064
9103,178.053000,-33.0657921,-627.078064
9104,178.072000,-33.0657921,-627.078064
9105,178.095000,-33.0657921,-627.078064
9106,178.112000,-33.0657921,-627.078064
9107,178.131000,-33.0657921,-627.078064
9108,178.150000,-33.0657921,-627.078064
9109,178.169000,-33.0657921,-627.078064
9110,178.186000,-33.0657921,-627.078064
9111,178.204000,-33.0657921,-627.078064
9112,178.222000,-33.0657921,-627.078064
9113,178.238000,-33.0657921,-627.078064
9114,178.258000,-33.0657921,-627.078064
9115,178.277000,-33.0657921,-627.078064
9116,178.294000,-33.0657921,-627.078064
9117,178.315000,-33.0657921,-627.078064
9118,178.333000,-33.0657921,-627.078064
9119,178.350000,-33.0657921,-627.078064
9120,178.369000,-33.0657921,-627.078064
9121,178.386000,-33.0657921,-627.078064
9122,178.403000,-33.0657921,-627.078064
9123,178.421000,-33.0657921,-627.078064
9124,178.439000,-33.0657921,-627.078064
9125,178.457000,-33.0657921,-627.078064
9126,178.477000,-33.0657921,-627.078064
9127,178.493000,-33.0657921,-627.078064
9128,178.509000,-33.0657921,-627.078064
9129,178.534000,-33.0657921,-627.078064
9130,178.555000,-33.0657921,-627.078064
9131,178.572000,-33.0657921,-627.078064
9132,178.589000,-33.0657921,-627.078064
9133,178.607000,-33.0657921,-627.078064
9134,178.623000,-33.0657921,-627.078064
9135,178.645000,-33.0657921,-627.078064
9136,178.667000,-33.0657921,-627.078064
9137,178.685000,-33.0657921,-627.078064
9138,178.705000,-33.0657921,-627.078064
9139,178.723000,-33.0657921,-627.078064
9140,178.740000,-33.0657921,-627.078064
9141,178.758000,-33.0657921,-627.078064
9142,178.776000,-33.0657921,-627.078064
9143,178.797000,-33.0657921,-627.078064
9144,178.826000,-33.0657921,-627.078064
9145,178.844000,-33.0657921,-627.078064
9146,178.863000,-33.0657921,-627.078064
9147,178.881000,-33.0657921,-627.078064
9148,178.898000,-33.0657921,-627.078064
9149,178.915000,-33.0657921,-627.078064
9150,178.933000,-33.0657921,-627.078064
9151,178.953000,-33.0657921,-627.078064
9152,178.971000,-33.0657921,-627.078064
9153,178.989000,-33.0657921,-627.078064
9154,179.007000,-33.0657921,-627.078064
9155,179.029000,-33.0657921,-627.078064
9156,179.049000,-33.0657921,-627.078064
9157,179.067000,-33.0657921,-627.078064
9158,179.085000,-33.0657921,-627.078064
9159,179.103000,-33.0657921,-627.078064
9160,179.121000,-33.0657921,-627.078064
9161,179.141000,-33.0657921,-627.078064
9162,179.161000,-33.0657921,-627.078064
9163,179.179000,-33.0657921,-627.078064
9164,179.196000,-33.0657921,-627.078064
9165,179.213000,-33.0657921,-627.078064
9166,179.233000,-33.0657921,-627.078064
9167,179.251000,-33.0657921,-627.078064
9168,179.268000,-33.0657921,-627.078064
9169,179.286000,-33.0657921,-627.078064
9170,179.304000,-33.0657921,-627.078064
9171,179.323000,-33.0657921,-627.078064
9172,179.341000,-33.0657921,-627.078064
9173,179.359000,-33.0657921,-627.078064
9174,179.380000,-33.0657921,-627.078064
9175,179.397000,-33.0657921,-627.078064
9176,179.414000,-33.0657921,-627.078064
9177,179.432000,-33.0657921,-627.078064
9178,179.449000,-33.0657921,-627.078064
9179,179.468000,-33.0657921,-627.078064
9180,179.487000,-33.0657921,-627.078064
9181,179.506000,-33.0657921,-627.078064
9182,179.523000,-33.0657921,-627.078064
9183,179.550000,-33.0657921,-627.078064
9184,179.569000,-33.0657921,-627.078064
9185,179.586000,-33.0657921,-627.078064
9186,179.606000,-33.0657921,-627.078064
9187,179.624000,-33.0657921,-627.078064
9188,179.641000,-33.0657921,-627.078064
9189,179.662000,-33.0657921,-627.078064
9190,179.681000,-33.0657921,-627.078064
9191,179.698000,-33.0657921,-627.078064
9192,179.717000,-33.0657921,-627.078064
9193,179.735000,-33.0657921,-627.078064
9194,179.751000,-33.0657921,-627.078064
9195,179.771000,-33.0657921,-627.078064
9196,179.789000,-33.0657921,-627.078064
9197,179.809000,-33.0657921,-627.078064
9198,179.826000,-33.0657921,-627.078064
9199,179.845000,-33.0657921,-627.078064
9200,179.864000,-33.0657921,-627.078064
9201,179.884000,-33.0657921,-627.078064
9202,179.906000,-33.0657921,-627.078064
9203,179.928000,-33.0657921,-627.078064
9204,179.947000,-33.0657921,-627.078064
9205,179.963000,-33.0657921,-627.078064
9206,179.982000,-33.0657921,-627.078064
9207,180.001000,-33.0657921,-627.078064
9208,180.020000,-33.0657921,-627.078064
9209,180.042000,-33.0657921,-627.078064
9210,180.066000,-33.0657921,-627.078064
9211,180.091000,-33.0657921,-627.078064
9212,180.109000,-33.0657921,-627.078064
9213,180.131000,-33.0657921,-627.078064
9214,180.148000,-33.0657921,-627.078064
9215,180.168000,-33.0657921,-627.078064
9216,180.186000,-33.0657921,-627.078064
9217,180.204000,-33.0657921,-627.078064
9218,180.224000,-33.0657921,-627.078064
9219,180.243000,-33.0657921,-627.078064
9220,180.262000,-33.0657921,-627.078064
9221,180.282000,-33.0657921,-627.078064
9222,180.298000,-33.0657921,-627.078064
9223,180.319000,-33.0657921,-627.078064
9224,180.337000,-33.0657921,-627.078064
9225,180.361000,-33.0657921,-627.078064
9226,180.380000,-33.0657921,-627.078064
9227,180.399000,-33.0657921,-627.078064
9228,180.420000,-33.0657921,-627.078064
9229,180.439000,-33.0657921,-627.078064
9230,180.456000,-33.0657921,-627.078064
9231,180.476000,-33.0657921,-627.078064
9232,180.493000,-33.0657921,-627.078064
9233,180.510000,-33.0657921,-627.078064
9234,180.531000,-33.0657921,-627.078064
9235,180.553000,-33.0657921,-627.078064
9236,180.572000,-33.0657921,-627.078064
9237,180.592000,-33.0657921,-627.078064
9238,180.611000,-33.0657921,-627.078064
9239,180.635000,-33.0657921,-627.078064
9240,180.655000,-33.0657921,-627.078064
9241,180.674000,-33.0657921,-627.078064
9242,180.693000,-33.0657921,-627.078064
9243,180.712000,-33.0657921,-627.078064
9244,180.732000,-33.0657921,-627.078064
9245,180.750000,-33.0657921,-627.078064
9246,180.768000,-33.0657921,-627.078064
9247,180.793000,-33.0657921,-627.078064
9248,180.811000,-33.0657921,-627.078064
9249,180.831000,-33.0657921,-627.078064
9250,180.856000,-33.0657921,-627.078064
9251,180.875000,-33.0657921,-627.078064
9252,180.891000,-33.0657921,-627.078064
9253,180.908000,-33.0657921,-627.078064
9254,180.926000,-33.0657921,-627.078064
9255,180.943000,-33.0657921,-627.078064
9256,180.961000,-33.0657921,-627.078064
9257,180.978000,-33.0657921,-627.078064
9258,180.995000,-33.0657921,-627.078064
9259,181.013000,-33.0657921,-627.078064
9260,181.031000,-33.0657921,-627.078064
9261,181.048000,-33.0657921,-627.078064
9262,181.070000,-33.0657921,-627.078064
9263,181.089000,-33.0657921,-627.078064
9264,181.108000,-33.0657921,-627.078064
9265,181.129000,-33.0657921,-627.078064
9266,181.147000,-33.0657921,-627.078064
9267,181.164000,-33.0657921,-627.078064
9268,181.182000,-33.0657921,-627.078064
9269,181.200000,-33.0657921,-627.078064
9270,181.218000,-33.0657921,-627.078064
9271,181.238000,-33.0657921,-627.078064
9272,181.257000,-33.0657921,-627.078064
9273,181.275000,-33.0657921,-627.078064
9274,181.293000,-33.0657921,-627.078064
9275,181.311000,-33.0657921,-627.078064
9276,181.329000,-33.0657921,-627.078064
9277,181.346000,-33.0657921,-627.078064
9278,181.366000,-33.0657921,-627.078064
9279,181.386000,-33.0657921,-627.078064
9280,181.405000,-33.0657921,-627.078064
9281,181.421000,-33.0657921,-627.078064
9282,181.437000,-33.0657921,-627.078064
9283,181.464000,-33.0657921,-627.078064
9284,181.485000,-33.0657921,-627.078064
9285,181.502000,-33.0657921,-627.078064
9286,181.521000,-33.0657921,-627.078064
9287,181.538000,-33.0657921,-627.078064
9288,181.554000,-33.0657921,-627.078064
9289,181.577000,-33.0657921,-627.078064
9290,181.594000,-33.0657921,-627.078064
9291,181.614000,-33.0657921,-627.078064
9292,181.640000,-33.0657921,-627.078064
9293,181.657000,-33.0657921,-627.078064
9294,181.675000,-33.0657921,-627.078064
9295,181.693000,-33.0657921,-627.078064
9296,181.712000,-33.0657921,-627.078064
9297,181.731000,-33.0657921,-627.078064
9298,181.748000,-33.0657921,-627.078064
9299,181.766000,-33.0657921,-627.078064
9300,181.786000,-33.0657921,-627.078064
9301,181.803000,-33.0657921,-627.078064
9302,181.821000,-33.0657921,-627.078064
9303,181.840000,-33.0657921,-627.078064
9304,181.868000,-33.0657921,-627.078064
9305,181.886000,-33.0657921,-627.078064
9306,181.903000,-33.0657921,-627.078064
9307,181.921000,-33.0657921,-627.078064
9308,181.938000,-33.0657921,-627.078064
9309,181.957000,-33.0657921,-627.078064
9310,181.977000,-33.0657921,-627.078064
9311,181.995000,-33.0657921,-627.078064
9312,182.013000,-33.0657921,-627.078064
9313,182.030000,-33.0657921,-627.078064
9314,182.047000,-33.0657921,-627.078064
9315,182.064000,-33.0657921,-627.078064
9316,182.085000,-33.0657921,-627.078064
9317,182.107000,-33.0657921,-627.078064
9318,182.138000,-33.0657921,-627.078064
9319,182.156000,-33.0657921,-627.078064
9320,182.174000,-33.0657921,-627.078064
9321,182.198000,-33.0657921,-627.078064
9322,182.217000,-33.0657921,-627.078064
9323,182.236000,-33.0657921,-627.078064
9324,182.256000,-33.0657921,-627.078064
9325,182.271000,-33.0657921,-627.078064
9326,182.287000,-33.0657921,-627.078064
9327,182.307000,-33.0657921,-627.078064
9328,182.325000,-33.0657921,-627.078064
9329,182.344000,-33.0657921,-627.078064
9330,182.365000,-33.0657921,-627.078064
9331,182.392000,-33.0657921,-627.078064
9332,182.411000,-33.0657921,-627.078064
9333,182.432000,-33.0657921,-627.078064
9334,182.449000,-33.0657921,-627.078064
9335,182.468000,-33.0657921,-627.078064
9336,182.485000,-33.0657921,-627.078064
9337,182.503000,-33.0657921,-627.078064
9338,182.522000,-33.0657921,-627.078064
9339,182.539000,-33.0657921,-627.078064
9340,182.557000,-33.0657921,-627.078064
9341,182.575000,-33.0657921,-627.078064
9342,182.592000,-33.0657921,-627.078064
9343,182.615000,-33.0657921,-627.078064
9344,182.636000,-33.0657921,-627.078064
9345,182.654000,-33.0657921,-627.078064
9346,182.670000,-33.0657921,-627.078064
9347,182.690000,-33.0657921,-627.078064
9348,182.706000,-33.0657921,-627.078064
9349,182.726000,-33.0657921,-627.078064
9350,182.745000,-33.0657921,-627.078064
9351,182.761000,-33.0657921,-627.078064
9352,182.780000,-33.0657921,-627.078064
9353,182.795000,-33.0657921,-627.078064
9354,182.816000,-33.0657921,-627.078064
9355,182.835000,-33.0657921,-627.078064
9356,182.858000,-33.0657921,-627.078064
9357,182.881000,-33.0657921,-627.078064
9358,182.901000,-33.0657921,-627.078064
9359,182.924000,-33.0657921,-627.078064
9360,182.943000,-33.0657921,-627.078064
9361,182.962000,-33.0657921,-627.078064
9362,182.981000,-33.0657921,-627.078064
9363,182.998000,-33.0657921,-627.078064
9364,183.017000,-33.0657921,-627.078064
9365,183.035000,-33.0657921,-627.078064
9366,183.051000,-33.0657921,-627.078064
9367,183.071000,-33.0657921,-627.078064
9368,183.088000,-33.0657921,-627.078064
9369,183.106000,-33.0657921,-627.078064
9370,183.131000,-33.0657921,-627.078064
9371,183.149000,-33.0657921,-627.078064
9372,183.167000,-33.0657921,-627.078064
9373,183.186000,-33.0657921,-627.078064
9374,183.204000,-33.0657921,-627.078064
9375,183.220000,-33.0657921,-627.078064
9376,183.237000,-33.0657921,-627.078064
9377,183.256000,-33.0657921,-627.078064
9378,183.275000,-33.0657921,-627.078064
9379,183.292000,-33.0657921,-627.078064
9380,183.311000,-33.0657921,-627.078064
9381,183.328000,-33.0657921,-627.078064
9382,183.347000,-33.0657921,-627.078064
9383,183.371000,-33.0657921,-627.078064
9384,183.389000,-33.0657921,-627.078064
9385,183.407000,-33.0657921,-627.078064
9386,183.424000,-33.0657921,-627.078064
9387,183.441000,-33.0657921,-627.078064
9388,183.461000,-33.0657921,-627.078064
9389,183.478000,-33.0657921,-627.078064
9390,183.496000,-33.0657921,-627.078064
9391,183.516000,-33.0657921,-627.078064
9392,183.536000,-33.0657921,-627.078064
9393,183.554000,-33.0657921,-627.078064
9394,183.573000,-33.0657921,-627.078064
9395,183.592000,-33.0657921,-627.078064
9396,183.614000,-33.0657921,-627.078064
9397,183.638000,-33.0657921,-627.078064
9398,183.657000,-33.0657921,-627.078064
9399,183.674000,-33.0657921,-627.078064
9400,183.692000,-33.0657921,-627.078064
9401,183.710000,-33.0657921,-627.078064
9402,183.730000,-33.0657921,-627.078064
9403,183.748000,-33.0657921,-627.078064
9404,183.767000,-33.0657921,-627.078064
9405,183.787000,-33.0657921,-627.078064
9406,183.807000,-33.0657921,-627.078064
9407,183.829000,-33.0657921,-627.078064
9408,183.849000,-33.0657921,-627.078064
9409,183.868000,-33.0657921,-627.078064
9410,183.895000,-33.0657921,-627.078064
9411,183.915000,-33.0657921,-627.078064
9412,183.933000,-33.0657921,-627.078064
9413,183.951000,-33.0657921,-627.078064
9414,183.969000,-33.0657921,-627.078064
9415,183.986000,-33.0657921,-627.078064
9416,184.007000,-33.0657921,-627.078064
9417,184.024000,-33.0657921,-627.078064
9418,184.047000,-33.0657921,-627.078064
9419,184.064000,-33.0657921,-627.078064
9420,184.082000,-33.0657921,-627.078064
9421,184.105000,-33.0657921,-627.078064
9422,184.124000,-33.0657921,-627.078064
9423,184.141000,-33.0657921,-627.078064
9424,184.156000,-33.0657921,-627.078064
9425,184.176000,-33.0657921,-627.078064
9426,184.193000,-33.0657921,-627.078064
9427,184.215000,-33.0657921,-627.078064
9428,184.233000,-33.0657921,-627.078064
9429,184.252000,-33.0657921,-627.078064
9430,184.269000,-33.0657921,-627.078064
9431,184.289000,-33.0657921,-627.078064
9432,184.310000,-33.0657921,-627.078064
9433,184.330000,-33.0657921,-627.078064
9434,184.350000,-33.0657921,-627.078064
9435,184.367000,-33.0657921,-627.078064
9436,184.394000,-33.0657921,-627.078064
9437,184.411000,-33.0657921,-627.078064
9438,184.429000,-33.0657921,-627.078064
9439,184.448000,-33.0657921,-627.078064
9440,184.467000,-33.0657921,-627.078064
9441,184.484000,-33.0657921,-627.078064
9442,184.503000,-33.0657921,-627.078064
9443,184.521000,-33.0657921,-627.078064
9444,184.539000,-33.0657921,-627.078064
9445,184.558000,-33.0657921,-627.078064
9446,184.575000,-33.0657921,-627.078064
9447,184.593000,-33.0657921,-627.078064
9448,184.620000,-33.0657921,-627.078064
9449,184.638000,-33.0657921,-627.078064
9450,184.658000,-33.0657921,-627.078064
9451,184.678000,-33.0657921,-627.078064
9452,184.695000,-33.0657921,-627.078064
9453,184.716000,-33.0657921,-627.078064
9454,184.735000,-33.0657921,-627.078064
9455,184.754000,-33.0657921,-627.078064
9456,184.781000,-33.0657921,-627.078064
9457,184.799000,-33.0657921,-627.078064
9458,184.816000,-33.0657921,-627.078064
9459,184.834000,-33.0657921,-627.078064
9460,184.855000,-33.0657921,-627.078064
9461,184.874000,-33.0657921,-627.078064
9462,184.898000,-33.0657921,-627.078064
9463,184.915000,-33.0657921,-627.078064
9464,184.934000,-33.0657921,-627.078064
9465,184.952000,-33.0657921,-627.078064
9466,184.970000,-33.0657921,-627.078064
9467,184.990000,-33.0657921,-627.078064
9468,185.010000,-33.0657921,-627.078064
9469,185.030000,-33.0657921,-627.078064
9470,185.048000,-33.0657921,-627.078064
9471,185.068000,-33.0657921,-627.078064
9472,185.084000,-33.0657921,-627.078064
9473,185.102000,-33.0657921,-627.078064
9474,185.122000,-33.0657921,-627.078064
9475,185.141000,-33.0657921,-627.078064
9476,185.159000,-33.0657921,-627.078064
9477,185.176000,-33.0657921,-627.078064
9478,185.194000,-33.0657921,-627.078064
9479,185.213000,-33.0657921,-627.078064
9480,185.231000,-33.0657921,-627.078064
9481,185.247000,-33.0657921,-627.078064
9482,185.272000,-33.0657921,-627.078064
9483,185.291000,-33.0657921,-627.078064
9484,185.309000,-33.0657921,-627.078064
9485,185.327000,-33.0657921,-627.078064
9486,185.346000,-33.0657921,-627.078064
9487,185.369000,-33.0657921,-627.078064
9488,185.389000,-33.0657921,-627.078064
9489,185.408000,-33.0657921,-627.078064
9490,185.425000,-33.0657921,-627.078064
9491,185.442000,-33.0657921,-627.078064
9492,185.459000,-33.0657921,-627.078064
9493,185.479000,-33.0657921,-627.078064
9494,185.497000,-33.0657921,-627.078064
9495,185.515000,-33.0657921,-627.078064
9496,185.535000,-33.0657921,-627.078064
9497,185.556000,-33.0657921,-627.078064
9498,185.574000,-33.0657921,-627.078064
9499,185.596000,-33.0657921,-627.078064
9500,185.613000,-33.0657921,-627.078064
9501,185.630000,-33.0657921,-627.078064
9502,185.648000,-33.0657921,-627.078064
9503,185.672000,-33.0657921,-627.078064
9504,185.689000,-33.0657921,-627.078064
9505,185.708000,-33.0657921,-627.078064
9506,185.726000,-33.0657921,-627.078064
9507,185.747000,-33.0657921,-627.078064
9508,185.770000,-33.0657921,-627.078064
9509,185.788000,-33.0657921,-627.078064
9510,185.806000,-33.0662994,-627.078552
9511,185.847000,-33.0698509,-627.079041
9512,185.867000,-33.0698509,-627.079041
9513,185.885000,-33.0698509,-627.079041
9514,185.904000,-33.0698509,-627.079041
9515,185.923000,-33.0703583,-627.079041
9516,185.945000,-33.0708656,-627.079041
9517,185.970000,-33.0718803,-627.080017
9518,186.002000,-33.071373,-627.080505
9519,186.020000,-33.0708656,-627.080505
9520,186.047000,-33.0708656,-627.081482
9521,186.065000,-33.0703583,-627.080994
9522,186.083000,-33.0703583,-627.080994
9523,186.105000,-33.0703583,-627.080994
9524,186.124000,-33.0703583,-627.080505
9525,186.143000,-33.0703583,-627.080505
9526,186.164000,-33.0698509,-627.080505
9527,186.187000,-33.0683289,-627.080505
9528,186.256000,-33.0662994,-627.079529
9529,186.276000,-33.0662994,-627.079529
9530,186.292000,-33.0668068,-627.079529
9531,186.311000,-33.0668068,-627.080017
9532,186.328000,-33.0668068,-627.080017
9533,186.346000,-33.0673141,-627.081482
