-5434.224,289.674,-1.505,0.155,-0.603,-0.010
-5434.121,289.703,-1.505,1.189,-0.207,-0.012
-5434.301,289.758,-1.504,-0.833,0.389,-0.004
-5434.324,289.775,-1.504,-0.945,0.501,0.002
-5434.421,289.882,-1.504,-1.808,1.536,0.001
-5434.438,289.923,-1.503,-1.719,1.727,0.005
-5434.489,289.945,-1.503,-1.990,1.699,0.012
-5434.495,290.007,-1.502,-1.758,2.091,0.017
-5434.418,289.989,-1.503,-0.706,1.597,0.004
-5434.475,289.897,-1.504,-1.188,0.410,-0.001
-5434.457,289.997,-1.503,-0.829,1.382,0.001
-5434.508,289.979,-1.503,-1.233,0.990,0.005
-5434.509,290.008,-1.503,-1.059,1.148,0.001
-5434.494,290.044,-1.503,-0.750,1.350,0.004
-5434.438,290.003,-1.504,-0.067,0.729,-0.005
-5434.310,289.933,-1.504,1.262,-0.097,-0.006
-5434.290,289.853,-1.504,1.284,-0.914,-0.010
-5434.086,289.880,-1.503,3.195,-0.499,0.002
-5434.082,289.832,-1.501,2.771,-0.917,0.026
-5434.226,289.840,-1.501,0.875,-0.698,0.021
-5434.366,289.691,-1.501,-0.694,-2.135,0.021
-5434.283,289.770,-1.500,0.265,-1.007,0.025
-5434.341,289.815,-1.500,-0.376,-0.391,0.025
-5434.165,289.839,-1.501,1.498,-0.093,0.007
-5434.190,289.795,-1.501,1.009,-0.526,0.010
-5434.195,289.838,-1.502,0.815,-0.006,-0.004
-5434.225,289.821,-1.503,0.390,-0.180,-0.013
-5434.227,289.761,-1.503,0.313,-0.772,-0.012
-5434.262,289.785,-1.502,-0.098,-0.410,-0.002
-5434.240,289.743,-1.503,0.144,-0.784,-0.011
-5434.368,289.692,-1.504,-1.196,-1.194,-0.017
-5434.453,289.742,-1.504,-1.894,-0.504,-0.020
-5434.505,289.702,-1.503,-2.156,-0.843,-0.000
-5434.540,289.787,-1.503,-2.198,0.161,-0.006
-5434.470,289.760,-1.503,-1.147,-0.146,-0.005
-5434.409,289.878,-1.503,-0.351,1.092,-0.001
-5434.328,289.760,-1.501,0.531,-0.288,0.017
-5434.237,289.736,-1.502,1.390,-0.488,0.005
-5434.277,289.749,-1.504,0.776,-0.284,-0.010
-5434.312,289.930,-1.505,0.292,1.621,-0.017
-5434.288,289.903,-1.503,0.503,1.103,0.001
-5434.330,289.837,-1.504,-0.001,0.268,-0.006
-5434.240,289.870,-1.502,0.927,0.563,0.010
-5434.388,289.904,-1.501,-0.734,0.827,0.015
-5434.255,289.911,-1.502,0.738,0.782,0.006
-5434.143,289.797,-1.503,1.789,-0.510,-0.002
-5434.054,289.807,-1.503,2.437,-0.324,-0.007
-5434.232,289.908,-1.504,0.240,0.760,-0.013
-5434.403,289.939,-1.503,-1.551,0.968,-0.004
-5434.250,289.960,-1.501,0.255,1.039,0.016
-5434.413,289.848,-1.502,-1.464,-0.266,0.010
-5434.403,289.858,-1.503,-1.139,-0.125,0.001
-5434.504,289.857,-1.501,-2.021,-0.114,0.016
-5434.419,289.729,-1.501,-0.844,-1.415,0.014
-5434.271,289.765,-1.501,0.800,-0.838,0.012
-5434.229,289.803,-1.502,1.127,-0.324,0.002
-5434.215,289.863,-1.502,1.092,0.337,0.002
-5434.111,289.904,-1.501,2.006,0.717,0.005
-5434.098,289.915,-1.503,1.847,0.722,-0.012
-5434.073,289.991,-1.502,1.837,1.401,-0.002
-5434.041,289.853,-1.502,1.895,-0.227,0.004
-5433.975,289.906,-1.501,2.290,0.349,0.006
-5434.080,289.971,-1.500,0.880,0.968,0.013
-5434.053,289.898,-1.501,1.022,0.075,0.003
-5434.065,289.943,-1.502,0.748,0.528,-0.004
-5434.027,290.036,-1.501,1.033,1.411,0.003
-5433.997,289.852,-1.502,1.189,-0.698,-0.005
-5433.998,289.907,-1.502,1.009,-0.022,-0.006
-5434.043,289.919,-1.501,0.391,0.099,0.005
-5434.098,289.907,-1.501,-0.236,-0.035,0.010
-5434.116,289.862,-1.501,-0.385,-0.496,0.001
-5434.118,289.818,-1.502,-0.344,-0.876,-0.008
-5434.237,289.876,-1.502,-1.524,-0.148,-0.004
-5434.236,289.920,-1.500,-1.286,0.326,0.018
-5434.320,289.960,-1.500,-1.968,0.686,0.010
-5434.422,290.001,-1.501,-2.729,1.008,0.003
-5434.402,290.023,-1.502,-2.120,1.090,-0.007
-5434.393,290.035,-1.502,-1.712,1.050,-0.009
-5434.542,290.062,-1.502,-2.991,1.180,-0.005
-5434.562,290.045,-1.502,-2.761,0.825,-0.008
-5434.616,290.059,-1.502,-2.909,0.845,-0.004
-5434.492,290.085,-1.502,-1.205,0.993,-0.004
-5434.458,290.082,-1.503,-0.685,0.818,-0.011
-5434.489,290.127,-1.502,-0.902,1.163,-0.004
-5434.463,290.146,-1.502,-0.499,1.181,0.003
-5434.543,290.147,-1.502,-1.254,1.020,-0.000
-5434.625,290.127,-1.503,-1.913,0.666,-0.008
-5434.615,290.102,-1.505,-1.522,0.311,-0.031
-5434.669,290.026,-1.505,-1.859,-0.523,-0.023
-5434.709,290.079,-1.505,-2.000,0.109,-0.020
-5434.856,289.928,-1.504,-3.210,-1.464,-0.005
-5434.789,289.935,-1.504,-2.050,-1.176,-0.002
-5434.578,289.954,-1.504,0.430,-0.808,-0.010
-5434.591,289.875,-1.505,0.225,-1.508,-0.011
-5434.580,289.831,-1.503,0.309,-1.741,0.004
-5434.533,289.911,-1.503,0.744,-0.658,0.010
-5434.575,289.909,-1.501,0.202,-0.577,0.028
-5434.489,289.791,-1.500,1.057,-1.712,0.028
-5434.504,289.852,-1.500,0.752,-0.836,0.025
-5434.396,289.758,-1.501,1.749,-1.674,0.014
-5434.312,289.849,-1.501,2.351,-0.488,0.009
-5434.238,289.751,-1.501,2.771,-1.426,0.011
-5434.103,289.745,-1.501,3.755,-1.283,0.005
-5434.227,289.818,-1.501,1.925,-0.338,0.004
-5434.245,289.849,-1.501,1.458,0.031,0.004
-5434.034,289.680,-1.501,3.413,-1.715,0.004
-5433.822,289.310,-1.501,5.098,-5.272,0.007
-5433.722,288.547,-1.502,5.377,-12.358,-0.006
-5433.880,287.168,-1.502,2.956,-24.733,-0.008
-5433.934,285.142,-1.503,1.966,-41.953,-0.014
-5434.068,282.691,-1.505,0.300,-61.013,-0.032
-5434.162,279.594,-1.505,-0.705,-83.927,-0.025
-5434.388,276.404,-1.503,-2.937,-104.421,-0.004
-5434.708,273.100,-1.502,-5.803,-123.077,0.011
-5434.997,269.852,-1.501,-7.913,-138.417,0.016
-5435.219,266.510,-1.501,-9.038,-152.465,0.016
-5435.372,263.399,-1.502,-9.284,-162.068,-0.001
-5435.438,260.197,-1.503,-8.593,-171.190,-0.007
-5435.289,257.041,-1.503,-5.800,-178.511,-0.010
-5434.971,254.023,-1.504,-1.671,-183.327,-0.019
-5434.746,251.244,-1.505,0.885,-184.973,-0.021
-5434.501,248.721,-1.504,3.275,-183.742,-0.009
-5434.287,246.158,-1.504,5.001,-183.105,-0.011
-5433.954,243.563,-1.504,7.693,-182.889,-0.009
-5433.455,241.086,-1.503,11.705,-181.492,-0.000
-5433.143,238.578,-1.504,13.192,-180.617,-0.009
-5432.844,236.182,-1.504,14.331,-178.729,0.001
-5432.642,233.527,-1.504,14.303,-179.769,-0.008
-5432.581,230.911,-1.504,12.823,-180.262,-0.005
-5432.742,228.256,-1.505,9.285,-181.087,-0.015
-5432.863,225.748,-1.506,6.665,-180.275,-0.019
-5433.003,223.152,-1.506,4.246,-180.491,-0.020
-5432.847,220.720,-1.509,5.232,-178.983,-0.041
-5432.711,217.865,-1.509,5.856,-182.050,-0.038
-5432.547,214.635,-1.513,6.687,-188.527,-0.071
-5432.538,210.942,-1.516,5.798,-198.815,-0.086
-5432.507,206.653,-1.518,5.266,-213.737,-0.092
-5432.591,202.013,-1.520,3.620,-230.062,-0.101
-5432.826,196.852,-1.523,0.667,-249.368,-0.107
-5432.892,191.543,-1.524,-0.108,-267.348,-0.105
-5433.043,185.775,-1.524,-1.649,-287.409,-0.084
-5433.169,180.023,-1.522,-2.706,-304.347,-0.057
-5433.227,174.207,-1.520,-2.899,-319.466,-0.035
-5433.257,168.489,-1.520,-2.786,-331.344,-0.021
-5433.311,162.981,-1.517,-2.921,-339.322,0.004
-5433.327,157.315,-1.515,-2.662,-347.749,0.029
-5433.265,151.855,-1.512,-1.631,-352.814,0.050
-5433.250,146.368,-1.509,-1.237,-357.409,0.070
-5433.158,140.880,-1.507,-0.110,-361.352,0.080
-5433.020,135.367,-1.504,1.329,-364.965,0.096
-5432.923,129.859,-1.503,2.133,-367.987,0.094
-5432.760,124.705,-1.501,3.500,-366.933,0.101
-5432.959,119.238,-1.499,0.928,-369.250,0.100
-5432.962,113.726,-1.498,0.760,-371.690,0.095
-5432.915,108.646,-1.498,1.141,-369.317,0.082
-5433.062,103.297,-1.497,-0.548,-370.073,0.075
-5432.942,98.117,-1.496,0.773,-368.971,0.079
-5432.787,93.081,-1.495,2.255,-366.556,0.078
-5432.651,87.960,-1.493,3.318,-365.361,0.083
-5432.556,82.786,-1.492,3.815,-364.892,0.081
-5432.478,77.822,-1.491,4.058,-362.334,0.077
-5432.376,72.561,-1.491,4.500,-363.208,0.070
-5432.350,67.413,-1.491,4.112,-362.792,0.058
-5432.285,62.475,-1.490,4.178,-360.270,0.053
-5432.190,57.360,-1.490,4.540,-359.943,0.050
-5432.103,52.225,-1.490,4.768,-359.871,0.043
-5432.196,47.169,-1.490,3.110,-358.993,0.040
-5432.248,42.102,-1.490,2.120,-358.364,0.030
-5432.172,36.871,-1.490,2.586,-359.510,0.025
-5432.462,31.781,-1.490,-0.783,-359.035,0.018
-5432.544,26.769,-1.491,-1.514,-357.830,0.009
-5432.749,21.838,-1.490,-3.390,-355.973,0.017
-5433.004,16.971,-1.490,-5.524,-353.729,0.019
-5432.950,11.958,-1.490,-4.156,-353.312,0.014
-5433.029,6.908,-1.491,-4.355,-353.338,0.002
-5433.155,1.831,-1.491,-5.009,-353.635,0.001
-5433.291,-3.326,-1.492,-5.674,-354.724,-0.008
-5433.282,-8.671,-1.492,-4.745,-357.582,-0.006
-5433.431,-14.046,-1.493,-5.581,-360.328,-0.015
-5433.365,-19.299,-1.494,-4.081,-361.412,-0.024
-5433.327,-24.471,-1.494,-3.095,-361.500,-0.020
-5433.313,-29.797,-1.494,-2.498,-363.167,-0.019
-5433.304,-35.119,-1.495,-2.037,-364.547,-0.024
-5433.016,-40.515,-1.496,1.231,-366.483,-0.029
-5433.130,-45.971,-1.496,-0.121,-368.751,-0.021
-5433.158,-51.606,-1.495,-0.392,-372.530,-0.013
-5433.018,-57.076,-1.494,1.110,-374.054,-0.004
-5432.859,-62.585,-1.493,2.578,-375.763,0.009
-5432.787,-68.060,-1.492,2.939,-376.865,0.014
-5432.598,-73.629,-1.491,4.457,-378.772,0.021
-5432.458,-79.031,-1.491,5.237,-378.679,0.023
-5432.235,-84.402,-1.490,6.763,-378.280,0.026
-5432.009,-89.590,-1.490,8.094,-376.048,0.028
-5431.812,-94.906,-1.489,8.943,-375.478,0.029
-5431.567,-100.155,-1.486,10.141,-374.289,0.049
-5431.363,-105.442,-1.485,10.747,-373.678,0.060
-5431.077,-110.677,-1.483,12.111,-372.606,0.068
-5430.854,-116.207,-1.483,12.635,-374.744,0.061
-5430.474,-121.431,-1.483,14.682,-373.412,0.048
-5430.267,-126.701,-1.483,14.653,-372.742,0.036
-5429.962,-131.996,-1.483,15.640,-372.435,0.035
-5429.799,-137.868,-1.482,15.017,-378.120,0.036
-5429.683,-144.227,-1.483,14.006,-387.966,0.025
-5429.529,-150.930,-1.484,13.528,-399.919,0.012
-5429.269,-158.005,-1.484,14.223,-413.941,0.007
-5428.776,-165.452,-1.483,17.194,-429.722,0.021
-5428.282,-173.475,-1.482,19.755,-449.122,0.024
-5427.975,-181.510,-1.482,20.014,-465.788,0.025
-5427.615,-189.676,-1.482,20.778,-481.353,0.014
-5427.087,-198.019,-1.483,23.155,-496.449,0.000
-5426.610,-206.271,-1.484,24.659,-508.391,-0.004
-5426.159,-214.512,-1.484,25.678,-518.465,-0.006
-5425.834,-222.750,-1.485,25.239,-527.021,-0.013
-5425.441,-231.020,-1.485,25.581,-534.653,-0.007
-5424.858,-239.245,-1.484,27.822,-540.696,0.001
-5424.362,-247.257,-1.483,28.838,-543.652,0.007
-5424.042,-255.174,-1.484,27.889,-545.210,0.003
-5423.404,-263.165,-1.485,30.352,-547.285,-0.010
-5422.931,-271.168,-1.485,30.756,-549.193,-0.009
-5422.588,-279.005,-1.485,29.765,-549.103,-0.010
-5422.203,-286.745,-1.486,29.351,-548.031,-0.015
-5423.347,-303.067,-1.486,13.260,-635.462,-0.017
-5424.145,-318.056,-1.485,3.100,-696.312,-0.005
-5424.627,-331.690,-1.485,-2.329,-734.264,-0.003
-5424.734,-344.183,-1.485,-3.082,-754.885,-0.003
-5424.699,-355.798,-1.485,-2.268,-763.440,-0.005
-5424.660,-366.405,-1.486,-1.533,-760.362,-0.005
-5424.500,-376.292,-1.486,0.339,-750.324,-0.009
-5424.077,-385.532,-1.484,4.641,-735.099,0.009
-5423.784,-394.148,-1.484,6.973,-715.690,0.010
-5423.259,-402.456,-1.484,11.354,-695.962,0.013
-5422.593,-410.476,-1.482,16.544,-676.175,0.028
-5421.842,-418.239,-1.481,21.839,-656.651,0.034
-5422.963,-434.539,-1.481,7.091,-727.878,0.025
-5423.905,-449.378,-1.481,-3.650,-773.589,0.022
-5424.161,-463.475,-1.480,-5.755,-804.943,0.025
-5424.134,-476.774,-1.480,-4.625,-823.475,0.022
-5423.773,-489.111,-1.481,-0.229,-829.380,0.016
-5423.201,-501.053,-1.481,5.693,-830.341,0.014
-5422.642,-512.324,-1.481,10.615,-824.252,0.008
-5421.736,-523.297,-1.482,18.372,-815.996,-0.002
-5420.826,-534.042,-1.481,25.038,-806.614,0.002
-5419.846,-544.213,-1.481,31.446,-792.689,0.005
-5418.642,-554.287,-1.482,39.217,-779.824,-0.006
-5417.271,-564.606,-1.484,47.566,-771.363,-0.024
-5416.103,-574.719,-1.485,52.597,-762.038,-0.029
-5414.841,-584.856,-1.487,57.850,-754.322,-0.041
-5413.540,-594.793,-1.487,62.742,-745.681,-0.039
-5412.248,-604.744,-1.487,66.809,-738.465,-0.032
-5411.169,-614.898,-1.487,68.092,-734.392,-0.029
-5409.854,-625.104,-1.488,71.619,-731.453,-0.028
-5408.684,-635.151,-1.488,73.128,-727.315,-0.022
-5407.629,-645.207,-1.487,73.236,-723.871,-0.013
-5406.758,-655.439,-1.487,71.427,-722.746,-0.010
-5405.687,-665.615,-1.487,71.954,-721.211,-0.009
-5404.838,-676.052,-1.487,70.106,-722.591,-0.013
-5403.996,-686.360,-1.487,68.467,-722.446,-0.004
-5403.271,-696.642,-1.486,65.853,-722.040,0.001
-5402.460,-706.910,-1.485,64.520,-721.562,0.008
-5401.609,-717.202,-1.486,63.799,-721.398,-0.000
-5400.942,-727.514,-1.487,61.276,-721.463,-0.008
-5400.250,-737.929,-1.488,59.386,-722.578,-0.013
-5399.562,-748.292,-1.488,57.739,-722.998,-0.012
-5398.871,-758.663,-1.486,56.361,-723.431,0.001
-5398.273,-769.002,-1.486,54.233,-723.479,0.003
-5397.681,-779.333,-1.486,52.350,-723.425,0.004
-5397.029,-789.399,-1.486,51.366,-720.660,0.004
-5396.233,-799.775,-1.485,52.005,-721.501,0.009
-5395.628,-809.872,-1.485,50.583,-719.329,0.009
-5395.046,-820.052,-1.487,49.133,-718.342,-0.005
-5394.226,-830.519,-1.487,50.358,-720.450,-0.010
-5393.685,-840.889,-1.489,48.514,-721.255,-0.022
-5392.963,-851.161,-1.489,48.812,-720.929,-0.023
-5392.403,-861.604,-1.490,47.395,-722.416,-0.023
-5392.134,-871.759,-1.491,43.199,-720.708,-0.030
-5391.911,-882.158,-1.491,39.147,-721.770,-0.030
-5391.152,-892.482,-1.492,41.199,-721.907,-0.030
-5390.458,-902.763,-1.493,42.279,-721.582,-0.036
-5389.987,-913.099,-1.493,40.917,-721.861,-0.032
-5389.690,-923.476,-1.493,37.955,-722.530,-0.025
-5389.550,-934.183,-1.492,33.811,-726.495,-0.020
-5389.383,-945.055,-1.493,30.563,-731.572,-0.027
-5388.902,-962.777,-1.495,31.012,-806.424,-0.038
-5388.887,-980.084,-1.497,26.614,-865.998,-0.052
-5388.888,-996.507,-1.498,22.688,-907.705,-0.052
-5389.137,-1012.618,-1.499,16.789,-940.070,-0.055
-5389.339,-1028.061,-1.500,12.242,-960.797,-0.054
-5389.380,-1043.139,-1.500,10.018,-974.725,-0.046
-5389.384,-1057.756,-1.501,8.503,-981.851,-0.046
-5389.393,-1072.027,-1.500,7.165,-984.362,-0.035
-5389.557,-1085.985,-1.500,4.414,-983.292,-0.027
-5389.595,-1099.454,-1.500,3.380,-977.342,-0.028
-5389.605,-1112.936,-1.499,2.770,-972.396,-0.016
-5389.620,-1126.309,-1.499,2.213,-967.062,-0.008
-5389.435,-1139.363,-1.498,3.793,-959.224,0.005
-5389.265,-1152.338,-1.496,4.982,-951.728,0.017
-5389.016,-1165.347,-1.495,6.812,-945.690,0.026
-5388.864,-1178.274,-1.493,7.382,-939.691,0.039
-5388.776,-1191.009,-1.492,7.203,-932.587,0.046
-5388.295,-1203.873,-1.491,11.087,-927.869,0.049
-5387.933,-1216.983,-1.490,13.191,-926.373,0.051
-5387.586,-1229.898,-1.488,14.815,-923.094,0.060
-5387.399,-1242.926,-1.487,14.564,-921.450,0.060
-5386.851,-1255.791,-1.488,18.068,-918.380,0.045
-5386.293,-1268.656,-1.488,21.155,-915.760,0.038
-5385.811,-1281.636,-1.488,23.008,-914.707,0.032
-5385.394,-1294.369,-1.489,23.913,-911.264,0.022
-5384.948,-1307.376,-1.490,24.984,-911.150,0.008
-5384.178,-1320.622,-1.489,29.245,-913.511,0.018
-5383.430,-1334.253,-1.488,32.637,-919.491,0.020
-5382.838,-1348.043,-1.487,33.935,-926.232,0.030
-5382.094,-1362.024,-1.486,36.605,-933.939,0.031
-5381.430,-1376.375,-1.485,38.054,-944.333,0.042
-5380.671,-1390.968,-1.483,40.275,-955.682,0.049
-5379.665,-1405.917,-1.482,44.703,-969.027,0.057
-5379.242,-1420.926,-1.480,42.483,-981.025,0.065
-5378.989,-1435.903,-1.478,38.842,-990.930,0.069
-5378.439,-1451.153,-1.476,38.791,-1002.196,0.079
-5377.601,-1466.812,-1.473,41.714,-1016.007,0.098
-5377.069,-1482.212,-1.470,41.057,-1025.124,0.110
-5376.523,-1497.584,-1.468,40.636,-1032.619,0.112
-5375.810,-1513.044,-1.467,42.004,-1039.907,0.111
-5374.940,-1528.623,-1.465,44.783,-1047.353,0.116
-5374.238,-1544.180,-1.463,45.424,-1053.476,0.111
-5373.469,-1559.554,-1.463,46.658,-1056.819,0.098
-5372.601,-1574.766,-1.463,48.733,-1057.996,0.088
-5371.695,-1590.364,-1.463,50.897,-1062.974,0.073
-5370.662,-1605.975,-1.463,54.040,-1067.354,0.062
-5369.728,-1621.591,-1.464,55.716,-1071.140,0.044
-5368.620,-1637.259,-1.464,58.926,-1074.916,0.031
-5367.330,-1652.990,-1.465,63.534,-1078.774,0.017
-5366.104,-1668.605,-1.467,66.817,-1080.876,0.002
-5364.826,-1684.308,-1.468,70.145,-1083.574,-0.010
-5363.623,-1700.148,-1.470,72.213,-1087.276,-0.027
-5362.401,-1715.899,-1.471,74.171,-1089.528,-0.038
-5361.322,-1731.634,-1.472,74.376,-1091.284,-0.039
-5360.227,-1747.171,-1.473,74.707,-1090.734,-0.044
-5359.193,-1762.751,-1.475,74.367,-1090.720,-0.056
-5358.213,-1778.377,-1.476,73.515,-1091.173,-0.055
-5357.163,-1794.036,-1.478,73.517,-1091.903,-0.061
-5356.137,-1809.590,-1.481,73.268,-1091.441,-0.081
-5355.470,-1825.121,-1.482,69.357,-1090.816,-0.082
-5354.412,-1840.859,-1.483,70.050,-1092.408,-0.079
-5353.571,-1856.579,-1.483,68.403,-1093.583,-0.067
-5352.723,-1872.375,-1.482,67.075,-1095.376,-0.050
-5351.787,-1888.057,-1.482,66.846,-1095.724,-0.042
-5350.978,-1903.863,-1.483,65.347,-1097.289,-0.047
-5350.029,-1919.566,-1.482,65.505,-1097.574,-0.033
-5349.271,-1935.434,-1.482,63.674,-1099.519,-0.027
-5348.693,-1951.119,-1.481,60.253,-1099.279,-0.012
-5347.813,-1966.766,-1.481,60.455,-1098.694,-0.004
-5347.055,-1982.408,-1.480,59.366,-1098.143,0.004
-5346.199,-1998.004,-1.479,59.451,-1097.198,0.014
-5345.451,-2013.561,-1.479,58.408,-1095.997,0.013
-5344.688,-2029.172,-1.479,57.674,-1095.519,0.005
-5343.798,-2044.576,-1.479,58.345,-1092.984,0.003
-5343.028,-2060.140,-1.480,57.693,-1092.469,-0.008
-5342.306,-2075.661,-1.481,56.649,-1091.580,-0.016
-5341.496,-2091.101,-1.482,56.650,-1090.004,-0.017
-5340.863,-2106.803,-1.482,54.842,-1091.350,-0.016
-5340.110,-2122.352,-1.482,54.528,-1090.909,-0.015
-5339.094,-2137.798,-1.483,56.960,-1089.494,-0.027
-5338.483,-2153.443,-1.484,54.874,-1090.324,-0.024
-5337.559,-2169.049,-1.484,56.320,-1090.631,-0.020
-5336.687,-2184.594,-1.485,57.014,-1090.270,-0.027
-5335.931,-2200.160,-1.484,56.413,-1090.170,-0.021
-5335.041,-2215.867,-1.484,57.280,-1091.539,-0.016
-5334.245,-2231.561,-1.485,57.050,-1092.578,-0.018
-5333.413,-2247.385,-1.486,57.224,-1094.801,-0.031
-5332.649,-2263.180,-1.485,56.674,-1096.388,-0.016
-5331.783,-2278.760,-1.486,57.254,-1095.535,-0.016
-5330.759,-2294.240,-1.486,59.371,-1093.790,-0.014
-5329.887,-2309.717,-1.486,59.617,-1092.259,-0.021
-5328.989,-2325.199,-1.487,60.092,-1091.006,-0.019
-5328.161,-2340.778,-1.487,59.781,-1090.930,-0.018
-5327.521,-2356.471,-1.485,57.582,-1092.052,-0.003
-5326.709,-2371.975,-1.484,57.464,-1091.050,0.008
-5325.985,-2387.513,-1.484,56.476,-1090.553,0.007
-5325.054,-2403.162,-1.484,57.754,-1091.271,0.012
-5324.169,-2418.771,-1.484,58.367,-1091.464,0.011
-5323.389,-2434.284,-1.484,57.813,-1090.650,0.008
-5322.499,-2449.753,-1.484,58.482,-1089.508,0.007
-5321.772,-2465.453,-1.484,57.356,-1090.900,-0.001
-5320.843,-2481.193,-1.485,58.489,-1092.504,-0.007
-5319.807,-2496.946,-1.485,60.553,-1094.004,-0.002
-5318.805,-2512.615,-1.485,61.961,-1094.421,-0.006
-5317.551,-2528.247,-1.485,65.756,-1094.393,-0.007
-5316.316,-2543.948,-1.485,68.798,-1095.083,-0.002
-5315.072,-2559.875,-1.484,71.491,-1097.995,0.008
-5313.896,-2575.851,-1.483,73.089,-1100.986,0.014
-5312.438,-2591.745,-1.483,77.345,-1102.687,0.018
-5311.124,-2607.698,-1.481,79.496,-1104.751,0.026
-5309.859,-2623.579,-1.480,80.822,-1105.771,0.036
-5308.841,-2639.644,-1.479,79.417,-1108.530,0.037
-5307.597,-2655.485,-1.480,80.547,-1108.575,0.028
-5306.579,-2671.210,-1.480,79.181,-1107.426,0.023
-5305.507,-2686.944,-1.480,78.576,-1106.535,0.018
-5304.511,-2702.645,-1.480,77.266,-1105.442,0.013
-5303.487,-2718.446,-1.481,76.444,-1105.532,0.005
-5302.588,-2734.260,-1.482,74.460,-1105.744,-0.004
-5301.795,-2750.065,-1.482,71.674,-1105.840,-0.006
-5300.722,-2765.728,-1.482,72.184,-1104.452,-0.004
-5299.842,-2781.393,-1.482,70.624,-1103.286,-0.009
-5298.981,-2796.991,-1.482,69.100,-1101.606,-0.008
-5298.069,-2812.566,-1.481,68.327,-1099.937,0.005
-5297.242,-2828.095,-1.481,66.792,-1098.038,0.005
-5296.333,-2843.955,-1.481,66.332,-1099.830,0.003
-5295.481,-2859.506,-1.481,65.335,-1098.169,0.007
-5294.615,-2875.095,-1.481,64.654,-1097.146,0.009
-5293.794,-2890.825,-1.480,63.590,-1097.735,0.011
-5292.880,-2906.610,-1.480,63.652,-1098.791,0.013
-5291.886,-2922.292,-1.479,64.526,-1098.634,0.015
-5290.987,-2937.973,-1.480,64.284,-1098.491,0.008
-5290.110,-2953.479,-1.480,63.865,-1096.573,0.007
-5289.143,-2969.054,-1.480,64.430,-1095.641,0.001
-5288.106,-2984.786,-1.481,65.621,-1096.463,-0.004
-5287.078,-3000.424,-1.480,66.560,-1096.200,0.004
-5285.778,-3016.302,-1.480,70.147,-1098.442,0.007
-5284.761,-3031.744,-1.479,70.305,-1095.876,0.013
-5283.818,-3047.394,-1.478,69.672,-1095.817,0.020
-5282.799,-3063.058,-1.477,69.918,-1095.917,0.025
-5281.876,-3078.812,-1.477,69.136,-1096.923,0.027
-5280.763,-3094.411,-1.477,70.431,-1096.189,0.022
-5279.520,-3110.052,-1.476,72.869,-1096.000,0.029
-5278.382,-3125.814,-1.475,73.858,-1097.079,0.033
-5277.434,-3141.430,-1.475,72.764,-1096.497,0.028
-5276.228,-3157.177,-1.475,74.478,-1097.346,0.020
-5275.282,-3172.958,-1.475,73.263,-1098.421,0.020
-5274.172,-3188.876,-1.475,73.910,-1100.756,0.012
-5272.584,-3208.786,-1.475,79.388,-1143.835,0.012
-5271.266,-3227.773,-1.475,81.286,-1171.078,0.017
-5269.982,-3246.510,-1.474,82.550,-1191.744,0.016
-5268.621,-3264.358,-1.475,84.419,-1200.215,0.011
-5267.121,-3281.953,-1.475,87.451,-1204.838,0.007
-5265.733,-3299.010,-1.474,88.872,-1203.240,0.011
-5264.354,-3315.625,-1.474,89.993,-1197.335,0.014
-5263.024,-3331.806,-1.474,90.456,-1187.823,0.013
-5261.759,-3347.874,-1.474,90.176,-1178.549,0.012
-5260.453,-3363.817,-1.473,90.357,-1169.351,0.014
-5259.194,-3379.392,-1.472,90.028,-1157.721,0.021
-5258.174,-3394.996,-1.472,87.286,-1148.093,0.018
-5256.889,-3410.589,-1.472,87.689,-1139.775,0.014
-5255.614,-3425.768,-1.472,87.908,-1128.410,0.014
-5254.423,-3441.185,-1.473,87.244,-1121.173,0.007
-5253.384,-3456.558,-1.473,85.115,-1114.550,0.001
-5252.389,-3471.915,-1.474,82.839,-1108.724,-0.011
-5251.337,-3487.259,-1.475,81.481,-1103.634,-0.018
-5250.317,-3502.735,-1.477,79.999,-1100.646,-0.028
-5249.323,-3517.865,-1.477,78.473,-1094.539,-0.028
-5248.294,-3533.088,-1.478,77.516,-1090.286,-0.032
-5247.262,-3548.021,-1.479,76.745,-1083.668,-0.033
-5246.182,-3562.843,-1.479,76.577,-1076.887,-0.035
-5245.198,-3577.183,-1.480,75.441,-1066.139,-0.038
-5244.318,-3591.555,-1.479,73.408,-1057.295,-0.023
-5243.659,-3605.490,-1.480,69.397,-1045.262,-0.023
-5242.800,-3619.035,-1.478,68.030,-1030.979,-0.002
-5241.852,-3632.192,-1.478,67.787,-1014.806,-0.002
-5240.877,-3645.180,-1.477,67.851,-999.263,0.006
-5239.670,-3658.056,-1.476,70.307,-984.860,0.012
-5238.744,-3670.801,-1.474,69.503,-971.222,0.028
-5237.679,-3683.443,-1.473,70.236,-958.534,0.035
-5236.744,-3696.001,-1.473,69.539,-946.851,0.032
-5235.914,-3708.436,-1.473,67.854,-935.614,0.026
-5235.094,-3720.760,-1.474,66.314,-924.889,0.014
-5234.212,-3733.103,-1.474,65.638,-915.937,0.010
-5233.296,-3744.867,-1.476,65.421,-902.341,-0.009
-5232.438,-3756.337,-1.477,64.632,-887.713,-0.018
-5231.402,-3767.622,-1.477,65.796,-873.331,-0.016
-5230.417,-3778.411,-1.477,66.250,-855.965,-0.012
-5229.572,-3789.069,-1.477,65.216,-839.801,-0.006
-5228.771,-3799.140,-1.476,63.859,-819.971,0.001
-5228.178,-3809.232,-1.474,60.577,-803.276,0.015
-5227.280,-3818.936,-1.474,60.913,-785.042,0.016
-5226.562,-3828.904,-1.473,59.354,-772.200,0.024
-5225.961,-3838.498,-1.474,56.802,-757.405,0.015
-5225.170,-3848.336,-1.474,56.599,-747.295,0.007
-5224.576,-3858.064,-1.474,54.385,-737.543,0.011
-5223.969,-3867.797,-1.475,52.634,-729.269,-0.003
-5223.322,-3877.101,-1.474,51.561,-717.804,0.009
-5222.736,-3886.490,-1.474,50.005,-708.892,0.001
-5222.148,-3895.310,-1.475,48.704,-695.441,-0.002
-5221.791,-3903.472,-1.475,45.217,-677.185,0.000
-5221.226,-3911.476,-1.475,44.389,-659.992,-0.000
-5220.486,-3919.310,-1.474,45.480,-643.580,0.001
-5219.893,-3926.502,-1.474,44.898,-622.969,0.006
-5219.389,-3933.391,-1.473,43.475,-602.275,0.017
-5218.596,-3940.593,-1.473,45.244,-587.837,0.007
-5217.958,-3947.633,-1.473,45.162,-573.863,0.010
-5217.330,-3954.846,-1.472,44.988,-563.725,0.018
-5216.778,-3961.921,-1.472,44.054,-553.653,0.020
-5216.244,-3968.639,-1.471,43.071,-541.386,0.020
-5215.693,-3974.614,-1.473,42.411,-523.273,0.000
-5215.278,-3980.366,-1.473,40.443,-505.536,-0.002
-5214.922,-3985.701,-1.472,38.160,-486.116,0.006
-5214.505,-3990.801,-1.471,36.842,-467.121,0.017
-5214.191,-3995.237,-1.471,34.656,-444.088,0.020
-5213.804,-3999.441,-1.470,33.538,-422.060,0.027
-5213.301,-4003.383,-1.469,33.788,-400.566,0.033
-5212.898,-4007.597,-1.468,32.968,-385.044,0.028
-5212.480,-4011.941,-1.468,32.421,-373.140,0.029
-5212.003,-4016.395,-1.468,32.565,-364.112,0.028
-5211.605,-4020.533,-1.468,31.872,-353.159,0.023
-5211.287,-4024.443,-1.467,30.464,-341.481,0.028
-5211.283,-4027.739,-1.468,26.024,-325.190,0.013
-5210.928,-4030.302,-1.469,25.850,-303.755,0.000
-5210.952,-4032.644,-1.470,21.801,-283.188,-0.004
-5210.680,-4034.247,-1.469,21.396,-258.038,-0.000
-5210.329,-4035.566,-1.469,21.864,-233.677,-0.001
-5210.288,-4036.932,-1.470,19.069,-213.368,-0.006
-5210.208,-4038.261,-1.469,17.088,-195.675,-0.001
-5209.859,-4039.613,-1.468,18.162,-180.806,0.014
-5209.624,-4041.468,-1.467,17.912,-173.313,0.020
-5209.306,-4043.517,-1.467,18.550,-168.918,0.020
-5208.964,-4045.889,-1.467,19.348,-168.497,0.017
-5208.778,-4047.948,-1.468,18.418,-164.922,0.005
-5208.628,-4049.648,-1.468,17.250,-158.161,0.002
-5208.347,-4050.819,-1.468,17.607,-146.954,0.006
-5208.397,-4050.480,-1.468,14.498,-121.852,-0.003
-5208.379,-4049.646,-1.469,12.557,-95.353,-0.008
-5208.273,-4048.557,-1.469,11.796,-70.119,-0.009
-5208.428,-4047.252,-1.469,8.475,-46.372,-0.010
-5208.566,-4046.292,-1.470,5.805,-29.671,-0.018
-5208.493,-4045.384,-1.470,5.697,-15.950,-0.014
-5208.488,-4044.654,-1.470,4.918,-6.090,-0.013
-5208.450,-4044.163,-1.471,4.588,-0.143,-0.021
-5208.533,-4043.327,-1.472,3.051,8.485,-0.028
-5208.852,-4042.350,-1.472,-0.679,17.292,-0.024
-5209.158,-4040.469,-1.473,-3.734,34.119,-0.028
-5209.273,-4038.016,-1.474,-4.371,54.349,-0.033
-5209.588,-4034.732,-1.475,-6.963,80.165,-0.031
-5210.072,-4031.705,-1.475,-10.926,99.541,-0.033
-5210.478,-4028.239,-1.475,-13.496,120.581,-0.022
-5210.913,-4025.013,-1.473,-15.987,136.057,-0.008
-5211.355,-4021.709,-1.473,-18.193,150.063,-0.007
-5211.980,-4018.588,-1.473,-21.944,160.121,-0.001
-5212.470,-4015.760,-1.472,-23.767,165.688,0.006
-5213.054,-4012.828,-1.473,-26.284,171.505,0.001
-5213.520,-4010.136,-1.474,-27.212,173.989,-0.009
-5213.942,-4007.576,-1.472,-27.552,174.755,0.005
-5214.540,-4004.443,-1.471,-29.657,181.311,0.015
-5215.132,-4000.692,-1.471,-31.392,193.261,0.016
-5215.575,-3996.028,-1.471,-31.335,212.855,0.014
-5216.338,-3990.881,-1.472,-34.580,234.539,0.005
-5217.201,-3985.462,-1.470,-38.382,255.831,0.021
-5217.884,-3979.703,-1.470,-39.765,277.496,0.016
-5218.682,-3973.972,-1.471,-42.132,295.683,0.004
-5219.535,-3968.322,-1.471,-44.721,310.362,0.003
-5220.469,-3962.626,-1.471,-47.755,323.350,-0.000
-5221.359,-3957.100,-1.472,-49.894,332.689,-0.005
-5222.218,-3951.643,-1.471,-51.399,339.944,0.005
-5222.858,-3946.263,-1.470,-50.434,345.331,0.013
-5223.965,-3940.618,-1.469,-54.408,352.660,0.020
-5224.937,-3934.656,-1.470,-56.417,362.168,0.007
-5226.164,-3927.981,-1.469,-60.753,377.621,0.018
-5227.022,-3920.694,-1.467,-60.652,397.103,0.034
-5227.982,-3913.298,-1.468,-61.617,414.849,0.018
-5229.031,-3905.722,-1.468,-63.351,431.828,0.020
-5229.933,-3897.760,-1.467,-63.315,450.288,0.020
-5231.017,-3889.626,-1.468,-65.164,467.796,0.012
-5232.182,-3881.883,-1.466,-67.579,478.712,0.024
-5233.548,-3871.860,-1.466,-71.704,511.497,0.023
-5234.888,-3862.262,-1.466,-74.945,535.074,0.020
-5235.948,-3853.024,-1.468,-74.837,551.491,0.001
-5237.236,-3843.938,-1.469,-77.096,563.918,-0.007
-5238.592,-3834.582,-1.468,-79.712,577.307,-0.005
-5240.085,-3824.764,-1.470,-83.368,593.478,-0.016
-5241.646,-3815.010,-1.470,-87.169,606.611,-0.020
-5243.019,-3805.096,-1.471,-88.484,619.458,-0.026
-5244.303,-3794.675,-1.473,-88.691,635.637,-0.041
-5245.771,-3784.203,-1.475,-90.758,649.965,-0.048
-5247.129,-3773.884,-1.475,-91.394,660.603,-0.042
-5248.698,-3763.503,-1.476,-94.106,670.323,-0.047
-5249.996,-3753.215,-1.477,-93.629,677.647,-0.048
-5251.271,-3743.047,-1.476,-92.980,682.667,-0.032
-5252.555,-3732.736,-1.476,-92.521,688.416,-0.028
-5253.878,-3722.718,-1.475,-92.540,690.302,-0.018
-5255.294,-3712.680,-1.474,-93.512,692.127,-0.005
-5256.627,-3702.661,-1.474,-93.481,693.480,-0.003
-5257.924,-3692.593,-1.475,-93.086,695.135,-0.009
-5259.244,-3682.591,-1.473,-92.979,695.871,0.012
-5260.715,-3672.600,-1.470,-94.453,696.390,0.032
-5262.055,-3662.449,-1.468,-94.350,698.472,0.053
-5263.985,-3648.891,-1.465,-100.344,735.322,0.069
-5265.920,-3635.416,-1.463,-105.512,765.908,0.075
-5267.566,-3621.762,-1.462,-106.939,793.827,0.083
-5269.404,-3608.351,-1.460,-110.129,815.146,0.084
-5271.163,-3594.982,-1.460,-112.047,832.890,0.074
-5273.000,-3581.529,-1.459,-114.477,848.892,0.073
-5274.793,-3568.308,-1.459,-116.101,860.156,0.057
-5276.376,-3555.260,-1.459,-115.326,867.981,0.048
-5277.916,-3542.412,-1.460,-114.212,872.598,0.033
-5279.453,-3529.631,-1.460,-113.244,875.844,0.030
-5281.201,-3516.739,-1.460,-114.582,879.751,0.025
-5283.023,-3504.043,-1.460,-116.491,881.075,0.025
-5284.728,-3491.270,-1.459,-116.908,882.990,0.033
-5286.470,-3478.687,-1.459,-117.646,882.668,0.026
-5288.146,-3466.282,-1.458,-117.602,880.560,0.030
-5289.709,-3453.826,-1.458,-116.400,879.297,0.029
-5291.499,-3441.235,-1.457,-117.702,879.596,0.032
-5293.333,-3428.909,-1.457,-119.273,877.135,0.026
-5295.254,-3416.667,-1.455,-121.514,874.165,0.038
-5297.005,-3404.353,-1.455,-121.670,872.371,0.036
-5298.880,-3391.969,-1.455,-123.075,871.557,0.034
-5300.587,-3379.620,-1.454,-122.551,870.510,0.037
-5302.304,-3367.223,-1.454,-122.203,870.115,0.028
-5304.078,-3354.708,-1.455,-122.490,870.982,0.015
-5306.074,-3342.381,-1.456,-125.025,869.801,0.002
-5307.818,-3330.044,-1.457,-124.593,868.882,-0.006
-5309.751,-3317.733,-1.459,-126.168,867.838,-0.024
-5311.536,-3305.457,-1.460,-125.991,866.583,-0.027
-5313.096,-3293.306,-1.459,-123.522,864.226,-0.019
-5314.955,-3281.034,-1.459,-124.487,863.467,-0.016
-5316.742,-3268.751,-1.459,-124.580,862.933,-0.007
-5318.608,-3256.555,-1.457,-125.472,861.576,0.005
-5320.577,-3244.148,-1.457,-127.285,862.588,0.009
-5322.522,-3231.848,-1.457,-128.594,862.358,0.011
-5324.513,-3219.382,-1.457,-130.173,863.865,0.005
-5326.451,-3207.010,-1.458,-130.976,864.184,-0.002
-5328.582,-3194.690,-1.459,-133.653,863.919,-0.010
-5330.727,-3182.196,-1.459,-136.083,865.498,-0.011
-5332.865,-3169.723,-1.459,-138.078,866.610,-0.012
-5334.965,-3157.153,-1.458,-139.395,868.568,-0.004
-5336.984,-3144.932,-1.459,-139.678,866.641,-0.009
-5339.000,-3132.644,-1.460,-139.892,865.684,-0.015
-5340.857,-3120.453,-1.459,-138.430,863.880,-0.006
-5342.743,-3108.006,-1.458,-137.483,864.970,0.002
-5344.587,-3095.641,-1.457,-136.252,865.051,0.010
-5346.493,-3083.023,-1.457,-135.832,867.730,0.017
-5348.355,-3070.702,-1.456,-135.027,866.951,0.021
-5350.254,-3058.226,-1.454,-134.723,867.888,0.032
-5352.151,-3045.757,-1.453,-134.436,868.615,0.041
-5354.134,-3033.309,-1.453,-135.080,869.019,0.035
-5356.288,-3020.799,-1.452,-137.389,870.007,0.035
-5358.229,-3008.485,-1.453,-137.165,868.825,0.029
-5360.843,-2992.698,-1.453,-143.904,903.570,0.024
-5363.318,-2977.573,-1.452,-148.214,926.391,0.024
-5365.785,-2963.050,-1.453,-151.813,939.666,0.017
-5368.023,-2948.948,-1.453,-152.537,946.642,0.009
-5370.340,-2935.245,-1.453,-153.955,948.492,0.007
-5372.220,-2921.596,-1.453,-150.658,949.510,0.004
-5374.257,-2908.358,-1.454,-149.480,946.148,-0.004
-5376.167,-2895.266,-1.455,-147.154,941.779,-0.007
-5378.053,-2882.608,-1.454,-144.927,933.590,-0.001
-5380.006,-2869.859,-1.454,-143.724,927.530,0.002
-5381.774,-2857.404,-1.454,-140.788,919.342,-0.000
-5383.425,-2845.006,-1.453,-137.073,911.770,0.006
-5385.203,-2832.632,-1.453,-135.218,905.075,0.007
-5386.979,-2820.210,-1.453,-133.614,899.839,0.006
-5388.481,-2807.855,-1.453,-129.431,894.694,0.007
-5390.226,-2795.681,-1.452,-128.362,888.440,0.013
-5392.096,-2783.629,-1.452,-128.730,881.853,0.016
-5393.933,-2771.256,-1.451,-128.708,879.544,0.020
-5395.692,-2758.924,-1.452,-127.899,877.147,0.011
-5397.553,-2746.593,-1.452,-128.242,875.091,0.003
-5399.492,-2734.453,-1.452,-129.340,871.366,0.002
-5401.264,-2722.106,-1.453,-128.566,870.331,-0.001
-5402.775,-2709.670,-1.453,-125.209,870.356,0.000
-5404.379,-2697.246,-1.453,-123.310,870.259,-0.000
-5406.061,-2685.017,-1.453,-122.487,868.160,-0.000
-5407.739,-2672.379,-1.453,-121.752,870.586,-0.004
-5409.352,-2659.745,-1.453,-120.444,872.623,0.000
-5410.908,-2646.852,-1.453,-118.759,877.016,-0.005
-5412.727,-2633.588,-1.454,-120.014,884.588,-0.012
-5414.565,-2619.853,-1.454,-121.291,895.893,-0.009
-5416.316,-2605.944,-1.454,-121.473,907.325,-0.013
-5417.965,-2591.663,-1.455,-120.591,920.897,-0.014
-5419.774,-2577.152,-1.454,-121.476,934.858,-0.008
-5421.485,-2562.325,-1.454,-121.229,950.005,-0.007
-5423.552,-2547.322,-1.454,-124.676,964.739,-0.006
-5425.448,-2532.068,-1.454,-125.858,979.894,-0.006
-5427.185,-2516.494,-1.454,-125.231,996.115,-0.003
-5429.191,-2500.773,-1.454,-127.461,1011.460,0.001
-5431.329,-2485.051,-1.454,-130.731,1024.562,-0.004
-5433.331,-2469.331,-1.455,-132.113,1035.719,-0.009
-5435.567,-2453.531,-1.455,-135.706,1046.051,-0.008
-5437.729,-2437.848,-1.455,-137.995,1053.666,-0.010
-5439.704,-2422.138,-1.456,-138.035,1060.429,-0.013
-5441.698,-2406.655,-1.457,-138.262,1063.870,-0.022
-5443.635,-2391.170,-1.457,-137.873,1066.821,-0.016
-5445.759,-2375.673,-1.456,-139.460,1069.469,-0.008
-5447.617,-2360.423,-1.455,-138.075,1069.182,0.004
-5449.645,-2345.237,-1.455,-138.647,1068.274,0.006
-5451.468,-2329.960,-1.454,-137.029,1068.440,0.011
-5453.352,-2314.841,-1.454,-136.270,1066.951,0.010
-5455.208,-2299.604,-1.454,-135.331,1066.898,0.008
-5457.013,-2284.683,-1.454,-134.011,1063.601,0.007
-5459.128,-2269.553,-1.454,-136.083,1062.934,0.005
-5461.003,-2254.279,-1.454,-135.375,1063.855,0.008
-5462.979,-2239.390,-1.454,-135.797,1060.670,-0.001
-5464.941,-2224.412,-1.455,-136.036,1058.879,-0.007
-5466.839,-2209.439,-1.455,-135.568,1057.295,-0.007
-5468.994,-2194.352,-1.455,-137.806,1057.115,-0.008
-5471.161,-2179.394,-1.456,-139.853,1055.645,-0.010
-5473.239,-2164.491,-1.455,-140.673,1053.814,-0.004
-5475.353,-2149.644,-1.454,-141.747,1051.679,0.007
-5477.273,-2134.528,-1.454,-140.668,1052.624,0.013
-5479.432,-2119.490,-1.454,-142.212,1052.630,0.007
-5481.386,-2104.446,-1.453,-141.410,1052.697,0.014
-5483.323,-2089.344,-1.453,-140.550,1053.348,0.017
-5485.310,-2074.387,-1.453,-140.340,1052.406,0.012
-5487.233,-2059.227,-1.453,-139.502,1053.708,0.006
-5489.343,-2044.242,-1.453,-140.701,1053.007,0.008
-5491.497,-2028.895,-1.453,-142.182,1056.136,0.003
-5493.525,-2013.944,-1.454,-142.149,1054.729,-0.003
-5495.609,-1998.948,-1.455,-142.700,1053.987,-0.010
-5497.495,-1983.803,-1.456,-141.129,1054.897,-0.017
-5499.399,-1968.614,-1.457,-139.981,1056.123,-0.028
-5501.388,-1953.558,-1.459,-139.869,1055.798,-0.044
-5503.656,-1938.729,-1.461,-142.641,1053.182,-0.053
-5505.607,-1923.658,-1.460,-141.749,1053.447,-0.037
-5507.596,-1908.406,-1.460,-141.380,1055.542,-0.035
-5509.549,-1893.180,-1.461,-140.696,1057.050,-0.036
-5511.658,-1878.150,-1.463,-141.710,1056.323,-0.047
-5513.793,-1862.960,-1.463,-142.854,1057.348,-0.040
-5515.621,-1847.668,-1.463,-140.659,1059.273,-0.039
-5517.567,-1832.500,-1.464,-140.010,1059.635,-0.042
-5519.523,-1817.168,-1.464,-139.553,1061.634,-0.039
-5521.366,-1801.885,-1.465,-138.006,1062.841,-0.034
-5523.164,-1786.706,-1.464,-136.214,1062.795,-0.026
-5524.976,-1771.602,-1.465,-134.838,1061.980,-0.030
-5526.858,-1756.558,-1.466,-134.387,1060.673,-0.034
-5528.899,-1741.487,-1.468,-135.634,1059.836,-0.049
-5530.957,-1726.424,-1.470,-136.867,1059.043,-0.060
-5532.906,-1711.432,-1.470,-136.810,1057.632,-0.053
-5534.909,-1696.594,-1.471,-137.306,1054.832,-0.050
-5536.881,-1681.484,-1.470,-137.419,1055.255,-0.040
-5538.723,-1666.485,-1.470,-136.161,1054.477,-0.026
-5540.741,-1651.630,-1.468,-136.915,1052.326,-0.008
-5542.913,-1636.910,-1.467,-139.143,1049.096,0.001
-5545.171,-1622.101,-1.467,-141.924,1047.268,0.004
-5547.036,-1606.955,-1.466,-140.249,1049.173,0.014
-5548.991,-1591.715,-1.466,-139.751,1051.763,0.012
-5550.694,-1576.665,-1.465,-136.727,1052.022,0.016
-5552.653,-1561.530,-1.465,-136.794,1053.116,0.011
-5554.560,-1546.274,-1.466,-136.300,1055.286,0.004
-5556.360,-1531.240,-1.467,-134.792,1054.865,-0.008
-5558.000,-1516.059,-1.467,-131.851,1056.010,-0.008
-5559.669,-1500.922,-1.467,-129.637,1056.530,-0.007
-5561.423,-1485.725,-1.467,-128.631,1057.604,-0.006
-5563.162,-1470.574,-1.468,-127.609,1058.037,-0.007
-5565.408,-1451.685,-1.468,-131.972,1096.896,-0.007
-5567.766,-1433.256,-1.467,-136.833,1125.295,0.003
-5569.944,-1415.539,-1.465,-139.135,1142.191,0.015
-5572.166,-1398.187,-1.464,-141.546,1152.850,0.023
-5574.301,-1381.191,-1.463,-142.708,1158.268,0.028
-5576.440,-1364.955,-1.462,-143.746,1155.072,0.036
-5578.422,-1348.899,-1.461,-143.005,1150.490,0.043
-5580.543,-1332.985,-1.461,-143.811,1145.116,0.034
-5582.443,-1317.465,-1.461,-142.219,1136.482,0.034
-5584.656,-1302.189,-1.461,-144.088,1126.611,0.026
-5586.443,-1287.014,-1.460,-141.292,1117.143,0.031
-5588.111,-1272.325,-1.460,-137.690,1104.071,0.023
-5589.995,-1257.676,-1.459,-136.830,1092.503,0.028
-5591.969,-1242.890,-1.459,-137.027,1084.049,0.031
-5593.793,-1228.328,-1.458,-135.655,1074.527,0.033
-5595.679,-1213.908,-1.457,-135.121,1064.958,0.040
-5597.464,-1199.284,-1.456,-133.627,1058.884,0.044
-5599.320,-1184.945,-1.454,-133.083,1050.771,0.055
-5601.244,-1170.298,-1.454,-133.317,1047.025,0.043
-5603.284,-1155.742,-1.454,-134.707,1042.895,0.037
-5605.454,-1141.133,-1.454,-137.232,1039.907,0.031
-5607.350,-1126.288,-1.454,-136.576,1039.803,0.028
-5609.527,-1111.464,-1.454,-138.895,1039.492,0.026
-5611.549,-1096.603,-1.454,-139.292,1039.606,0.021
-5613.585,-1081.729,-1.455,-139.764,1039.837,0.013
-5615.436,-1067.044,-1.454,-138.260,1038.086,0.015
-5617.494,-1052.198,-1.455,-139.115,1038.253,0.006
-5619.354,-1037.449,-1.454,-137.812,1037.394,0.010
-5621.402,-1022.605,-1.455,-138.621,1037.643,0.002
-5623.583,-1008.095,-1.455,-140.684,1034.421,0.003
-5625.548,-993.240,-1.455,-140.230,1035.211,0.003
-5627.511,-978.549,-1.455,-139.815,1034.208,0.005
-5629.634,-963.682,-1.455,-141.104,1035.157,0.003
-5631.811,-948.979,-1.453,-142.759,1034.289,0.015
-5633.805,-934.071,-1.453,-142.297,1035.646,0.013
-5636.105,-919.172,-1.453,-145.052,1036.723,0.018
-5638.027,-904.267,-1.453,-143.498,1037.696,0.016
-5640.239,-889.382,-1.454,-145.168,1038.322,0.003
-5642.141,-874.582,-1.454,-143.399,1037.981,-0.003
-5644.204,-859.724,-1.455,-143.548,1038.282,-0.013
-5646.246,-844.994,-1.456,-143.454,1037.231,-0.021
-5648.305,-830.163,-1.456,-143.554,1037.365,-0.009
-5650.034,-815.275,-1.455,-140.248,1038.071,-0.003
-5651.890,-800.420,-1.455,-138.731,1038.333,-0.005
-5653.773,-785.530,-1.455,-137.710,1038.918,0.002
-5655.741,-770.806,-1.453,-137.716,1037.706,0.016
-5657.630,-755.885,-1.453,-136.910,1038.703,0.014
-5659.724,-741.003,-1.452,-138.328,1039.153,0.023
-5661.446,-726.044,-1.451,-135.713,1040.320,0.027
-5663.301,-711.165,-1.450,-134.857,1040.497,0.033
-5665.153,-696.225,-1.450,-134.087,1041.280,0.030
-5667.153,-681.323,-1.451,-134.959,1041.557,0.020
-5669.173,-666.456,-1.451,-135.906,1041.427,0.012
-5671.236,-651.578,-1.451,-137.154,1041.429,0.012
-5673.184,-636.609,-1.451,-137.033,1042.371,0.009
-5675.286,-621.707,-1.453,-138.528,1042.488,-0.007
-5677.325,-606.682,-1.454,-139.140,1043.846,-0.019
-5679.325,-591.657,-1.455,-139.270,1045.007,-0.029
-5681.252,-576.620,-1.457,-138.630,1046.127,-0.037
-5683.336,-561.640,-1.458,-139.689,1046.490,-0.043
-5685.253,-546.687,-1.458,-138.888,1046.516,-0.040
-5687.303,-531.582,-1.458,-139.558,1048.116,-0.035
-5689.202,-516.500,-1.459,-138.586,1049.232,-0.033
-5691.281,-501.298,-1.458,-139.606,1051.429,-0.027
-5693.409,-486.308,-1.458,-140.978,1051.118,-0.022
-5694.339,-464.358,-1.458,-129.829,1122.498,-0.013
-5695.297,-443.493,-1.458,-120.596,1172.211,-0.016
-5696.242,-423.559,-1.458,-112.583,1205.036,-0.008
-5697.459,-404.595,-1.457,-108.559,1223.042,0.001
-5698.992,-386.244,-1.456,-108.372,1232.086,0.008
-5700.494,-368.698,-1.456,-107.899,1231.520,0.012
-5702.181,-351.591,-1.456,-109.392,1226.519,0.005
-5703.855,-335.184,-1.456,-110.546,1215.043,0.009
-5705.625,-319.160,-1.455,-112.507,1201.308,0.017
-5705.812,-296.575,-1.454,-97.887,1257.147,0.021
-5706.345,-275.436,-1.454,-88.974,1289.875,0.012
-5707.248,-255.668,-1.454,-85.181,1303.685,0.012
-5708.252,-236.919,-1.454,-82.998,1304.977,0.015
-5709.280,-219.329,-1.454,-81.369,1294.137,0.012
-5710.538,-202.342,-1.454,-82.350,1278.686,0.005
-5711.942,-185.984,-1.455,-84.706,1259.033,0.001
-5713.493,-170.199,-1.455,-88.208,1236.374,-0.000
-5715.573,-154.840,-1.456,-96.650,1212.658,-0.015
-5717.531,-139.630,-1.457,-102.594,1190.903,-0.022
-5719.021,-124.828,-1.460,-102.848,1168.145,-0.042
-5720.978,-110.134,-1.463,-107.864,1147.618,-0.066
-5722.979,-95.214,-1.465,-112.599,1132.441,-0.070
-5724.833,-80.640,-1.466,-115.122,1115.925,-0.072
-5726.664,-65.875,-1.467,-117.048,1103.816,-0.077
-5728.405,-51.255,-1.469,-117.758,1091.985,-0.080
-5729.680,-36.462,-1.470,-113.567,1083.678,-0.080
-5731.336,-21.373,-1.471,-113.908,1079.642,-0.075
-5733.150,-6.418,-1.472,-115.834,1074.817,-0.075
-5734.631,8.722,-1.473,-114.046,1072.614,-0.075
-5736.070,23.868,-1.476,-112.085,1070.792,-0.086
-5737.473,39.067,-1.477,-110.044,1069.783,-0.089
-5738.854,54.683,-1.478,-108.077,1073.214,-0.083
-5740.092,70.016,-1.479,-104.928,1073.229,-0.082
-5741.181,85.493,-1.480,-100.707,1074.722,-0.074
-5742.383,100.711,-1.480,-98.266,1073.331,-0.064
-5743.785,116.139,-1.481,-98.247,1074.305,-0.066
-5745.111,131.452,-1.481,-97.459,1073.952,-0.052
-5746.448,146.800,-1.479,-96.889,1074.009,-0.029
-5747.769,161.862,-1.478,-96.233,1071.123,-0.015
-5749.386,176.979,-1.480,-98.732,1069.217,-0.030
-5750.743,192.124,-1.481,-98.176,1067.885,-0.039
-5752.243,207.478,-1.479,-99.185,1068.896,-0.009
-5753.946,222.801,-1.478,-102.132,1069.447,-0.004
-5755.552,238.155,-1.477,-103.643,1070.230,0.004
-5757.325,253.630,-1.476,-106.647,1072.147,0.021
-5759.097,269.065,-1.475,-109.206,1073.369,0.024
-5760.890,284.367,-1.475,-111.600,1073.037,0.015
-5762.761,299.656,-1.474,-114.454,1072.627,0.027
-5765.017,315.086,-1.474,-120.849,1073.723,0.022
-5766.907,330.268,-1.474,-122.527,1072.105,0.016
-5768.694,345.493,-1.474,-122.904,1071.170,0.019
-5770.783,360.742,-1.476,-126.336,1070.625,-0.001
-5772.789,375.701,-1.477,-128.410,1067.168,-0.017
-5774.707,390.961,-1.480,-129.272,1067.324,-0.037
-5776.632,406.139,-1.478,-130.071,1066.602,-0.015
-5778.503,421.349,-1.477,-130.208,1066.322,-0.008
-5780.306,436.532,-1.477,-129.622,1065.812,-0.005
-5782.180,451.764,-1.476,-129.847,1065.875,0.006
-5784.122,467.149,-1.476,-130.744,1067.505,0.008
-5786.070,482.459,-1.475,-131.568,1068.122,0.015
-5788.021,497.789,-1.476,-132.305,1068.850,0.006
-5790.365,516.977,-1.477,-136.974,1109.190,-0.008
-5792.447,535.372,-1.478,-138.266,1135.433,-0.015
-5794.390,553.271,-1.477,-137.937,1152.717,-0.002
-5796.507,570.579,-1.478,-139.446,1161.365,-0.015
-5798.605,587.443,-1.477,-140.537,1164.178,-0.000
-5800.468,603.556,-1.475,-139.046,1158.851,0.019
-5802.212,618.753,-1.471,-136.554,1144.868,0.052
-5803.832,633.379,-1.470,-133.142,1127.061,0.054
-5805.433,647.280,-1.469,-130.048,1104.414,0.057
-5807.230,660.786,-1.471,-129.421,1081.034,0.031
-5808.621,673.986,-1.468,-124.701,1057.941,0.051
-5810.109,686.808,-1.468,-121.691,1034.355,0.043
-5811.644,699.162,-1.468,-119.592,1009.411,0.040
-5813.021,711.301,-1.468,-116.174,985.926,0.036
-5814.637,723.388,-1.468,-115.729,965.368,0.024
-5816.040,735.386,-1.465,-113.148,946.906,0.055
-5817.413,747.146,-1.465,-110.641,928.710,0.047
-5818.837,758.774,-1.465,-109.039,911.837,0.037
-5820.140,770.655,-1.465,-106.412,900.045,0.036
-5821.698,782.015,-1.466,-106.800,884.628,0.021
-5823.012,793.395,-1.468,-104.626,871.682,-0.001
-5824.450,804.366,-1.467,-104.040,856.424,0.005
-5825.623,814.744,-1.467,-100.814,837.320,0.004
-5826.777,824.986,-1.466,-97.870,819.615,0.016
-5828.037,834.957,-1.468,-96.441,801.726,-0.006
-5829.413,844.589,-1.470,-96.425,782.976,-0.022
-5830.571,854.304,-1.469,-94.165,767.835,-0.017
-5831.821,863.972,-1.473,-93.193,754.442,-0.053
-5833.032,873.453,-1.474,-91.948,741.088,-0.054
-5834.133,883.055,-1.477,-89.761,730.958,-0.066
-5835.317,892.663,-1.477,-88.751,722.369,-0.065
-5836.379,901.978,-1.480,-86.628,712.023,-0.075
-5837.418,911.002,-1.480,-84.592,700.208,-0.065
-5838.328,920.074,-1.479,-81.509,690.621,-0.048
-5839.481,928.693,-1.477,-81.398,677.782,-0.022
-5840.423,936.535,-1.477,-79.129,658.842,-0.017
-5841.335,944.259,-1.477,-76.878,641.461,-0.018
-5842.500,953.366,-1.476,-77.569,640.876,-0.006
-5843.671,961.958,-1.474,-78.211,635.077,0.013
-5844.659,969.972,-1.475,-76.880,624.181,0.000
-5845.731,977.469,-1.475,-76.613,609.563,0.003
-5846.775,984.926,-1.474,-76.085,596.679,0.015
-5847.898,992.196,-1.473,-76.464,583.772,0.022
-5849.034,999.164,-1.471,-76.911,569.653,0.037
-5849.974,1005.857,-1.468,-75.272,554.784,0.056
-5850.699,1012.082,-1.467,-71.671,537.268,0.058
-5851.359,1017.454,-1.466,-67.928,513.561,0.064
-5851.962,1022.562,-1.466,-64.144,490.615,0.050
-5852.439,1027.085,-1.465,-59.621,465.034,0.049
-5853.129,1031.369,-1.467,-57.956,440.737,0.029
-5853.708,1035.323,-1.467,-55.385,416.626,0.026
-5854.247,1039.692,-1.469,-52.787,400.335,-0.003
-5854.799,1043.922,-1.471,-50.713,385.000,-0.016
-5855.668,1047.977,-1.471,-52.206,370.131,-0.016
-5856.192,1052.237,-1.470,-49.921,359.546,-0.008
-5856.834,1056.681,-1.470,-49.186,352.418,-0.006
-5857.321,1061.170,-1.471,-46.964,346.810,-0.008
-5857.807,1065.487,-1.473,-45.057,340.243,-0.030
-5858.177,1069.421,-1.472,-42.242,330.703,-0.015
-5858.797,1072.727,-1.472,-42.415,316.100,-0.015
-5859.068,1075.400,-1.471,-38.970,297.133,-0.001
-5859.375,1077.942,-1.470,-36.403,279.605,0.009
-5859.631,1079.897,-1.472,-33.677,258.611,-0.014
-5860.032,1081.436,-1.471,-32.853,236.423,-0.006
-5860.160,1082.787,-1.470,-29.336,215.558,0.009
-5860.280,1084.295,-1.471,-26.264,199.385,-0.002
-5860.595,1085.771,-1.470,-25.643,185.257,0.010
-5861.033,1087.559,-1.471,-26.378,176.415,-0.003
-5861.458,1089.548,-1.472,-26.869,170.942,-0.011
-5861.807,1091.674,-1.472,-26.518,167.690,-0.008
-5862.403,1093.749,-1.472,-28.748,164.391,-0.007
-5862.845,1096.038,-1.471,-29.070,163.785,0.005
-5863.175,1097.904,-1.472,-28.191,158.907,-0.008
-5863.500,1099.051,-1.472,-27.402,147.337,-0.005
-5863.400,1099.548,-1.471,-22.341,130.786,-0.002
-5863.112,1099.383,-1.471,-16.081,109.856,0.006
-5863.040,1099.109,-1.471,-12.978,90.875,0.002
-5862.957,1098.435,-1.472,-10.213,70.577,-0.007
-5862.697,1097.557,-1.473,-6.042,51.158,-0.013
-5862.569,1096.823,-1.474,-3.831,36.074,-0.021
-5862.338,1096.312,-1.474,-0.890,25.514,-0.023
-5862.300,1095.747,-1.474,-0.369,15.944,-0.016
-5862.156,1095.388,-1.475,1.165,9.900,-0.022
-5862.203,1094.755,-1.476,0.520,1.931,-0.027
-5862.292,1093.631,-1.473,-0.486,-9.925,0.002
-5862.068,1092.075,-1.472,1.897,-24.487,0.011
-5861.753,1089.870,-1.471,4.864,-43.584,0.018
-5861.317,1087.201,-1.469,8.634,-64.648,0.035
-5860.732,1084.120,-1.468,13.390,-86.854,0.041
-5860.170,1080.812,-1.466,17.202,-108.142,0.055
-5859.515,1077.386,-1.461,21.416,-127.507,0.094
-5858.823,1073.928,-1.463,25.396,-144.351,0.060
-5858.333,1070.488,-1.464,26.695,-158.534,0.040
-5858.031,1067.341,-1.465,25.882,-167.615,0.020
-5857.831,1064.263,-1.466,24.139,-174.652,0.010
-5857.552,1061.266,-1.467,23.460,-179.828,0.001
-5857.346,1058.102,-1.469,22.129,-185.944,-0.014
-5857.125,1054.604,-1.467,21.146,-194.613,0.004
-5856.886,1050.748,-1.465,20.503,-205.693,0.019
-5856.518,1046.548,-1.464,21.273,-218.674,0.027
-5856.068,1041.928,-1.465,22.778,-234.077,0.013
-5855.747,1036.963,-1.468,22.732,-250.762,-0.011
-5855.312,1031.498,-1.468,23.874,-270.147,-0.011
-5854.853,1025.841,-1.469,25.080,-288.656,-0.020
-5854.395,1020.168,-1.468,26.109,-304.606,-0.008
-5853.934,1014.333,-1.465,27.018,-319.876,0.020
-5853.555,1008.416,-1.464,26.943,-333.741,0.023
-5853.124,1002.482,-1.464,27.422,-345.750,0.019
-5852.572,996.739,-1.464,29.069,-354.026,0.019
-5852.329,991.229,-1.465,27.293,-358.680,0.013
-5851.750,985.639,-1.465,29.244,-363.484,0.010
-5851.226,979.995,-1.466,30.332,-368.126,-0.005
-5850.715,974.686,-1.468,31.129,-368.644,-0.024
-5850.289,969.341,-1.471,30.947,-369.450,-0.049
-5849.911,963.840,-1.470,30.283,-371.752,-0.035
-5849.434,958.623,-1.471,30.745,-370.780,-0.039
-5849.163,953.499,-1.473,29.010,-369.002,-0.050
-5848.691,948.531,-1.472,29.598,-365.880,-0.036
-5848.270,943.391,-1.473,29.585,-364.987,-0.038
-5847.831,938.364,-1.476,29.750,-363.061,-0.060
-5847.346,933.296,-1.477,30.371,-361.844,-0.058
-5846.798,927.998,-1.478,31.543,-363.162,-0.057
-5846.530,922.994,-1.477,29.658,-361.270,-0.041
-5846.357,918.110,-1.478,27.077,-358.419,-0.043
-5846.037,913.216,-1.477,26.397,-356.094,-0.030
-5845.694,908.128,-1.478,26.040,-356.097,-0.031
-5845.553,903.235,-1.479,23.668,-354.103,-0.040
-5845.298,898.172,-1.480,22.809,-354.144,-0.042
-5845.083,892.791,-1.481,21.671,-357.460,-0.044
-5844.671,886.972,-1.481,22.721,-364.794,-0.039
-5844.119,880.606,-1.478,25.067,-376.683,-0.009
-5843.920,873.843,-1.477,23.426,-390.908,0.002
-5843.727,866.746,-1.477,21.967,-406.479,0.000
-5843.190,859.208,-1.480,24.266,-424.299,-0.026
-5842.816,851.516,-1.481,24.542,-441.083,-0.027
-5842.524,843.561,-1.481,23.938,-458.109,-0.024
-5842.009,835.283,-1.481,25.720,-475.957,-0.024
-5841.511,827.105,-1.479,27.072,-490.153,0.001
-5841.046,818.768,-1.476,27.873,-503.887,0.029
-5840.809,810.690,-1.476,26.217,-512.944,0.027
-5840.519,802.556,-1.474,25.344,-521.249,0.041
-5840.040,794.065,-1.470,26.548,-531.999,0.070
-5839.554,785.932,-1.472,27.651,-537.488,0.040
-5838.836,777.707,-1.472,30.966,-543.111,0.033
-5838.440,769.473,-1.473,30.493,-548.007,0.023
-5838.068,761.434,-1.475,29.838,-550.174,0.004
-5837.544,753.174,-1.475,30.840,-554.291,-0.001
-5837.095,745.181,-1.474,30.929,-555.066,0.004
-5836.544,737.255,-1.475,32.056,-555.025,-0.003
-5836.053,729.549,-1.477,32.397,-552.730,-0.017
-5835.593,721.796,-1.476,32.373,-551.259,-0.008
-5835.311,714.196,-1.477,30.514,-548.425,-0.016
-5834.843,706.561,-1.477,30.842,-546.367,-0.019
-5834.254,698.768,-1.478,32.366,-546.243,-0.023
-5833.929,691.123,-1.476,30.955,-544.610,0.003
-5833.166,683.435,-1.476,34.261,-543.660,0.001
-5832.627,675.565,-1.475,34.764,-544.729,0.013
-5832.072,668.163,-1.476,35.369,-540.818,0.002
-5831.422,660.255,-1.477,36.855,-542.696,-0.010
-5830.779,652.615,-1.479,38.055,-541.528,-0.027
-5830.334,644.869,-1.477,37.043,-541.637,-0.004
-5829.911,637.076,-1.478,35.950,-542.207,-0.015
-5829.308,629.383,-1.477,36.869,-541.662,-0.000
-5828.827,621.508,-1.474,36.404,-543.072,0.030
-5828.383,613.802,-1.473,35.619,-542.529,0.033
-5827.781,605.944,-1.473,36.575,-543.642,0.030
-5827.074,598.060,-1.470,38.471,-544.848,0.052
-5826.712,590.121,-1.472,36.546,-546.450,0.024
-5826.031,582.243,-1.473,38.178,-547.192,0.008
-5825.295,574.532,-1.474,40.139,-546.098,0.004
-5824.796,566.704,-1.473,39.375,-546.370,0.011
-5824.207,558.995,-1.470,39.653,-545.373,0.033
-5823.763,551.424,-1.467,38.387,-543.108,0.063
-5823.219,543.539,-1.468,38.340,-544.409,0.036
-5822.559,536.003,-1.468,39.499,-541.933,0.035
-5821.917,528.345,-1.465,40.304,-541.064,0.055
-5821.359,520.704,-1.465,40.114,-540.155,0.046
-5820.506,513.238,-1.464,42.991,-537.575,0.051
-5819.859,505.566,-1.464,43.337,-537.498,0.043
-5819.007,497.932,-1.464,45.736,-537.038,0.036
-5818.376,490.257,-1.467,45.498,-537.067,0.007
-5817.718,482.660,-1.468,45.589,-536.290,-0.000
-5816.656,473.095,-1.468,49.817,-555.893,-0.008
-5815.750,463.729,-1.468,51.809,-570.560,0.001
-5814.831,454.643,-1.469,53.656,-580.190,-0.012
-5814.048,445.758,-1.469,53.820,-586.325,-0.015
-5813.292,436.820,-1.469,53.697,-592.114,-0.010
-5812.638,428.510,-1.470,52.532,-590.582,-0.013
-5811.904,420.157,-1.470,52.361,-589.714,-0.011
-5811.453,412.109,-1.471,49.305,-585.842,-0.019
-5811.017,404.011,-1.470,46.543,-583.051,-0.010
-5810.484,396.232,-1.472,45.180,-577.385,-0.029
-5809.927,388.379,-1.472,44.269,-573.315,-0.024
-5809.381,380.620,-1.470,43.383,-568.876,-0.006
-5808.873,372.906,-1.472,42.234,-564.628,-0.020
-5808.373,365.039,-1.472,41.168,-562.574,-0.021
-5807.862,357.152,-1.471,40.375,-561.035,-0.008
-5807.540,349.639,-1.471,37.748,-555.870,-0.005
-5807.141,341.987,-1.468,36.312,-552.897,0.023
-5806.821,334.207,-1.468,34.263,-551.670,0.020
-5806.295,326.487,-1.469,34.631,-550.018,0.015
-5805.439,318.766,-1.465,38.350,-548.606,0.045
-5804.784,311.022,-1.464,39.454,-547.648,0.048
-5804.318,303.490,-1.463,38.449,-544.649,0.048
-5803.413,293.679,-1.462,42.112,-565.553,0.058
-5802.384,284.362,-1.463,46.511,-578.292,0.040
-5801.683,275.281,-1.463,46.894,-586.727,0.027
-5800.876,266.731,-1.464,48.300,-588.460,0.019
-5799.792,258.089,-1.463,52.365,-590.888,0.025
-5798.702,249.708,-1.459,55.884,-590.262,0.059
-5797.723,241.591,-1.461,57.744,-587.016,0.026
-5796.871,233.690,-1.461,58.024,-582.025,0.029
-5795.739,225.656,-1.463,61.136,-579.136,0.005
-5794.747,217.948,-1.464,62.365,-573.320,-0.008
-5793.772,210.309,-1.463,63.227,-567.643,0.004
-5793.037,202.593,-1.467,61.498,-563.596,-0.034
-5792.222,194.827,-1.471,60.836,-560.653,-0.064
-5791.528,186.991,-1.474,59.034,-558.871,-0.084
-5790.720,177.372,-1.474,58.672,-575.710,-0.070
-5789.973,168.155,-1.474,57.732,-585.928,-0.064
-5789.165,159.051,-1.475,57.560,-593.474,-0.062
-5788.534,150.404,-1.475,55.595,-595.219,-0.052
-5787.951,141.870,-1.476,53.418,-595.529,-0.054
-5787.333,133.515,-1.477,51.923,-593.962,-0.055
-5786.761,125.313,-1.478,50.178,-591.050,-0.056
-5786.266,117.214,-1.479,47.898,-587.499,-0.056
-5785.586,109.203,-1.480,47.850,-583.567,-0.064
-5785.111,101.186,-1.482,45.701,-580.280,-0.074
-5784.845,93.453,-1.484,41.719,-574.543,-0.080
-5784.399,85.836,-1.485,40.176,-568.466,-0.073
-5783.771,78.238,-1.484,40.728,-563.084,-0.059
-5783.310,70.631,-1.485,39.486,-558.586,-0.054
-5782.870,63.098,-1.485,38.215,-553.985,-0.050
-5782.695,55.563,-1.484,34.386,-550.077,-0.036
-5782.351,47.943,-1.485,32.875,-547.624,-0.039
-5781.897,40.428,-1.486,32.711,-544.455,-0.045
-5781.543,32.850,-1.487,31.550,-542.400,-0.042
-5781.161,25.205,-1.487,30.840,-541.333,-0.036
-5780.824,17.624,-1.486,29.778,-539.758,-0.024
-5780.365,10.016,-1.484,30.117,-538.701,-0.003
-5780.068,2.491,-1.485,28.742,-536.950,-0.012
-5779.854,-5.498,-1.485,26.719,-540.220,-0.009
-5779.706,-13.128,-1.487,24.317,-539.321,-0.021
-5779.327,-20.811,-1.487,24.642,-539.101,-0.022
-5779.002,-28.670,-1.487,24.363,-540.718,-0.022
-5778.710,-36.577,-1.488,23.788,-542.595,-0.025
-5778.463,-46.625,-1.489,22.830,-566.239,-0.029
-5777.978,-56.513,-1.490,24.475,-584.760,-0.037
-5777.762,-66.174,-1.491,23.097,-598.224,-0.036
-5777.612,-75.502,-1.489,21.241,-606.268,-0.015
-5777.458,-84.338,-1.488,19.706,-608.072,-0.008
-5777.472,-92.960,-1.489,16.662,-607.400,-0.015
-5777.340,-101.197,-1.488,15.566,-602.872,-0.002
-5777.162,-109.639,-1.487,15.110,-601.121,0.010
-5776.846,-117.863,-1.486,16.145,-597.380,0.021
-5776.233,-125.918,-1.485,20.079,-592.445,0.027
-5775.731,-133.779,-1.483,22.293,-586.246,0.039
-5775.219,-141.817,-1.482,24.289,-582.773,0.039
-5774.563,-149.943,-1.480,27.467,-580.725,0.060
-5774.222,-157.717,-1.479,26.934,-575.353,0.057
-5773.890,-165.443,-1.479,26.394,-570.272,0.050
-5773.279,-173.193,-1.478,28.798,-566.187,0.045
-5772.967,-180.979,-1.477,27.779,-563.077,0.053
-5772.605,-188.761,-1.476,27.418,-560.379,0.050
-5772.161,-196.525,-1.476,27.963,-557.887,0.048
-5771.794,-204.356,-1.476,27.623,-556.458,0.040
-5771.477,-212.150,-1.477,26.833,-554.861,0.024
-5771.067,-219.866,-1.478,27.098,-552.698,0.009
-5770.566,-227.683,-1.479,28.269,-551.880,0.004
-5770.069,-235.396,-1.479,29.227,-550.126,0.000
-5769.722,-243.026,-1.479,28.510,-547.763,-0.001
-5769.089,-250.772,-1.480,30.826,-546.954,-0.005
-5768.575,-258.388,-1.478,31.586,-544.922,0.006
-5767.965,-266.443,-1.479,33.221,-547.696,-0.003
-5767.494,-273.995,-1.480,33.189,-544.902,-0.008
-5766.911,-281.798,-1.480,34.311,-545.091,-0.008
-5766.323,-289.655,-1.480,35.310,-545.810,-0.008
-5767.236,-304.740,-1.480,20.719,-620.834,-0.006
-5767.811,-318.811,-1.479,11.759,-674.385,0.002
-5768.198,-332.857,-1.479,6.041,-719.802,0.008
-5768.461,-345.654,-1.478,2.448,-745.690,0.017
-5768.583,-357.545,-1.476,0.835,-758.432,0.025
-5768.655,-368.448,-1.476,-0.039,-759.139,0.030
-5768.538,-378.689,-1.475,1.179,-752.923,0.030
-5768.180,-388.243,-1.475,4.687,-740.551,0.030
-5767.862,-397.314,-1.475,7.276,-725.017,0.025
-5767.312,-406.130,-1.474,11.865,-709.158,0.029
-5766.818,-414.373,-1.473,15.207,-689.722,0.033
-5766.100,-422.405,-1.472,20.364,-670.974,0.033
-5765.488,-430.022,-1.471,23.667,-650.711,0.039
-5764.995,-437.528,-1.472,25.265,-632.281,0.032
-5764.325,-445.125,-1.471,28.446,-617.504,0.028
-5763.870,-452.489,-1.472,28.949,-602.496,0.018
-5763.449,-460.147,-1.472,29.018,-592.725,0.019
-5762.671,-468.223,-1.471,32.756,-588.694,0.024
-5762.673,-484.917,-1.470,27.919,-673.976,0.030
-5762.479,-500.967,-1.469,25.808,-740.084,0.032
-5762.093,-515.851,-1.469,25.996,-784.471,0.028
-5761.417,-530.112,-1.469,29.132,-815.916,0.027
-5760.772,-543.760,-1.470,31.478,-836.423,0.013
-5760.141,-556.447,-1.470,33.352,-844.024,0.012
-5759.291,-568.843,-1.471,37.197,-847.501,-0.000
-5758.516,-580.682,-1.471,39.706,-844.750,-0.003
-5757.767,-591.916,-1.470,41.573,-836.164,0.007
-5756.715,-602.984,-1.470,46.287,-827.128,0.009
-5755.727,-613.832,-1.470,49.653,-817.168,0.007
-5754.845,-624.409,-1.470,51.434,-805.869,0.008
-5754.052,-634.847,-1.470,52.028,-794.810,0.002
-5753.164,-645.229,-1.469,53.523,-784.799,0.011
-5752.126,-655.492,-1.468,56.334,-775.042,0.019
-5751.248,-665.839,-1.468,57.091,-767.577,0.018
-5750.272,-676.136,-1.468,58.741,-760.691,0.019
-5749.344,-686.424,-1.468,59.652,-754.736,0.011
-5748.708,-697.092,-1.469,57.424,-753.561,0.003
-5747.951,-708.003,-1.469,56.781,-755.061,0.000
-5747.309,-719.130,-1.469,55.036,-758.567,-0.003
-5746.668,-730.851,-1.471,53.541,-767.668,-0.019
-5746.007,-742.441,-1.472,52.473,-774.086,-0.026
-5745.380,-754.437,-1.473,51.208,-783.737,-0.034
-5744.610,-766.824,-1.475,51.604,-795.993,-0.046
-5743.912,-779.391,-1.477,51.206,-808.306,-0.055
-5743.285,-792.083,-1.478,50.132,-820.091,-0.055
-5742.625,-804.894,-1.478,49.546,-831.372,-0.054
-5742.105,-817.999,-1.479,47.609,-844.011,-0.054
-5741.594,-831.260,-1.480,45.876,-856.405,-0.051
-5740.934,-844.569,-1.480,45.927,-867.464,-0.049
-5740.179,-857.765,-1.481,46.940,-875.738,-0.048
-5739.375,-871.198,-1.480,48.309,-885.237,-0.035
-5738.628,-884.612,-1.480,48.900,-893.143,-0.030
-5737.860,-897.804,-1.480,49.614,-897.599,-0.024
-5737.008,-911.008,-1.480,51.091,-901.520,-0.014
-5736.508,-924.223,-1.479,48.718,-904.984,-0.008
-5735.915,-937.293,-1.477,47.668,-906.434,0.012
-5735.268,-950.322,-1.476,47.317,-907.259,0.021
-5734.662,-963.424,-1.476,46.591,-908.715,0.019
-5733.695,-979.829,-1.475,49.692,-943.960,0.026
-5732.721,-995.721,-1.476,52.414,-968.734,0.009
-5731.787,-1011.191,-1.477,54.323,-985.524,-0.003
-5730.922,-1026.156,-1.477,55.236,-994.650,-0.004
-5730.179,-1040.646,-1.477,54.765,-997.538,-0.002
-5729.455,-1054.926,-1.478,54.160,-997.839,-0.003
-5728.633,-1068.515,-1.477,54.662,-990.982,-0.002
-5727.565,-1081.950,-1.477,57.610,-983.549,0.002
-5726.663,-1095.084,-1.477,58.427,-974.113,0.004
-5725.905,-1108.135,-1.477,57.641,-965.211,-0.002
-5725.159,-1121.064,-1.477,56.847,-956.362,0.006
-5724.379,-1134.003,-1.474,56.509,-948.917,0.025
-5723.465,-1146.945,-1.474,57.605,-942.599,0.028
-5722.870,-1159.677,-1.474,55.261,-935.046,0.026
-5722.068,-1172.384,-1.473,55.387,-928.340,0.029
-5721.240,-1185.071,-1.473,55.773,-922.421,0.024
-5720.496,-1198.106,-1.472,55.229,-920.953,0.026
-5719.542,-1211.163,-1.474,56.924,-919.928,0.010
-5718.751,-1223.995,-1.473,56.691,-916.748,0.014
-5717.925,-1236.719,-1.474,56.867,-912.912,0.003
-5717.181,-1249.628,-1.474,56.164,-911.545,0.005
-5716.242,-1262.580,-1.474,57.569,-910.820,0.001
-5715.239,-1275.365,-1.473,59.429,-908.493,0.009
-5714.347,-1288.272,-1.473,59.865,-907.753,0.008
-5713.208,-1301.073,-1.475,62.790,-906.039,-0.009
-5712.212,-1313.741,-1.475,63.808,-903.198,-0.007
-5711.360,-1326.677,-1.476,63.194,-903.536,-0.019
-5710.421,-1339.607,-1.477,63.569,-903.775,-0.024
-5709.426,-1352.581,-1.476,64.466,-904.419,-0.009
-5708.547,-1365.655,-1.475,64.027,-905.997,-0.003
-5707.550,-1378.559,-1.474,64.879,-905.604,0.007
-5706.417,-1391.646,-1.474,66.999,-907.149,0.008
-5705.608,-1404.806,-1.473,65.473,-909.211,0.016
-5704.729,-1417.835,-1.472,64.891,-909.625,0.022
-5703.856,-1430.828,-1.471,64.336,-909.611,0.029
-5703.109,-1444.148,-1.471,62.566,-912.959,0.027
-5702.256,-1457.328,-1.470,62.145,-914.382,0.033
-5701.408,-1470.393,-1.469,61.739,-914.407,0.035
-5700.401,-1483.468,-1.469,63.023,-914.524,0.034
-5699.434,-1496.428,-1.468,63.719,-913.445,0.032
-5698.440,-1509.351,-1.468,64.576,-912.147,0.029
-5697.438,-1522.152,-1.469,65.397,-909.786,0.014
-5696.358,-1535.039,-1.471,66.888,-908.652,-0.000
-5695.457,-1547.839,-1.471,66.333,-906.797,-0.007
-5694.428,-1560.954,-1.472,67.167,-908.447,-0.017
-5693.464,-1573.800,-1.472,67.212,-907.091,-0.011
-5692.665,-1586.903,-1.471,65.564,-908.583,-0.003
-5691.761,-1599.923,-1.471,65.219,-908.995,0.002
-5690.826,-1613.002,-1.471,65.254,-909.954,0.006
-5689.991,-1626.082,-1.470,64.257,-910.782,0.009
-5689.211,-1639.067,-1.470,62.835,-910.510,0.007
-5688.342,-1652.287,-1.470,62.539,-912.709,0.004
-5687.602,-1665.303,-1.471,60.966,-912.474,0.000
-5686.824,-1678.429,-1.470,60.005,-913.401,0.005
-5685.856,-1691.226,-1.470,61.144,-910.810,0.010
-5685.048,-1704.116,-1.470,60.464,-909.566,0.008
-5684.315,-1717.145,-1.470,59.118,-909.928,-0.000
-5683.400,-1730.220,-1.471,59.842,-910.709,-0.007
-5682.574,-1743.298,-1.471,59.554,-911.404,-0.008
-5681.686,-1756.386,-1.472,59.937,-912.106,-0.013
-5680.731,-1769.372,-1.473,60.947,-911.657,-0.018
-5679.822,-1782.211,-1.473,61.341,-909.756,-0.019
-5678.907,-1794.983,-1.472,61.741,-907.442,-0.006
-5678.045,-1807.964,-1.473,61.537,-907.619,-0.011
-5677.334,-1821.091,-1.472,59.804,-909.273,-0.002
-5676.479,-1834.200,-1.472,59.809,-910.506,-0.007
-5675.624,-1847.116,-1.473,59.820,-909.571,-0.009
-5674.971,-1860.371,-1.473,57.748,-912.254,-0.006
-5674.155,-1873.638,-1.472,57.653,-914.671,0.000
-5673.302,-1887.096,-1.470,57.957,-918.704,0.018
-5672.557,-1900.691,-1.470,57.098,-923.545,0.016
-5671.752,-1914.517,-1.469,56.985,-930.062,0.020
-5670.959,-1928.886,-1.468,56.774,-941.206,0.030
-5670.144,-1943.447,-1.468,56.813,-952.686,0.025
-5669.184,-1958.362,-1.468,58.340,-966.120,0.022
-5668.213,-1973.006,-1.469,59.754,-974.791,0.008
-5667.259,-1988.025,-1.469,60.792,-986.048,0.010
-5666.164,-2003.344,-1.470,63.130,-998.733,-0.005
-5665.262,-2018.584,-1.470,63.124,-1008.748,-0.005
-5664.237,-2033.926,-1.470,64.392,-1018.336,0.001
-5663.308,-2049.144,-1.471,64.488,-1025.237,-0.008
-5662.266,-2064.630,-1.469,65.729,-1033.879,0.007
-5661.327,-2080.321,-1.468,65.729,-1043.358,0.017
-5660.200,-2095.872,-1.467,67.670,-1050.013,0.022
-5659.152,-2111.314,-1.467,68.505,-1054.559,0.025
-5658.171,-2127.005,-1.466,68.525,-1061.002,0.026
-5657.323,-2142.545,-1.465,67.178,-1064.946,0.031
-5656.308,-2158.131,-1.465,67.749,-1068.777,0.033
-5655.277,-2173.672,-1.463,68.397,-1071.590,0.039
-5654.179,-2189.583,-1.463,69.641,-1077.790,0.036
-5653.229,-2205.410,-1.464,69.186,-1082.218,0.026
-5652.104,-2221.159,-1.464,70.592,-1085.188,0.017
-5651.209,-2236.881,-1.464,69.416,-1087.450,0.013
-5650.278,-2252.527,-1.464,68.792,-1088.586,0.012
-5649.233,-2268.001,-1.464,69.433,-1087.795,0.011
-5648.343,-2283.691,-1.463,68.390,-1089.341,0.021
-5647.359,-2299.329,-1.461,68.461,-1090.123,0.032
-5646.198,-2315.000,-1.462,70.340,-1091.128,0.025
-5645.074,-2330.593,-1.461,71.570,-1091.182,0.025
-5644.008,-2346.295,-1.462,72.015,-1092.357,0.017
-5642.872,-2361.730,-1.461,73.120,-1090.610,0.023
-5641.964,-2377.316,-1.461,71.717,-1090.664,0.016
-5640.980,-2392.873,-1.460,71.293,-1090.421,0.022
-5639.894,-2408.514,-1.460,71.992,-1091.076,0.021
-5638.756,-2424.091,-1.461,73.122,-1090.972,0.014
-5637.638,-2439.716,-1.462,73.875,-1091.383,0.002
-5636.423,-2455.299,-1.463,75.517,-1091.301,-0.007
-5635.305,-2470.683,-1.463,75.923,-1089.174,-0.007
-5634.151,-2486.228,-1.464,76.633,-1089.020,-0.021
-5632.919,-2501.731,-1.465,78.047,-1088.465,-0.030
-5631.772,-2517.418,-1.466,78.383,-1089.881,-0.032
-5630.481,-2533.150,-1.467,80.140,-1091.556,-0.031
-5629.396,-2548.828,-1.467,79.534,-1092.421,-0.031
-5628.027,-2564.552,-1.467,81.927,-1093.637,-0.024
-5627.072,-2580.398,-1.466,79.703,-1095.930,-0.012
-5626.099,-2596.197,-1.465,78.002,-1097.391,0.003
-5625.017,-2612.151,-1.464,77.675,-1100.251,0.003
-5623.787,-2628.030,-1.464,78.909,-1101.906,0.004
-5622.684,-2643.822,-1.464,78.665,-1102.424,0.010
-5621.436,-2659.686,-1.464,79.937,-1103.612,0.004
-5620.085,-2675.606,-1.464,82.084,-1105.202,0.007
-5618.851,-2691.135,-1.464,82.725,-1102.529,0.002
-5617.645,-2707.016,-1.465,82.970,-1103.869,-0.008
-5616.447,-2722.734,-1.466,83.101,-1103.335,-0.016
-5615.186,-2738.343,-1.467,83.868,-1101.768,-0.026
-5613.925,-2754.047,-1.468,84.509,-1101.399,-0.029
-5612.747,-2769.951,-1.468,84.213,-1103.145,-0.023
-5611.622,-2785.668,-1.468,83.407,-1102.709,-0.019
-5610.409,-2801.250,-1.467,83.629,-1100.953,-0.008
-5609.286,-2816.944,-1.467,82.887,-1100.601,-0.010
-5608.060,-2832.518,-1.467,83.324,-1099.068,-0.004
-5606.871,-2848.236,-1.465,83.309,-1099.240,0.019
-5605.663,-2863.899,-1.464,83.494,-1098.825,0.018
-5604.512,-2879.705,-1.463,83.060,-1099.945,0.029
-5603.249,-2895.339,-1.462,83.845,-1099.127,0.036
-5602.067,-2911.018,-1.461,83.683,-1098.888,0.033
-5600.835,-2926.767,-1.462,84.056,-1099.415,0.020
-5599.532,-2942.129,-1.464,85.115,-1095.871,0.005
-5598.298,-2957.521,-1.463,85.293,-1093.166,0.009
-5597.067,-2973.096,-1.464,85.428,-1092.732,0.001
-5595.458,-2992.738,-1.464,89.420,-1134.238,-0.003
-5593.947,-3011.770,-1.465,91.830,-1163.354,-0.006
-5592.644,-3030.101,-1.464,91.747,-1180.975,-0.001
-5591.172,-3047.974,-1.463,93.404,-1191.294,0.010
-5589.750,-3065.374,-1.462,94.303,-1195.215,0.017
-5588.353,-3082.052,-1.462,94.823,-1191.134,0.018
-5587.120,-3098.536,-1.461,93.565,-1185.660,0.020
-5585.646,-3115.008,-1.460,94.976,-1180.856,0.026
-5584.251,-3130.964,-1.460,95.374,-1171.455,0.027
-5582.812,-3146.868,-1.460,96.160,-1162.902,0.025
-5581.436,-3162.565,-1.460,96.187,-1153.475,0.019
-5580.034,-3178.266,-1.459,96.476,-1145.476,0.020
-5578.627,-3193.702,-1.460,96.767,-1135.925,0.008
-5577.378,-3209.005,-1.461,95.394,-1126.403,-0.003
-5576.099,-3224.577,-1.461,94.536,-1121.059,0.003
-5574.913,-3240.114,-1.462,92.836,-1116.127,-0.006
-5573.632,-3255.471,-1.462,92.368,-1110.085,-0.007
-5572.380,-3271.003,-1.463,91.679,-1106.722,-0.016
-5571.218,-3286.276,-1.462,90.158,-1101.195,-0.008
-5569.840,-3301.746,-1.464,91.080,-1098.500,-0.019
-5568.607,-3317.121,-1.463,90.377,-1095.228,-0.007
-5567.408,-3332.639,-1.463,89.437,-1093.909,-0.004
-5566.045,-3348.173,-1.462,90.311,-1092.948,0.003
-5564.994,-3363.504,-1.463,87.849,-1090.037,-0.004
-5563.688,-3379.291,-1.461,88.370,-1092.258,0.014
-5562.476,-3394.837,-1.461,87.855,-1091.664,0.008
-5561.306,-3410.457,-1.461,86.976,-1091.912,0.006
-5560.062,-3426.069,-1.460,86.995,-1092.054,0.013
-5558.794,-3441.765,-1.462,87.248,-1093.036,-0.005
-5557.395,-3457.238,-1.463,88.831,-1091.568,-0.011
-5556.135,-3472.825,-1.464,88.728,-1091.507,-0.023
-5554.887,-3488.330,-1.465,88.528,-1090.602,-0.028
-5553.694,-3503.805,-1.465,87.790,-1089.522,-0.025
-5552.239,-3519.068,-1.465,89.862,-1086.412,-0.024
-5551.110,-3534.694,-1.467,88.263,-1087.503,-0.038
-5550.008,-3550.376,-1.468,86.630,-1089.005,-0.040
-5548.771,-3566.023,-1.466,86.620,-1089.928,-0.017
-5547.604,-3581.698,-1.466,85.899,-1091.013,-0.007
-5546.490,-3597.468,-1.464,84.739,-1092.906,0.005
-5545.367,-3612.842,-1.464,83.835,-1090.438,0.005
-5543.890,-3628.626,-1.464,86.709,-1092.571,0.003
-5542.555,-3644.051,-1.464,87.703,-1090.676,0.005
-5541.458,-3659.470,-1.466,86.103,-1089.012,-0.010
-5540.138,-3674.878,-1.465,87.028,-1087.479,-0.005
-5539.006,-3690.293,-1.466,85.880,-1086.232,-0.016
-5538.077,-3705.702,-1.468,82.811,-1085.118,-0.023
-5537.149,-3721.318,-1.469,80.187,-1086.299,-0.034
-5536.019,-3736.935,-1.470,80.031,-1087.306,-0.038
-5534.817,-3752.118,-1.470,80.628,-1083.702,-0.030
-5533.598,-3767.649,-1.471,81.325,-1084.217,-0.034
-5532.546,-3782.836,-1.470,80.187,-1081.107,-0.025
-5531.523,-3798.413,-1.471,78.933,-1082.472,-0.030
-5530.593,-3813.985,-1.471,76.898,-1083.585,-0.025
-5529.711,-3829.436,-1.471,74.661,-1083.292,-0.020
-5528.590,-3844.994,-1.472,75.222,-1084.137,-0.024
-5527.556,-3860.125,-1.472,74.809,-1080.472,-0.023
-5526.639,-3874.784,-1.472,73.248,-1072.476,-0.021
-5525.739,-3889.244,-1.474,71.740,-1063.609,-0.035
-5524.958,-3903.196,-1.474,69.226,-1050.819,-0.034
-5524.038,-3916.708,-1.475,68.521,-1035.376,-0.032
-5523.313,-3929.813,-1.474,65.905,-1018.030,-0.021
-5522.539,-3942.799,-1.473,64.183,-1001.992,-0.006
-5521.842,-3955.788,-1.472,61.916,-988.347,0.000
-5521.120,-3968.742,-1.471,60.243,-976.358,0.009
-5519.993,-3981.342,-1.470,62.991,-962.477,0.017
-5519.090,-3994.006,-1.469,63.024,-951.302,0.028
-5518.010,-4006.385,-1.467,64.866,-938.837,0.039
-5517.037,-4018.884,-1.465,65.349,-929.437,0.050
-5516.164,-4031.554,-1.466,64.720,-923.176,0.042
-5515.469,-4043.829,-1.466,62.359,-913.782,0.036
-5514.542,-4056.161,-1.465,62.727,-906.350,0.033
-5513.674,-4067.627,-1.466,62.439,-891.096,0.018
-5513.018,-4078.683,-1.466,60.018,-873.859,0.016
-5512.221,-4089.477,-1.466,59.390,-856.457,0.018
-5511.366,-4100.292,-1.466,59.464,-841.850,0.012
-5510.813,-4110.578,-1.468,56.408,-823.921,-0.004
-5509.911,-4120.655,-1.467,57.398,-806.497,0.001
-5509.214,-4133.069,-1.467,56.129,-815.686,0.004
-5508.461,-4144.906,-1.467,55.625,-817.585,0.002
-5507.412,-4156.463,-1.468,58.244,-816.314,-0.008
-5506.458,-4167.453,-1.468,59.499,-809.400,-0.003
-5505.573,-4178.648,-1.466,59.858,-805.614,0.015
-5504.742,-4189.532,-1.465,59.615,-799.188,0.020
-5503.841,-4200.081,-1.464,60.120,-790.245,0.029
-5502.982,-4210.026,-1.461,60.117,-776.408,0.049
-5502.058,-4219.143,-1.462,60.796,-756.086,0.033
-5501.476,-4228.019,-1.462,57.848,-736.257,0.032
-5501.107,-4236.220,-1.462,53.133,-712.410,0.021
-5500.244,-4244.119,-1.463,54.208,-688.952,0.014
-5499.707,-4251.323,-1.462,51.769,-661.794,0.016
-5499.263,-4258.501,-1.462,48.725,-638.372,0.020
-5498.705,-4265.589,-1.460,47.304,-617.449,0.031
-5498.044,-4272.518,-1.460,47.141,-597.979,0.030
-5497.421,-4279.372,-1.460,46.627,-580.594,0.026
-5496.725,-4285.957,-1.460,46.937,-562.995,0.018
-5496.040,-4292.399,-1.461,47.090,-546.522,0.012
-5495.510,-4298.547,-1.462,45.613,-529.438,-0.001
-5495.111,-4304.342,-1.463,43.013,-511.227,-0.008
-5494.687,-4309.954,-1.463,41.053,-493.818,-0.015
-5494.213,-4315.509,-1.466,39.897,-478.385,-0.033
-5493.822,-4320.442,-1.466,38.053,-458.813,-0.032
-5493.285,-4324.739,-1.466,37.985,-435.573,-0.027
-5492.915,-4328.929,-1.464,36.210,-414.645,-0.009
-5492.637,-4333.351,-1.464,33.747,-399.191,-0.004
-5492.326,-4337.557,-1.463,31.982,-383.780,0.005
-5491.812,-4341.931,-1.464,32.576,-372.370,0.001
-5491.601,-4346.248,-1.464,29.950,-362.042,0.001
-5491.144,-4351.746,-1.463,30.255,-365.398,0.008
-5490.586,-4356.383,-1.463,31.548,-359.400,0.006
-5490.132,-4360.329,-1.463,31.578,-347.172,0.008
-5489.766,-4363.609,-1.463,30.707,-329.877,0.005
-5489.511,-4366.299,-1.463,28.813,-309.060,-0.001
-5489.628,-4368.227,-1.462,23.374,-283.456,0.008
-5489.434,-4370.113,-1.462,21.937,-261.182,0.010
-5489.116,-4371.928,-1.461,21.980,-241.456,0.017
-5488.980,-4373.236,-1.460,20.143,-219.414,0.028
-5488.686,-4375.013,-1.458,20.212,-205.440,0.037
-5488.295,-4376.715,-1.458,21.258,-192.747,0.039
-5488.019,-4378.873,-1.458,20.978,-186.611,0.025
-5487.658,-4380.800,-1.459,21.613,-179.010,0.020
-5487.439,-4382.142,-1.459,20.684,-166.492,0.010
-5487.525,-4382.721,-1.460,16.756,-147.970,-0.000
-5487.497,-4382.292,-1.461,14.580,-121.795,-0.007
-5487.528,-4381.238,-1.461,12.118,-93.034,-0.009
-5487.611,-4379.968,-1.463,9.482,-66.275,-0.024
-5487.683,-4378.543,-1.464,7.352,-41.863,-0.034
-5487.644,-4377.271,-1.464,6.665,-22.614,-0.028
-5487.840,-4376.275,-1.464,3.673,-9.032,-0.019
-5488.036,-4375.460,-1.462,1.111,0.688,-0.003
-5487.915,-4374.844,-1.463,2.192,6.926,-0.008
-5488.006,-4374.313,-1.464,0.930,11.381,-0.017
-5488.073,-4373.527,-1.464,0.106,17.791,-0.017
-5488.347,-4372.483,-1.463,-2.728,25.923,0.000
-5488.530,-4370.533,-1.463,-4.208,42.190,-0.002
-5488.974,-4367.962,-1.464,-8.166,62.451,-0.009
-5489.430,-4364.276,-1.464,-11.653,91.216,-0.005
-5490.062,-4360.575,-1.464,-16.455,115.903,-0.009
-5490.584,-4356.833,-1.463,-19.406,137.382,0.005
-5491.173,-4353.292,-1.464,-22.611,153.624,-0.005
-5491.765,-4349.963,-1.464,-25.383,165.298,-0.005
-5492.584,-4346.717,-1.463,-30.087,174.409,0.001
-5493.366,-4343.586,-1.463,-33.702,180.996,-0.001
-5493.807,-4340.820,-1.463,-33.286,182.848,0.001
-5494.111,-4337.707,-1.463,-31.527,188.011,-0.000
-5494.421,-4333.789,-1.463,-30.074,200.696,0.004
-5495.036,-4329.103,-1.463,-31.983,219.420,0.006
-5495.782,-4323.808,-1.463,-34.965,241.662,0.003
-5496.210,-4318.334,-1.463,-34.224,262.463,-0.003
-5496.831,-4312.654,-1.464,-35.585,282.348,-0.011
-5497.400,-4306.842,-1.465,-36.208,300.655,-0.013
-5497.851,-4300.989,-1.464,-35.523,316.692,-0.008
-5498.636,-4295.424,-1.464,-38.380,327.408,-0.003
-5499.436,-4289.875,-1.463,-40.976,336.376,0.002
-5500.331,-4284.824,-1.462,-44.165,338.907,0.019
-5501.075,-4279.672,-1.462,-45.327,342.100,0.017
-5501.899,-4274.377,-1.461,-47.148,346.303,0.016
-5503.080,-4267.310,-1.459,-52.367,368.132,0.035
-5503.995,-4260.065,-1.458,-54.084,388.573,0.044
-5505.135,-4252.026,-1.457,-57.869,414.179,0.041
-5506.481,-4244.066,-1.457,-63.212,435.211,0.039
-5507.696,-4236.239,-1.455,-66.430,451.789,0.055
-5508.735,-4228.129,-1.455,-67.359,468.830,0.047
-5509.834,-4219.757,-1.455,-68.759,486.069,0.034
-5511.011,-4209.601,-1.456,-70.763,519.141,0.022
-5512.489,-4200.027,-1.456,-75.577,541.349,0.016
-5513.800,-4190.725,-1.457,-77.952,557.504,0.005
-5515.110,-4182.042,-1.457,-79.973,564.893,0.006
-5516.284,-4173.189,-1.457,-80.297,572.959,0.001
-5517.916,-4164.676,-1.457,-85.295,576.332,0.004
-5519.188,-4156.379,-1.458,-85.849,576.989,-0.004
-5520.465,-4147.546,-1.457,-86.370,583.065,0.001
-5521.919,-4138.312,-1.456,-88.636,592.372,0.019
-5523.409,-4128.844,-1.455,-90.938,602.733,0.017
-5524.817,-4119.267,-1.454,-92.055,612.679,0.031
-5526.325,-4109.568,-1.454,-94.042,622.422,0.026
-5527.829,-4099.645,-1.453,-95.695,633.038,0.025
-5529.529,-4089.698,-1.453,-99.124,642.349,0.027
-5531.145,-4079.930,-1.452,-101.174,648.429,0.030
-5532.949,-4069.584,-1.451,-104.868,659.579,0.032
-5534.379,-4059.302,-1.451,-104.170,668.428,0.032
-5535.886,-4049.256,-1.452,-104.361,673.544,0.020
-5537.258,-4039.136,-1.452,-103.140,678.668,0.017
-5538.403,-4028.614,-1.451,-99.763,687.184,0.017
-5539.874,-4018.275,-1.452,-100.226,692.550,0.011
-5541.467,-4008.205,-1.452,-101.888,694.377,0.010
-5542.993,-3997.664,-1.451,-102.620,700.770,0.017
-5544.331,-3986.226,-1.451,-101.300,715.457,0.009
-5545.896,-3974.840,-1.451,-102.516,727.455,0.016
-5547.417,-3963.059,-1.451,-103.096,741.755,0.014
-5549.042,-3951.061,-1.450,-104.654,756.179,0.019
-5550.760,-3938.763,-1.450,-106.952,771.575,0.013
-5552.350,-3926.143,-1.449,-107.597,788.023,0.020
-5553.953,-3913.751,-1.448,-108.271,799.703,0.025
-5555.754,-3901.046,-1.448,-110.896,812.880,0.023
-5557.589,-3888.060,-1.448,-113.471,827.023,0.019
-5559.742,-3872.029,-1.448,-118.951,870.427,0.016
-5561.854,-3856.428,-1.449,-123.202,903.025,0.004
-5564.188,-3841.333,-1.450,-129.114,925.621,-0.003
-5566.505,-3826.653,-1.450,-133.973,940.616,-0.003
-5568.738,-3812.357,-1.450,-137.252,949.458,-0.007
-5570.913,-3797.754,-1.453,-139.459,960.155,-0.028
-5572.950,-3783.265,-1.453,-139.922,968.104,-0.028
-5575.008,-3768.521,-1.455,-140.533,977.512,-0.042
-5577.301,-3753.708,-1.456,-143.467,986.255,-0.044
-5579.502,-3739.135,-1.457,-145.031,991.231,-0.048
-5581.909,-3724.389,-1.458,-148.476,997.259,-0.051
-5584.132,-3709.731,-1.458,-149.531,1001.488,-0.040
-5586.308,-3694.917,-1.457,-149.937,1006.719,-0.027
-5588.343,-3680.143,-1.456,-148.840,1010.747,-0.010
-5590.792,-3665.238,-1.455,-152.156,1015.550,-0.000
-5592.989,-3650.804,-1.454,-152.395,1014.781,0.005
-5595.257,-3635.722,-1.453,-153.337,1020.807,0.012
-5597.473,-3620.671,-1.454,-153.601,1025.623,0.009
-5599.936,-3605.609,-1.452,-156.358,1029.855,0.018
-5602.401,-3590.345,-1.450,-158.742,1035.527,0.035
-5604.826,-3574.933,-1.450,-160.366,1041.905,0.036
-5607.282,-3558.997,-1.449,-162.065,1052.727,0.041
-5609.486,-3542.551,-1.448,-160.921,1067.213,0.040
-5612.203,-3526.066,-1.447,-165.226,1079.964,0.048
-5614.508,-3509.263,-1.446,-164.649,1094.122,0.045
-5616.948,-3492.229,-1.446,-165.558,1108.576,0.041
-5619.228,-3474.917,-1.444,-164.682,1123.757,0.050
-5621.611,-3457.589,-1.442,-164.993,1136.874,0.064
-5623.937,-3440.385,-1.440,-164.674,1146.798,0.075
-5626.202,-3423.119,-1.439,-163.776,1155.884,0.074
-5628.876,-3405.660,-1.438,-167.221,1165.623,0.071
-5631.634,-3388.232,-1.437,-171.013,1173.619,0.072
-5634.367,-3370.721,-1.437,-174.004,1181.283,0.058
-5636.964,-3353.440,-1.437,-175.148,1185.458,0.052
-5639.440,-3335.753,-1.438,-174.879,1193.204,0.038
-5642.061,-3318.231,-1.438,-176.134,1198.108,0.025
-5644.764,-3300.541,-1.438,-178.064,1204.019,0.028
-5647.383,-3282.710,-1.438,-178.842,1210.506,0.026
-5649.972,-3264.688,-1.437,-179.187,1218.013,0.028
-5652.771,-3246.101,-1.437,-181.645,1230.231,0.025
-5655.996,-3222.464,-1.435,-188.134,1292.645,0.039
-5659.312,-3199.269,-1.434,-194.606,1341.318,0.046
-5662.670,-3176.576,-1.431,-200.559,1377.677,0.061
-5665.945,-3154.305,-1.431,-204.778,1404.340,0.055
-5669.305,-3132.564,-1.431,-209.245,1421.621,0.045
-5672.338,-3111.244,-1.432,-209.701,1432.032,0.035
-5675.586,-3090.181,-1.432,-212.299,1438.258,0.025
-5678.772,-3069.485,-1.431,-213.878,1439.800,0.032
-5681.781,-3048.973,-1.429,-213.392,1439.220,0.047
-5684.979,-3028.883,-1.428,-214.938,1434.377,0.047
-5688.162,-3008.835,-1.426,-216.093,1429.818,0.060
-5691.145,-2988.975,-1.425,-215.020,1423.993,0.064
-5694.305,-2969.480,-1.423,-215.927,1415.258,0.071
-5697.565,-2950.102,-1.421,-217.733,1406.616,0.079
-5700.701,-2930.672,-1.420,-217.998,1399.772,0.075
-5703.897,-2911.269,-1.421,-218.843,1393.659,0.057
-5707.103,-2891.737,-1.422,-219.657,1389.776,0.043
-5710.359,-2872.325,-1.422,-220.873,1385.230,0.034
-5713.493,-2852.928,-1.422,-220.652,1381.188,0.026
-5716.660,-2833.433,-1.421,-220.808,1378.758,0.033
-5719.966,-2814.118,-1.422,-222.367,1374.832,0.016
-5723.046,-2794.607,-1.422,-221.375,1373.500,0.014
-5726.392,-2775.061,-1.423,-223.264,1372.721,0.009
-5729.476,-2755.903,-1.423,-222.172,1368.062,0.004
-5732.577,-2736.288,-1.423,-221.424,1368.798,0.003
-5735.821,-2717.047,-1.424,-222.260,1365.579,-0.008
-5739.226,-2697.289,-1.425,-224.627,1368.148,-0.014
-5742.833,-2677.976,-1.426,-228.727,1365.756,-0.022
-5746.341,-2658.366,-1.427,-231.199,1366.776,-0.028
-5749.457,-2638.803,-1.427,-229.277,1367.169,-0.026
-5752.931,-2619.275,-1.428,-231.321,1367.134,-0.033
-5756.346,-2599.669,-1.429,-232.455,1367.909,-0.032
-5759.784,-2579.952,-1.430,-233.667,1369.720,-0.038
-5763.137,-2560.311,-1.430,-233.817,1370.473,-0.038
-5766.773,-2540.574,-1.431,-236.867,1372.106,-0.038
-5770.125,-2520.713,-1.431,-236.529,1374.779,-0.036
-5773.525,-2500.965,-1.431,-236.749,1375.893,-0.031
-5776.856,-2481.198,-1.434,-236.230,1377.039,-0.047
-5780.128,-2461.207,-1.435,-235.163,1380.331,-0.053
-5783.170,-2441.230,-1.435,-231.903,1382.981,-0.047
-5786.335,-2420.942,-1.435,-230.374,1388.452,-0.040
-5789.228,-2401.143,-1.436,-226.278,1388.084,-0.037
-5792.144,-2381.300,-1.435,-223.018,1388.222,-0.031
-5795.178,-2361.490,-1.436,-221.453,1387.997,-0.032
-5798.233,-2341.738,-1.435,-220.336,1387.211,-0.021
-5801.075,-2322.033,-1.435,-217.190,1386.049,-0.018
-5804.070,-2302.174,-1.436,-216.077,1386.645,-0.018
-5806.838,-2282.313,-1.437,-212.798,1387.181,-0.024
-5809.669,-2262.679,-1.436,-210.646,1385.302,-0.020
-5812.503,-2243.000,-1.437,-208.844,1384.162,-0.020
-5815.410,-2223.438,-1.437,-208.058,1381.972,-0.017
-5818.140,-2203.801,-1.436,-205.558,1380.887,-0.006
-5821.001,-2183.992,-1.437,-204.788,1381.733,-0.011
-5823.902,-2164.289,-1.436,-204.537,1381.370,-0.006
-5826.799,-2144.695,-1.436,-204.272,1379.930,-0.004
-5829.731,-2125.318,-1.435,-204.424,1376.460,0.003
-5832.581,-2105.456,-1.435,-203.692,1378.509,0.010
-5835.469,-2085.689,-1.433,-203.473,1379.263,0.023
-5838.590,-2065.733,-1.432,-205.674,1381.860,0.034
-5841.321,-2046.005,-1.431,-203.546,1381.726,0.039
-5844.167,-2026.379,-1.430,-202.903,1380.565,0.041
-5846.860,-2006.510,-1.431,-200.791,1382.077,0.026
-5849.838,-1986.929,-1.430,-201.915,1380.400,0.029
-5852.946,-1966.988,-1.430,-204.212,1382.680,0.025
-5856.005,-1947.208,-1.430,-205.673,1382.963,0.019
-5859.009,-1927.233,-1.431,-206.355,1385.205,0.004
-5863.107,-1902.223,-1.432,-218.190,1438.955,0.000
-5867.051,-1878.236,-1.432,-226.707,1474.277,-0.000
-5870.928,-1854.575,-1.433,-233.273,1501.042,-0.008
-5874.603,-1831.473,-1.433,-236.801,1518.111,-0.012
-5878.289,-1809.225,-1.435,-239.923,1523.884,-0.031
-5881.835,-1787.487,-1.437,-241.146,1523.554,-0.044
-5885.154,-1766.449,-1.438,-239.844,1516.073,-0.044
-5888.591,-1745.688,-1.441,-239.959,1506.841,-0.067
-5892.091,-1725.357,-1.442,-240.699,1494.529,-0.070
-5895.395,-1705.266,-1.444,-239.314,1481.565,-0.075
-5898.559,-1685.472,-1.445,-236.685,1467.451,-0.073
-5901.797,-1665.851,-1.445,-235.217,1453.625,-0.065
-5905.142,-1646.265,-1.446,-235.053,1441.478,-0.065
-5908.561,-1626.653,-1.446,-235.681,1431.391,-0.051
-5911.688,-1607.359,-1.447,-233.218,1419.501,-0.054
-5914.830,-1587.712,-1.449,-231.267,1412.996,-0.062
-5918.055,-1568.170,-1.449,-230.451,1406.372,-0.059
-5921.061,-1548.656,-1.451,-227.509,1400.429,-0.068
-5924.143,-1529.235,-1.452,-225.773,1394.411,-0.071
-5927.057,-1509.747,-1.453,-222.571,1389.964,-0.061
-5930.085,-1490.106,-1.452,-221.012,1387.745,-0.049
-5933.647,-1465.375,-1.452,-225.177,1438.246,-0.036
-5936.966,-1441.444,-1.451,-226.231,1473.087,-0.021
-5940.205,-1418.277,-1.450,-226.305,1494.945,-0.012
-5943.311,-1395.607,-1.451,-224.995,1508.467,-0.018
-5946.287,-1373.694,-1.450,-222.545,1512.210,-0.006
-5949.256,-1352.561,-1.449,-220.379,1507.373,-0.002
-5952.028,-1331.710,-1.449,-216.504,1500.342,0.007
-5955.106,-1311.062,-1.448,-216.358,1492.259,0.011
-5957.999,-1290.646,-1.448,-214.318,1482.975,0.010
-5960.904,-1270.594,-1.447,-212.709,1471.303,0.018
-5963.579,-1250.763,-1.446,-208.963,1459.072,0.022
-5966.223,-1230.957,-1.445,-205.447,1448.393,0.028
-5968.902,-1211.297,-1.445,-202.815,1437.775,0.025
-5971.957,-1191.892,-1.445,-204.437,1426.093,0.027
-5974.915,-1172.600,-1.444,-204.824,1414.963,0.027
-5977.564,-1152.923,-1.443,-201.969,1409.437,0.031
-5980.031,-1133.305,-1.443,-197.661,1404.118,0.031
-5982.683,-1113.875,-1.442,-195.890,1397.651,0.039
-5985.500,-1094.473,-1.441,-196.090,1391.841,0.034
-5988.268,-1074.832,-1.441,-195.739,1389.337,0.032
-5990.995,-1055.582,-1.441,-195.028,1383.191,0.033
-5993.796,-1036.607,-1.440,-195.181,1375.112,0.035
-5996.457,-1017.784,-1.439,-193.867,1366.654,0.036
-5999.181,-999.314,-1.439,-193.404,1355.808,0.030
-6001.874,-980.821,-1.441,-192.685,1346.792,0.011
-6004.621,-962.659,-1.442,-192.627,1335.692,-0.003
-6007.259,-944.715,-1.444,-191.458,1323.981,-0.025
-6010.108,-927.306,-1.446,-192.625,1308.497,-0.039
-6012.737,-910.120,-1.449,-191.360,1292.983,-0.056
-6015.272,-892.812,-1.450,-189.318,1281.004,-0.058
-6018.041,-875.554,-1.452,-189.980,1270.279,-0.073
-6020.688,-858.386,-1.454,-189.294,1260.202,-0.081
-6023.329,-841.384,-1.455,-188.644,1249.902,-0.080
-6025.895,-824.646,-1.457,-187.315,1238.396,-0.083
-6028.358,-808.140,-1.458,-185.121,1226.187,-0.084
-6030.934,-791.766,-1.458,-184.416,1214.426,-0.069
-6033.336,-775.658,-1.458,-182.026,1201.651,-0.061
-6035.695,-760.267,-1.457,-179.540,1183.365,-0.039
-6038.080,-744.808,-1.455,-177.687,1168.477,-0.013
-6040.644,-729.998,-1.455,-177.943,1149.101,-0.009
-6042.884,-715.150,-1.452,-174.842,1132.963,0.016
-6044.966,-700.521,-1.450,-170.563,1116.940,0.036
-6047.650,-686.043,-1.448,-173.111,1101.726,0.052
-6050.586,-667.654,-1.446,-177.878,1129.000,0.061
-6053.593,-650.249,-1.444,-182.670,1142.142,0.072
-6056.118,-633.659,-1.442,-181.795,1144.957,0.082
-6058.897,-617.658,-1.440,-183.676,1141.307,0.084
-6061.163,-602.730,-1.439,-179.986,1127.136,0.082
-6063.416,-588.346,-1.439,-176.709,1109.450,0.073
-6065.345,-574.879,-1.440,-170.581,1084.923,0.049
-6067.727,-561.825,-1.442,-170.013,1059.753,0.023
-6070.252,-549.327,-1.442,-171.004,1032.562,0.017
-6072.558,-537.265,-1.442,-169.599,1004.875,0.013
-6074.899,-525.294,-1.442,-168.761,980.338,0.016
-6076.849,-507.588,-1.442,-164.004,1018.437,0.013
-6078.626,-490.753,-1.442,-158.186,1041.964,0.011
-6080.402,-475.093,-1.443,-153.201,1049.944,0.005
-6082.072,-460.377,-1.442,-147.869,1047.030,0.008
-6083.653,-446.493,-1.443,-142.399,1035.972,0.003
-6085.119,-433.443,-1.443,-136.542,1017.964,0.001
-6086.463,-421.592,-1.442,-130.302,990.254,0.004
-6087.974,-410.402,-1.443,-126.693,959.827,-0.001
-6089.745,-399.942,-1.445,-126.292,926.346,-0.018
-6091.107,-389.813,-1.447,-121.744,894.383,-0.041
-6092.516,-380.246,-1.450,-118.340,861.338,-0.056
-6093.935,-370.853,-1.452,-115.545,831.367,-0.074
-6095.116,-361.677,-1.453,-110.708,803.566,-0.072
-6096.445,-352.588,-1.455,-108.109,778.951,-0.074
-6097.961,-343.528,-1.455,-107.823,757.663,-0.069
-6099.445,-334.341,-1.454,-107.242,740.819,-0.047
-6100.690,-325.277,-1.453,-104.288,725.173,-0.032
-6102.038,-316.189,-1.453,-102.822,712.082,-0.024
-6102.053,-301.150,-1.452,-87.853,762.187,-0.012
-6101.857,-286.932,-1.450,-72.922,796.457,0.006
-6101.980,-273.397,-1.448,-63.461,818.671,0.028
-6102.578,-260.382,-1.446,-60.284,832.258,0.037
-6102.972,-248.278,-1.445,-55.470,834.459,0.048
-6103.856,-236.858,-1.444,-56.413,829.304,0.051
-6104.536,-226.160,-1.442,-55.123,817.472,0.061
-6105.661,-216.262,-1.441,-58.592,799.154,0.063
-6106.859,-207.035,-1.440,-62.307,776.607,0.055
-6108.068,-198.555,-1.442,-65.597,749.691,0.036
-6109.139,-190.505,-1.443,-66.969,722.316,0.015
-6110.263,-183.228,-1.444,-68.691,690.997,0.005
-6111.414,-176.345,-1.446,-70.439,660.238,-0.012
-6112.799,-169.462,-1.447,-74.343,633.994,-0.022
-6113.997,-163.062,-1.449,-75.736,606.645,-0.036
-6115.087,-156.736,-1.449,-75.826,582.549,-0.036
-6116.092,-150.222,-1.449,-75.020,563.932,-0.030
-6116.767,-143.780,-1.450,-70.934,547.313,-0.033
-6117.692,-137.226,-1.449,-70.023,534.291,-0.017
-6118.725,-130.619,-1.447,-70.361,523.738,0.006
-6120.086,-124.083,-1.444,-74.020,514.001,0.028
-6120.973,-117.550,-1.442,-72.268,505.663,0.042
-6121.908,-110.905,-1.442,-71.260,499.701,0.037
-6122.983,-104.206,-1.440,-71.850,495.179,0.049
-6124.347,-97.267,-1.441,-75.331,493.792,0.037
-6125.458,-90.284,-1.439,-75.691,493.055,0.047
-6126.240,-83.377,-1.439,-72.600,491.647,0.040
-6127.064,-76.281,-1.440,-70.410,492.397,0.025
-6127.902,-69.349,-1.441,-68.684,491.344,0.018
-6128.942,-62.361,-1.441,-69.289,491.025,0.009
-6129.811,-55.384,-1.442,-68.045,490.631,-0.002
-6130.805,-48.201,-1.444,-68.266,492.422,-0.017
-6131.567,-40.847,-1.446,-66.076,495.716,-0.033
-6132.093,-33.367,-1.449,-61.776,499.812,-0.059
-6132.617,-25.792,-1.453,-58.077,504.291,-0.082
-6132.719,-18.440,-1.454,-50.585,505.812,-0.084
-6133.137,-11.909,-1.453,-47.458,498.657,-0.063
-6133.627,-4.196,-1.453,-45.522,504.722,-0.051
-6137.424,-3.236,-1.455,-77.915,440.379,-0.062
-6140.916,-2.053,-1.458,-102.396,387.794,-0.084
-6143.793,-0.461,-1.460,-116.960,347.150,-0.091
-6146.109,1.688,-1.462,-123.601,318.216,-0.093
-6148.247,4.290,-1.463,-127.431,298.210,-0.094
-6150.066,7.436,-1.465,-127.417,286.743,-0.095
-6151.549,11.148,-1.466,-123.947,282.780,-0.087
-6152.708,15.334,-1.467,-117.650,284.288,-0.085
-6153.635,19.820,-1.468,-109.889,288.658,-0.082
-6154.672,24.641,-1.467,-104.404,295.837,-0.060
-6155.289,29.599,-1.466,-95.402,303.371,-0.046
-6155.927,34.566,-1.466,-87.942,309.886,-0.037
-6156.445,39.601,-1.466,-80.343,316.149,-0.028
-6156.823,44.739,-1.467,-72.415,322.548,-0.037
-6157.096,49.912,-1.468,-64.581,328.373,-0.043
-6157.254,55.278,-1.467,-56.711,335.318,-0.029
-6157.458,60.609,-1.466,-50.466,340.885,-0.015
-6157.689,65.952,-1.467,-45.422,345.759,-0.017
-6157.855,71.278,-1.467,-40.452,349.737,-0.018
-6158.048,76.702,-1.467,-36.487,354.136,-0.012
-6158.315,82.031,-1.468,-33.871,356.915,-0.020
-6154.277,92.845,-1.469,12.674,415.756,-0.024
-6151.166,102.477,-1.473,42.840,453.769,-0.067
-6148.649,110.829,-1.474,62.446,473.017,-0.061
-6146.668,118.063,-1.474,73.659,477.922,-0.052
-6145.145,123.786,-1.471,78.511,466.549,-0.015
-6143.761,128.151,-1.471,81.215,442.874,-0.015
-6142.593,131.592,-1.471,81.289,413.165,-0.012
-6141.815,134.304,-1.471,77.342,380.322,-0.012
-6141.796,136.524,-1.472,66.169,347.240,-0.021
-6141.683,138.279,-1.475,57.604,314.240,-0.043
-6141.534,140.059,-1.478,50.659,286.350,-0.063
-6141.888,141.715,-1.478,39.568,261.285,-0.061
-6142.125,143.828,-1.478,31.312,244.614,-0.051
-6142.444,145.767,-1.480,23.415,228.604,-0.059
-6142.794,147.981,-1.482,16.373,217.770,-0.065
-6143.205,149.888,-1.479,9.735,205.376,-0.036
-6143.612,151.948,-1.480,4.106,196.385,-0.038
-6143.730,153.803,-1.478,2.295,186.593,-0.010
-6144.184,155.788,-1.476,-2.714,179.590,0.007
-6144.683,158.064,-1.477,-7.455,176.614,-0.002
-6145.088,160.382,-1.477,-10.532,174.496,0.001
-6145.508,162.596,-1.474,-13.302,171.631,0.029
-6146.008,165.162,-1.473,-16.501,172.798,0.028
-6146.461,167.261,-1.472,-18.737,169.001,0.042
-6146.688,169.660,-1.472,-18.314,168.836,0.027
-6146.908,171.792,-1.474,-17.882,165.958,0.010
-6147.253,174.389,-1.473,-18.810,168.289,0.016
-6147.391,176.955,-1.475,-17.464,169.950,-0.003
-6147.390,179.466,-1.471,-14.878,170.815,0.034
-6147.559,181.765,-1.474,-14.429,169.360,0.001
-6147.894,183.948,-1.474,-15.755,166.925,-0.002
-6147.896,185.355,-1.472,-13.460,156.860,0.020
-6148.004,186.055,-1.470,-12.603,140.998,0.034
-6147.812,186.044,-1.469,-8.767,120.144,0.044
-6147.364,185.417,-1.467,-2.862,96.021,0.050
-6147.429,184.815,-1.466,-3.113,75.706,0.058
-6147.043,184.101,-1.469,1.319,57.221,0.016
-6147.005,183.198,-1.470,1.508,39.510,0.010
-6147.056,182.234,-1.471,0.766,23.778,-0.004
-6146.787,181.467,-1.472,3.426,12.376,-0.014
-6146.665,180.792,-1.473,4.179,3.614,-0.021
-6146.856,180.452,-1.474,1.591,-0.421,-0.030
-6146.727,179.930,-1.473,2.694,-5.728,-0.014
-6146.869,179.450,-1.471,0.829,-9.835,0.007
-6146.424,179.058,-1.469,5.293,-12.419,0.022
-6146.425,178.813,-1.470,4.499,-13.114,0.011
-6146.239,178.660,-1.467,5.758,-12.768,0.043
-6145.965,178.475,-1.468,7.725,-12.794,0.023
-6146.032,178.393,-1.469,5.902,-11.752,0.013
-6146.035,178.221,-1.469,5.001,-11.792,0.004
-6146.051,178.031,-1.469,4.101,-12.018,0.008
-6146.224,178.051,-1.470,1.718,-10.038,-0.004
-6146.233,178.063,-1.470,1.376,-8.447,-0.006
-6146.063,178.070,-1.468,2.921,-7.127,0.020
-6145.807,178.270,-1.469,5.128,-4.017,0.006
-6145.854,178.447,-1.470,3.895,-1.604,-0.006
-6145.935,178.422,-1.471,2.483,-1.633,-0.014
-6145.896,178.436,-1.473,2.519,-1.249,-0.031
-6145.930,178.460,-1.473,1.804,-0.814,-0.030
-6146.029,178.426,-1.474,0.512,-1.041,-0.027
-6146.060,178.461,-1.474,0.127,-0.536,-0.029
-6146.132,178.556,-1.473,-0.641,0.527,-0.011
-6146.021,178.680,-1.474,0.591,1.724,-0.020
-6146.245,178.687,-1.472,-1.796,1.538,0.001
-6146.427,178.769,-1.470,-3.410,2.156,0.017
-6146.304,178.681,-1.471,-1.636,0.934,0.005
-6146.163,178.457,-1.471,0.055,-1.509,0.008
-6145.959,178.512,-1.468,2.147,-0.717,0.035
-6145.849,178.688,-1.468,2.960,1.196,0.031
-6145.786,178.574,-1.468,3.174,-0.153,0.026
-6145.858,178.643,-1.467,1.966,0.586,0.032
-6145.977,178.467,-1.466,0.460,-1.311,0.033
-6145.940,178.519,-1.466,0.764,-0.592,0.029
-6145.952,178.670,-1.466,0.537,1.050,0.023
-6146.021,178.648,-1.466,-0.252,0.672,0.023
-6146.062,178.668,-1.466,-0.635,0.785,0.022
-6146.024,178.921,-1.466,-0.154,3.270,0.016
-6145.945,179.037,-1.467,0.673,3.978,0.009
-6145.928,179.209,-1.466,0.757,5.164,0.011
-6146.321,179.102,-1.467,-3.406,3.304,0.000
-6146.359,178.918,-1.468,-3.298,0.929,-0.004
-6146.258,178.583,-1.468,-1.765,-2.653,-0.009
-6146.084,178.569,-1.468,0.280,-2.413,-0.004
-6145.932,178.576,-1.466,1.809,-1.982,0.012
-6145.941,178.433,-1.469,1.448,-3.167,-0.020
-6145.753,178.452,-1.470,3.164,-2.508,-0.021
-6145.624,178.567,-1.470,4.036,-0.947,-0.018
-6145.860,178.659,-1.469,1.008,0.135,-0.005
-6146.138,178.624,-1.470,-2.003,-0.250,-0.014
-6146.271,178.771,-1.467,-3.073,1.301,0.018
-6146.389,178.803,-1.463,-3.837,1.438,0.050
-6147.272,178.543,-1.463,-12.370,-1.448,0.037
-6148.491,178.554,-1.463,-23.091,-1.116,0.036
-6150.168,178.692,-1.463,-36.962,0.468,0.032
-6152.505,178.717,-1.461,-55.583,0.656,0.043
-6155.107,178.869,-1.464,-74.201,2.120,0.013
-6157.995,179.134,-1.465,-93.010,4.538,-0.002
-6161.105,179.127,-1.466,-111.360,3.802,-0.007
-6164.208,179.110,-1.467,-126.918,3.064,-0.020
-6167.403,179.004,-1.467,-141.148,1.528,-0.021
-6170.651,178.722,-1.471,-153.828,-1.604,-0.051
-6173.940,178.030,-1.474,-165.065,-8.490,-0.073
-6176.670,177.626,-1.475,-168.889,-11.404,-0.066
-6179.858,177.080,-1.475,-176.870,-15.350,-0.062
-6182.712,176.573,-1.475,-180.245,-18.309,-0.056
-6185.338,176.252,-1.475,-180.766,-18.925,-0.042
-6187.833,175.945,-1.474,-179.873,-19.301,-0.025
-6190.143,175.234,-1.473,-177.196,-23.779,-0.014
-6192.190,174.425,-1.474,-172.206,-28.614,-0.018
-6194.214,174.096,-1.476,-167.716,-27.793,-0.034
-6195.870,173.847,-1.474,-160.095,-26.262,-0.017
-6196.951,173.262,-1.474,-147.680,-28.429,-0.014
-6197.578,172.980,-1.475,-132.418,-27.152,-0.018
-6197.912,172.874,-1.472,-116.380,-24.250,0.016
-6197.841,173.024,-1.472,-98.544,-19.138,0.011
-6197.029,172.901,-1.469,-75.686,-17.588,0.038
-6196.500,173.311,-1.466,-59.104,-10.774,0.055
-6195.757,173.617,-1.463,-42.772,-6.040,0.080
-6195.059,173.705,-1.459,-29.290,-4.252,0.107
-6194.050,173.680,-1.460,-14.595,-3.887,0.080
-6193.699,173.948,-1.458,-8.841,-0.550,0.088
-6192.911,174.354,-1.459,0.574,3.712,0.068
-6192.100,174.227,-1.459,8.840,1.852,0.054
-6190.521,174.084,-1.459,23.791,0.113,0.049
-6188.555,174.342,-1.458,40.535,2.747,0.048
-6186.198,174.597,-1.459,58.833,4.974,0.033
-6183.555,175.079,-1.460,77.392,9.200,0.018
-6180.668,175.267,-1.457,95.727,9.782,0.045
-6177.666,175.628,-1.454,112.562,12.060,0.070
-6174.939,176.155,-1.454,124.079,15.714,0.061
-6172.000,176.776,-1.454,136.093,19.793,0.047
-6169.403,177.238,-1.454,142.810,21.646,0.039
-6166.997,177.579,-1.453,146.578,21.966,0.041
-6164.687,177.510,-1.451,148.797,18.029,0.054
-6161.883,177.745,-1.451,155.775,17.790,0.048
-6159.342,177.618,-1.450,159.028,13.873,0.048
-6156.434,177.725,-1.447,165.579,12.933,0.076
-6152.977,177.868,-1.442,176.823,12.506,0.108
-6148.485,178.122,-1.436,197.058,13.278,0.149
-6143.955,178.130,-1.434,214.715,11.407,0.148
-6143.344,172.626,-1.434,189.422,-46.927,0.133
-6141.868,168.042,-1.434,176.760,-87.222,0.105
-6139.570,164.494,-1.436,174.423,-110.916,0.074
-6136.847,161.676,-1.436,176.807,-123.612,0.062
-6133.514,159.424,-1.438,185.109,-128.622,0.033
-6129.397,158.001,-1.440,200.267,-124.354,0.015
-6125.180,156.818,-1.439,214.233,-118.244,0.013
-6121.017,156.382,-1.440,225.584,-105.338,0.010
-6116.670,156.299,-1.439,237.159,-90.702,0.013
-6112.042,156.306,-1.439,249.921,-77.296,0.011
-6107.230,156.625,-1.438,262.699,-62.643,0.018
-6102.623,157.237,-1.439,271.495,-47.129,0.012
-6097.586,158.021,-1.439,283.422,-32.124,0.005
-6092.358,158.855,-1.439,295.558,-18.814,0.008
-6086.646,159.852,-1.437,310.893,-5.784,0.020
-6080.626,160.818,-1.437,327.151,5.008,0.016
-6074.421,162.038,-1.439,342.911,16.827,-0.000
-6067.935,163.346,-1.441,359.260,27.817,-0.020
-6061.083,164.682,-1.442,376.959,37.485,-0.030
-6054.130,165.794,-1.445,393.096,43.417,-0.051
-6047.067,167.145,-1.448,408.000,50.945,-0.069
-6039.726,168.237,-1.451,423.575,54.694,-0.091
-6032.526,169.315,-1.454,435.392,57.749,-0.102
-6025.061,170.140,-1.456,448.223,57.747,-0.110
-6017.723,170.920,-1.458,457.839,57.286,-0.111
-6010.448,171.734,-1.459,465.396,57.242,-0.106
-6003.072,172.551,-1.461,472.891,57.227,-0.104
-5995.801,173.390,-1.461,478.198,57.452,-0.095
-5988.488,174.396,-1.461,483.149,59.362,-0.079
-5981.300,175.222,-1.462,486.099,59.132,-0.075
-5974.117,176.134,-1.463,488.559,59.821,-0.072
-5966.881,176.959,-1.465,491.192,59.520,-0.078
-5959.851,177.628,-1.465,491.333,57.650,-0.066
-5952.696,178.356,-1.465,492.724,56.668,-0.064
-5945.698,179.183,-1.466,492.303,56.846,-0.062
-5938.839,179.911,-1.466,490.516,55.987,-0.055
-5931.810,180.468,-1.466,490.743,53.480,-0.046
-5921.706,188.321,-1.461,522.592,126.466,0.015
-5911.929,195.041,-1.456,546.382,177.040,0.059
-5902.688,200.951,-1.451,561.160,211.851,0.099
-5893.883,205.799,-1.447,569.273,230.595,0.123
-5885.511,209.869,-1.445,571.744,238.583,0.119
-5877.307,213.132,-1.444,572.113,237.085,0.117
-5869.556,215.653,-1.442,567.769,228.176,0.115
-5862.222,217.906,-1.438,559.775,217.812,0.138
-5854.676,219.459,-1.438,555.130,201.764,0.114
-5847.378,220.790,-1.437,548.618,185.797,0.106
-5840.486,221.841,-1.437,538.888,169.291,0.097
-5833.247,222.707,-1.433,534.162,153.308,0.115
-5826.341,223.416,-1.432,526.695,138.058,0.109
-5819.238,223.954,-1.435,522.360,123.296,0.063
-5812.239,224.368,-1.436,517.593,109.430,0.042
-5805.113,225.007,-1.439,514.823,99.914,0.014
-5798.176,225.443,-1.440,510.526,89.708,0.002
-5791.332,225.856,-1.442,505.911,80.764,-0.015
-5784.250,226.386,-1.444,504.415,74.341,-0.037
-5777.306,226.816,-1.446,501.712,67.840,-0.053
-5770.425,227.261,-1.445,498.763,62.444,-0.032
-5763.539,227.958,-1.447,496.304,60.434,-0.042
-5756.656,228.603,-1.449,494.171,58.187,-0.059
-5749.708,229.186,-1.448,493.025,55.628,-0.044
-5742.759,229.764,-1.448,492.050,53.394,-0.038
-5735.776,230.208,-1.446,491.578,50.117,-0.014
-5728.752,230.661,-1.445,491.584,47.405,0.002
-5721.906,230.925,-1.444,489.770,43.159,0.013
-5715.022,231.512,-1.443,488.607,42.851,0.019
-5708.010,232.140,-1.439,488.938,43.012,0.050
-5701.183,232.789,-1.437,487.322,43.368,0.064
-5694.457,233.583,-1.434,484.895,45.171,0.083
-5687.772,234.447,-1.432,482.391,47.414,0.092
-5681.042,235.431,-1.432,480.741,50.577,0.082
-5674.321,236.450,-1.431,479.222,53.631,0.072
-5667.460,237.246,-1.428,479.375,53.933,0.090
-5660.739,238.079,-1.429,478.074,54.578,0.070
-5653.973,238.913,-1.430,477.414,55.141,0.053
-5647.275,239.748,-1.430,476.157,55.625,0.046
-5640.475,240.513,-1.430,476.135,55.320,0.039
-5633.892,241.257,-1.431,473.881,54.838,0.019
-5627.228,242.137,-1.433,472.795,55.840,0.000
-5620.572,242.895,-1.434,471.781,55.423,-0.010
-5614.077,243.881,-1.434,469.266,57.426,-0.012
-5607.446,244.687,-1.437,468.515,57.276,-0.032
-5600.928,245.407,-1.436,466.705,56.265,-0.026
-5594.333,246.155,-1.437,465.971,55.690,-0.025
-5587.774,246.906,-1.439,464.960,55.233,-0.046
-5581.257,247.740,-1.440,463.673,55.694,-0.044
-5574.750,248.515,-1.438,462.460,55.490,-0.020
-5568.184,249.356,-1.438,462.053,55.984,-0.015
-5561.383,250.134,-1.438,464.106,55.762,-0.011
-5554.453,250.946,-1.437,467.194,55.920,-0.001
-5547.722,251.591,-1.435,467.784,54.329,0.011
-5541.125,252.472,-1.434,466.904,55.416,0.024
-5534.673,253.232,-1.433,464.658,55.091,0.027
-5528.557,253.940,-1.433,459.280,54.271,0.028
-5522.833,254.686,-1.432,450.661,53.974,0.029
-5517.266,255.333,-1.431,441.700,52.695,0.034
-5512.338,255.874,-1.432,427.466,50.509,0.023
-5506.825,256.599,-1.431,421.357,50.547,0.028
-5501.647,257.164,-1.430,412.696,48.933,0.036
-5496.945,257.638,-1.431,400.413,46.613,0.018
-5492.536,258.155,-1.434,386.911,45.083,-0.016
-5488.179,258.593,-1.436,374.866,42.957,-0.033
-5483.983,259.047,-1.438,362.927,41.321,-0.044
-5479.888,259.470,-1.439,351.714,39.600,-0.049
-5475.830,259.987,-1.439,341.764,39.089,-0.039
-5471.513,260.353,-1.438,335.946,37.115,-0.025
-5467.480,260.816,-1.440,328.055,36.418,-0.036
-5463.388,261.408,-1.440,321.938,37.160,-0.031
-5459.169,261.767,-1.441,318.016,35.386,-0.042
-5455.048,262.397,-1.443,313.675,36.675,-0.050
-5451.314,262.772,-1.441,305.981,35.138,-0.023
-5447.640,263.280,-1.443,298.812,35.202,-0.045
-5444.351,263.757,-1.447,288.723,34.935,-0.069
-5441.337,264.306,-1.448,277.288,35.445,-0.072
-5438.927,264.828,-1.451,261.320,35.612,-0.092
-5436.949,265.489,-1.452,243.250,37.177,-0.089
-5435.419,266.142,-1.455,223.220,38.437,-0.103
-5433.940,266.566,-1.457,205.624,37.145,-0.100
-5432.788,266.938,-1.457,187.242,35.514,-0.092
-5431.592,267.252,-1.458,172.016,33.524,-0.084
-5430.426,267.563,-1.458,158.724,31.787,-0.076
-5428.953,267.775,-1.461,150.551,29.302,-0.087
-5427.504,268.074,-1.461,143.321,28.072,-0.075
-5425.911,268.473,-1.460,138.640,28.043,-0.053
-5424.293,268.626,-1.459,134.904,25.499,-0.036
-5423.106,268.774,-1.459,127.287,23.272,-0.036
-5421.983,268.696,-1.459,120.132,19.044,-0.025
-5421.729,268.614,-1.458,105.087,15.401,-0.017
-5421.899,268.563,-1.458,87.871,12.607,-0.009
-5422.396,268.485,-1.457,69.830,9.951,-0.006
-5423.113,268.490,-1.460,52.187,8.538,-0.027
-5423.923,268.288,-1.462,36.170,5.208,-0.043
-5424.723,268.020,-1.461,22.616,1.687,-0.033
-5425.475,267.931,-1.461,11.552,0.519,-0.019
-5426.169,267.733,-1.459,2.704,-1.594,-0.003
-5426.852,267.628,-1.458,-4.723,-2.442,0.010
-5427.284,267.483,-1.458,-8.474,-3.575,0.005
-5427.649,267.555,-1.458,-10.990,-2.314,0.001
-5427.933,267.539,-1.457,-12.291,-2.130,0.011
-5428.182,267.536,-1.457,-13.047,-1.848,0.014
-5428.346,267.617,-1.457,-12.815,-0.743,0.012
-5428.440,267.587,-1.458,-11.908,-0.945,0.004
-5428.438,267.517,-1.458,-10.135,-1.529,0.002
-5428.402,267.639,-1.457,-8.274,-0.042,0.004
-5428.378,267.600,-1.458,-6.804,-0.446,-0.004
-5428.387,267.651,-1.459,-5.897,0.153,-0.006
-5428.383,267.551,-1.459,-4.989,-0.905,-0.011
-5428.393,267.454,-1.459,-4.356,-1.768,-0.007
-5428.331,267.406,-1.460,-3.078,-2.001,-0.014
-5428.406,267.391,-1.461,-3.395,-1.862,-0.026
-5428.335,267.347,-1.461,-2.167,-2.042,-0.024
-5428.178,266.765,-1.464,-0.235,-7.731,-0.047
-5428.283,265.847,-1.468,-1.282,-16.050,-0.074
-5428.278,264.190,-1.471,-1.043,-30.747,-0.088
-5428.349,262.056,-1.475,-1.617,-48.196,-0.121
-5428.472,259.317,-1.476,-2.647,-69.306,-0.113
-5428.611,256.291,-1.478,-3.691,-90.264,-0.115
-5428.796,253.175,-1.480,-5.052,-109.064,-0.109
-5428.934,249.855,-1.481,-5.730,-127.199,-0.102
-5429.025,246.664,-1.479,-5.825,-141.343,-0.074
-5428.910,243.203,-1.477,-3.778,-156.192,-0.043
-5428.965,239.895,-1.475,-3.797,-167.271,-0.014
-5428.825,236.861,-1.473,-1.789,-173.903,-0.001
-5428.802,233.783,-1.472,-1.288,-180.017,0.010
-5428.659,231.152,-1.470,0.369,-180.626,0.029
-5428.276,228.705,-1.471,4.259,-179.253,0.017
-5427.901,226.225,-1.468,7.487,-178.426,0.041
-5427.488,223.517,-1.468,10.644,-180.057,0.040
-5427.003,220.902,-1.467,14.063,-180.503,0.039
-5426.374,218.330,-1.466,18.475,-180.429,0.041
-5425.953,215.955,-1.465,20.094,-178.352,0.047
-5425.567,213.413,-1.464,21.107,-178.283,0.051
-5425.061,210.670,-1.466,23.222,-180.302,0.022
-5424.697,207.909,-1.467,23.551,-182.218,0.015
-5424.395,205.150,-1.468,23.195,-183.821,-0.002
-5424.129,202.339,-1.468,22.523,-185.726,-0.001
-5424.145,199.541,-1.469,19.052,-187.212,-0.010
-5423.963,196.691,-1.470,18.117,-189.016,-0.016
-5423.742,193.272,-1.471,17.731,-196.420,-0.027
-5423.592,189.529,-1.472,16.663,-206.066,-0.027
-5423.238,185.186,-1.470,17.860,-220.467,-0.012
-5422.915,180.259,-1.469,18.558,-238.769,0.007
-5422.697,175.047,-1.467,18.076,-257.307,0.020
-5422.331,169.500,-1.466,19.183,-276.571,0.030
-5421.894,163.847,-1.461,20.861,-294.099,0.067
-5421.478,158.111,-1.458,22.072,-309.889,0.091
-5420.811,152.343,-1.455,25.695,-323.692,0.105
-5420.391,146.553,-1.453,26.242,-335.697,0.109
-5419.800,140.951,-1.452,28.466,-344.002,0.108
-5419.342,135.293,-1.450,28.989,-351.653,0.109
-5418.926,129.743,-1.449,29.007,-357.075,0.098
-5418.522,124.110,-1.449,28.903,-362.553,0.086
-5417.955,118.734,-1.448,30.490,-364.579,0.085
-5417.544,113.330,-1.447,30.233,-366.594,0.083
-5417.033,107.881,-1.447,31.054,-368.773,0.063
-5416.402,100.983,-1.448,32.982,-385.554,0.051
-5415.825,94.440,-1.448,34.069,-396.203,0.044
-5415.238,88.248,-1.449,35.099,-401.683,0.027
-5414.616,82.097,-1.448,36.348,-405.927,0.028
-5414.078,76.089,-1.448,36.539,-408.083,0.022
-5413.443,70.338,-1.449,37.704,-407.269,0.013
-5412.842,64.898,-1.451,38.347,-403.376,-0.008
-5412.486,59.658,-1.451,36.363,-397.998,-0.006
-5412.203,54.468,-1.449,33.934,-392.897,0.013
-5411.806,49.505,-1.447,33.026,-386.212,0.027
-5411.431,44.344,-1.447,32.033,-382.536,0.023
-5410.756,39.377,-1.448,34.268,-377.420,0.013
-5410.090,34.259,-1.450,36.088,-374.601,-0.006
-5409.371,29.354,-1.450,38.184,-369.999,-0.008
-5408.692,24.434,-1.450,39.559,-366.237,-0.009
-5408.195,19.543,-1.449,38.857,-362.726,0.005
-5407.769,14.623,-1.450,37.530,-360.031,-0.000
-5407.288,9.682,-1.450,36.962,-357.949,-0.008
-5406.847,4.607,-1.450,36.065,-357.552,-0.006
-5406.609,-0.454,-1.451,33.208,-357.065,-0.014
-5406.270,-5.725,-1.452,31.820,-358.818,-0.016
-5406.035,-10.857,-1.451,29.560,-358.884,-0.007
-5405.544,-15.961,-1.450,30.264,-358.651,-0.000
-5405.024,-21.347,-1.450,31.166,-361.345,-0.001
-5404.365,-26.748,-1.450,33.368,-363.804,0.004
-5403.295,-34.972,-1.450,39.474,-394.966,-0.001
-5402.514,-42.668,-1.450,41.714,-416.109,0.001
-5401.763,-50.038,-1.449,43.302,-430.786,0.013
-5401.038,-57.276,-1.449,44.398,-441.942,0.009
-5400.312,-64.057,-1.449,45.349,-446.751,0.012
-5399.513,-70.566,-1.448,46.897,-448.059,0.021
-5398.840,-76.800,-1.447,46.933,-446.341,0.023
-5398.121,-82.747,-1.447,47.430,-441.925,0.021
-5397.480,-88.572,-1.446,47.054,-436.899,0.027
-5396.667,-94.015,-1.447,48.506,-428.680,0.014
-5395.946,-99.259,-1.447,48.790,-419.619,0.008
-5395.104,-104.531,-1.447,50.293,-412.180,0.005
-5394.314,-109.632,-1.448,51.025,-404.079,0.001
-5393.413,-114.649,-1.448,52.801,-396.301,-0.000
-5392.485,-119.630,-1.448,54.581,-389.292,-0.001
-5391.648,-124.556,-1.448,55.170,-382.754,-0.002
-5390.834,-129.361,-1.449,55.440,-375.929,-0.010
-5390.143,-134.288,-1.451,54.397,-371.364,-0.025
-5389.520,-139.368,-1.451,52.814,-369.041,-0.025
-5388.887,-144.203,-1.451,51.558,-364.545,-0.018
-5388.146,-149.069,-1.451,51.601,-361.026,-0.017
-5387.414,-153.843,-1.451,51.557,-357.083,-0.017
-5386.678,-158.680,-1.451,51.552,-354.360,-0.009
-5385.960,-163.401,-1.451,51.354,-350.847,-0.007
-5385.360,-168.230,-1.449,49.981,-348.959,0.006
-5384.701,-173.244,-1.448,49.414,-349.255,0.014
-5384.159,-178.260,-1.448,47.734,-349.531,0.013
-5383.552,-183.182,-1.448,46.960,-348.804,0.016
-5382.996,-187.942,-1.446,45.780,-346.502,0.027
-5382.398,-192.848,-1.446,45.197,-346.052,0.025
-5381.614,-197.857,-1.445,46.627,-346.722,0.032
-5381.070,-202.805,-1.443,45.362,-346.674,0.042
-5380.279,-207.696,-1.442,46.837,-346.039,0.052
-5379.620,-212.629,-1.441,46.737,-345.933,0.054
-5379.234,-217.441,-1.440,43.828,-344.593,0.052
-5378.550,-222.508,-1.440,44.433,-346.082,0.049
-5377.747,-227.666,-1.440,46.166,-348.280,0.037
-5376.872,-232.630,-1.440,48.381,-348.161,0.035
-5376.188,-237.683,-1.440,48.306,-348.976,0.028
-5375.599,-242.564,-1.441,47.266,-347.903,0.017
-5374.989,-247.416,-1.441,46.591,-346.695,0.012
-5374.364,-252.359,-1.441,46.175,-346.592,0.008
-5373.603,-257.346,-1.442,47.227,-346.957,-0.000
-5373.195,-262.245,-1.442,44.475,-346.367,-0.004
-5372.574,-267.289,-1.443,44.329,-347.352,-0.010
-5371.932,-272.203,-1.444,44.422,-346.856,-0.015
-5371.292,-277.319,-1.444,44.473,-348.517,-0.012
-5370.793,-282.372,-1.444,43.068,-349.277,-0.018
-5370.245,-287.459,-1.445,42.375,-350.279,-0.021
-5369.653,-292.462,-1.445,42.235,-350.264,-0.022
-5370.818,-305.183,-1.447,24.031,-429.713,-0.030
-5371.811,-316.705,-1.449,10.281,-485.130,-0.048
-5372.619,-327.038,-1.449,0.453,-520.159,-0.042
-5373.095,-336.406,-1.449,-4.518,-540.100,-0.036
-5373.327,-344.876,-1.449,-6.239,-547.865,-0.030
-5373.388,-352.420,-1.449,-5.953,-544.958,-0.021
-5373.305,-359.361,-1.448,-4.218,-536.273,-0.012
-5372.994,-365.611,-1.448,-0.397,-521.747,-0.007
-5372.595,-371.481,-1.447,3.769,-505.443,-0.002
-5372.153,-376.747,-1.446,7.756,-485.319,0.008
-5371.592,-381.745,-1.446,12.394,-465.402,0.010
-5370.918,-386.732,-1.446,17.507,-448.297,0.004
-5370.287,-391.547,-1.446,21.436,-431.934,0.006
-5369.711,-396.193,-1.447,24.209,-416.237,-0.001
-5369.159,-400.764,-1.448,26.332,-402.083,-0.012
-5368.479,-405.223,-1.449,29.453,-388.847,-0.019
-5367.812,-409.693,-1.449,31.997,-377.679,-0.019
-5367.101,-414.110,-1.449,34.611,-367.610,-0.011
-5366.398,-418.728,-1.447,36.750,-361.085,0.002
-5367.394,-431.279,-1.446,21.095,-437.195,0.011
-5368.176,-442.423,-1.446,9.942,-487.622,0.014
-5368.812,-452.569,-1.446,1.939,-520.351,0.010
-5369.044,-461.730,-1.445,-0.742,-538.143,0.017
-5368.902,-471.254,-1.445,0.833,-557.042,0.015
-5368.621,-479.807,-1.446,3.600,-563.169,0.008
-5368.504,-487.508,-1.447,4.277,-559.628,-0.007
-5368.344,-494.370,-1.448,5.301,-547.964,-0.013
-5367.852,-500.760,-1.449,9.584,-533.156,-0.022
-5367.125,-506.402,-1.449,15.659,-512.831,-0.022
-5366.345,-511.563,-1.450,21.384,-490.547,-0.024
-5365.649,-516.599,-1.449,25.401,-470.240,-0.010
-5365.093,-521.469,-1.449,27.396,-451.221,-0.008
-5364.485,-525.942,-1.450,29.625,-430.912,-0.016
-5363.958,-530.381,-1.449,30.684,-413.240,-0.010
-5363.410,-534.950,-1.450,31.824,-399.496,-0.015
-5362.928,-539.510,-1.450,32.103,-387.687,-0.012
-5362.327,-544.255,-1.452,33.566,-379.520,-0.034
-5361.678,-548.785,-1.453,35.310,-370.342,-0.034
-5361.154,-553.291,-1.453,35.511,-362.270,-0.031
-5360.629,-557.890,-1.453,35.697,-356.333,-0.026
-5360.023,-562.506,-1.454,36.683,-351.454,-0.027
-5359.318,-567.221,-1.453,38.547,-348.302,-0.021
-5358.650,-571.997,-1.454,39.751,-346.241,-0.023
-5357.807,-576.874,-1.455,42.588,-345.533,-0.027
-5357.170,-581.843,-1.455,42.879,-345.869,-0.022
-5356.491,-586.752,-1.454,43.562,-345.545,-0.014
-5355.851,-591.775,-1.454,43.747,-346.428,-0.009
-5355.351,-596.753,-1.454,42.463,-346.736,-0.009
-5354.885,-601.707,-1.455,41.016,-346.742,-0.013
-5354.406,-606.654,-1.455,39.915,-346.669,-0.017
-5353.777,-611.684,-1.455,40.513,-347.465,-0.013
-5353.321,-616.866,-1.455,39.254,-349.712,-0.010
-5352.835,-621.848,-1.454,38.479,-349.572,-0.004
-5352.143,-626.914,-1.453,39.948,-350.311,0.011
-5351.346,-632.194,-1.451,42.280,-353.151,0.028
-5350.776,-637.421,-1.450,41.923,-355.022,0.031
-5350.042,-642.401,-1.450,43.326,-354.082,0.026
-5349.460,-647.555,-1.450,42.935,-355.072,0.025
-5348.828,-652.739,-1.450,43.135,-356.213,0.017
-5348.146,-657.910,-1.451,43.814,-357.065,0.007
-5347.647,-662.992,-1.452,42.497,-356.869,0.001
-5347.264,-668.036,-1.452,40.191,-356.306,0.002
-5346.603,-673.142,-1.452,41.087,-356.477,-0.004
-5346.020,-678.252,-1.452,41.051,-356.650,0.003
-5345.595,-683.566,-1.451,39.387,-358.904,0.008
-5345.202,-688.820,-1.450,37.638,-360.218,0.016
-5344.623,-693.979,-1.450,38.070,-360.346,0.016
-5343.990,-699.189,-1.449,38.978,-360.984,0.016
-5343.363,-704.325,-1.449,39.707,-360.769,0.017
-5342.752,-709.457,-1.448,40.149,-360.551,0.024
-5342.176,-714.636,-1.449,40.184,-360.838,0.016
-5341.531,-719.817,-1.449,40.909,-361.111,0.008
-5341.093,-724.997,-1.450,39.405,-361.332,-0.000
-5340.544,-730.126,-1.452,39.255,-360.993,-0.017
-5339.961,-735.236,-1.453,39.490,-360.506,-0.026
-5339.370,-740.383,-1.452,39.765,-360.468,-0.018
-5338.856,-745.532,-1.452,39.203,-360.468,-0.013
-5338.352,-750.846,-1.451,38.629,-362.158,-0.004
-5337.982,-756.066,-1.452,36.759,-362.633,-0.008
-5337.314,-761.434,-1.453,38.223,-364.571,-0.016
-5336.768,-766.572,-1.453,38.234,-363.848,-0.012
-5336.124,-771.740,-1.452,39.236,-363.541,-0.005
-5335.672,-776.779,-1.452,38.117,-361.953,0.001
-5335.201,-781.893,-1.451,37.367,-361.359,0.004
-5334.856,-786.937,-1.452,35.416,-360.141,-0.000
-5334.417,-791.985,-1.452,34.736,-359.149,-0.001
-5334.115,-796.989,-1.453,32.732,-357.848,-0.017
-5333.724,-802.050,-1.455,31.943,-357.321,-0.030
-5333.278,-806.893,-1.457,31.833,-354.626,-0.041
-5332.593,-812.156,-1.457,34.203,-356.654,-0.034
-5332.115,-817.376,-1.456,34.101,-357.942,-0.027
-5331.555,-822.655,-1.456,34.843,-359.646,-0.018
-5331.099,-827.671,-1.456,34.421,-358.392,-0.015
-5330.638,-832.798,-1.456,34.099,-358.466,-0.010
-5330.093,-838.000,-1.456,34.693,-359.297,-0.014
-5329.505,-843.151,-1.455,35.643,-359.484,-0.003
-5328.903,-848.354,-1.454,36.606,-360.181,0.005
-5328.247,-853.529,-1.454,37.970,-360.479,0.013
-5327.891,-858.691,-1.453,36.055,-360.614,0.014
-5327.414,-863.741,-1.453,35.664,-359.567,0.013
-5327.154,-868.890,-1.452,33.092,-359.688,0.019
-5326.676,-874.081,-1.451,33.147,-360.232,0.028
-5326.353,-879.107,-1.450,31.603,-358.993,0.032
-5325.889,-884.189,-1.449,31.729,-358.516,0.037
-5325.264,-889.270,-1.448,33.494,-358.101,0.046
-5324.806,-894.462,-1.447,33.286,-358.887,0.045
-5324.360,-899.653,-1.447,32.978,-359.541,0.043
-5324.049,-904.946,-1.446,31.326,-361.156,0.037
-5323.922,-910.210,-1.448,28.026,-362.229,0.020
-5323.682,-915.449,-1.450,26.379,-362.897,-0.002
-5323.355,-920.632,-1.450,25.868,-362.878,-0.006
-5323.046,-925.665,-1.450,25.237,-361.332,-0.002
-5322.931,-930.912,-1.449,22.718,-362.201,0.009
-5322.619,-936.189,-1.448,22.590,-363.264,0.014
-5322.301,-941.491,-1.448,22.543,-364.422,0.008
-5322.004,-946.601,-1.449,22.276,-363.427,0.006
-5321.711,-951.806,-1.448,22.018,-363.565,0.006
-5321.331,-956.936,-1.449,22.695,-362.908,0.003
-5320.872,-962.149,-1.449,24.080,-363.205,-0.000
-5320.396,-967.274,-1.449,25.438,-362.546,0.000
-5320.121,-972.442,-1.449,24.528,-362.437,0.002
-5319.809,-977.537,-1.449,24.136,-361.580,-0.000
-5319.543,-982.694,-1.450,23.319,-361.498,-0.009
-5319.161,-987.979,-1.450,23.834,-362.736,-0.014
-5318.805,-993.141,-1.450,23.990,-362.532,-0.009
-5318.371,-998.369,-1.450,24.934,-363.039,-0.003
-5318.066,-1003.377,-1.449,24.394,-361.203,0.009
-5317.645,-1008.812,-1.448,25.146,-364.038,0.012
-5317.151,-1014.222,-1.447,26.529,-366.192,0.016
-5316.573,-1019.406,-1.448,28.582,-365.707,0.006
-5316.073,-1024.553,-1.449,29.530,-364.906,-0.004
-5315.607,-1029.605,-1.449,29.978,-363.246,-0.004
-5315.146,-1034.691,-1.450,30.314,-362.190,-0.011
-5314.882,-1039.635,-1.451,28.581,-359.822,-0.017
-5314.523,-1046.157,-1.450,28.071,-374.046,-0.002
-5314.017,-1052.497,-1.449,29.154,-384.299,0.005
-5313.528,-1058.636,-1.449,29.899,-390.981,0.003
-5312.871,-1064.694,-1.449,32.262,-395.841,0.003
-5312.386,-1070.264,-1.449,32.509,-394.967,0.005
-5312.103,-1075.746,-1.449,30.644,-393.323,0.002
-5311.657,-1081.287,-1.448,30.730,-392.515,0.008
-5311.179,-1086.841,-1.448,31.132,-391.964,0.012
-5310.618,-1092.103,-1.447,32.326,-388.495,0.013
-5310.084,-1097.264,-1.448,33.067,-384.487,0.005
-5309.519,-1102.385,-1.450,34.031,-380.671,-0.014
-5309.128,-1107.504,-1.451,33.039,-377.382,-0.021
-5308.861,-1112.557,-1.452,30.936,-373.898,-0.024
-5308.534,-1117.617,-1.452,29.750,-371.005,-0.023
-5308.079,-1122.721,-1.452,30.066,-368.982,-0.018
-5307.898,-1127.819,-1.451,27.503,-367.203,-0.013
-5307.467,-1132.849,-1.452,27.895,-364.974,-0.016
-5306.977,-1137.988,-1.452,28.839,-364.208,-0.014
-5306.458,-1143.247,-1.453,29.942,-364.784,-0.022
-5306.146,-1148.468,-1.453,28.740,-364.885,-0.023
-5305.807,-1153.694,-1.453,28.009,-365.023,-0.018
-5305.432,-1158.895,-1.453,27.749,-364.879,-0.013
-5305.127,-1164.193,-1.453,26.810,-365.767,-0.008
-5304.778,-1169.151,-1.452,26.461,-363.012,-0.002
-5304.287,-1174.276,-1.451,27.622,-362.384,0.009
-5303.800,-1179.434,-1.452,28.577,-362.194,0.003
-5303.367,-1184.575,-1.450,28.825,-361.846,0.014
-5303.079,-1189.721,-1.448,27.552,-361.609,0.036
-5302.786,-1194.932,-1.447,26.521,-362.077,0.043
-5302.640,-1200.249,-1.445,24.126,-363.564,0.049
-5302.139,-1205.507,-1.445,25.732,-364.226,0.043
-5301.705,-1210.770,-1.446,26.413,-364.840,0.032
-5301.296,-1216.147,-1.445,26.734,-366.537,0.033
-5300.945,-1221.449,-1.445,26.418,-367.213,0.025
-5300.468,-1226.745,-1.446,27.443,-367.729,0.013
-5300.158,-1231.862,-1.446,26.605,-366.326,0.018
-5299.931,-1237.064,-1.445,25.025,-366.001,0.017
-5299.648,-1242.212,-1.445,24.260,-365.178,0.017
-5299.173,-1247.569,-1.445,25.577,-366.615,0.017
-5298.630,-1252.951,-1.444,27.412,-368.102,0.019
-5298.115,-1258.114,-1.445,28.683,-367.119,0.012
-5297.669,-1263.297,-1.445,29.049,-366.486,0.011
-5297.189,-1268.381,-1.444,29.718,-364.928,0.016
-5296.729,-1273.511,-1.443,30.087,-364.070,0.026
-5296.385,-1278.775,-1.443,29.203,-364.719,0.015
-5295.905,-1284.067,-1.444,29.855,-365.566,0.008
-5295.292,-1289.197,-1.445,31.778,-364.608,-0.006
-5294.831,-1294.309,-1.446,31.849,-363.620,-0.010
-5294.353,-1299.387,-1.447,32.087,-362.417,-0.017
-5293.930,-1304.335,-1.446,31.719,-360.055,-0.010
-5293.545,-1309.380,-1.446,31.018,-359.034,-0.002
-5293.163,-1314.628,-1.446,30.393,-360.266,-0.006
-5292.816,-1319.682,-1.447,29.487,-359.310,-0.012
-5292.331,-1324.818,-1.447,30.143,-359.337,-0.012
-5291.612,-1332.726,-1.446,33.117,-387.909,-0.004
-5291.026,-1340.103,-1.446,34.275,-406.798,-0.004
-5290.575,-1347.113,-1.447,33.883,-419.142,-0.005
-5290.138,-1353.830,-1.447,33.390,-426.643,-0.010
-5289.771,-1360.172,-1.449,32.265,-429.191,-0.021
-5289.192,-1366.222,-1.450,33.478,-428.353,-0.032
-5288.645,-1372.095,-1.449,34.187,-425.812,-0.022
-5288.285,-1377.837,-1.448,32.868,-422.304,-0.009
-5287.776,-1383.377,-1.448,33.270,-417.233,0.000
-5287.560,-1388.783,-1.446,30.600,-411.522,0.012
-5287.398,-1393.966,-1.446,27.761,-404.363,0.017
-5287.134,-1399.239,-1.446,26.404,-399.179,0.015
-5286.655,-1404.293,-1.445,27.447,-392.498,0.015
-5286.249,-1409.252,-1.445,27.597,-385.830,0.014
-5285.823,-1414.326,-1.445,27.924,-381.316,0.014
-5285.451,-1419.374,-1.445,27.640,-377.206,0.013
-5285.082,-1424.384,-1.445,27.378,-373.314,0.009
-5284.894,-1429.373,-1.445,25.289,-369.766,0.013
-5284.550,-1434.521,-1.443,25.111,-368.387,0.022
-5284.032,-1439.585,-1.443,26.748,-366.342,0.021
-5283.608,-1444.600,-1.443,27.179,-364.089,0.017
-5283.105,-1449.803,-1.442,28.360,-364.109,0.025
-5282.729,-1454.951,-1.441,28.063,-363.559,0.033
-5282.377,-1459.982,-1.439,27.557,-361.886,0.042
-5281.932,-1465.112,-1.438,28.088,-361.468,0.047
-5281.462,-1470.219,-1.438,28.791,-360.889,0.044
-5280.839,-1475.533,-1.439,30.975,-362.516,0.028
-5280.226,-1480.652,-1.439,32.732,-361.901,0.019
-5279.534,-1485.672,-1.439,35.043,-360.353,0.018
-5278.993,-1490.818,-1.439,35.454,-360.332,0.021
-5278.541,-1496.235,-1.438,34.897,-363.108,0.026
-5277.976,-1502.156,-1.438,35.574,-370.664,0.022
-5277.129,-1508.552,-1.437,39.060,-381.993,0.027
-5276.458,-1515.250,-1.437,40.224,-394.777,0.021
-5275.824,-1522.392,-1.437,40.842,-410.239,0.019
-5275.104,-1529.763,-1.438,42.252,-425.790,0.004
-5274.440,-1537.542,-1.441,42.868,-443.249,-0.022
-5273.712,-1545.449,-1.442,44.053,-459.459,-0.031
-5272.913,-1553.527,-1.444,45.809,-475.050,-0.041
-5272.198,-1561.658,-1.444,46.429,-488.892,-0.037
-5271.314,-1570.261,-1.442,48.697,-505.562,-0.011
-5270.685,-1578.827,-1.442,48.016,-519.397,-0.011
-5270.128,-1587.023,-1.442,46.689,-527.379,-0.012
-5269.518,-1595.052,-1.443,46.104,-532.480,-0.019
-5268.926,-1603.286,-1.442,45.414,-538.932,-0.007
-5268.637,-1611.234,-1.442,41.710,-541.493,-0.002
-5268.262,-1619.028,-1.442,39.438,-542.101,-0.002
-5267.725,-1626.933,-1.440,39.164,-543.753,0.012
-5267.140,-1634.885,-1.438,39.430,-545.652,0.028
-5266.662,-1642.679,-1.438,38.549,-545.633,0.027
-5266.155,-1650.417,-1.437,38.102,-545.051,0.030
-5265.555,-1658.317,-1.438,38.674,-546.225,0.020
-5264.879,-1666.215,-1.438,39.947,-547.199,0.014
-5264.350,-1674.020,-1.439,39.519,-547.068,0.009
-5263.924,-1682.137,-1.439,38.092,-550.178,0.008
-5263.250,-1690.383,-1.438,39.418,-554.156,0.013
-5262.398,-1699.292,-1.439,42.401,-564.373,0.005
-5261.787,-1708.431,-1.439,42.457,-575.451,0.001
-5261.328,-1717.898,-1.440,40.938,-588.289,-0.006
-5260.654,-1727.666,-1.441,41.857,-602.331,-0.014
-5259.693,-1737.728,-1.442,45.590,-617.329,-0.023
-5258.898,-1748.137,-1.443,47.070,-633.696,-0.026
-5258.181,-1758.574,-1.443,47.528,-647.944,-0.030
-5257.283,-1769.079,-1.445,49.787,-660.802,-0.039
-5256.335,-1779.725,-1.447,52.215,-673.213,-0.052
-5255.652,-1790.367,-1.448,51.569,-683.768,-0.053
-5254.549,-1801.204,-1.448,55.344,-694.774,-0.052
-5253.505,-1811.878,-1.449,57.953,-702.475,-0.050
-5252.625,-1822.666,-1.449,58.489,-710.220,-0.040
-5251.803,-1833.456,-1.448,58.352,-716.858,-0.029
-5250.824,-1844.163,-1.448,59.848,-721.650,-0.022
-5249.989,-1854.906,-1.447,59.635,-726.116,-0.008
-5249.166,-1865.655,-1.446,59.343,-729.991,-0.002
-5248.141,-1876.398,-1.445,61.167,-733.222,0.006
-5247.229,-1887.054,-1.445,61.560,-735.097,0.009
-5246.361,-1897.747,-1.443,61.446,-737.068,0.022
-5245.319,-1908.423,-1.443,63.130,-738.578,0.023
-5244.397,-1919.016,-1.442,63.333,-739.006,0.029
-5243.636,-1929.556,-1.441,61.858,-738.824,0.038
-5242.816,-1939.985,-1.439,61.202,-737.531,0.044
-5241.596,-1955.599,-1.439,64.759,-789.806,0.046
-5240.354,-1970.520,-1.439,68.021,-827.263,0.033
-5239.106,-1984.576,-1.440,70.869,-850.304,0.022
-5237.791,-1997.956,-1.441,73.988,-862.994,0.007
-5236.544,-2010.622,-1.441,75.935,-866.468,0.004
-5235.484,-2022.764,-1.442,75.683,-864.032,-0.001
-5234.387,-2034.311,-1.442,75.847,-855.839,-0.004
-5232.991,-2045.408,-1.443,79.064,-844.215,-0.013
-5231.953,-2056.264,-1.443,78.123,-831.812,-0.011
-5231.024,-2066.874,-1.443,76.194,-818.705,-0.013
-5229.950,-2077.346,-1.444,76.045,-806.116,-0.013
-5229.025,-2087.416,-1.444,74.383,-791.222,-0.012
-5228.147,-2097.512,-1.444,72.488,-778.799,-0.016
-5227.166,-2107.488,-1.447,71.932,-766.964,-0.038
-5226.094,-2117.502,-1.447,72.384,-757.258,-0.036
-5225.263,-2127.565,-1.447,70.293,-749.492,-0.025
-5224.291,-2137.658,-1.446,69.965,-743.166,-0.017
-5223.366,-2147.659,-1.447,69.192,-736.831,-0.024
-5222.599,-2157.848,-1.447,66.918,-733.354,-0.014
-5221.779,-2168.073,-1.447,65.517,-730.773,-0.012
-5220.917,-2178.265,-1.446,64.755,-728.216,-0.007
-5219.948,-2188.500,-1.445,65.201,-726.485,0.002
-5218.908,-2198.858,-1.445,66.321,-726.281,0.005
-5217.954,-2209.222,-1.445,66.396,-726.165,0.004
-5217.097,-2219.356,-1.445,65.453,-723.689,0.008
-5216.071,-2229.717,-1.445,66.385,-723.919,0.004
-5215.074,-2240.240,-1.445,66.888,-725.790,0.000
-5214.185,-2250.541,-1.445,66.202,-725.094,0.005
-5213.140,-2260.844,-1.445,67.226,-724.525,0.003
-5212.072,-2271.171,-1.444,68.334,-724.288,0.010
-5211.268,-2281.466,-1.444,66.557,-723.745,0.006
-5210.137,-2291.686,-1.445,68.414,-722.517,0.002
-5209.114,-2301.992,-1.445,68.878,-722.366,0.003
-5208.203,-2312.312,-1.445,68.133,-722.364,0.002
-5207.173,-2322.666,-1.444,68.712,-722.725,0.004
-5206.125,-2332.935,-1.444,69.400,-722.150,0.006
-5205.215,-2343.196,-1.444,68.560,-721.574,0.005
-5204.283,-2353.489,-1.444,68.072,-721.421,0.005
-5203.227,-2363.607,-1.444,68.933,-719.485,0.006
-5202.458,-2373.907,-1.444,66.710,-719.707,0.007
-5201.412,-2384.155,-1.445,67.664,-719.362,-0.009
-5200.502,-2394.576,-1.445,67.087,-720.856,-0.006
-5199.729,-2404.909,-1.445,65.173,-721.211,-0.003
-5198.764,-2415.144,-1.445,65.531,-720.508,-0.004
-5197.895,-2425.572,-1.445,64.838,-721.898,-0.002
-5196.977,-2435.813,-1.444,64.749,-721.161,0.003
-5195.947,-2446.070,-1.444,65.833,-720.700,0.002
-5194.977,-2456.282,-1.443,66.132,-719.837,0.011
-5194.052,-2466.763,-1.443,65.935,-721.871,0.011
-5192.771,-2477.171,-1.443,69.429,-722.850,0.015
-5191.617,-2487.698,-1.442,71.088,-724.911,0.016
-5190.442,-2498.195,-1.441,72.735,-726.370,0.023
-5189.224,-2508.761,-1.441,74.580,-728.322,0.021
-5188.180,-2519.309,-1.441,74.358,-729.791,0.016
-5186.814,-2530.005,-1.440,77.476,-732.576,0.024
-5185.700,-2540.652,-1.441,77.559,-734.452,0.016
-5184.724,-2551.263,-1.441,76.195,-735.673,0.014
-5183.501,-2561.855,-1.441,77.578,-736.525,0.006
-5182.425,-2572.640,-1.441,77.248,-739.234,0.010
-5181.439,-2583.338,-1.440,76.037,-740.644,0.015
-5180.229,-2594.030,-1.440,77.309,-741.788,0.010
-5179.183,-2604.656,-1.440,76.708,-742.089,0.013
-5178.335,-2615.095,-1.439,74.160,-740.416,0.025
-5177.217,-2625.717,-1.438,74.765,-740.875,0.027
-5176.143,-2636.102,-1.438,74.826,-738.832,0.023
-5175.054,-2646.694,-1.436,75.034,-739.217,0.034
-5173.802,-2657.099,-1.436,76.882,-737.621,0.032
-5172.905,-2667.475,-1.435,74.816,-735.951,0.035
-5171.674,-2677.823,-1.434,76.479,-734.246,0.038
-5170.583,-2688.060,-1.434,76.466,-731.648,0.036
-5169.458,-2698.366,-1.433,76.806,-730.151,0.036
-5168.052,-2708.594,-1.435,79.979,-728.066,0.018
-5166.977,-2718.804,-1.436,79.282,-726.097,0.009
-5165.692,-2729.203,-1.437,80.848,-726.368,-0.006
-5164.295,-2739.673,-1.438,83.347,-727.322,-0.017
-5163.101,-2749.981,-1.439,83.385,-726.484,-0.023
-5161.847,-2760.110,-1.440,84.027,-723.912,-0.032
-5160.641,-2770.537,-1.442,84.081,-724.795,-0.040
-5159.579,-2780.618,-1.444,82.653,-721.976,-0.052
-5158.383,-2790.894,-1.445,82.808,-721.589,-0.057
-5157.325,-2801.198,-1.445,81.527,-721.541,-0.049
-5156.113,-2811.582,-1.446,82.004,-722.332,-0.049
-5154.845,-2822.004,-1.445,83.000,-723.392,-0.033
-5153.971,-2832.396,-1.443,79.798,-723.990,-0.010
-5152.975,-2842.844,-1.442,78.316,-725.064,0.002
-5152.031,-2853.274,-1.441,76.512,-725.811,0.010
-5151.257,-2863.476,-1.439,73.224,-724.094,0.024
-5150.209,-2873.818,-1.438,73.247,-724.069,0.028
-5149.193,-2884.317,-1.437,72.930,-725.664,0.041
-5148.251,-2894.777,-1.436,71.909,-726.625,0.040
-5147.038,-2905.234,-1.436,73.823,-727.412,0.039
-5146.015,-2915.665,-1.436,73.498,-727.824,0.034
-5144.744,-2926.030,-1.436,75.772,-727.486,0.029
-5143.529,-2936.512,-1.436,77.134,-728.411,0.017
-5142.378,-2946.885,-1.437,77.637,-728.073,0.010
-5141.075,-2957.203,-1.438,79.631,-727.217,-0.004
-5139.913,-2967.454,-1.440,79.883,-725.794,-0.019
-5138.673,-2977.940,-1.441,80.901,-727.008,-0.029
-5137.397,-2988.259,-1.442,82.141,-726.312,-0.034
-5136.445,-2998.653,-1.443,79.862,-726.507,-0.040
-5135.317,-3008.974,-1.446,79.730,-725.915,-0.054
-5134.159,-3019.465,-1.445,79.928,-727.151,-0.041
-5133.297,-3029.964,-1.445,77.038,-728.301,-0.036
-5132.096,-3040.308,-1.445,78.079,-727.678,-0.033
-5131.051,-3050.776,-1.445,77.350,-728.422,-0.022
-5129.884,-3061.167,-1.443,77.994,-728.264,-0.007
-5128.720,-3071.668,-1.443,78.505,-729.268,-0.005
-5127.798,-3082.019,-1.442,76.446,-728.583,0.007
-5126.609,-3092.484,-1.441,77.445,-729.163,0.016
-5125.646,-3102.899,-1.440,75.970,-729.142,0.026
-5124.543,-3113.242,-1.438,76.156,-728.397,0.037
-5123.374,-3123.951,-1.437,76.993,-731.513,0.042
-5122.149,-3134.450,-1.436,78.277,-732.021,0.046
-5121.317,-3144.877,-1.435,75.329,-731.701,0.045
-5120.145,-3155.364,-1.435,76.324,-732.050,0.038
-5119.106,-3165.809,-1.436,75.784,-731.925,0.025
-5117.952,-3176.354,-1.437,76.524,-732.836,0.019
-5116.788,-3186.628,-1.437,77.254,-730.830,0.011
-5115.554,-3197.260,-1.438,78.595,-732.803,0.003
-5114.188,-3207.848,-1.437,81.105,-734.032,0.005
-5113.038,-3218.178,-1.438,81.006,-732.421,0.003
-5111.854,-3228.492,-1.438,81.289,-730.891,-0.003
-5110.606,-3238.851,-1.438,82.171,-730.045,0.004
-5109.236,-3249.280,-1.437,84.197,-730.041,0.006
-5108.100,-3259.628,-1.437,83.515,-729.206,0.007
-5107.237,-3270.036,-1.436,80.111,-729.106,0.012
-5105.852,-3280.295,-1.436,82.584,-727.493,0.016
-5104.811,-3290.594,-1.435,81.163,-726.534,0.019
-5103.817,-3301.041,-1.435,79.455,-727.223,0.015
-5102.460,-3311.578,-1.435,81.735,-728.749,0.017
-5101.167,-3321.942,-1.434,83.025,-728.272,0.022
-5100.027,-3332.310,-1.435,82.552,-727.898,0.009
-5098.555,-3345.209,-1.434,85.569,-753.641,0.014
-5097.171,-3357.867,-1.435,87.227,-773.121,0.003
-5095.844,-3369.967,-1.436,88.066,-783.985,-0.005
-5094.537,-3381.747,-1.436,88.568,-789.958,0.000
-5093.200,-3393.147,-1.436,89.312,-791.135,-0.005
-5092.124,-3404.502,-1.437,87.257,-791.688,-0.011
-5090.979,-3415.483,-1.438,86.198,-788.296,-0.022
-5089.734,-3426.179,-1.439,86.344,-782.476,-0.026
-5088.675,-3436.616,-1.440,84.547,-774.853,-0.030
-5087.578,-3446.942,-1.439,83.406,-767.199,-0.019
-5086.516,-3457.271,-1.438,82.077,-760.702,-0.008
-5085.409,-3467.638,-1.439,81.405,-755.555,-0.013
-5084.187,-3477.837,-1.439,82.006,-749.435,-0.012
-5083.058,-3488.092,-1.439,81.573,-744.786,-0.007
-5081.878,-3498.391,-1.438,81.716,-741.273,0.003
-5080.820,-3508.718,-1.437,80.596,-738.572,0.010
-5079.818,-3518.929,-1.437,79.055,-735.069,0.010
-5078.676,-3529.215,-1.436,79.190,-732.864,0.015
-5077.526,-3539.464,-1.435,79.383,-730.590,0.022
-5076.227,-3549.637,-1.435,81.080,-727.875,0.019
-5075.098,-3559.852,-1.436,80.774,-725.981,0.012
-5073.821,-3570.106,-1.435,82.041,-724.780,0.018
-5072.477,-3580.367,-1.435,83.814,-723.824,0.013
-5071.458,-3590.726,-1.435,81.973,-724.010,0.014
-5070.216,-3601.125,-1.433,82.711,-724.594,0.026
-5069.080,-3611.505,-1.434,82.240,-724.888,0.018
-5067.877,-3621.870,-1.434,82.527,-724.983,0.011
-5066.562,-3632.176,-1.435,83.928,-724.462,-0.002
-5065.527,-3642.689,-1.435,82.244,-726.141,0.004
-5064.067,-3652.927,-1.435,85.179,-724.747,-0.000
-5062.808,-3663.158,-1.435,85.614,-723.492,-0.003
-5061.680,-3673.376,-1.436,84.630,-722.276,-0.008
-5060.416,-3683.657,-1.437,85.204,-721.897,-0.015
-5059.138,-3693.773,-1.438,85.827,-719.868,-0.020
-5057.889,-3704.011,-1.439,86.064,-719.392,-0.027
-5056.689,-3714.263,-1.439,85.759,-719.135,-0.028
-5055.487,-3724.493,-1.440,85.518,-718.694,-0.035
-5054.472,-3734.835,-1.441,83.388,-719.463,-0.037
-5053.198,-3745.028,-1.442,84.248,-718.584,-0.036
-5052.070,-3755.047,-1.442,83.466,-716.054,-0.032
-5051.147,-3765.379,-1.442,80.687,-717.102,-0.025
-5050.101,-3775.720,-1.441,79.595,-718.104,-0.019
-5048.845,-3786.001,-1.440,80.823,-718.332,-0.007
-5047.566,-3796.350,-1.440,82.101,-719.231,0.000
-5046.405,-3806.629,-1.438,81.977,-719.275,0.015
-5045.359,-3817.008,-1.436,80.688,-720.344,0.032
-5044.446,-3827.003,-1.435,78.219,-717.292,0.033
-5043.132,-3837.215,-1.435,80.245,-716.931,0.032
-5042.132,-3847.533,-1.435,78.734,-717.724,0.029
-5041.103,-3857.813,-1.434,77.755,-717.995,0.033
-5039.850,-3868.014,-1.433,79.222,-717.421,0.035
-5038.795,-3878.421,-1.433,78.429,-719.047,0.032
-5037.567,-3888.650,-1.433,79.530,-718.599,0.032
-5036.456,-3899.103,-1.433,79.279,-720.525,0.023
-5035.045,-3909.419,-1.434,82.141,-720.763,0.010
-5033.888,-3919.936,-1.433,81.969,-723.030,0.014
-5032.562,-3930.378,-1.436,83.575,-724.201,-0.010
-5031.124,-3940.752,-1.436,86.078,-724.490,-0.012
-5029.744,-3951.010,-1.436,87.627,-723.546,-0.010
-5028.226,-3961.401,-1.436,90.366,-724.103,-0.008
-5026.983,-3971.502,-1.437,89.873,-721.601,-0.015
-5025.540,-3981.642,-1.436,91.515,-719.862,-0.002
-5024.066,-3991.985,-1.435,93.227,-720.470,0.005
-5022.688,-4002.435,-1.434,93.709,-722.101,0.014
-5021.283,-4012.847,-1.433,94.387,-723.087,0.023
-5019.868,-4023.123,-1.432,95.070,-722.537,0.024
-5018.564,-4033.512,-1.433,94.514,-723.221,0.018
-5017.386,-4043.768,-1.432,92.744,-722.444,0.022
-5016.153,-4053.420,-1.432,91.798,-715.557,0.018
-5014.973,-4062.445,-1.432,90.445,-703.238,0.014
-5013.683,-4071.187,-1.432,90.419,-689.804,0.013
-5012.641,-4079.556,-1.432,87.848,-674.516,0.009
-5011.559,-4087.524,-1.431,86.071,-657.345,0.019
-5010.641,-4094.897,-1.430,82.862,-636.582,0.028
-5009.543,-4102.046,-1.429,81.981,-616.552,0.033
-5008.539,-4109.169,-1.428,80.259,-599.207,0.036
-5007.549,-4116.374,-1.426,78.642,-585.254,0.047
-5006.441,-4125.284,-1.426,78.488,-590.914,0.040
-5005.302,-4134.118,-1.427,78.673,-594.955,0.027
-5004.346,-4142.609,-1.427,76.947,-594.864,0.025
-5003.183,-4150.810,-1.427,77.598,-591.805,0.018
-5002.264,-4158.691,-1.428,75.652,-585.909,0.007
-5001.394,-4165.835,-1.430,73.476,-573.279,-0.015
-5000.536,-4172.167,-1.431,71.509,-554.154,-0.015
-4999.964,-4177.746,-1.432,66.872,-530.094,-0.024
-4999.491,-4182.971,-1.430,61.909,-505.928,-0.007
-4998.921,-4187.362,-1.430,58.672,-476.725,-0.002
-4998.203,-4191.480,-1.429,57.439,-449.009,0.007
-4997.672,-4195.722,-1.428,54.451,-426.637,0.018
-4997.102,-4199.688,-1.427,52.322,-404.730,0.022
-4996.398,-4203.626,-1.427,51.865,-385.743,0.019
-4995.456,-4207.930,-1.427,53.944,-373.322,0.018
-4994.775,-4212.478,-1.426,53.011,-365.234,0.021
-4994.166,-4216.878,-1.427,51.488,-356.830,0.013
-4993.533,-4220.725,-1.429,50.434,-343.952,-0.006
-4993.210,-4223.826,-1.429,46.336,-325.291,-0.011
-4993.035,-4226.520,-1.428,41.330,-305.179,0.003
-4992.989,-4228.481,-1.426,35.729,-280.491,0.018
-4993.063,-4229.944,-1.426,29.705,-254.303,0.021
-4992.938,-4230.977,-1.425,26.624,-227.532,0.028
-4993.018,-4232.104,-1.425,21.893,-205.667,0.019
-4992.678,-4233.404,-1.424,22.164,-188.811,0.022
-4992.305,-4235.155,-1.423,22.751,-179.069,0.033
-4992.007,-4236.960,-1.422,22.475,-171.315,0.035
-4991.675,-4239.038,-1.422,22.586,-167.508,0.030
-4991.096,-4241.300,-1.423,25.223,-166.164,0.022
-4990.735,-4243.404,-1.422,25.231,-163.390,0.021
-4990.463,-4245.292,-1.421,24.313,-158.797,0.030
-4990.229,-4246.628,-1.421,23.154,-149.201,0.028
-4990.041,-4246.819,-1.422,21.680,-129.224,0.011
-4990.131,-4246.267,-1.423,17.571,-104.531,-0.000
-4990.197,-4245.460,-1.424,14.302,-80.858,-0.010
-4990.309,-4244.527,-1.425,11.052,-59.351,-0.012
-4990.420,-4243.273,-1.423,8.281,-37.718,0.001
-4990.575,-4242.275,-1.422,5.466,-21.894,0.011
-4990.497,-4241.520,-1.422,5.468,-10.900,0.010
-4990.402,-4240.853,-1.422,5.637,-2.433,0.008
-4990.442,-4240.418,-1.422,4.392,2.400,0.010
-4990.610,-4240.067,-1.423,2.023,5.660,-0.001
-4990.816,-4239.446,-1.423,-0.402,11.225,-0.003
-4991.085,-4238.368,-1.423,-3.108,20.674,-0.002
-4991.474,-4236.736,-1.424,-6.655,34.434,-0.008
-4991.831,-4234.296,-1.424,-9.347,54.488,-0.011
-4992.174,-4231.527,-1.424,-11.507,74.979,-0.011
-4992.639,-4228.332,-1.425,-14.603,96.844,-0.013
-4993.219,-4224.136,-1.424,-18.428,125.795,-0.003
-4993.694,-4220.383,-1.423,-20.605,145.929,0.008
-4994.313,-4216.896,-1.423,-23.944,160.368,0.008
-4994.980,-4213.655,-1.422,-27.296,170.150,0.017
-4995.598,-4210.537,-1.420,-29.639,177.220,0.028
-4996.162,-4207.726,-1.420,-31.085,180.105,0.026
-4996.632,-4204.845,-1.420,-31.353,183.275,0.023
-4997.243,-4202.076,-1.420,-33.036,184.822,0.020
-4997.727,-4198.942,-1.419,-33.153,189.908,0.022
-4998.386,-4194.849,-1.419,-35.062,204.118,0.024
-4999.076,-4189.926,-1.420,-37.016,224.772,0.014
-4999.843,-4184.709,-1.418,-39.463,245.425,0.023
-5000.798,-4179.359,-1.418,-43.488,264.405,0.027
-5001.714,-4173.684,-1.417,-46.530,283.950,0.027
-5002.570,-4168.393,-1.417,-48.492,296.658,0.023
-5003.650,-4162.858,-1.416,-52.484,310.005,0.030
-5004.614,-4157.414,-1.417,-54.691,320.457,0.015
-5005.525,-4151.837,-1.416,-56.021,330.746,0.021
-5006.597,-4146.458,-1.416,-58.814,337.477,0.018
-5007.603,-4141.521,-1.415,-60.526,338.673,0.026
-5008.554,-4136.597,-1.416,-61.418,339.557,0.011
-5009.583,-4131.642,-1.415,-62.982,340.624,0.019
-5010.662,-4126.169,-1.415,-64.816,346.873,0.020
-5011.765,-4119.997,-1.415,-66.645,359.400,0.021
-5012.884,-4113.083,-1.414,-68.365,377.714,0.021
-5014.212,-4105.962,-1.414,-71.979,395.478,0.020
-5015.584,-4098.667,-1.414,-75.525,412.421,0.015
-5016.799,-4091.010,-1.414,-76.920,430.591,0.013
-5018.183,-4083.170,-1.414,-79.858,447.974,0.014
-5019.414,-4075.368,-1.415,-80.783,462.413,0.004
-5020.714,-4067.582,-1.416,-82.284,474.566,-0.007
-5022.108,-4059.833,-1.416,-84.542,484.536,-0.003
-5023.581,-4051.857,-1.416,-87.268,495.396,-0.009
-5025.117,-4043.892,-1.417,-90.247,504.531,-0.014
-5026.422,-4036.001,-1.419,-90.409,511.569,-0.027
-5027.824,-4028.154,-1.418,-91.547,517.114,-0.023
-5029.392,-4019.704,-1.420,-94.216,528.060,-0.030
-5030.864,-4010.696,-1.420,-95.519,543.132,-0.031
-5032.760,-4001.396,-1.420,-100.987,558.997,-0.023
-5034.507,-3991.729,-1.419,-104.124,576.296,-0.015
-5036.413,-3982.002,-1.418,-108.427,591.684,0.003
-5038.259,-3971.953,-1.417,-111.495,608.121,0.012
-5040.214,-3961.446,-1.415,-115.218,626.850,0.026
-5042.746,-3948.817,-1.413,-124.339,664.676,0.042
-5045.373,-3936.747,-1.411,-133.101,691.179,0.055
-5047.814,-3924.702,-1.408,-138.654,713.528,0.075
-5050.263,-3912.994,-1.406,-143.471,729.124,0.082
-5052.583,-3901.590,-1.405,-146.259,739.295,0.082
-5055.017,-3890.676,-1.405,-149.807,742.920,0.068
-5057.098,-3879.739,-1.403,-149.194,746.260,0.075
-5059.297,-3869.215,-1.401,-149.890,744.848,0.081
-5061.517,-3858.957,-1.402,-150.698,740.908,0.067
-5063.719,-3848.752,-1.403,-151.208,736.999,0.043
-5065.822,-3838.785,-1.404,-150.626,731.221,0.028
-5067.931,-3828.894,-1.405,-150.181,725.504,0.012
-5070.013,-3818.981,-1.407,-149.529,720.859,-0.003
-5072.235,-3809.040,-1.408,-150.416,717.182,-0.017
-5074.177,-3799.480,-1.410,-148.286,710.133,-0.030
-5076.130,-3789.854,-1.412,-146.580,704.791,-0.043
-5078.144,-3780.219,-1.414,-145.756,700.327,-0.056
-5080.263,-3770.542,-1.414,-146.139,696.948,-0.052
-5082.461,-3760.908,-1.415,-147.277,693.635,-0.053
-5084.409,-3751.392,-1.414,-145.660,689.588,-0.037
-5086.452,-3741.710,-1.414,-145.274,687.842,-0.033
-5088.291,-3732.019,-1.414,-142.837,686.454,-0.028
-5090.440,-3722.303,-1.413,-143.957,685.519,-0.015
-5092.284,-3712.559,-1.413,-141.771,685.015,-0.006
-5094.037,-3702.877,-1.413,-138.964,683.946,-0.005
-5096.021,-3693.082,-1.412,-138.949,684.202,0.007
-5098.522,-3680.869,-1.410,-144.271,709.302,0.018
-5100.954,-3668.954,-1.410,-148.088,727.645,0.020
-5103.170,-3657.381,-1.409,-149.127,739.774,0.023
-5105.450,-3646.507,-1.409,-150.661,742.923,0.018
-5107.488,-3635.611,-1.410,-149.487,745.833,0.006
-5109.572,-3625.042,-1.411,-148.952,744.958,-0.003
-5111.535,-3614.685,-1.411,-147.251,742.015,-0.000
-5113.495,-3604.360,-1.412,-145.773,739.179,-0.008
-5115.439,-3594.124,-1.412,-144.352,735.853,-0.009
-5117.293,-3584.085,-1.413,-142.214,730.982,-0.013
-5119.221,-3574.448,-1.413,-141.145,722.685,-0.014
-5121.052,-3564.788,-1.413,-139.230,715.847,-0.009
-5123.038,-3554.832,-1.413,-139.200,713.069,-0.014
-5124.753,-3545.235,-1.414,-136.388,706.993,-0.016
-5126.660,-3535.628,-1.413,-135.956,701.921,-0.012
-5128.392,-3525.837,-1.413,-133.793,699.489,-0.008
-5130.229,-3516.038,-1.413,-133.029,697.497,-0.001
-5132.023,-3506.306,-1.412,-131.938,695.103,0.008
-5133.919,-3496.594,-1.410,-132.049,692.853,0.025
-5135.841,-3486.991,-1.409,-132.419,689.820,0.025
-5137.870,-3477.176,-1.410,-133.833,689.412,0.019
-5139.795,-3467.480,-1.408,-133.971,687.840,0.029
-5141.723,-3457.714,-1.408,-134.109,687.216,0.027
-5143.601,-3447.816,-1.409,-133.719,688.051,0.013
-5145.536,-3437.990,-1.409,-133.976,688.021,0.015
-5147.223,-3428.041,-1.409,-131.636,689.258,0.009
-5149.106,-3418.188,-1.408,-131.672,689.319,0.014
-5150.929,-3408.328,-1.407,-131.069,689.454,0.021
-5152.912,-3398.629,-1.407,-132.201,687.906,0.022
-5154.674,-3388.665,-1.407,-130.905,689.310,0.020
-5156.561,-3378.752,-1.407,-131.072,689.983,0.015
-5158.384,-3368.824,-1.407,-130.574,690.721,0.013
-5160.287,-3358.904,-1.408,-130.956,691.261,0.005
-5161.958,-3349.164,-1.408,-128.905,689.867,0.000
-5163.830,-3339.348,-1.409,-129.209,689.465,-0.011
-5165.587,-3329.640,-1.410,-128.298,688.009,-0.021
-5167.502,-3319.900,-1.410,-129.150,687.096,-0.013
-5169.319,-3310.223,-1.410,-128.860,685.666,-0.011
-5171.167,-3300.500,-1.409,-128.932,684.927,-0.004
-5172.989,-3290.795,-1.408,-128.727,684.107,0.006
-5175.107,-3281.050,-1.408,-131.599,683.815,0.009
-5177.031,-3271.179,-1.407,-132.053,684.871,0.015
-5179.031,-3261.353,-1.407,-133.223,685.300,0.015
-5180.979,-3251.640,-1.406,-133.680,684.503,0.020
-5182.972,-3241.719,-1.407,-134.541,685.975,0.011
-5185.232,-3231.734,-1.407,-138.023,687.882,0.011
-5187.212,-3222.011,-1.407,-138.109,686.808,0.006
-5189.326,-3212.289,-1.407,-139.549,685.893,0.007
-5191.054,-3202.266,-1.407,-136.820,688.200,0.006
-5193.140,-3192.172,-1.407,-138.172,690.907,0.005
-5195.028,-3181.524,-1.407,-137.288,698.917,0.002
-5196.943,-3170.305,-1.408,-136.810,711.619,-0.004
-5198.977,-3158.952,-1.408,-137.630,723.844,-0.005
-5200.996,-3147.281,-1.409,-138.172,737.540,-0.013
-5203.047,-3135.304,-1.410,-138.968,752.371,-0.025
-5205.107,-3122.735,-1.413,-139.737,771.114,-0.043
-5207.404,-3110.236,-1.413,-142.837,786.385,-0.040
-5209.368,-3097.842,-1.414,-142.047,798.319,-0.043
-5211.531,-3085.135,-1.416,-143.429,811.728,-0.056
-5213.467,-3072.293,-1.416,-142.263,824.556,-0.047
-5215.626,-3059.473,-1.416,-143.566,835.270,-0.037
-5217.785,-3046.704,-1.414,-144.676,843.886,-0.019
-5219.873,-3033.843,-1.413,-144.890,852.176,-0.008
-5222.093,-3021.154,-1.412,-146.445,857.474,0.010
-5224.351,-3008.462,-1.410,-148.151,862.030,0.020
-5226.592,-2995.690,-1.410,-149.435,866.740,0.017
-5229.038,-2983.012,-1.410,-152.631,869.781,0.015
-5231.287,-2970.301,-1.411,-153.344,872.726,0.007
-5233.636,-2957.763,-1.411,-154.973,873.452,0.003
-5236.238,-2945.287,-1.412,-158.971,873.433,-0.003
-5238.350,-2932.663,-1.412,-157.327,874.943,-0.009
-5240.759,-2919.950,-1.414,-158.995,877.143,-0.025
-5243.103,-2907.404,-1.416,-159.738,877.297,-0.037
-5245.390,-2894.946,-1.418,-159.791,876.531,-0.047
-5247.727,-2882.413,-1.419,-160.353,876.638,-0.053
-5249.875,-2869.793,-1.419,-158.885,877.638,-0.048
-5252.134,-2857.414,-1.419,-158.776,876.001,-0.039
-5254.254,-2845.204,-1.418,-157.250,872.869,-0.027
-5256.356,-2832.765,-1.418,-155.764,872.556,-0.016
-5258.507,-2820.324,-1.417,-154.993,872.307,-0.011
-5260.591,-2807.960,-1.416,-153.653,871.303,0.006
-5262.849,-2795.605,-1.415,-154.303,870.351,0.011
-5265.075,-2783.130,-1.414,-154.521,870.780,0.017
-5267.258,-2770.759,-1.412,-154.272,870.080,0.032
-5269.548,-2758.198,-1.411,-155.163,871.431,0.043
-5271.780,-2745.235,-1.411,-155.319,876.713,0.034
-5274.061,-2731.855,-1.411,-155.954,885.526,0.033
-5276.543,-2718.154,-1.410,-158.573,896.343,0.031
-5279.002,-2704.249,-1.410,-160.570,907.669,0.029
-5281.629,-2689.829,-1.410,-164.000,922.629,0.023
-5284.389,-2675.084,-1.410,-168.293,938.730,0.024
-5286.961,-2660.203,-1.408,-170.017,953.868,0.034
-5289.228,-2645.323,-1.407,-168.353,966.774,0.040
-5291.845,-2630.175,-1.405,-170.534,980.539,0.058
-5294.325,-2615.046,-1.403,-170.982,992.084,0.063
-5296.802,-2599.970,-1.403,-171.341,1001.377,0.054
-5299.193,-2584.684,-1.403,-170.759,1011.476,0.049
-5302.017,-2569.464,-1.403,-174.714,1019.404,0.039
-5304.552,-2554.284,-1.404,-175.122,1025.755,0.028
-5307.231,-2539.100,-1.403,-176.946,1031.221,0.030
-5309.820,-2523.827,-1.404,-177.577,1036.795,0.021
-5312.524,-2508.584,-1.405,-179.298,1041.234,0.007
-5315.380,-2493.273,-1.406,-182.328,1045.720,-0.008
-5318.141,-2478.023,-1.407,-183.935,1048.931,-0.014
-5320.945,-2462.448,-1.407,-185.748,1055.007,-0.016
-5324.028,-2447.015,-1.408,-190.175,1058.732,-0.020
-5326.904,-2431.562,-1.409,-191.809,1062.109,-0.023
-5329.598,-2416.374,-1.409,-191.333,1062.259,-0.018
-5332.397,-2401.081,-1.410,-192.015,1063.472,-0.025
-5335.417,-2385.798,-1.409,-194.867,1064.403,-0.018
-5338.341,-2370.657,-1.408,-196.311,1063.739,-0.007
-5341.093,-2355.580,-1.408,-195.765,1062.511,-0.003
-5344.049,-2340.478,-1.408,-197.404,1061.719,0.003
-5347.146,-2325.429,-1.407,-200.265,1060.506,0.009
-5349.928,-2310.564,-1.406,-199.446,1057.571,0.011
-5352.614,-2295.550,-1.406,-197.765,1056.599,0.012
-5355.486,-2280.688,-1.406,-198.248,1054.202,0.008
-5358.315,-2265.772,-1.406,-198.220,1052.722,0.009
-5361.106,-2250.720,-1.405,-197.797,1052.861,0.018
-5363.977,-2235.839,-1.405,-198.259,1051.212,0.017
-5366.752,-2220.985,-1.405,-197.672,1049.534,0.017
-5369.727,-2206.020,-1.404,-199.226,1049.239,0.017
-5372.423,-2191.008,-1.405,-197.683,1049.481,0.007
-5375.189,-2176.123,-1.405,-197.088,1048.370,0.005
-5379.469,-2153.297,-1.405,-212.158,1129.170,0.010
-5383.536,-2131.734,-1.404,-222.830,1185.096,0.018
-5387.520,-2111.279,-1.404,-231.073,1221.389,0.012
-5391.179,-2091.766,-1.404,-234.754,1242.641,0.008
-5394.721,-2073.190,-1.404,-236.693,1251.118,0.012
-5398.052,-2055.447,-1.402,-236.177,1249.778,0.022
-5401.246,-2038.396,-1.403,-234.325,1241.517,0.016
-5404.197,-2022.137,-1.403,-230.244,1226.307,0.011
-5407.010,-2006.289,-1.404,-225.339,1209.109,0.004
-5409.972,-1990.658,-1.404,-222.691,1192.207,0.005
-5412.805,-1975.497,-1.404,-219.112,1172.952,0.000
-5415.445,-1960.449,-1.405,-214.067,1155.366,-0.009
-5418.111,-1945.375,-1.405,-210.031,1140.631,-0.010
-5420.825,-1930.477,-1.406,-207.082,1126.251,-0.015
-5423.364,-1915.850,-1.406,-202.757,1111.192,-0.018
-5426.051,-1901.388,-1.404,-200.608,1096.655,0.008
-5428.873,-1886.880,-1.403,-200.154,1084.730,0.015
-5431.874,-1872.253,-1.402,-201.613,1075.789,0.023
-5434.646,-1857.747,-1.400,-200.495,1066.908,0.037
-5437.481,-1843.003,-1.400,-200.199,1061.790,0.035
-5440.363,-1828.267,-1.399,-200.421,1057.333,0.038
-5443.116,-1813.616,-1.399,-199.287,1052.658,0.032
-5445.806,-1798.863,-1.400,-197.669,1049.726,0.019
-5448.427,-1784.033,-1.400,-195.587,1048.021,0.016
-5451.401,-1769.297,-1.400,-197.436,1045.595,0.010
-5454.138,-1754.544,-1.402,-196.575,1043.697,-0.004
-5456.779,-1739.784,-1.403,-194.855,1042.158,-0.016
-5459.609,-1725.049,-1.404,-195.331,1040.578,-0.020
-5462.348,-1710.422,-1.403,-194.805,1038.123,-0.009
-5465.037,-1695.589,-1.403,-193.834,1038.152,-0.006
-5467.858,-1680.808,-1.401,-194.376,1037.639,0.006
-5470.851,-1665.827,-1.401,-196.595,1039.263,0.011
-5473.646,-1650.920,-1.398,-196.458,1039.884,0.033
-5476.525,-1636.142,-1.396,-197.205,1039.081,0.046
-5479.287,-1621.347,-1.395,-196.636,1038.584,0.054
-5482.177,-1606.359,-1.394,-197.473,1040.133,0.058
-5484.801,-1591.316,-1.393,-195.441,1042.033,0.051
-5487.707,-1576.230,-1.395,-196.615,1044.092,0.026
-5490.619,-1561.357,-1.396,-197.678,1043.645,0.014
-5493.389,-1546.345,-1.398,-197.121,1044.703,-0.002
-5495.999,-1531.241,-1.399,-195.001,1046.557,-0.017
-5498.837,-1516.077,-1.401,-195.539,1048.749,-0.031
-5501.441,-1501.006,-1.402,-193.587,1049.667,-0.041
-5504.825,-1482.127,-1.403,-199.955,1089.646,-0.040
-5508.240,-1463.840,-1.403,-205.708,1117.660,-0.036
-5511.494,-1446.044,-1.402,-208.950,1136.493,-0.022
-5514.761,-1428.684,-1.402,-211.853,1148.060,-0.015
-5518.066,-1411.822,-1.401,-214.720,1152.809,-0.005
-5521.039,-1395.501,-1.400,-213.752,1151.288,0.002
-5524.183,-1379.407,-1.400,-214.681,1147.658,0.010
-5527.057,-1363.739,-1.399,-212.693,1140.170,0.014
-5529.894,-1348.270,-1.399,-210.620,1131.744,0.015
-5532.700,-1333.088,-1.398,-208.530,1121.593,0.017
-5535.662,-1318.182,-1.398,-208.352,1110.095,0.018
-5538.356,-1303.356,-1.397,-205.452,1099.466,0.020
-5540.991,-1288.642,-1.397,-202.363,1089.248,0.017
-5543.695,-1273.858,-1.397,-200.439,1081.247,0.018
-5546.381,-1259.299,-1.397,-198.607,1072.115,0.012
-5548.996,-1244.747,-1.397,-196.322,1064.255,0.015
-5551.786,-1230.379,-1.396,-196.174,1055.645,0.020
-5554.399,-1216.089,-1.395,-194.226,1047.508,0.026
-5557.165,-1201.701,-1.395,-194.134,1041.576,0.019
-5559.970,-1187.267,-1.395,-194.459,1036.988,0.021
-5562.976,-1172.732,-1.396,-196.803,1034.116,0.007
-5565.665,-1158.363,-1.396,-195.541,1029.954,0.004
-5568.380,-1143.999,-1.397,-194.737,1026.360,-0.005
-5571.078,-1129.548,-1.399,-193.874,1024.184,-0.021
-5573.916,-1114.876,-1.401,-194.577,1024.600,-0.038
-5576.703,-1100.218,-1.402,-194.653,1024.819,-0.045
-5579.335,-1085.458,-1.404,-193.124,1026.046,-0.050
-5581.819,-1070.758,-1.404,-190.293,1026.483,-0.048
-5584.627,-1055.861,-1.406,-191.211,1028.882,-0.054
-5587.375,-1041.292,-1.406,-191.381,1027.544,-0.051
-5590.040,-1026.515,-1.407,-190.669,1028.555,-0.049
-5592.780,-1011.833,-1.407,-190.834,1028.441,-0.044
-5595.513,-997.162,-1.408,-190.910,1028.219,-0.046
-5598.200,-982.394,-1.407,-190.494,1029.036,-0.035
-5600.894,-967.532,-1.407,-190.209,1030.696,-0.022
-5603.447,-952.909,-1.406,-188.522,1029.657,-0.009
-5606.189,-938.184,-1.404,-189.027,1029.818,0.006
-5608.915,-923.476,-1.403,-189.284,1029.778,0.016
-5611.586,-908.753,-1.402,-188.946,1029.895,0.023
-5614.279,-893.801,-1.401,-188.880,1032.359,0.030
-5617.061,-879.127,-1.398,-189.739,1031.601,0.049
-5619.692,-864.408,-1.397,-188.925,1031.415,0.052
-5622.585,-849.525,-1.397,-190.928,1032.942,0.043
-5625.467,-834.571,-1.398,-192.516,1034.979,0.034
-5628.133,-819.756,-1.398,-191.641,1035.283,0.025
-5630.989,-804.876,-1.397,-192.862,1036.216,0.031
-5633.876,-789.991,-1.396,-194.221,1037.057,0.034
-5636.410,-775.382,-1.395,-191.742,1034.933,0.039
-5639.222,-760.725,-1.394,-192.493,1033.614,0.046
-5641.929,-745.960,-1.393,-192.055,1033.605,0.045
-5644.458,-731.342,-1.392,-189.838,1032.083,0.052
-5647.337,-716.615,-1.391,-191.565,1031.911,0.056
-5650.119,-701.985,-1.390,-192.029,1030.759,0.051
-5652.746,-687.114,-1.392,-190.824,1032.261,0.031
-5655.523,-672.270,-1.392,-191.358,1033.270,0.028
-5658.464,-657.300,-1.393,-193.494,1035.417,0.013
-5661.213,-642.423,-1.394,-193.339,1036.299,-0.004
-5663.986,-627.475,-1.395,-193.446,1037.774,-0.008
-5666.728,-612.484,-1.397,-193.218,1039.482,-0.025
-5669.607,-597.388,-1.399,-194.451,1042.022,-0.044
-5672.393,-582.565,-1.400,-194.530,1041.370,-0.041
-5675.231,-567.632,-1.400,-195.138,1041.949,-0.036
-5678.056,-552.683,-1.400,-195.519,1042.607,-0.034
-5680.831,-537.718,-1.400,-195.337,1043.332,-0.032
-5683.565,-522.829,-1.400,-194.755,1043.167,-0.029
-5686.289,-508.362,-1.401,-194.153,1038.693,-0.030
-5688.929,-494.118,-1.401,-192.783,1032.570,-0.028
-5690.591,-471.394,-1.402,-181.536,1114.651,-0.028
-5692.776,-448.854,-1.401,-177.336,1182.758,-0.020
-5694.933,-428.125,-1.402,-173.457,1222.214,-0.021
-5697.052,-409.221,-1.403,-169.761,1237.077,-0.029
-5699.495,-391.776,-1.404,-169.949,1234.740,-0.040
-5701.863,-375.604,-1.406,-169.327,1219.633,-0.044
-5704.142,-360.568,-1.408,-167.884,1195.059,-0.057
-5706.261,-346.399,-1.410,-165.010,1165.169,-0.068
-5708.500,-332.967,-1.411,-163.802,1132.088,-0.068
-5710.738,-320.191,-1.411,-162.746,1097.126,-0.059
-5711.320,-300.714,-1.412,-144.806,1136.278,-0.061
-5712.111,-282.823,-1.411,-131.648,1153.357,-0.042
-5713.151,-266.311,-1.410,-122.995,1153.722,-0.028
-5714.779,-250.746,-1.410,-121.672,1144.279,-0.021
-5716.056,-236.020,-1.408,-116.918,1127.593,0.001
-5717.625,-222.078,-1.407,-115.881,1105.292,0.007
-5719.314,-208.947,-1.406,-116.224,1077.923,0.020
-5721.160,-196.347,-1.404,-118.136,1049.102,0.032
-5722.864,-184.404,-1.402,-118.299,1017.771,0.046
-5724.723,-173.111,-1.402,-120.037,984.349,0.039
-5726.552,-162.398,-1.401,-121.222,949.866,0.046
-5728.454,-152.289,-1.402,-122.970,914.242,0.027
-5730.546,-142.457,-1.403,-126.428,881.001,0.019
-5732.422,-133.122,-1.404,-127.143,847.540,0.000
-5734.382,-123.917,-1.406,-128.624,817.653,-0.014
-5736.206,-115.009,-1.406,-128.477,789.112,-0.015
-5737.831,-106.311,-1.406,-126.316,762.607,-0.015
-5739.619,-97.117,-1.407,-126.148,745.094,-0.019
-5740.967,-87.995,-1.409,-121.472,729.431,-0.032
-5742.680,-78.647,-1.410,-121.236,718.385,-0.042
-5744.296,-69.088,-1.409,-120.047,711.145,-0.027
-5745.770,-59.435,-1.409,-117.561,705.934,-0.025
-5747.230,-49.717,-1.410,-115.306,702.156,-0.027
-5749.034,-37.837,-1.410,-116.924,721.189,-0.020
-5750.571,-26.492,-1.410,-115.554,731.927,-0.020
-5752.005,-15.900,-1.411,-113.318,733.321,-0.024
-5753.517,-6.066,-1.409,-112.211,726.710,-0.004
-5754.922,3.356,-1.408,-110.179,716.831,0.004
-5756.194,12.014,-1.409,-107.068,700.542,-0.005
-5757.386,20.320,-1.410,-103.590,683.026,-0.011
-5758.561,28.118,-1.411,-100.457,662.853,-0.019
-5759.805,35.516,-1.413,-98.487,641.532,-0.035
-5760.908,42.625,-1.414,-95.356,620.362,-0.043
-5761.982,49.488,-1.416,-92.392,599.787,-0.050
-5763.230,56.500,-1.417,-91.653,583.760,-0.057
-5764.211,63.362,-1.418,-88.279,568.550,-0.057
-5765.498,70.294,-1.418,-88.540,556.298,-0.050
-5766.634,77.292,-1.419,-87.217,546.532,-0.053
-5767.666,84.231,-1.420,-85.004,537.588,-0.055
-5768.983,91.271,-1.420,-86.072,531.000,-0.049
-5770.195,98.013,-1.420,-85.886,522.313,-0.035
-5771.403,104.251,-1.419,-85.696,509.715,-0.023
-5772.314,110.015,-1.417,-82.469,494.092,-0.002
-5773.188,115.524,-1.417,-79.329,478.148,-0.003
-5773.979,120.721,-1.418,-75.816,461.328,-0.005
-5774.917,125.528,-1.417,-74.314,442.970,-0.002
-5775.624,129.987,-1.420,-70.662,423.728,-0.022
-5776.481,134.441,-1.421,-69.102,407.255,-0.034
-5777.393,140.040,-1.421,-68.323,405.003,-0.024
-5778.314,146.873,-1.420,-67.761,415.786,-0.017
-5779.106,153.484,-1.419,-65.946,422.698,-0.007
-5779.821,159.774,-1.421,-63.611,425.283,-0.023
-5780.670,165.743,-1.422,-62.999,424.186,-0.026
-5781.384,171.364,-1.421,-61.076,419.676,-0.015
-5782.100,176.951,-1.422,-59.468,415.464,-0.018
-5782.703,182.314,-1.423,-56.930,409.581,-0.026
-5783.526,187.599,-1.425,-57.030,403.750,-0.039
-5784.026,192.404,-1.425,-53.791,393.838,-0.040
-5784.510,196.757,-1.426,-50.859,380.730,-0.043
-5784.805,200.523,-1.427,-46.416,363.502,-0.041
-5785.010,203.798,-1.427,-41.700,343.766,-0.038
-5785.227,206.402,-1.428,-37.806,320.012,-0.038
-5785.292,208.414,-1.427,-32.910,293.660,-0.027
-5785.425,210.352,-1.423,-29.446,270.425,0.020
-5785.733,212.045,-1.421,-28.285,248.083,0.035
-5786.154,213.639,-1.420,-28.457,228.015,0.037
-5786.565,215.211,-1.420,-28.500,210.659,0.029
-5787.071,216.849,-1.418,-29.522,196.545,0.050
-5787.701,218.585,-1.417,-31.658,185.506,0.047
-5788.302,220.493,-1.418,-33.191,177.869,0.029
-5788.850,222.574,-1.416,-33.956,173.132,0.048
-5789.365,224.807,-1.416,-34.263,170.657,0.042
-5789.757,227.076,-1.417,-33.258,168.924,0.019
-5790.091,229.323,-1.417,-31.805,167.205,0.023
-5790.415,231.479,-1.415,-30.463,164.816,0.034
-5790.771,233.894,-1.414,-29.646,165.439,0.041
-5791.217,236.194,-1.414,-29.881,164.781,0.035
-5791.380,238.271,-1.413,-27.171,161.928,0.038
-5791.586,239.779,-1.413,-25.291,153.638,0.033
-5791.646,240.716,-1.411,-22.181,140.697,0.044
-5791.620,240.943,-1.410,-18.661,122.343,0.049
-5791.377,240.608,-1.410,-13.416,100.900,0.045
-5791.129,239.851,-1.408,-8.890,78.260,0.060
-5791.203,239.179,-1.410,-8.341,59.836,0.030
-5791.254,238.225,-1.411,-7.644,41.217,0.011
-5791.133,237.397,-1.411,-5.273,26.627,0.008
-5791.054,236.697,-1.414,-3.679,15.512,-0.016
-5790.965,236.092,-1.412,-2.219,6.994,0.008
-5790.806,235.559,-1.412,-0.261,0.488,0.003
-5790.618,235.057,-1.412,1.713,-4.756,-0.001
-5790.519,234.640,-1.412,2.487,-8.350,0.006
-5790.439,234.191,-1.412,2.940,-11.740,0.002
-5790.482,233.245,-1.412,2.059,-19.752,0.004
-5790.168,232.214,-1.410,4.992,-27.469,0.015
-5789.842,230.396,-1.410,7.611,-42.143,0.016
-5789.479,227.752,-1.413,10.240,-63.158,-0.010
-5789.044,224.777,-1.411,13.204,-84.501,0.011
-5788.579,221.687,-1.412,16.056,-103.881,-0.003
-5787.932,218.531,-1.411,20.350,-121.091,0.004
-5787.395,215.026,-1.413,22.891,-139.367,-0.015
-5786.929,211.848,-1.414,24.315,-151.595,-0.023
-5786.620,208.817,-1.418,23.922,-160.504,-0.052
-5786.375,206.117,-1.421,22.923,-164.687,-0.074
-5786.130,203.008,-1.423,22.076,-172.474,-0.085
-5785.891,200.143,-1.425,21.296,-176.605,-0.088
-5785.494,197.483,-1.426,22.250,-178.016,-0.084
-5785.222,194.655,-1.426,21.775,-180.954,-0.072
-5784.656,191.975,-1.426,24.397,-181.922,-0.061
-5784.189,189.357,-1.425,25.618,-182.119,-0.050
-5783.675,186.649,-1.425,27.143,-183.218,-0.034
-5783.082,183.853,-1.423,29.254,-185.058,-0.011
-5782.875,181.030,-1.421,27.076,-186.898,0.008
-5782.587,178.399,-1.419,26.067,-186.499,0.021
-5782.470,175.731,-1.416,23.440,-186.539,0.051
-5782.392,172.982,-1.414,20.791,-187.404,0.062
-5781.902,170.407,-1.412,22.778,-186.356,0.068
-5781.667,167.621,-1.411,21.853,-187.632,0.070
-5781.334,165.245,-1.411,22.062,-184.498,0.063
-5780.994,162.790,-1.411,22.324,-182.636,0.048
-5780.687,160.250,-1.412,22.194,-181.924,0.038
-5780.284,157.694,-1.412,23.080,-181.476,0.029
-5780.028,155.192,-1.412,22.316,-180.552,0.023
-5779.629,152.725,-1.412,23.142,-179.395,0.023
-5779.280,150.117,-1.412,23.337,-179.854,0.022
-5779.040,147.525,-1.412,22.377,-180.095,0.016
-5778.745,144.891,-1.411,22.122,-180.723,0.019
-5778.586,142.306,-1.410,20.505,-180.759,0.025
-5778.542,139.750,-1.411,17.945,-180.487,0.019
-5778.216,137.018,-1.411,18.655,-182.063,0.017
-5777.985,134.502,-1.411,18.292,-181.195,0.007
-5777.794,131.987,-1.411,17.568,-180.431,0.011
-5777.594,129.467,-1.411,17.041,-179.841,0.009
-5777.123,126.825,-1.411,19.393,-180.591,0.005
-5776.600,124.302,-1.412,21.918,-180.010,-0.003
-5775.991,121.833,-1.412,24.970,-178.950,-0.002
-5775.562,119.366,-1.412,25.706,-178.028,-0.004
-5775.104,116.885,-1.413,26.641,-177.391,-0.010
-5774.614,114.378,-1.414,27.768,-177.105,-0.020
-5774.390,111.986,-1.414,25.991,-175.684,-0.021
-5774.079,109.326,-1.415,25.375,-177.230,-0.022
-5773.840,106.654,-1.414,24.098,-178.673,-0.011
-5773.604,103.934,-1.414,22.980,-180.400,-0.005
-5773.176,101.347,-1.413,24.010,-180.504,-0.001
-5772.782,98.624,-1.414,24.541,-181.993,-0.008
-5772.562,95.912,-1.415,23.192,-183.140,-0.013
-5772.190,93.372,-1.416,23.605,-182.355,-0.020
-5771.965,90.809,-1.416,22.459,-181.922,-0.022
-5771.847,88.401,-1.418,20.374,-179.956,-0.038
-5771.628,85.332,-1.418,19.627,-185.090,-0.034
-5771.086,82.317,-1.419,22.317,-188.911,-0.037
-5770.453,79.656,-1.419,25.556,-188.514,-0.035
-5770.084,76.941,-1.418,25.596,-188.746,-0.020
-5769.697,74.363,-1.418,25.809,-187.529,-0.014
-5769.326,71.649,-1.418,25.838,-187.890,-0.009
-5768.892,68.982,-1.417,26.505,-187.710,-0.002
-5768.445,66.185,-1.417,27.214,-188.895,-0.002
-5768.096,63.457,-1.417,26.797,-189.206,-0.004
-5767.889,60.857,-1.417,24.994,-188.139,0.005
-5767.550,58.299,-1.416,24.805,-186.802,0.006
-5767.143,55.802,-1.417,25.344,-185.040,0.000
-5766.946,53.249,-1.417,23.646,-184.108,0.003
-5766.584,50.806,-1.419,23.897,-182.185,-0.017
-5766.244,48.177,-1.418,23.883,-182.454,-0.011
-5766.032,45.662,-1.419,22.548,-181.514,-0.012
-5765.763,43.312,-1.419,22.007,-179.014,-0.009
-5765.354,40.724,-1.418,22.985,-179.330,-0.005
-5764.930,38.194,-1.418,23.965,-179.000,-0.001
-5764.370,35.637,-1.417,26.203,-178.997,0.010
-5763.987,33.067,-1.416,26.288,-179.125,0.018
-5763.439,30.344,-1.417,28.066,-180.821,0.006
-5763.312,27.662,-1.417,25.244,-181.832,0.005
-5763.017,25.010,-1.417,24.577,-182.392,0.006
-5762.799,22.485,-1.417,23.204,-181.567,0.005
-5762.308,20.122,-1.416,24.847,-179.187,0.007
-5761.817,17.631,-1.417,26.249,-178.485,0.001
-5761.592,15.057,-1.417,24.697,-178.728,-0.005
-5761.461,12.747,-1.418,22.417,-176.226,-0.007
-5761.163,10.185,-1.417,22.191,-176.682,-0.004
-5760.950,7.663,-1.416,21.114,-176.665,0.013
-5760.687,5.110,-1.414,20.722,-176.966,0.025
-5760.285,2.405,-1.413,21.811,-178.784,0.030
-5759.902,-0.434,-1.412,22.547,-181.719,0.038
-5759.542,-3.115,-1.412,22.944,-182.599,0.032
-5759.523,-5.664,-1.412,19.758,-181.977,0.031
-5759.335,-8.291,-1.412,18.782,-182.264,0.019
-5759.088,-10.744,-1.413,18.566,-180.712,0.016
-5758.914,-13.300,-1.413,17.628,-180.451,0.013
-5758.646,-15.805,-1.414,17.790,-179.696,-0.005
-5758.339,-18.392,-1.415,18.335,-179.900,-0.012
-5757.848,-20.971,-1.415,20.698,-179.990,-0.009
-5757.387,-24.431,-1.415,22.399,-189.144,-0.010
-5757.089,-27.741,-1.417,22.176,-195.400,-0.021
-5756.524,-30.719,-1.418,24.727,-197.327,-0.027
-5756.333,-33.980,-1.418,23.059,-201.870,-0.027
-5756.362,-36.886,-1.417,19.367,-202.097,-0.018
-5756.210,-39.757,-1.417,18.081,-201.932,-0.010
-5756.269,-42.634,-1.416,14.823,-201.860,0.002
-5756.081,-45.390,-1.415,14.573,-200.545,0.011
-5755.796,-47.997,-1.413,15.366,-197.891,0.022
-5755.655,-50.756,-1.412,14.554,-197.186,0.028
-5755.708,-53.653,-1.412,11.867,-198.010,0.025
-5755.470,-56.308,-1.412,12.575,-196.226,0.022
-5755.154,-58.842,-1.412,13.978,-193.452,0.025
-5754.657,-61.214,-1.411,17.045,-189.415,0.023
-5754.248,-63.959,-1.411,18.742,-189.822,0.025
-5753.702,-66.529,-1.411,21.610,-188.360,0.024
-5753.388,-69.091,-1.411,21.667,-187.039,0.021
-5752.958,-71.664,-1.411,22.908,-186.012,0.013
-5752.402,-74.300,-1.410,25.261,-185.800,0.019
-5752.114,-76.909,-1.410,24.505,-185.331,0.018
-5751.772,-79.719,-1.410,24.423,-187.002,0.016
-5751.448,-82.501,-1.409,24.168,-188.140,0.025
-5751.213,-85.111,-1.408,23.032,-187.338,0.030
-5751.130,-87.993,-1.407,20.499,-189.460,0.035
-5750.782,-90.517,-1.406,21.074,-187.579,0.038
-5750.650,-93.137,-1.406,19.326,-186.960,0.032
-5750.417,-95.948,-1.408,18.890,-188.403,0.013
-5750.114,-98.361,-1.408,19.223,-185.544,0.007
-5749.909,-100.978,-1.408,18.510,-185.197,0.002
-5749.839,-103.314,-1.409,16.502,-182.007,-0.005
-5749.546,-106.627,-1.409,17.094,-189.346,-0.004
-5748.936,-109.916,-1.409,20.867,-195.355,0.002
-5748.616,-113.157,-1.407,21.087,-199.988,0.014
-5748.162,-116.443,-1.406,22.662,-204.407,0.025
-5747.780,-119.596,-1.404,23.262,-206.802,0.039
-5747.364,-122.537,-1.402,24.121,-206.666,0.049
-5746.783,-125.424,-1.401,26.552,-205.998,0.053
-5746.320,-128.292,-1.402,27.413,-205.222,0.038
-5746.117,-131.125,-1.401,25.474,-204.212,0.040
-5745.709,-133.948,-1.401,25.931,-203.244,0.035
-5745.334,-136.547,-1.401,25.976,-200.107,0.027
-5744.994,-139.208,-1.403,25.659,-198.069,0.007
-5744.859,-141.527,-1.403,23.272,-192.817,0.008
-5744.441,-143.900,-1.402,24.150,-188.881,0.010
-5744.047,-146.453,-1.403,24.656,-187.393,0.005
-5743.435,-149.003,-1.403,27.334,-186.086,0.007
-5742.833,-151.643,-1.402,29.514,-185.893,0.009
-5742.369,-154.305,-1.401,29.943,-185.956,0.015
-5741.958,-157.018,-1.400,29.769,-186.544,0.026
-5741.862,-159.797,-1.400,26.388,-187.714,0.026
-5741.656,-162.254,-1.399,24.625,-185.405,0.025
-5741.544,-164.764,-1.400,22.158,-183.973,0.015
-5741.424,-167.129,-1.400,20.128,-181.261,0.009
-5741.045,-169.525,-1.402,21.075,-179.278,-0.004
-5740.726,-171.850,-1.402,21.263,-176.846,-0.006
-5740.526,-174.298,-1.403,20.184,-176.041,-0.015
-5740.132,-176.695,-1.402,21.277,-174.826,-0.006
-5739.605,-179.345,-1.403,23.572,-176.397,-0.010
-5739.261,-182.053,-1.402,23.646,-178.328,0.003
-5738.433,-184.789,-1.402,28.692,-180.272,0.002
-5737.943,-187.379,-1.401,29.514,-180.425,0.005
-5737.492,-189.888,-1.402,29.819,-179.712,0.002
-5737.097,-192.501,-1.401,29.502,-180.183,0.003
-5736.732,-194.846,-1.400,28.918,-177.827,0.012
-5736.338,-197.343,-1.400,28.725,-177.377,0.009
-5735.921,-200.072,-1.400,28.788,-179.390,0.009
-5735.508,-202.640,-1.401,28.809,-179.443,0.007
-5735.069,-204.929,-1.399,29.091,-176.621,0.016
-5734.808,-207.458,-1.399,27.505,-176.681,0.021
-5734.415,-209.968,-1.399,27.505,-176.536,0.019
-5733.990,-212.562,-1.399,27.833,-177.273,0.008
-5733.358,-215.351,-1.400,30.247,-179.920,0.002
-5732.923,-217.995,-1.401,30.274,-180.679,-0.009
-5732.496,-220.358,-1.402,30.218,-178.429,-0.018
-5732.081,-222.902,-1.403,30.049,-178.376,-0.028
-5731.646,-225.522,-1.404,30.100,-179.112,-0.030
-5731.163,-228.053,-1.404,30.649,-178.828,-0.029
-5730.747,-230.707,-1.404,30.427,-179.852,-0.016
-5730.697,-233.359,-1.404,26.469,-180.703,-0.021
-5730.640,-235.922,-1.403,23.165,-180.513,-0.009
-5730.279,-238.487,-1.403,23.471,-180.378,-0.003
-5729.888,-241.102,-1.403,24.048,-180.762,-0.001
-5729.340,-243.614,-1.402,26.149,-180.047,0.002
-5729.100,-246.136,-1.402,24.775,-179.525,0.006
-5728.571,-248.779,-1.402,26.578,-180.335,0.003
-5728.113,-251.245,-1.402,27.386,-179.201,0.002
-5727.711,-253.721,-1.403,27.491,-178.331,-0.004
-5727.352,-256.108,-1.403,27.149,-176.681,-0.002
-5727.077,-259.444,-1.403,25.988,-185.040,-0.001
-5726.692,-262.480,-1.402,26.122,-189.081,0.010
-5726.223,-266.029,-1.400,27.112,-197.807,0.019
-5725.686,-269.512,-1.399,28.656,-204.574,0.032
-5725.193,-272.908,-1.398,29.511,-209.449,0.033
-5724.769,-276.110,-1.399,29.541,-211.607,0.020
-5724.031,-279.373,-1.399,32.797,-214.086,0.017
-5723.777,-282.107,-1.399,30.585,-210.746,0.011
-5723.466,-284.845,-1.399,29.290,-207.934,0.014
-5723.037,-287.534,-1.400,29.398,-205.039,0.004
-5722.858,-290.167,-1.400,26.917,-201.984,0.003
-5722.497,-292.823,-1.399,26.677,-199.627,0.005
-5723.575,-303.008,-1.400,11.651,-275.122,0.004
-5724.583,-312.126,-1.400,-0.431,-328.527,0.004
-5725.229,-319.942,-1.399,-7.020,-360.670,0.007
-5725.684,-326.871,-1.398,-10.671,-378.959,0.013
-5725.934,-332.791,-1.398,-11.682,-384.174,0.018
-5725.749,-338.074,-1.398,-8.054,-382.058,0.011
-5725.703,-342.675,-1.397,-6.401,-373.238,0.022
-5725.561,-346.617,-1.397,-3.997,-358.924,0.019
-5725.526,-349.955,-1.398,-3.049,-340.503,0.006
-5725.288,-352.779,-1.399,-0.149,-319.497,-0.009
-5725.044,-355.346,-1.400,2.386,-298.945,-0.015
-5724.713,-357.866,-1.400,5.439,-280.917,-0.015
-5724.226,-360.409,-1.401,9.657,-265.787,-0.020
-5723.749,-362.831,-1.401,13.147,-251.628,-0.016
-5723.250,-364.893,-1.400,16.349,-235.854,-0.006
-5722.781,-367.127,-1.399,18.766,-224.168,0.003
-5722.314,-369.297,-1.398,20.818,-213.539,0.011
-5721.894,-371.520,-1.398,22.084,-205.015,0.016
-5721.605,-373.783,-1.396,21.803,-198.163,0.029
-5721.281,-376.044,-1.396,21.938,-192.299,0.031
-5721.063,-378.289,-1.395,20.949,-187.125,0.027
-5720.714,-380.556,-1.396,21.467,-182.945,0.017
-5720.294,-383.019,-1.396,22.636,-181.393,0.015
-5720.053,-385.360,-1.395,21.782,-178.822,0.018
-5719.671,-387.738,-1.396,22.515,-176.998,0.013
-5719.031,-390.218,-1.395,25.793,-176.501,0.013
-5718.369,-392.720,-1.395,28.812,-176.298,0.012
-5717.827,-395.135,-1.395,30.158,-175.239,0.013
-5717.302,-397.638,-1.395,31.124,-175.233,0.013
-5716.793,-400.275,-1.393,31.790,-176.605,0.025
-5716.190,-402.934,-1.392,33.324,-178.003,0.030
-5715.798,-405.640,-1.392,32.452,-179.684,0.026
-5715.472,-408.433,-1.392,31.043,-182.012,0.027
-5715.087,-411.020,-1.392,30.431,-181.877,0.022
-5714.651,-413.574,-1.392,30.447,-181.418,0.015
-5714.354,-416.157,-1.393,29.024,-181.332,0.012
-5713.977,-418.753,-1.393,28.640,-181.391,0.005
-5713.622,-421.361,-1.392,28.086,-181.562,0.012
-5713.182,-423.956,-1.392,28.487,-181.571,0.010
-5712.789,-426.421,-1.392,28.347,-180.253,0.008
-5712.454,-429.000,-1.393,27.620,-180.294,0.005
-5712.218,-431.587,-1.393,25.986,-180.410,0.002
-5711.859,-434.122,-1.394,25.865,-179.973,-0.006
-5711.358,-436.665,-1.393,27.218,-179.679,-0.004
-5710.800,-439.303,-1.394,28.954,-180.418,-0.008
-5710.544,-441.737,-1.394,27.337,-178.937,-0.007
-5710.183,-444.308,-1.394,27.028,-179.095,-0.010
-5710.052,-446.803,-1.395,24.406,-178.434,-0.009
-5709.845,-449.508,-1.396,22.952,-180.040,-0.020
-5709.689,-452.146,-1.396,21.177,-180.716,-0.018
-5709.573,-454.767,-1.396,19.259,-181.130,-0.013
-5709.226,-457.383,-1.396,19.994,-181.415,-0.013
-5709.014,-459.775,-1.394,19.243,-179.368,0.005
-5708.640,-462.308,-1.395,20.255,-179.063,-0.001
-5709.333,-473.007,-1.395,10.142,-262.864,-0.008
-5709.924,-482.333,-1.396,2.567,-320.217,-0.010
-5710.217,-490.707,-1.397,-0.825,-359.336,-0.020
-5710.024,-498.246,-1.397,1.278,-384.100,-0.016
-5710.113,-504.668,-1.397,0.177,-393.723,-0.013
-5709.919,-510.233,-1.396,2.151,-393.106,-0.007
-5709.716,-514.814,-1.395,3.929,-382.458,0.002
-5709.513,-518.747,-1.395,5.434,-366.696,0.003
-5709.182,-522.090,-1.396,8.043,-347.188,-0.003
-5708.717,-525.093,-1.396,11.644,-327.035,0.001
-5708.127,-527.934,-1.396,16.007,-308.192,-0.001
-5707.755,-530.361,-1.396,17.484,-287.854,-0.002
-5707.359,-532.547,-1.395,18.995,-268.022,0.004
-5706.899,-534.428,-1.395,20.934,-247.970,0.002
-5706.443,-536.248,-1.397,22.549,-230.239,-0.009
-5706.064,-537.961,-1.399,23.137,-214.012,-0.029
-5705.408,-539.970,-1.400,26.487,-203.219,-0.034
-5704.911,-541.930,-1.401,27.710,-193.514,-0.038
-5704.437,-543.785,-1.401,28.512,-184.144,-0.036
-5704.229,-545.885,-1.400,26.452,-178.685,-0.023
-5703.767,-548.855,-1.400,27.322,-182.982,-0.016
-5703.161,-551.724,-1.400,29.544,-185.604,-0.011
-5702.512,-554.625,-1.399,31.878,-188.174,-0.004
-5702.003,-557.409,-1.398,32.434,-189.166,0.007
-5701.481,-560.115,-1.397,33.034,-189.196,0.013
-5700.924,-562.880,-1.398,33.910,-189.839,0.008
-5700.627,-565.290,-1.398,31.984,-186.732,-0.000
-5700.314,-567.776,-1.399,30.501,-184.859,-0.003
-5699.936,-570.300,-1.398,29.907,-183.656,0.003
-5699.657,-572.831,-1.398,28.381,-182.704,0.004
-5699.500,-575.408,-1.399,25.820,-182.359,-0.010
-5699.312,-578.379,-1.398,23.955,-186.127,0.000
-5698.674,-581.980,-1.398,27.009,-195.824,0.001
-5698.160,-586.303,-1.398,28.329,-211.532,0.008
-5697.465,-590.960,-1.397,31.314,-228.361,0.008
-5696.971,-595.709,-1.398,31.797,-243.666,0.005
-5696.251,-601.050,-1.397,34.527,-262.818,0.015
-5695.359,-606.615,-1.396,38.639,-281.460,0.015
-5694.440,-611.995,-1.395,42.412,-295.452,0.027
-5693.543,-617.680,-1.392,45.412,-310.519,0.046
-5692.743,-623.363,-1.390,46.968,-323.361,0.061
-5691.662,-630.270,-1.389,51.195,-346.913,0.059
-5690.497,-637.064,-1.389,55.659,-365.835,0.055
-5689.646,-643.704,-1.389,56.223,-380.385,0.042
-5688.722,-649.875,-1.390,57.476,-387.971,0.034
-5687.747,-655.968,-1.389,59.062,-393.638,0.032
-5686.820,-661.852,-1.389,59.912,-396.324,0.027
-5686.229,-667.670,-1.390,57.191,-397.932,0.018
-5685.517,-673.535,-1.388,56.104,-399.787,0.031
-5684.608,-679.623,-1.388,57.214,-403.669,0.024
-5683.655,-685.903,-1.388,58.607,-408.947,0.029
-5682.548,-692.624,-1.388,61.383,-418.001,0.024
-5681.396,-699.775,-1.386,64.220,-430.142,0.031
-5680.371,-707.115,-1.386,65.323,-442.448,0.027
-5679.231,-714.753,-1.388,67.452,-456.009,0.009
-5678.044,-722.639,-1.389,69.755,-470.122,-0.006
-5676.939,-730.618,-1.390,70.868,-483.132,-0.011
-5675.742,-738.433,-1.391,72.773,-492.527,-0.021
-5674.497,-746.433,-1.393,74.885,-502.455,-0.033
-5673.316,-754.629,-1.395,76.028,-512.936,-0.048
-5672.134,-762.461,-1.397,77.021,-518.128,-0.058
-5670.940,-770.573,-1.399,77.982,-525.438,-0.067
-5669.755,-778.546,-1.399,78.716,-530.240,-0.061
-5668.486,-788.393,-1.400,80.201,-553.629,-0.059
-5666.957,-798.029,-1.400,84.146,-571.404,-0.050
-5665.588,-807.073,-1.399,85.862,-580.479,-0.037
-5664.315,-816.115,-1.397,86.340,-588.194,-0.014
-5663.209,-824.875,-1.396,85.029,-591.869,-0.004
-5662.145,-833.623,-1.397,83.482,-594.886,-0.007
-5661.055,-842.261,-1.397,82.424,-596.323,-0.006
-5660.008,-851.059,-1.397,81.077,-599.196,-0.011
-5659.074,-859.973,-1.399,78.777,-602.837,-0.025
-5658.201,-869.339,-1.401,76.172,-610.601,-0.036
-5657.458,-878.959,-1.401,72.619,-619.838,-0.032
-5656.541,-888.918,-1.402,71.384,-631.210,-0.039
-5655.462,-899.015,-1.403,71.992,-642.318,-0.042
-5654.357,-909.233,-1.403,72.774,-653.053,-0.039
-5653.604,-919.572,-1.403,69.834,-663.443,-0.028
-5652.599,-930.221,-1.403,69.910,-675.501,-0.028
-5651.297,-940.738,-1.403,73.022,-684.430,-0.025
-5650.225,-951.493,-1.404,73.329,-694.492,-0.030
-5649.102,-962.232,-1.404,74.099,-702.901,-0.025
-5647.697,-972.940,-1.405,77.665,-709.766,-0.030
-5646.510,-983.529,-1.405,78.465,-714.398,-0.024
-5645.104,-994.385,-1.405,81.398,-721.085,-0.024
-5643.377,-1005.549,-1.405,87.200,-729.972,-0.019
-5641.644,-1016.945,-1.405,92.227,-739.935,-0.018
-5640.028,-1028.750,-1.404,95.299,-752.648,-0.007
-5638.525,-1040.623,-1.404,96.753,-764.185,-0.007
-5636.952,-1052.811,-1.405,98.714,-777.271,-0.015
-5635.459,-1065.310,-1.405,99.569,-791.633,-0.005
-5633.794,-1078.181,-1.404,102.064,-807.715,-0.002
-5632.161,-1090.955,-1.404,103.870,-820.425,0.004
-5630.458,-1103.940,-1.403,106.120,-833.448,0.011
-5628.698,-1117.068,-1.401,108.634,-846.025,0.027
-5627.041,-1130.337,-1.400,109.723,-858.200,0.029
-5625.291,-1143.622,-1.400,111.597,-868.752,0.033
-5623.779,-1157.103,-1.399,110.748,-879.765,0.034
-5622.047,-1170.459,-1.398,112.294,-887.880,0.037
-5620.346,-1183.830,-1.398,113.291,-894.951,0.031
-5618.397,-1197.247,-1.399,116.687,-901.462,0.022
-5616.668,-1210.725,-1.399,117.331,-907.634,0.012
-5614.833,-1224.487,-1.401,118.963,-915.826,-0.005
-5613.104,-1238.688,-1.402,119.267,-927.332,-0.015
-5611.289,-1253.060,-1.404,120.419,-938.913,-0.029
-5609.525,-1267.489,-1.405,120.867,-949.371,-0.040
-5607.580,-1282.333,-1.407,123.111,-962.557,-0.050
-5605.724,-1297.501,-1.407,124.115,-977.151,-0.045
-5603.870,-1312.757,-1.409,124.951,-990.502,-0.050
-5601.987,-1328.053,-1.408,125.954,-1002.296,-0.039
-5600.010,-1343.578,-1.408,127.790,-1014.721,-0.034
-5598.048,-1359.280,-1.408,129.186,-1027.130,-0.025
-5596.133,-1375.063,-1.407,129.905,-1038.562,-0.011
-5594.379,-1390.933,-1.406,128.858,-1049.194,0.002
-5592.461,-1406.601,-1.404,129.645,-1056.193,0.020
-5590.452,-1422.225,-1.402,131.264,-1061.705,0.033
-5588.467,-1437.927,-1.401,132.398,-1067.207,0.039
-5586.214,-1453.677,-1.399,136.122,-1072.401,0.049
-5584.298,-1469.402,-1.397,135.825,-1076.574,0.058
-5582.082,-1485.133,-1.397,138.666,-1080.192,0.056
-5579.985,-1500.666,-1.396,139.854,-1081.231,0.058
-5577.924,-1516.271,-1.396,140.509,-1082.874,0.050
-5575.696,-1531.897,-1.395,142.775,-1084.477,0.045
-5573.598,-1547.540,-1.395,143.382,-1086.028,0.046
-5571.545,-1562.890,-1.395,143.431,-1084.332,0.036
-5569.593,-1578.575,-1.394,142.433,-1086.339,0.036
-5567.499,-1594.127,-1.394,143.042,-1086.676,0.031
-5565.539,-1609.591,-1.394,142.178,-1086.059,0.032
-5563.454,-1625.151,-1.394,142.739,-1086.516,0.028
-5561.403,-1640.523,-1.393,142.856,-1084.974,0.032
-5559.498,-1656.109,-1.393,141.461,-1085.862,0.029
-5557.328,-1671.769,-1.394,142.992,-1087.388,0.015
-5555.272,-1687.227,-1.394,143.129,-1086.604,0.007
-5553.206,-1702.730,-1.396,143.349,-1086.399,-0.006
-5550.970,-1718.305,-1.397,145.291,-1086.967,-0.016
-5548.959,-1733.935,-1.398,144.619,-1088.011,-0.023
-5546.831,-1749.361,-1.399,145.262,-1086.808,-0.035
-5544.822,-1764.662,-1.401,144.580,-1084.492,-0.044
-5542.613,-1780.119,-1.402,146.057,-1084.127,-0.045
-5540.528,-1795.697,-1.402,146.040,-1085.054,-0.038
-5538.525,-1811.248,-1.401,145.179,-1085.578,-0.026
-5536.355,-1826.634,-1.400,146.172,-1084.313,-0.010
-5534.443,-1842.135,-1.398,144.360,-1084.430,0.006
-5532.360,-1857.460,-1.397,144.568,-1082.712,0.013
-5530.231,-1873.206,-1.396,145.230,-1085.582,0.021
-5528.141,-1888.893,-1.395,145.385,-1087.418,0.028
-5525.921,-1904.407,-1.393,146.862,-1087.208,0.041
-5523.168,-1924.246,-1.394,153.603,-1131.556,0.033
-5520.581,-1943.407,-1.393,157.648,-1162.392,0.034
-5518.167,-1961.667,-1.391,159.307,-1179.429,0.047
-5515.666,-1979.391,-1.390,161.627,-1188.428,0.047
-5513.306,-1996.586,-1.389,162.156,-1190.670,0.057
-5510.865,-2013.521,-1.387,163.435,-1189.901,0.065
-5508.343,-2029.841,-1.385,165.359,-1182.917,0.070
-5506.171,-2045.852,-1.383,163.400,-1173.775,0.079
-5504.080,-2061.502,-1.383,160.905,-1162.269,0.074
-5501.760,-2077.038,-1.382,161.121,-1151.274,0.067
-5499.579,-2092.483,-1.382,159.880,-1140.959,0.060
-5497.277,-2107.702,-1.382,160.058,-1129.837,0.053
-5495.073,-2122.747,-1.383,159.213,-1118.557,0.030
-5492.771,-2137.696,-1.384,159.493,-1107.953,0.016
-5490.333,-2152.781,-1.385,161.132,-1100.305,0.004
-5487.976,-2167.916,-1.387,161.710,-1094.294,-0.017
-5485.683,-2183.150,-1.390,161.534,-1090.194,-0.040
-5483.102,-2198.108,-1.391,164.345,-1083.847,-0.046
-5480.736,-2213.083,-1.392,164.535,-1078.617,-0.050
-5478.508,-2228.228,-1.393,163.275,-1075.892,-0.050
-5476.305,-2243.516,-1.394,161.936,-1075.050,-0.047
-5474.199,-2258.947,-1.394,159.806,-1075.806,-0.041
-5471.892,-2274.316,-1.393,160.054,-1075.812,-0.024
-5469.509,-2289.527,-1.392,161.041,-1074.185,-0.013
-5467.443,-2304.741,-1.391,158.629,-1072.833,-0.004
-5464.810,-2324.121,-1.391,162.409,-1114.570,-0.000
-5462.351,-2342.852,-1.390,163.838,-1143.476,0.003
-5459.891,-2361.254,-1.390,165.067,-1164.756,0.005
-5457.602,-2378.711,-1.390,164.354,-1173.173,0.008
-5455.311,-2395.562,-1.392,163.768,-1174.113,-0.010
-5452.893,-2412.166,-1.392,164.579,-1172.375,-0.014
-5450.528,-2428.573,-1.393,164.720,-1168.865,-0.017
-5448.370,-2444.745,-1.394,162.711,-1163.441,-0.024
-5446.461,-2460.738,-1.394,158.429,-1156.985,-0.025
-5444.506,-2476.205,-1.395,155.260,-1146.060,-0.032
-5442.407,-2491.699,-1.395,154.034,-1137.018,-0.027
-5440.539,-2507.002,-1.395,150.610,-1127.341,-0.019
-5438.438,-2522.515,-1.395,150.083,-1121.246,-0.013
-5436.286,-2537.923,-1.393,150.178,-1114.967,0.003
-5434.325,-2553.321,-1.393,148.275,-1109.512,0.007
-5432.194,-2568.756,-1.391,148.402,-1105.232,0.018
-5430.219,-2584.269,-1.390,146.908,-1102.394,0.028
-5428.228,-2599.623,-1.388,145.801,-1098.328,0.040
-5425.403,-2619.278,-1.388,153.441,-1139.142,0.037
-5422.830,-2638.438,-1.387,157.364,-1168.856,0.041
-5420.082,-2656.865,-1.387,162.519,-1186.665,0.038
-5417.411,-2674.668,-1.387,166.113,-1195.420,0.025
-5414.833,-2692.014,-1.388,168.224,-1198.183,0.020
-5412.366,-2708.883,-1.388,168.878,-1195.635,0.018
-5409.909,-2725.521,-1.387,169.330,-1191.081,0.024
-5407.614,-2741.715,-1.387,168.056,-1182.623,0.020
-5405.315,-2757.708,-1.386,167.010,-1173.334,0.023
-5402.985,-2773.333,-1.385,166.429,-1161.632,0.027
-5400.737,-2788.904,-1.384,165.103,-1151.096,0.039
-5398.324,-2804.351,-1.383,165.655,-1140.832,0.040
-5396.104,-2819.850,-1.381,164.155,-1132.610,0.052
-5393.905,-2835.186,-1.381,162.650,-1123.917,0.046
-5391.484,-2850.366,-1.380,163.647,-1114.897,0.047
-5389.152,-2865.625,-1.380,163.592,-1108.018,0.045
-5386.997,-2880.937,-1.380,161.717,-1102.703,0.036
-5384.440,-2896.111,-1.381,164.256,-1096.743,0.022
-5381.893,-2911.407,-1.381,166.324,-1092.913,0.020
-5379.389,-2926.642,-1.382,167.643,-1089.024,0.006
-5376.998,-2942.096,-1.383,167.601,-1087.958,-0.006
-5374.776,-2957.445,-1.384,165.826,-1085.970,-0.018
-5372.338,-2972.734,-1.384,166.530,-1083.650,-0.011
-5370.006,-2988.143,-1.383,166.052,-1082.919,-0.007
-5367.610,-3003.510,-1.383,166.294,-1081.848,-0.004
-5365.355,-3018.683,-1.382,165.050,-1078.946,0.007
-5362.839,-3033.955,-1.381,166.681,-1077.491,0.021
-5360.456,-3049.364,-1.379,166.706,-1077.662,0.029
-5358.036,-3064.879,-1.380,167.102,-1078.892,0.022
-5355.638,-3080.031,-1.379,167.206,-1076.212,0.024
-5353.183,-3095.439,-1.379,167.899,-1076.554,0.025
-5350.621,-3110.816,-1.379,169.580,-1076.531,0.016
-5348.225,-3126.115,-1.380,169.298,-1075.701,0.011
-5345.721,-3141.420,-1.380,170.185,-1075.071,0.009
-5343.086,-3156.577,-1.379,172.272,-1072.998,0.010
-5340.388,-3172.055,-1.380,174.721,-1074.533,0.004
-5337.708,-3187.036,-1.380,176.608,-1070.735,0.004
-5335.171,-3202.289,-1.380,176.756,-1070.290,0.003
-5332.542,-3217.534,-1.380,177.822,-1069.822,0.000
-5329.732,-3232.907,-1.381,180.597,-1070.752,-0.007
-5327.078,-3248.287,-1.382,181.362,-1071.610,-0.014
-5324.339,-3263.627,-1.383,182.885,-1071.928,-0.026
-5321.624,-3278.931,-1.384,183.942,-1071.837,-0.030
-5318.953,-3294.220,-1.384,184.389,-1071.597,-0.026
-5315.477,-3313.517,-1.385,193.053,-1112.655,-0.033
-5312.164,-3332.297,-1.386,198.771,-1142.355,-0.038
-5308.935,-3350.249,-1.387,202.777,-1159.165,-0.039
-5305.701,-3367.879,-1.388,206.255,-1170.182,-0.041
-5302.456,-3385.079,-1.389,209.329,-1175.157,-0.044
-5299.519,-3401.661,-1.389,208.774,-1173.038,-0.044
-5296.606,-3418.227,-1.389,208.054,-1171.068,-0.033
-5293.769,-3434.354,-1.389,206.664,-1164.861,-0.032
-5291.112,-3450.322,-1.390,203.622,-1157.932,-0.038
-5288.462,-3466.241,-1.392,200.962,-1151.529,-0.045
-5285.903,-3481.779,-1.392,197.747,-1142.131,-0.038
-5283.603,-3497.219,-1.392,192.348,-1133.114,-0.031
-5281.368,-3512.582,-1.391,187.067,-1124.624,-0.021
-5278.891,-3527.853,-1.392,185.051,-1116.436,-0.028
-5276.619,-3543.248,-1.392,181.235,-1110.736,-0.024
-5274.240,-3558.406,-1.392,179.064,-1103.429,-0.024
-5272.094,-3573.795,-1.393,174.822,-1099.578,-0.028
-5269.601,-3589.155,-1.393,174.780,-1095.989,-0.022
-5267.214,-3604.029,-1.394,173.648,-1087.935,-0.026
-5264.792,-3619.113,-1.394,173.043,-1083.220,-0.022
-5262.483,-3634.240,-1.394,171.365,-1079.633,-0.019
-5260.347,-3649.594,-1.394,168.158,-1078.923,-0.021
-5258.135,-3664.852,-1.393,166.189,-1077.323,-0.007
-5255.656,-3680.089,-1.393,167.275,-1075.745,-0.002
-5253.307,-3695.446,-1.392,166.855,-1075.635,0.003
-5251.001,-3710.765,-1.393,166.055,-1075.155,-0.009
-5248.645,-3726.035,-1.393,165.896,-1074.231,-0.007
-5246.325,-3741.380,-1.393,165.372,-1074.224,-0.000
-5243.945,-3756.469,-1.393,165.557,-1071.578,-0.004
-5241.612,-3771.985,-1.392,165.228,-1073.714,0.005
-5239.217,-3787.373,-1.392,165.582,-1074.214,0.004
-5236.869,-3802.671,-1.391,165.407,-1073.729,0.019
-5234.582,-3817.878,-1.390,164.622,-1072.365,0.021
-5232.149,-3833.202,-1.390,165.450,-1072.409,0.021
-5229.785,-3848.839,-1.391,165.464,-1075.672,0.006
-5227.265,-3864.000,-1.392,167.075,-1073.555,-0.006
-5224.715,-3879.574,-1.392,168.745,-1076.006,-0.005
-5221.636,-3898.496,-1.393,175.632,-1112.556,-0.009
-5218.850,-3916.622,-1.393,178.487,-1135.535,-0.012
-5216.242,-3934.004,-1.394,179.077,-1147.477,-0.016
-5213.628,-3950.139,-1.395,179.651,-1144.829,-0.021
-5211.149,-3965.647,-1.394,178.748,-1136.114,-0.010
-5208.667,-3980.454,-1.392,178.020,-1121.458,0.005
-5206.523,-3994.511,-1.390,173.911,-1101.239,0.024
-5204.453,-4007.958,-1.388,169.646,-1077.716,0.045
-5202.397,-4021.166,-1.387,165.859,-1055.197,0.048
-5200.203,-4034.177,-1.384,164.049,-1033.951,0.064
-5198.153,-4046.787,-1.382,161.033,-1011.706,0.078
-5196.241,-4058.983,-1.382,157.036,-988.478,0.060
-5194.477,-4071.142,-1.383,152.102,-968.280,0.046
-5192.360,-4083.198,-1.384,151.522,-949.987,0.031
-5190.087,-4095.544,-1.384,152.638,-937.372,0.022
-5187.858,-4107.836,-1.385,153.139,-926.060,0.013
-5185.761,-4120.124,-1.387,152.200,-916.362,-0.011
-5183.840,-4132.341,-1.388,149.589,-907.372,-0.019
-5181.789,-4144.756,-1.390,148.714,-901.740,-0.028
-5179.774,-4157.050,-1.390,147.577,-895.687,-0.026
-5178.167,-4168.997,-1.390,142.420,-886.945,-0.022
-5176.340,-4180.427,-1.390,140.283,-874.175,-0.026
-5174.654,-4191.477,-1.391,137.014,-859.365,-0.025
-5172.822,-4202.451,-1.390,135.719,-845.955,-0.017
-5171.208,-4213.072,-1.389,132.376,-830.892,-0.005
-5169.424,-4223.229,-1.388,131.273,-813.247,0.009
-5167.781,-4233.213,-1.385,128.886,-796.433,0.034
-5166.128,-4242.708,-1.384,126.944,-777.058,0.036
-5164.818,-4251.797,-1.382,121.762,-756.340,0.055
-5163.641,-4260.226,-1.382,115.971,-731.885,0.048
-5162.505,-4268.271,-1.381,110.607,-707.071,0.046
-5161.240,-4275.959,-1.381,107.369,-682.233,0.044
-5160.348,-4283.286,-1.379,100.760,-657.326,0.052
-5158.991,-4289.968,-1.378,99.914,-629.445,0.053
-5157.577,-4296.581,-1.378,99.773,-604.943,0.048
-5156.531,-4303.306,-1.379,95.866,-585.210,0.035
-5155.243,-4310.316,-1.379,95.032,-571.318,0.025
-5153.945,-4317.122,-1.381,94.412,-557.352,0.004
-5152.594,-4323.632,-1.384,94.437,-542.411,-0.021
-5151.236,-4330.199,-1.386,94.529,-530.239,-0.043
-5150.076,-4336.648,-1.388,92.567,-518.659,-0.049
-5148.938,-4342.586,-1.387,90.676,-503.512,-0.038
-5147.868,-4348.486,-1.387,88.354,-490.198,-0.028
-5146.932,-4354.221,-1.387,84.998,-477.137,-0.024
-5146.430,-4359.322,-1.386,77.661,-459.488,-0.012
-5145.901,-4364.214,-1.385,71.687,-442.275,-0.007
-5144.793,-4369.656,-1.384,72.543,-433.248,0.011
-5143.905,-4375.057,-1.382,71.027,-425.139,0.022
-5143.026,-4380.314,-1.381,69.622,-416.735,0.034
-5142.181,-4385.337,-1.381,68.092,-407.154,0.028
-5141.648,-4390.335,-1.380,63.560,-398.731,0.030
-5140.542,-4394.872,-1.379,65.605,-386.793,0.033
-5139.907,-4398.744,-1.380,62.486,-369.765,0.018
-5139.158,-4401.854,-1.380,61.010,-347.401,0.017
-5138.842,-4404.201,-1.381,55.286,-320.481,0.010
-5138.616,-4406.356,-1.382,49.485,-295.535,-0.001
-5138.210,-4407.995,-1.380,46.386,-268.941,0.011
-5137.825,-4409.350,-1.379,43.532,-243.333,0.022
-5137.562,-4410.400,-1.378,39.839,-218.359,0.031
-5137.274,-4411.642,-1.377,36.932,-199.031,0.039
-5136.857,-4412.889,-1.375,35.801,-182.601,0.044
-5136.658,-4414.499,-1.374,32.588,-172.316,0.048
-5136.148,-4416.737,-1.373,33.039,-170.015,0.049
-5135.847,-4418.904,-1.374,31.281,-167.323,0.033
-5135.555,-4420.653,-1.374,29.684,-160.717,0.028
-5135.538,-4421.728,-1.374,25.502,-148.147,0.025
-5135.434,-4421.580,-1.375,22.814,-124.835,0.014
-5135.377,-4420.889,-1.376,20.051,-99.369,0.006
-5135.937,-4419.803,-1.376,11.338,-73.569,0.003
-5136.105,-4418.727,-1.376,7.937,-51.674,0.001
-5136.052,-4418.039,-1.376,7.320,-36.995,0.006
-5136.052,-4417.233,-1.376,6.236,-23.259,0.003
-5136.094,-4416.323,-1.376,4.891,-10.467,0.002
-5135.958,-4415.770,-1.375,5.569,-3.232,0.006
-5136.070,-4415.553,-1.377,3.597,-0.530,-0.012
-5136.294,-4414.832,-1.378,0.764,6.972,-0.020
-5136.409,-4413.913,-1.379,-0.529,15.411,-0.024
-5136.877,-4412.085,-1.380,-5.278,31.959,-0.028
-5137.471,-4409.462,-1.382,-10.614,54.264,-0.044
-5138.305,-4406.227,-1.383,-17.632,79.584,-0.045
-5139.022,-4403.028,-1.383,-22.426,100.819,-0.043
-5139.927,-4399.833,-1.382,-28.441,118.879,-0.025
-5140.434,-4396.479,-1.382,-29.479,135.922,-0.019
-5140.713,-4393.375,-1.381,-28.021,147.890,-0.007
-5141.301,-4390.327,-1.380,-29.951,157.516,0.003
-5141.957,-4387.586,-1.380,-32.294,162.567,-0.003
-5142.304,-4384.880,-1.383,-31.117,166.518,-0.023
-5143.000,-4382.514,-1.383,-33.707,166.391,-0.029
-5143.775,-4379.284,-1.383,-36.728,175.169,-0.017
-5144.829,-4375.673,-1.380,-42.181,186.581,0.010
-5145.847,-4371.433,-1.378,-46.452,202.788,0.029
-5147.077,-4366.529,-1.377,-52.290,223.455,0.036
-5148.217,-4361.322,-1.374,-56.336,244.195,0.058
-5149.276,-4355.910,-1.375,-58.949,264.000,0.043
-5150.329,-4350.067,-1.374,-61.123,285.319,0.039
-5151.598,-4344.204,-1.375,-65.192,303.723,0.030
-5152.829,-4338.694,-1.375,-68.283,315.775,0.019
-5153.955,-4333.258,-1.375,-69.828,325.292,0.019
-5155.227,-4328.021,-1.376,-72.658,331.367,0.012
-5156.458,-4322.799,-1.375,-74.644,336.398,0.015
-5157.869,-4317.836,-1.375,-78.185,338.009,0.013
-5159.347,-4313.143,-1.375,-81.908,336.620,0.012
-5160.906,-4307.924,-1.373,-85.909,340.841,0.031
-5162.099,-4302.134,-1.372,-85.559,350.317,0.029
-5163.549,-4295.422,-1.373,-87.905,367.900,0.018
-5164.940,-4288.327,-1.374,-89.301,386.837,0.009
-5166.553,-4281.305,-1.372,-92.768,402.229,0.021
-5168.333,-4273.618,-1.371,-97.455,422.212,0.034
-5170.172,-4266.144,-1.370,-102.049,437.062,0.034
-5171.804,-4258.152,-1.370,-103.844,455.054,0.034
-5173.310,-4250.293,-1.370,-104.072,469.034,0.030
-5175.143,-4242.534,-1.370,-107.630,479.940,0.019
-5176.844,-4234.998,-1.371,-109.319,486.940,0.007
-5178.713,-4227.278,-1.372,-112.485,494.798,-0.002
-5180.423,-4219.271,-1.374,-113.547,504.455,-0.024
-5182.299,-4211.786,-1.375,-116.163,507.323,-0.029
-5184.094,-4204.214,-1.378,-117.549,510.668,-0.047
-5186.041,-4196.765,-1.380,-120.305,512.249,-0.059
-5187.754,-4189.134,-1.380,-120.257,515.474,-0.056
-5189.405,-4181.080,-1.382,-119.566,522.582,-0.061
-5191.101,-4172.771,-1.383,-119.437,531.256,-0.066
-5192.974,-4163.574,-1.383,-121.151,547.806,-0.058
-5194.932,-4154.131,-1.383,-123.489,564.457,-0.045
-5196.831,-4144.501,-1.383,-124.884,580.578,-0.041
-5198.675,-4134.826,-1.383,-125.504,594.806,-0.037
-5200.730,-4124.474,-1.381,-128.201,613.901,-0.011
-5202.824,-4114.479,-1.378,-130.899,626.513,0.017
-5204.896,-4104.193,-1.376,-132.982,640.255,0.034
-5206.994,-4094.091,-1.375,-135.017,650.091,0.042
-5209.373,-4083.813,-1.375,-139.658,660.295,0.038
-5211.757,-4073.759,-1.374,-143.657,666.696,0.041
-5214.096,-4063.722,-1.374,-146.609,671.970,0.038
-5216.677,-4053.584,-1.374,-151.625,677.510,0.032
-5219.050,-4043.134,-1.374,-153.746,685.451,0.028
-5221.467,-4033.117,-1.373,-156.020,687.772,0.028
-5223.961,-4022.983,-1.372,-158.753,690.948,0.031
-5226.276,-4012.432,-1.372,-159.242,697.949,0.026
-5228.845,-4001.190,-1.374,-162.260,711.040,0.009
-5231.377,-3989.906,-1.374,-164.471,722.638,0.002
-5234.230,-3978.302,-1.375,-169.655,735.811,-0.001
-5236.967,-3966.278,-1.374,-172.871,751.381,0.003
-5239.818,-3953.906,-1.375,-176.807,768.243,-0.007
-5242.685,-3941.476,-1.375,-180.310,783.230,-0.005
-5245.451,-3928.842,-1.375,-182.270,798.105,-0.001
-5248.354,-3916.395,-1.376,-185.348,808.868,-0.008
-5251.174,-3903.698,-1.375,-187.120,820.619,-0.004
-5254.041,-3891.131,-1.375,-189.122,829.309,-0.004
-5257.001,-3878.447,-1.375,-191.780,837.925,0.001
-5259.938,-3865.781,-1.374,-193.810,845.079,0.007
-5263.012,-3852.823,-1.374,-196.947,854.196,0.007
-5266.086,-3840.269,-1.373,-199.631,857.816,0.017
-5268.942,-3827.331,-1.373,-199.674,864.854,0.017
-5271.812,-3814.448,-1.373,-199.856,870.280,0.007
-5274.825,-3801.912,-1.375,-201.479,871.346,-0.011
-5277.549,-3789.535,-1.377,-199.895,870.616,-0.024
-5280.471,-3777.025,-1.379,-200.581,871.366,-0.038
-5283.493,-3764.678,-1.381,-202.188,870.323,-0.052
-5286.564,-3752.399,-1.382,-204.069,868.741,-0.059
-5289.425,-3740.000,-1.383,-203.510,868.615,-0.059
-5292.471,-3727.477,-1.385,-204.937,869.797,-0.068
-5295.339,-3715.141,-1.385,-204.322,868.878,-0.059
-5298.427,-3702.813,-1.385,-206.061,868.005,-0.044
-5301.420,-3690.540,-1.384,-206.571,866.694,-0.035
-5304.347,-3678.237,-1.384,-206.323,865.891,-0.023
-5307.015,-3666.015,-1.382,-203.445,864.363,-0.008
-5310.034,-3653.749,-1.381,-204.606,863.517,0.003
-5313.794,-3638.487,-1.381,-213.223,893.649,0.006
-5317.204,-3623.792,-1.380,-216.968,913.501,0.014
-5320.649,-3609.370,-1.379,-220.524,927.625,0.021
-5323.902,-3595.525,-1.379,-221.588,933.725,0.020
-5327.473,-3581.825,-1.378,-225.752,937.447,0.022
-5330.771,-3568.412,-1.378,-226.516,937.663,0.026
-5333.763,-3555.392,-1.376,-224.002,933.798,0.032
-5336.787,-3542.601,-1.375,-222.180,928.150,0.039
-5339.769,-3529.862,-1.375,-220.203,922.789,0.038
-5342.523,-3517.377,-1.373,-216.177,915.605,0.046
-5345.433,-3505.160,-1.372,-214.338,906.724,0.054
-5348.429,-3492.932,-1.371,-213.664,899.259,0.056
-5351.509,-3480.935,-1.370,-213.944,890.513,0.056
-5354.179,-3468.921,-1.370,-209.965,883.227,0.050
-5357.135,-3456.851,-1.369,-209.526,877.592,0.046
-5360.252,-3445.122,-1.370,-210.795,869.273,0.032
-5363.236,-3433.264,-1.370,-210.513,863.505,0.028
-5366.196,-3421.243,-1.370,-210.025,860.267,0.027
-5369.036,-3409.221,-1.368,-208.370,857.514,0.043
-5372.077,-3397.280,-1.367,-209.040,854.333,0.038
-5375.215,-3385.340,-1.367,-210.604,851.597,0.034
-5378.326,-3373.329,-1.368,-211.656,850.006,0.023
-5381.318,-3361.412,-1.368,-211.331,847.679,0.022
-5384.556,-3349.212,-1.366,-213.576,848.617,0.030
-5387.555,-3337.197,-1.366,-213.045,847.506,0.027
-5390.521,-3325.167,-1.367,-212.246,846.701,0.021
-5393.485,-3313.178,-1.366,-211.545,845.605,0.025
-5396.558,-3301.176,-1.365,-212.072,844.803,0.028
-5399.741,-3288.871,-1.365,-213.646,847.237,0.021
-5402.886,-3276.694,-1.366,-214.610,847.996,0.014
-5406.117,-3264.441,-1.366,-216.307,849.419,0.005
-5409.460,-3252.325,-1.366,-218.915,849.230,0.005
-5412.680,-3240.214,-1.366,-219.868,849.012,0.006
-5415.807,-3227.969,-1.366,-219.718,850.213,0.010
-5418.990,-3215.842,-1.365,-220.172,850.018,0.013
-5422.304,-3203.464,-1.365,-221.912,852.433,0.015
-5425.343,-3190.969,-1.364,-220.563,855.704,0.026
-5428.713,-3178.602,-1.362,-222.817,857.173,0.039
-5431.886,-3166.109,-1.362,-222.717,859.724,0.035
-5435.135,-3153.793,-1.361,-223.410,860.074,0.037
-5438.140,-3141.470,-1.359,-221.482,860.444,0.044
-5441.229,-3129.181,-1.358,-220.718,860.418,0.050
-5444.351,-3116.754,-1.359,-220.394,861.812,0.032
-5447.418,-3104.363,-1.358,-219.556,862.630,0.040
-5450.306,-3092.009,-1.359,-216.993,862.949,0.026
-5453.321,-3079.720,-1.358,-216.119,862.546,0.026
-5456.223,-3067.542,-1.360,-214.208,861.058,0.006
-5459.066,-3055.240,-1.361,-211.979,861.067,-0.008
-5461.797,-3042.846,-1.363,-208.919,862.033,-0.023
-5464.278,-3030.473,-1.365,-203.734,862.627,-0.036
-5466.967,-3018.170,-1.365,-201.449,862.424,-0.035
-5469.553,-3006.026,-1.366,-198.444,860.603,-0.032
-5472.241,-2993.763,-1.365,-196.935,860.282,-0.024
-5474.780,-2981.528,-1.364,-194.116,859.719,-0.005
-5477.264,-2969.248,-1.362,-191.136,859.705,0.012
-5479.947,-2956.760,-1.360,-190.652,861.824,0.030
-5482.734,-2944.504,-1.359,-191.303,861.252,0.035
-5485.495,-2932.148,-1.358,-191.585,861.793,0.033
-5488.132,-2919.964,-1.357,-190.559,860.482,0.043
-5490.908,-2907.839,-1.358,-191.114,858.753,0.028
-5493.552,-2895.528,-1.358,-190.222,859.200,0.020
-5496.521,-2883.452,-1.359,-192.815,857.161,0.007
-5499.410,-2871.164,-1.361,-194.196,857.602,-0.007
-5502.522,-2858.940,-1.362,-197.682,857.315,-0.021
-5505.265,-2846.645,-1.363,-196.847,857.810,-0.029
-5508.046,-2834.261,-1.365,-196.527,859.145,-0.040
-5510.793,-2821.995,-1.366,-195.904,859.068,-0.047
-5514.366,-2806.438,-1.366,-203.867,892.882,-0.039
-5517.833,-2791.665,-1.365,-209.582,913.648,-0.025
-5521.248,-2777.041,-1.365,-213.913,929.834,-0.019
-5524.474,-2762.907,-1.365,-215.663,938.582,-0.018
-5527.593,-2749.342,-1.365,-216.061,940.205,-0.012
-5530.829,-2735.974,-1.364,-217.595,939.545,-0.002
-5533.974,-2723.033,-1.364,-217.975,934.598,-0.004
-5537.022,-2710.185,-1.364,-217.294,929.413,0.001
-5539.970,-2697.519,-1.363,-215.683,923.116,0.010
-5543.044,-2685.100,-1.363,-215.618,915.209,0.012
-5545.980,-2672.820,-1.362,-214.131,907.034,0.011
-5548.915,-2660.666,-1.362,-212.845,898.758,0.014
-5551.891,-2648.692,-1.362,-212.183,889.851,0.009
-5555.018,-2636.377,-1.363,-213.165,885.764,0.002
-5557.841,-2624.322,-1.363,-210.883,879.597,-0.002
-5560.752,-2612.341,-1.363,-209.843,873.575,0.006
-5563.443,-2600.484,-1.362,-206.684,867.170,0.010
-5566.315,-2588.134,-1.361,-205.851,866.775,0.018
-5569.326,-2575.924,-1.360,-206.573,865.004,0.021
-5572.030,-2564.011,-1.360,-204.034,860.428,0.020
-5574.783,-2551.941,-1.359,-202.367,858.144,0.032
-5577.494,-2539.275,-1.358,-200.510,862.331,0.032
-5580.410,-2526.884,-1.358,-201.043,863.076,0.027
-5583.289,-2514.592,-1.358,-201.111,862.687,0.023
-5586.232,-2502.095,-1.358,-201.835,864.460,0.022
-5588.882,-2489.563,-1.359,-199.431,866.341,0.011
-5591.799,-2477.143,-1.360,-200.131,866.795,-0.001
-5594.630,-2464.599,-1.361,-199.845,868.454,-0.012
-5597.335,-2452.166,-1.360,-198.298,868.724,-0.004
-5599.788,-2439.608,-1.360,-194.391,870.248,0.000
-5602.696,-2427.216,-1.360,-195.739,869.829,-0.000
-5605.421,-2414.927,-1.361,-195.004,868.425,-0.008
-5608.229,-2402.456,-1.360,-195.240,869.094,0.002
-5611.035,-2390.194,-1.359,-195.410,867.504,0.011
-5613.857,-2377.788,-1.359,-195.725,867.647,0.011
-5616.545,-2365.352,-1.359,-194.605,868.064,0.003
-5619.583,-2352.776,-1.360,-197.265,869.869,-0.001
-5622.390,-2340.274,-1.360,-197.152,870.645,0.002
-5625.320,-2327.811,-1.358,-198.322,870.899,0.013
-5628.165,-2315.759,-1.357,-198.434,866.899,0.020
-5631.342,-2303.267,-1.357,-201.958,868.000,0.024
-5634.245,-2290.861,-1.356,-202.147,868.060,0.022
-5637.228,-2278.387,-1.357,-203.123,868.815,0.013
-5640.010,-2266.266,-1.356,-201.893,865.823,0.017
-5642.998,-2254.203,-1.356,-202.961,862.680,0.016
-5645.918,-2241.965,-1.355,-203.173,861.788,0.030
-5648.942,-2229.726,-1.354,-204.422,861.052,0.033
-5651.684,-2217.479,-1.352,-202.585,860.493,0.041
-5654.621,-2205.097,-1.351,-203.025,861.413,0.045
-5657.619,-2192.773,-1.351,-204.036,861.594,0.046
-5660.528,-2180.366,-1.351,-203.974,862.610,0.038
-5663.236,-2168.170,-1.351,-201.854,861.308,0.028
-5666.104,-2155.884,-1.351,-201.693,861.117,0.030
-5668.923,-2143.496,-1.350,-201.056,862.004,0.030
-5671.812,-2131.207,-1.350,-201.221,861.747,0.028
-5674.465,-2118.843,-1.350,-198.947,862.294,0.025
-5677.191,-2106.345,-1.350,-197.749,864.142,0.020
-5680.138,-2093.830,-1.351,-199.007,865.893,0.009
-5683.153,-2081.673,-1.350,-200.782,863.698,0.011
-5685.758,-2069.521,-1.350,-198.068,861.775,0.010
-5688.572,-2057.014,-1.350,-197.910,863.794,0.013
-5691.619,-2044.742,-1.349,-200.170,863.099,0.017
-5694.506,-2032.309,-1.348,-200.448,864.154,0.024
-5697.310,-2020.192,-1.347,-199.835,861.809,0.034
-5700.270,-2008.008,-1.345,-200.924,860.497,0.044
-5703.342,-1995.597,-1.344,-203.000,861.710,0.046
-5706.229,-1983.457,-1.344,-202.864,859.960,0.041
-5709.307,-1971.467,-1.344,-204.716,856.928,0.041
-5712.301,-1959.079,-1.344,-205.427,858.426,0.029
-5715.190,-1946.766,-1.344,-204.961,858.937,0.023
-5718.296,-1934.623,-1.345,-206.799,857.633,0.014
-5721.444,-1922.663,-1.345,-208.786,854.626,0.007
-5724.500,-1910.290,-1.346,-209.541,856.316,-0.002
-5727.677,-1897.797,-1.347,-211.436,858.993,-0.008
-5730.938,-1885.583,-1.347,-213.915,858.397,-0.011
-5734.303,-1873.372,-1.348,-217.093,857.867,-0.016
-5737.536,-1861.106,-1.348,-218.443,857.975,-0.016
-5740.844,-1848.649,-1.350,-220.374,860.040,-0.026
-5744.202,-1836.569,-1.350,-222.530,857.914,-0.026
-5747.333,-1824.550,-1.351,-222.045,855.473,-0.028
-5750.460,-1812.344,-1.352,-221.578,855.321,-0.032
-5753.491,-1800.062,-1.352,-220.189,855.964,-0.035
-5756.597,-1787.982,-1.353,-219.782,854.443,-0.040
-5759.673,-1775.813,-1.354,-219.129,854.057,-0.042
-5762.649,-1763.776,-1.356,-217.546,852.373,-0.048
-5765.344,-1751.632,-1.356,-213.293,852.039,-0.049
-5768.273,-1739.328,-1.357,-212.081,853.398,-0.051
-5771.163,-1727.338,-1.359,-210.631,851.320,-0.059
-5774.365,-1715.151,-1.361,-212.623,851.581,-0.065
-5777.353,-1702.922,-1.361,-212.116,852.241,-0.059
-5780.050,-1690.785,-1.361,-208.688,851.852,-0.047
-5783.151,-1678.679,-1.362,-209.918,851.193,-0.052
-5786.240,-1666.423,-1.360,-210.841,852.181,-0.028
-5789.173,-1654.160,-1.359,-210.037,853.103,-0.016
-5791.966,-1641.956,-1.357,-207.900,853.274,0.005
-5794.688,-1629.693,-1.356,-205.343,854.034,0.021
-5797.835,-1617.505,-1.354,-207.540,853.906,0.035
-5800.876,-1605.123,-1.353,-208.323,855.794,0.036
-5803.826,-1593.039,-1.353,-208.052,854.329,0.035
-5806.681,-1580.971,-1.353,-206.844,852.927,0.027
-5809.569,-1568.889,-1.353,-206.158,851.872,0.020
-5812.440,-1556.692,-1.354,-205.397,852.151,0.010
-5815.283,-1544.479,-1.355,-204.457,852.549,-0.003
-5818.142,-1532.128,-1.356,-203.818,854.323,-0.013
-5821.116,-1520.038,-1.357,-204.462,853.138,-0.015
-5824.092,-1507.923,-1.357,-205.033,852.397,-0.013
-5826.872,-1495.697,-1.358,-203.499,852.900,-0.026
-5829.853,-1483.613,-1.358,-204.254,851.870,-0.016
-5832.646,-1471.352,-1.357,-202.968,852.802,-0.007
-5835.273,-1459.228,-1.357,-200.167,852.203,-0.005
-5838.872,-1443.886,-1.356,-207.781,884.811,0.006
-5842.077,-1429.070,-1.356,-210.218,907.214,0.006
-5845.423,-1414.580,-1.354,-213.741,922.962,0.021
-5848.648,-1400.634,-1.353,-215.517,930.791,0.027
-5851.706,-1386.969,-1.352,-215.291,934.584,0.034
-5854.772,-1373.796,-1.351,-215.198,932.741,0.042
-5857.884,-1361.037,-1.349,-215.583,926.916,0.049
-5860.892,-1348.337,-1.349,-214.847,921.346,0.040
-5863.671,-1335.954,-1.349,-211.860,913.323,0.035
-5866.750,-1323.454,-1.349,-212.393,907.685,0.031
-5869.721,-1311.218,-1.349,-211.748,900.166,0.031
-5872.804,-1299.318,-1.349,-212.342,890.284,0.022
-5875.569,-1287.320,-1.349,-209.579,882.865,0.021
-5878.323,-1275.211,-1.351,-207.115,877.683,-0.004
-5881.376,-1263.285,-1.351,-208.088,871.378,-0.002
-5884.317,-1251.420,-1.351,-207.759,865.377,-0.003
-5887.189,-1239.622,-1.351,-206.771,859.570,-0.004
-5889.870,-1227.780,-1.352,-203.962,855.065,-0.011
-5892.689,-1215.871,-1.352,-202.986,851.913,-0.012
-5895.504,-1203.725,-1.354,-202.112,851.662,-0.021
-5898.203,-1191.734,-1.354,-200.170,849.850,-0.019
-5902.038,-1176.510,-1.354,-210.215,881.589,-0.018
-5905.558,-1161.711,-1.353,-215.530,904.297,-0.006
-5909.110,-1147.469,-1.352,-220.402,917.919,0.000
-5912.361,-1133.575,-1.351,-221.456,925.957,0.015
-5915.688,-1119.923,-1.350,-223.136,930.316,0.016
-5919.130,-1106.594,-1.351,-225.760,930.726,0.009
-5922.016,-1093.757,-1.351,-222.262,925.992,0.009
-5925.128,-1080.979,-1.351,-221.614,921.352,0.006
-5928.097,-1068.304,-1.350,-219.589,916.340,0.016
-5931.022,-1055.885,-1.350,-217.412,909.432,0.013
-5933.745,-1043.708,-1.350,-213.463,901.036,0.014
-5936.464,-1031.414,-1.350,-210.067,895.094,0.004
-5939.233,-1019.092,-1.351,-207.675,890.301,-0.002
-5942.331,-1006.881,-1.352,-209.028,885.080,-0.009
-5945.218,-994.646,-1.352,-208.001,880.868,-0.011
-5948.034,-982.429,-1.354,-206.409,877.089,-0.023
-5951.139,-970.340,-1.355,-208.014,872.554,-0.032
-5954.212,-958.200,-1.355,-209.060,869.201,-0.033
-5956.972,-946.117,-1.357,-206.722,865.760,-0.040
-5959.932,-934.057,-1.357,-206.799,862.592,-0.032
-5963.144,-922.124,-1.358,-209.451,858.587,-0.037
-5966.072,-910.289,-1.357,-208.794,854.150,-0.024
-5968.849,-898.810,-1.356,-206.672,846.702,-0.010
-5971.634,-887.592,-1.355,-204.950,837.671,-0.003
-5974.444,-876.849,-1.353,-203.738,825.071,0.020
-5977.100,-866.357,-1.351,-201.111,811.743,0.028
-5979.455,-856.384,-1.350,-195.783,795.030,0.040
-5981.850,-846.714,-1.350,-191.643,777.657,0.035
-5984.227,-837.250,-1.350,-187.931,760.725,0.025
-5986.785,-827.797,-1.352,-186.623,746.160,-0.000
-5989.064,-818.623,-1.355,-182.642,730.869,-0.022
-5991.659,-809.208,-1.357,-182.496,720.305,-0.039
-5993.975,-800.124,-1.358,-179.497,707.884,-0.047
-5996.410,-790.752,-1.359,-178.165,700.266,-0.045
-5998.763,-781.430,-1.359,-176.189,693.245,-0.042
-6001.359,-772.249,-1.360,-177.003,685.803,-0.042
-6003.723,-762.848,-1.358,-175.305,681.730,-0.020
-6005.483,-753.535,-1.356,-167.647,677.343,-0.000
-6007.715,-744.971,-1.356,-165.966,665.894,0.001
-6009.918,-736.580,-1.355,-164.244,654.346,0.014
-6011.818,-728.355,-1.354,-159.646,642.781,0.024
-6013.773,-720.543,-1.354,-156.295,628.679,0.019
-6016.016,-713.394,-1.354,-156.396,609.810,0.018
-6018.207,-706.127,-1.354,-155.945,594.940,0.009
-6019.651,-699.300,-1.354,-147.886,577.729,0.008
-6021.601,-692.640,-1.354,-146.204,561.328,0.010
-6023.838,-685.805,-1.354,-147.735,549.142,0.011
-6025.572,-679.343,-1.353,-143.859,534.902,0.014
-6027.495,-672.636,-1.353,-142.500,525.281,0.016
-6029.735,-665.930,-1.353,-144.600,517.068,0.015
-6031.620,-659.435,-1.353,-142.738,507.891,0.007
-6033.592,-653.561,-1.354,-142.053,493.666,0.002
-6035.327,-647.991,-1.354,-139.018,478.398,0.001
-6036.614,-642.731,-1.353,-131.822,462.199,0.004
-6037.934,-637.665,-1.352,-126.021,446.380,0.016
-6039.113,-633.263,-1.354,-119.630,426.049,-0.001
-6040.269,-629.130,-1.354,-113.940,405.937,-0.009
-6041.197,-624.764,-1.354,-106.734,391.185,-0.006
-6042.358,-620.770,-1.357,-102.989,374.766,-0.029
-6043.571,-616.600,-1.357,-100.336,362.587,-0.024
-6044.735,-612.421,-1.359,-97.555,352.280,-0.041
-6045.995,-608.092,-1.361,-96.175,345.033,-0.052
-6047.644,-603.710,-1.363,-99.013,339.406,-0.065
-6049.001,-599.453,-1.364,-98.425,333.316,-0.069
-6050.346,-595.364,-1.364,-97.796,326.388,-0.057
-6051.335,-592.090,-1.364,-93.593,312.089,-0.044
-6052.290,-589.314,-1.362,-89.655,294.774,-0.025
-6052.861,-586.945,-1.362,-82.348,275.809,-0.015
-6053.476,-584.750,-1.361,-76.576,257.845,-0.010
-6054.241,-583.061,-1.362,-73.185,237.314,-0.017
-6054.716,-581.685,-1.364,-67.310,216.579,-0.034
-6055.429,-579.979,-1.365,-64.752,202.285,-0.039
-6055.661,-578.530,-1.366,-57.618,187.454,-0.039
-6055.818,-576.772,-1.365,-50.767,177.989,-0.028
-6056.162,-574.855,-1.367,-46.831,171.545,-0.035
-6056.908,-572.647,-1.368,-47.627,169.042,-0.043
-6057.363,-570.693,-1.367,-45.314,164.305,-0.028
-6057.957,-568.829,-1.366,-44.757,159.326,-0.013
-6058.505,-567.940,-1.365,-43.817,145.049,-0.001
-6058.375,-567.517,-1.363,-36.038,128.069,0.012
-6057.874,-568.083,-1.363,-25.577,103.410,0.018
-6057.405,-568.956,-1.361,-16.990,79.211,0.030
-6056.972,-569.874,-1.360,-10.036,58.109,0.036
-6056.408,-570.878,-1.359,-2.752,39.230,0.039
-6055.958,-572.006,-1.359,2.284,21.846,0.035
-6055.681,-572.753,-1.360,4.800,10.946,0.021
-6055.240,-573.232,-1.361,8.639,4.406,0.007
-6055.097,-573.655,-1.361,8.832,-0.600,0.004
-6054.964,-574.129,-1.362,8.901,-5.385,-0.005
-6055.006,-574.610,-1.363,7.163,-9.543,-0.009
-6055.243,-575.211,-1.361,3.678,-14.334,0.004
-6055.078,-576.042,-1.359,4.829,-20.774,0.026
-6054.374,-577.590,-1.357,11.368,-33.663,0.038
-6053.604,-579.565,-1.356,17.625,-49.044,0.047
-6052.869,-581.970,-1.354,22.601,-66.584,0.061
-6051.851,-584.719,-1.352,29.759,-85.094,0.067
-6050.745,-587.648,-1.351,36.763,-102.728,0.066
-6049.701,-590.928,-1.351,42.104,-121.391,0.060
-6048.796,-594.282,-1.350,45.230,-138.065,0.059
-6047.705,-597.550,-1.349,49.809,-151.403,0.060
-6046.792,-600.643,-1.348,51.877,-160.983,0.056
-6046.373,-603.774,-1.349,48.564,-169.533,0.037
-6046.025,-606.803,-1.350,45.008,-175.783,0.027
-6045.119,-609.719,-1.352,47.713,-179.955,0.003
-6044.707,-612.450,-1.353,44.939,-181.607,-0.003
-6044.366,-615.130,-1.352,41.841,-182.481,-0.001
-6043.709,-617.794,-1.352,42.443,-183.072,0.006
-6043.172,-620.378,-1.352,41.730,-182.751,0.001
-6042.775,-623.038,-1.352,39.685,-183.262,0.004
-6042.239,-625.624,-1.351,39.365,-182.926,0.009
-6041.783,-628.133,-1.352,38.268,-181.861,0.005
-6041.001,-630.909,-1.351,40.693,-183.687,0.007
-6040.541,-633.629,-1.352,39.443,-184.672,0.003
-6039.751,-636.181,-1.352,41.773,-183.792,0.002
-6039.186,-638.961,-1.352,41.453,-185.381,0.001
-6038.787,-641.451,-1.352,39.461,-183.749,0.003
-6038.233,-644.069,-1.353,39.363,-183.675,-0.013
-6037.973,-646.604,-1.353,36.247,-182.756,-0.008
-6037.556,-649.180,-1.352,35.214,-182.402,-0.004
-6037.138,-651.594,-1.353,34.336,-180.433,-0.011
-6036.628,-653.977,-1.354,34.536,-178.428,-0.017
-6035.705,-656.479,-1.355,38.959,-177.942,-0.022
-6034.940,-658.948,-1.356,41.102,-177.192,-0.027
-6034.430,-661.538,-1.356,40.310,-177.799,-0.023
-6033.930,-663.996,-1.356,39.529,-176.949,-0.023
-6033.383,-666.613,-1.356,39.344,-177.870,-0.019
-6032.751,-669.696,-1.356,40.068,-183.452,-0.019
-6032.135,-672.935,-1.356,40.519,-189.811,-0.011
-6031.629,-676.003,-1.356,39.760,-193.481,-0.008
-6030.920,-679.159,-1.356,41.215,-197.522,-0.008
-6030.451,-681.867,-1.356,39.988,-196.345,-0.004
-6029.831,-684.720,-1.355,40.492,-196.841,-0.003
-6029.234,-687.511,-1.356,40.672,-196.629,-0.005
-6028.808,-690.258,-1.355,39.083,-195.991,-0.001
-6028.219,-692.899,-1.357,39.393,-194.347,-0.012
-6027.389,-695.649,-1.357,42.146,-194.077,-0.015
-6026.748,-698.188,-1.358,42.552,-191.677,-0.024
-6026.407,-700.781,-1.359,39.799,-190.176,-0.028
-6025.783,-703.323,-1.359,40.373,-188.379,-0.026
-6025.285,-705.992,-1.359,39.558,-188.156,-0.021
-6024.660,-708.218,-1.358,40.181,-183.394,-0.010
-6024.156,-710.869,-1.357,39.455,-183.719,-0.000
-6023.551,-713.250,-1.357,39.883,-181.207,0.008
-6023.148,-715.705,-1.358,38.164,-179.839,-0.005
-6022.512,-718.445,-1.357,39.097,-181.589,-0.000
-6021.933,-720.871,-1.356,39.313,-179.865,0.010
-6021.673,-723.281,-1.357,36.208,-178.223,0.004
-6021.083,-725.666,-1.358,36.948,-176.567,-0.006
-6020.779,-728.115,-1.360,34.654,-175.812,-0.025
-6020.318,-730.552,-1.361,34.299,-175.041,-0.029
-6019.917,-732.669,-1.362,33.382,-171.086,-0.035
-6019.170,-734.857,-1.362,36.166,-168.455,-0.036
-6018.809,-737.392,-1.363,34.566,-169.778,-0.039
-6018.423,-739.740,-1.363,33.457,-168.980,-0.028
-6017.928,-742.522,-1.362,33.626,-172.767,-0.012
-6017.380,-744.930,-1.362,34.325,-172.153,-0.011
-6016.963,-747.552,-1.360,33.571,-173.822,0.005
-6016.112,-750.043,-1.360,37.390,-173.900,0.005
-6015.491,-753.031,-1.359,38.291,-179.094,0.014
-6014.894,-755.546,-1.358,38.806,-178.640,0.024
-6014.673,-758.176,-1.357,35.366,-179.443,0.027
-6013.903,-760.476,-1.358,38.094,-176.729,0.017
-6013.341,-762.774,-1.357,38.279,-174.400,0.020
-6012.764,-765.029,-1.356,38.590,-171.960,0.023
-6012.329,-767.650,-1.356,37.391,-173.654,0.020
-6011.856,-770.296,-1.356,36.761,-175.361,0.021
-6011.448,-772.825,-1.356,35.559,-175.605,0.018
-6010.942,-775.534,-1.355,35.539,-177.665,0.025
-6010.312,-778.064,-1.354,36.789,-177.585,0.029
-6009.736,-780.803,-1.354,37.319,-179.669,0.026
-6009.251,-783.301,-1.353,36.818,-178.959,0.028
-6008.960,-785.860,-1.355,34.397,-178.983,0.009
-6008.321,-788.420,-1.355,35.917,-179.012,0.007
-6007.581,-791.020,-1.355,38.256,-179.453,0.005
-6007.092,-793.593,-1.355,37.659,-179.553,0.008
-6006.480,-795.933,-1.354,38.427,-177.230,0.013
-6006.138,-798.453,-1.353,36.299,-177.108,0.017
-6005.383,-800.955,-1.353,38.727,-176.818,0.015
-6004.703,-803.474,-1.353,40.032,-176.750,0.020
-6003.970,-806.110,-1.353,41.695,-177.888,0.019
-6003.263,-808.865,-1.352,42.841,-180.091,0.020
-6002.756,-811.674,-1.351,41.756,-182.531,0.024
-6001.858,-814.237,-1.350,44.861,-182.065,0.036
-6001.643,-817.057,-1.349,40.476,-184.324,0.036
-6001.266,-819.472,-1.349,38.407,-182.081,0.033
-6000.995,-822.076,-1.349,35.551,-182.104,0.024
-6000.501,-824.598,-1.349,35.400,-181.287,0.022
-6000.092,-826.981,-1.348,34.411,-179.156,0.032
-5999.885,-829.376,-1.348,31.484,-177.469,0.021
-5999.217,-831.847,-1.348,33.725,-176.801,0.025
-5998.975,-834.242,-1.346,31.257,-175.458,0.033
-5999.032,-836.798,-1.346,26.071,-175.972,0.029
-5998.720,-839.061,-1.346,25.448,-173.389,0.027
-5997.926,-841.542,-1.347,29.880,-173.423,0.018
-5997.577,-843.938,-1.347,29.080,-172.585,0.015
-5997.043,-846.421,-1.347,30.295,-172.769,0.010
-5996.390,-848.996,-1.348,32.573,-173.868,-0.002
-5995.951,-851.565,-1.349,32.304,-174.748,-0.006
-5995.499,-854.212,-1.348,32.207,-176.294,-0.002
-5995.042,-856.709,-1.348,32.168,-176.076,-0.000
-5994.867,-858.949,-1.350,29.236,-173.234,-0.019
-5994.611,-861.103,-1.351,27.571,-169.936,-0.025
-5994.625,-862.272,-1.353,23.378,-156.981,-0.036
-5994.475,-862.828,-1.353,21.481,-139.611,-0.038
-5994.345,-862.620,-1.353,19.661,-116.943,-0.033
-5994.398,-861.716,-1.353,16.225,-90.439,-0.024
-5994.568,-860.911,-1.352,12.088,-68.853,-0.009
-5994.388,-860.048,-1.350,12.163,-49.836,0.006
-5994.628,-859.035,-1.349,7.902,-32.083,0.020
-5994.867,-858.369,-1.348,4.285,-20.505,0.024
-5994.780,-857.982,-1.349,4.549,-13.511,0.011
-5994.860,-857.575,-1.349,3.058,-7.331,0.006
-5995.006,-857.086,-1.350,1.095,-1.215,-0.001
-5995.143,-856.813,-1.352,-0.466,1.770,-0.018
-5995.344,-856.521,-1.352,-2.474,4.519,-0.020
-5995.389,-856.116,-1.352,-2.574,8.020,-0.013
-5995.545,-855.992,-1.352,-3.798,8.118,-0.007
-5995.544,-856.020,-1.350,-3.226,6.637,0.007
-5995.567,-855.883,-1.350,-2.997,7.072,0.005
-5995.349,-855.483,-1.350,-0.304,10.148,0.004
-5995.262,-855.598,-1.350,0.632,7.467,0.003
-5995.250,-855.374,-1.351,0.669,8.677,-0.005
-5994.851,-855.212,-1.351,4.678,9.071,-0.002
-5995.055,-855.333,-1.351,1.889,6.492,-0.001
-5994.822,-855.517,-1.352,4.008,3.644,-0.013
-5994.712,-855.620,-1.352,4.547,2.043,-0.012
-5994.520,-855.634,-1.353,5.863,1.604,-0.015
-5994.133,-855.774,-1.354,8.977,-0.078,-0.024
-5993.257,-855.139,-1.354,16.681,6.471,-0.026
-5992.045,-854.506,-1.355,26.700,12.035,-0.025
-5989.901,-853.864,-1.355,44.844,16.879,-0.024
-5987.594,-853.250,-1.354,62.004,20.715,-0.011
-5984.983,-852.408,-1.353,79.764,26.338,0.003
-5982.015,-851.526,-1.349,98.591,31.538,0.036
-5978.992,-850.286,-1.347,115.210,39.675,0.054
-5976.003,-849.672,-1.344,129.034,40.153,0.068
-5972.790,-849.064,-1.344,143.134,40.514,0.063
-5969.711,-848.688,-1.344,153.774,38.428,0.049
-5967.383,-848.304,-1.347,155.136,36.722,0.019
-5964.970,-847.867,-1.349,157.159,35.828,-0.006
-5962.627,-847.881,-1.351,158.160,30.410,-0.024
-5960.366,-847.377,-1.353,158.178,31.122,-0.035
-5958.131,-846.948,-1.353,157.928,30.969,-0.030
-5955.620,-846.578,-1.355,160.556,30.218,-0.052
-5953.313,-845.965,-1.357,160.681,32.086,-0.056
-5950.653,-845.294,-1.358,164.439,34.280,-0.056
-5948.653,-844.459,-1.358,160.842,37.827,-0.056
-5946.177,-844.102,-1.360,162.687,35.939,-0.061
-5943.789,-843.732,-1.359,163.344,34.468,-0.048
-5941.446,-843.408,-1.358,163.441,32.732,-0.032
-5938.994,-843.207,-1.358,164.649,29.989,-0.023
-5936.755,-842.826,-1.358,163.479,29.496,-0.017
-5934.419,-842.537,-1.356,163.479,28.137,0.003
-5932.322,-841.954,-1.354,161.031,30.002,0.023
-5930.061,-841.513,-1.352,160.628,30.125,0.033
-5927.538,-841.396,-1.351,162.978,26.899,0.039
-5924.545,-840.408,-1.351,169.812,33.118,0.037
-5921.342,-839.659,-1.351,177.822,35.956,0.030
-5916.283,-838.548,-1.350,203.753,42.111,0.033
-5911.175,-837.281,-1.349,226.369,48.954,0.040
-5906.217,-836.053,-1.348,244.120,54.401,0.044
-5900.828,-834.486,-1.347,263.698,62.527,0.044
-5895.704,-833.162,-1.347,277.658,66.962,0.038
-5890.725,-831.944,-1.347,288.089,69.655,0.033
-5885.329,-830.585,-1.347,301.265,73.407,0.033
-5880.040,-829.308,-1.345,311.412,75.750,0.041
-5875.250,-828.163,-1.344,314.929,76.403,0.049
-5870.351,-827.212,-1.344,319.046,74.957,0.040
-5865.678,-826.265,-1.344,320.227,73.676,0.034
-5860.790,-825.065,-1.345,323.452,75.195,0.023
-5855.890,-824.060,-1.346,326.329,74.489,0.007
-5851.164,-823.249,-1.346,326.984,71.880,0.004
-5846.670,-822.155,-1.345,325.158,72.573,0.010
-5841.228,-820.912,-1.344,333.367,74.694,0.021
-5835.662,-819.916,-1.345,341.640,73.967,0.012
-5830.563,-818.529,-1.347,343.888,77.362,-0.009
-5825.387,-817.094,-1.348,346.602,80.763,-0.015
-5820.470,-815.946,-1.349,346.244,80.698,-0.023
-5815.731,-814.716,-1.348,344.108,81.497,-0.015
-5811.047,-813.625,-1.348,341.717,80.737,-0.008
-5806.470,-812.720,-1.346,338.591,78.185,0.006
-5801.937,-811.790,-1.345,335.458,76.258,0.017
-5797.319,-810.881,-1.346,333.659,74.404,0.009
-5792.978,-809.916,-1.345,329.279,73.398,0.010
-5788.766,-809.020,-1.345,324.214,71.822,0.009
-5784.256,-808.119,-1.345,322.964,70.538,0.010
-5779.790,-807.399,-1.344,321.450,67.573,0.017
-5775.492,-806.549,-1.344,318.415,66.384,0.019
-5771.045,-805.633,-1.341,317.364,66.057,0.037
-5766.849,-804.698,-1.340,313.887,65.961,0.041
-5762.528,-803.711,-1.340,312.212,66.429,0.036
-5758.090,-802.673,-1.341,311.978,67.345,0.026
-5753.490,-801.581,-1.341,313.455,68.682,0.018
-5749.164,-800.697,-1.341,311.897,67.683,0.015
-5744.828,-799.869,-1.341,310.659,66.253,0.018
-5740.561,-799.016,-1.341,308.900,65.290,0.017
-5736.331,-798.131,-1.341,307.021,64.799,0.013
-5731.977,-797.121,-1.339,306.687,65.662,0.026
-5727.660,-796.117,-1.338,306.029,66.339,0.033
-5723.633,-795.168,-1.337,302.476,66.350,0.038
-5719.263,-794.375,-1.335,302.978,64.763,0.050
-5713.732,-793.409,-1.333,315.360,65.182,0.060
-5708.443,-792.136,-1.333,323.426,68.697,0.058
-5703.431,-791.079,-1.332,327.468,69.481,0.054
-5698.223,-789.784,-1.333,332.915,72.591,0.034
-5693.478,-788.590,-1.334,332.811,74.208,0.026
-5688.715,-787.582,-1.333,332.894,73.676,0.031
-5684.114,-786.608,-1.332,331.297,72.866,0.035
-5679.487,-785.556,-1.331,330.210,72.974,0.037
-5674.897,-784.649,-1.330,328.899,71.578,0.039
-5670.620,-783.562,-1.331,324.566,72.241,0.032
-5666.441,-782.620,-1.331,319.850,71.317,0.024
-5662.145,-781.615,-1.332,317.037,71.181,0.014
-5657.733,-780.518,-1.332,315.832,72.004,0.010
-5653.800,-779.504,-1.331,309.870,71.854,0.020
-5649.946,-778.587,-1.331,303.978,70.728,0.009
-5645.982,-777.354,-1.331,300.076,73.018,0.010
-5641.653,-776.333,-1.332,300.509,72.786,-0.000
-5637.643,-775.321,-1.332,297.601,72.503,-0.004
-5633.619,-774.354,-1.332,295.262,71.789,0.002
-5629.416,-773.312,-1.332,295.110,71.962,0.005
-5625.163,-772.128,-1.332,295.485,73.565,-0.004
-5621.205,-770.979,-1.333,292.778,74.578,-0.008
-5617.111,-770.024,-1.332,291.866,73.440,0.002
-5612.872,-768.987,-1.333,292.578,73.314,-0.005
-5608.455,-767.907,-1.333,295.025,73.657,-0.007
-5604.167,-766.718,-1.332,295.783,75.063,0.005
-5600.012,-765.447,-1.331,295.056,77.107,0.010
-5595.744,-764.225,-1.330,295.601,78.347,0.016
-5591.348,-763.139,-1.330,297.378,78.003,0.019
-5586.964,-762.101,-1.330,298.780,77.217,0.013
-5582.617,-761.124,-1.332,299.585,75.917,-0.004
-5578.319,-760.098,-1.333,299.774,75.317,-0.017
-5573.898,-758.866,-1.334,301.204,76.923,-0.025
-5569.553,-757.712,-1.336,301.641,77.494,-0.036
-5565.451,-756.692,-1.336,299.501,76.599,-0.035
-5561.533,-755.823,-1.336,295.791,74.279,-0.030
-5558.050,-754.993,-1.336,288.151,71.896,-0.020
-5554.851,-754.260,-1.336,278.703,68.870,-0.024
-5552.426,-753.646,-1.337,262.675,65.057,-0.024
-5551.063,-753.585,-1.338,238.081,56.120,-0.028
-5550.517,-753.383,-1.339,208.690,49.943,-0.032
-5550.726,-753.702,-1.340,175.844,39.315,-0.039
-5551.667,-753.978,-1.341,140.291,30.695,-0.048
-5552.880,-754.371,-1.344,107.179,22.134,-0.068
-5554.207,-754.796,-1.347,77.753,14.501,-0.079
-5555.733,-755.230,-1.349,50.605,7.900,-0.090
-5556.876,-755.623,-1.349,31.400,2.700,-0.076
-5557.876,-755.916,-1.348,16.482,-0.715,-0.060
-5558.757,-756.321,-1.348,4.997,-4.778,-0.051
-5559.597,-756.560,-1.348,-4.388,-6.536,-0.038
-5560.297,-756.750,-1.346,-10.955,-7.535,-0.018
-5560.847,-756.997,-1.344,-14.999,-8.970,0.004
-5561.334,-757.078,-1.343,-17.813,-8.478,0.016
-5561.727,-757.029,-1.343,-19.237,-6.726,0.013
-5561.911,-756.921,-1.342,-18.303,-4.629,0.018
-5562.200,-756.917,-1.343,-18.584,-3.913,0.011
-5562.410,-756.932,-1.342,-18.007,-3.486,0.012
-5562.537,-756.954,-1.342,-16.667,-3.199,0.015
-5562.666,-756.980,-1.343,-15.550,-3.003,0.006
-5562.584,-756.984,-1.342,-12.420,-2.596,0.009
-5562.402,-757.171,-1.342,-8.719,-4.136,0.005
-5562.316,-757.046,-1.343,-6.555,-2.245,0.003
-5562.205,-757.132,-1.343,-4.443,-2.797,0.002
-5562.027,-757.052,-1.343,-1.962,-1.562,0.001
-5561.981,-757.002,-1.343,-1.199,-0.817,0.002
-5561.973,-757.093,-1.343,-0.932,-1.643,-0.001
-5562.144,-756.950,-1.343,-2.560,0.080,-0.005
-5562.208,-756.973,-1.344,-2.839,-0.176,-0.008
-5562.141,-756.945,-1.343,-1.729,0.140,0.002
-5561.923,-756.934,-1.343,0.768,0.237,0.004
-5561.858,-756.767,-1.342,1.318,1.918,0.006
-5561.947,-756.802,-1.342,0.212,1.276,0.012
-5561.921,-756.824,-1.342,0.441,0.858,0.009
-5561.932,-756.734,-1.342,0.269,1.664,0.008
-5561.991,-756.970,-1.342,-0.380,-1.015,0.007
-5562.059,-756.821,-1.342,-1.020,0.674,0.004
-5561.995,-756.850,-1.342,-0.208,0.277,0.002
-5561.923,-756.792,-1.342,0.559,0.828,-0.003
-5561.877,-756.712,-1.343,0.944,1.534,-0.005
-5561.726,-756.813,-1.343,2.369,0.266,-0.006
-5561.795,-756.826,-1.343,1.303,0.092,-0.002
-5561.661,-756.856,-1.343,2.497,-0.233,-0.003
-5561.704,-756.724,-1.342,1.681,1.159,0.008
-5561.832,-756.741,-1.342,0.120,0.820,0.005
-5561.789,-756.869,-1.342,0.542,-0.618,0.002
-5561.923,-756.990,-1.342,-0.917,-1.777,-0.001
-5561.990,-756.972,-1.342,-1.472,-1.328,0.002
-5561.819,-757.045,-1.342,0.503,-1.881,0.002
-5561.854,-756.976,-1.342,0.078,-0.898,-0.002
-5561.836,-756.964,-1.342,0.243,-0.645,0.002
-5561.810,-756.910,-1.341,0.477,0.014,0.007
-5561.781,-756.870,-1.342,0.711,0.422,0.005
-5561.879,-756.889,-1.342,-0.411,0.164,-0.000
-5561.875,-756.921,-1.342,-0.310,-0.190,0.003
-5561.994,-756.899,-1.343,-1.487,0.065,-0.006
-5561.906,-756.896,-1.344,-0.356,0.083,-0.016
-5562.043,-757.031,-1.343,-1.724,-1.321,-0.010
-5561.936,-757.084,-1.344,-0.356,-1.675,-0.012
-5561.909,-757.066,-1.343,-0.030,-1.235,-0.008
-5561.982,-757.106,-1.344,-0.784,-1.464,-0.010
-5562.127,-757.114,-1.344,-2.162,-1.337,-0.009
-5562.055,-757.001,-1.344,-1.092,0.019,-0.008
-5562.076,-757.063,-1.344,-1.153,-0.616,-0.004
-5562.090,-756.933,-1.344,-1.132,0.813,-0.007
-5562.006,-756.756,-1.343,-0.097,2.510,0.000
-5562.004,-756.756,-1.343,-0.060,2.149,0.006
-5561.979,-756.702,-1.343,0.203,2.390,0.003
-5561.962,-756.653,-1.344,0.347,2.540,-0.004
-5561.943,-756.774,-1.343,0.488,0.921,0.001
-5561.888,-756.645,-1.344,0.994,2.113,-0.003
-5561.916,-756.757,-1.344,0.552,0.644,-0.004
-5561.959,-756.901,-1.343,0.027,-0.927,0.005
-5561.963,-756.941,-1.343,-0.014,-1.209,0.004
-5561.999,-757.045,-1.343,-0.380,-2.102,0.005
-5561.960,-756.993,-1.343,0.075,-1.256,0.002
-5561.879,-756.915,-1.343,0.891,-0.268,0.000
-5561.724,-756.932,-1.343,2.368,-0.397,0.003
-5561.839,-756.912,-1.344,0.827,-0.134,-0.004
-5561.747,-756.911,-1.343,1.655,-0.110,-0.000
-5561.796,-756.802,-1.343,0.908,1.033,0.000
-5561.777,-756.845,-1.343,0.967,0.435,0.002
-5561.816,-756.971,-1.343,0.427,-0.928,0.002
-5561.893,-757.005,-1.343,-0.431,-1.135,0.002
-5561.883,-757.099,-1.343,-0.266,-1.937,0.004
-5561.799,-756.959,-1.343,0.641,-0.209,0.004
-5561.894,-756.991,-1.343,-0.433,-0.513,0.001
-5561.866,-757.024,-1.343,-0.079,-0.774,0.002
-5561.828,-756.993,-1.343,0.319,-0.341,-0.005
-5561.944,-756.955,-1.343,-0.921,0.097,-0.000
-5561.966,-756.932,-1.343,-1.009,0.325,0.000
-5561.946,-756.967,-1.343,-0.652,-0.083,0.001
-5561.787,-756.986,-1.343,1.079,-0.269,0.001
-5561.719,-757.049,-1.343,1.619,-0.878,-0.001
-5561.809,-757.084,-1.343,0.456,-1.111,0.004
-5561.871,-757.154,-1.343,-0.249,-1.662,0.003
-5561.907,-757.131,-1.343,-0.582,-1.182,0.000
-5561.956,-757.059,-1.343,-1.001,-0.270,-0.005
-5561.951,-757.067,-1.343,-0.808,-0.313,-0.004
-5562.001,-757.027,-1.343,-1.203,0.144,-0.002
-5562.010,-756.935,-1.342,-1.113,1.073,0.007
-5562.040,-756.924,-1.343,-1.260,1.024,0.002
-5561.934,-756.899,-1.343,0.020,1.132,-0.002
-5561.867,-756.888,-1.343,0.698,1.074,-0.004
-5561.857,-756.842,-1.343,0.701,1.394,-0.002
-5561.861,-756.913,-1.343,0.554,0.454,-0.003
-5561.777,-756.987,-1.343,1.338,-0.368,-0.003
-5561.891,-757.084,-1.342,-0.029,-1.311,0.008
-5561.833,-756.991,-1.342,0.568,-0.161,0.009
-5561.860,-756.951,-1.342,0.208,0.268,0.012
-5561.953,-756.916,-1.342,-0.775,0.592,0.011
-5561.924,-757.035,-1.343,-0.364,-0.724,-0.000
-5561.884,-757.044,-1.343,0.099,-0.702,-0.001
-5561.876,-757.132,-1.343,0.160,-1.508,-0.002
-5561.938,-757.195,-1.342,-0.494,-1.936,0.001
-5561.905,-757.306,-1.343,-0.086,-2.795,-0.005
-5561.872,-757.311,-1.343,0.268,-2.439,-0.004
-5561.792,-757.253,-1.345,1.058,-1.477,-0.018
-5561.739,-757.165,-1.345,1.442,-0.358,-0.017
-5561.807,-757.209,-1.345,0.535,-0.761,-0.015
-5561.835,-757.140,-1.344,0.164,0.072,-0.004
-5561.901,-757.141,-1.344,-0.537,0.043,-0.007
-5561.948,-756.883,-1.344,-0.940,2.692,-0.001
-5562.083,-756.852,-1.343,-2.198,2.620,0.004
-5562.186,-756.926,-1.343,-2.927,1.472,0.003
-5562.236,-756.889,-1.343,-3.016,1.636,0.001
-5562.252,-757.042,-1.343,-2.738,-0.179,0.006
-5562.293,-757.022,-1.343,-2.755,0.056,0.006
-5562.366,-757.179,-1.342,-3.105,-1.568,0.009
-5562.321,-757.222,-1.341,-2.180,-1.789,0.020
-5562.328,-756.952,-1.340,-1.932,1.261,0.024
-5562.255,-757.039,-1.341,-0.900,0.173,0.018
-5562.103,-757.088,-1.341,0.802,-0.353,0.009
-5561.933,-757.121,-1.341,2.436,-0.636,0.007
-5561.850,-757.122,-1.342,2.927,-0.556,0.000
-5561.755,-757.076,-1.343,3.477,0.000,-0.006
-5561.723,-757.054,-1.343,3.296,0.229,-0.007
-5561.709,-757.018,-1.343,2.949,0.556,-0.012
-5561.762,-756.905,-1.343,1.972,1.643,-0.005
-5561.673,-756.862,-1.343,2.594,1.844,-0.003
-5561.756,-756.840,-1.343,1.366,1.797,-0.005
-5561.584,-756.896,-1.343,2.929,0.963,-0.002
-5561.707,-757.026,-1.342,1.240,-0.526,0.002
-5561.812,-756.963,-1.342,-0.023,0.200,0.004
-5561.793,-756.867,-1.342,0.172,1.164,0.007
-5561.756,-756.862,-1.341,0.525,1.044,0.010
-5561.765,-756.797,-1.342,0.357,1.561,0.007
-5561.859,-756.725,-1.342,-0.662,2.068,-0.002
-5561.791,-756.844,-1.342,0.132,0.544,-0.001
-5561.718,-756.928,-1.342,0.862,-0.399,0.000
-5561.771,-756.935,-1.343,0.188,-0.417,-0.010
-5561.918,-756.971,-1.343,-1.346,-0.729,-0.003
-5561.989,-757.016,-1.343,-1.878,-1.083,-0.005
-5561.996,-756.847,-1.343,-1.674,0.821,-0.009
-5562.083,-756.966,-1.344,-2.321,-0.524,-0.015
-5562.232,-757.491,-1.346,-3.519,-5.861,-0.029
-5562.002,-758.565,-1.345,-0.634,-16.049,-0.020
-5561.744,-760.167,-1.345,2.118,-30.184,-0.016
-5561.211,-762.376,-1.345,7.285,-48.481,-0.014
-5560.433,-764.953,-1.345,14.227,-67.887,-0.008
-5559.646,-767.936,-1.345,20.236,-88.611,-0.007
-5558.816,-771.077,-1.345,25.809,-107.910,-0.008
-5558.009,-774.374,-1.346,30.317,-125.987,-0.019
-5557.385,-777.357,-1.347,32.284,-138.160,-0.017
-5556.902,-780.364,-1.346,32.506,-148.806,-0.012
-5556.286,-783.315,-1.345,34.072,-157.297,0.004
-5555.689,-786.319,-1.344,35.206,-165.092,0.008
-5555.150,-789.220,-1.343,35.571,-170.674,0.019
-5554.732,-792.118,-1.341,34.651,-175.412,0.032
-5554.275,-795.678,-1.341,34.253,-186.258,0.030
-5553.681,-799.234,-1.341,35.335,-195.478,0.022
-5553.226,-802.380,-1.341,34.823,-199.109,0.020
-5552.716,-805.492,-1.341,34.950,-201.864,0.017
-5552.296,-808.313,-1.342,34.132,-201.221,0.011
-5551.793,-811.067,-1.342,34.295,-199.978,0.004
-5551.172,-813.675,-1.343,35.638,-197.422,-0.004
-5550.618,-816.456,-1.343,36.104,-197.010,0.000
-5550.039,-819.418,-1.343,36.758,-198.529,-0.004
-5549.402,-822.850,-1.343,37.909,-204.667,-0.006
-5548.681,-826.928,-1.343,39.761,-216.547,-0.003
-5547.932,-831.312,-1.343,41.618,-229.837,0.000
-5547.237,-836.252,-1.344,42.652,-246.888,-0.007
-5546.322,-841.275,-1.345,45.804,-262.295,-0.018
-5545.546,-846.406,-1.345,47.049,-276.532,-0.019
-5544.699,-851.879,-1.346,48.856,-292.216,-0.019
-5543.761,-857.389,-1.346,51.321,-305.955,-0.017
-5542.788,-862.867,-1.346,53.794,-317.359,-0.018
-5541.940,-868.385,-1.347,54.608,-327.491,-0.027
-5541.218,-873.943,-1.349,54.010,-336.543,-0.042
-5540.217,-879.427,-1.350,56.375,-343.510,-0.045
-5538.980,-886.342,-1.350,60.820,-364.175,-0.036
-5537.820,-892.821,-1.350,63.811,-377.316,-0.035
-5536.610,-899.201,-1.350,66.885,-387.510,-0.023
-5535.675,-905.287,-1.350,66.676,-393.170,-0.019
-5534.542,-911.233,-1.350,68.536,-396.560,-0.021
-5533.492,-916.848,-1.351,69.269,-396.047,-0.024
-5532.405,-922.305,-1.351,70.270,-393.973,-0.022
-5531.508,-927.555,-1.352,69.167,-390.079,-0.027
-5530.484,-932.862,-1.352,69.534,-387.348,-0.025
-5529.494,-938.101,-1.352,69.503,-384.316,-0.025
-5528.569,-943.351,-1.353,68.807,-381.842,-0.023
-5527.614,-948.704,-1.351,68.514,-380.800,-0.008
-5526.762,-953.979,-1.350,67.216,-379.094,0.003
-5525.689,-959.172,-1.350,68.366,-376.806,0.007
-5524.722,-964.339,-1.349,68.273,-374.582,0.018
-5524.092,-969.273,-1.349,64.719,-370.291,0.014
-5523.235,-974.471,-1.348,64.022,-369.344,0.016
-5522.291,-979.465,-1.347,64.326,-366.439,0.022
-5521.242,-984.503,-1.347,65.662,-364.410,0.023
-5520.070,-989.602,-1.348,68.071,-363.307,0.014
-5519.102,-994.523,-1.348,68.033,-360.540,0.003
-5518.287,-999.502,-1.349,66.417,-358.770,-0.000
-5517.169,-1004.523,-1.348,68.153,-357.695,0.007
-5516.093,-1009.607,-1.347,69.210,-357.434,0.016
-5515.095,-1014.708,-1.345,69.307,-357.375,0.034
-5513.825,-1019.972,-1.343,72.181,-359.015,0.043
-5512.829,-1025.168,-1.342,71.823,-359.704,0.054
-5511.745,-1030.198,-1.341,72.419,-358.582,0.047
-5510.707,-1035.196,-1.342,72.459,-357.298,0.033
-5509.602,-1040.255,-1.342,73.173,-356.833,0.031
-5508.594,-1045.208,-1.342,72.791,-355.348,0.021
-5507.679,-1050.230,-1.343,71.501,-354.783,0.016
-5506.984,-1055.246,-1.343,68.142,-354.245,0.009
-5506.114,-1060.407,-1.344,67.075,-355.286,-0.003
-5504.948,-1065.519,-1.346,69.217,-355.655,-0.015
-5504.008,-1070.542,-1.346,68.712,-355.066,-0.017
-5503.296,-1075.607,-1.346,65.940,-354.982,-0.015
-5502.356,-1080.761,-1.346,65.920,-355.837,-0.014
-5501.317,-1085.926,-1.346,66.920,-356.683,-0.009
-5500.198,-1091.196,-1.346,68.595,-358.479,-0.012
-5499.406,-1096.392,-1.346,66.668,-359.244,-0.010
-5498.612,-1101.440,-1.347,65.035,-358.384,-0.014
-5497.802,-1106.582,-1.348,63.810,-358.614,-0.020
-5496.510,-1113.004,-1.349,67.722,-371.981,-0.031
-5495.403,-1119.185,-1.350,69.157,-380.907,-0.032
-5494.255,-1125.260,-1.350,70.803,-387.426,-0.027
-5493.091,-1131.237,-1.349,72.377,-391.982,-0.020
-5492.130,-1137.048,-1.350,71.622,-394.161,-0.019
-5491.036,-1142.715,-1.351,72.356,-394.533,-0.025
-5490.052,-1148.143,-1.350,71.841,-392.381,-0.020
-5488.808,-1153.427,-1.351,74.090,-389.082,-0.025
-5487.785,-1158.697,-1.350,73.723,-386.107,-0.013
-5486.887,-1164.094,-1.350,72.119,-384.889,-0.008
-5485.945,-1169.570,-1.350,71.212,-384.656,-0.003
-5484.791,-1175.331,-1.350,72.627,-387.393,-0.002
-5483.821,-1181.572,-1.349,71.927,-394.666,0.001
-5482.704,-1188.357,-1.349,72.847,-406.475,0.000
-5481.624,-1195.646,-1.349,73.254,-421.732,-0.001
-5480.475,-1203.187,-1.349,74.314,-437.344,0.005
-5479.267,-1210.789,-1.348,75.819,-451.282,0.010
-5477.946,-1218.656,-1.348,78.265,-465.901,0.013
-5476.599,-1226.818,-1.347,80.625,-481.415,0.020
-5475.404,-1234.705,-1.346,81.061,-491.803,0.023
-5474.550,-1242.786,-1.347,77.932,-502.670,0.012
-5473.059,-1250.969,-1.347,81.830,-512.983,0.006
-5471.541,-1261.151,-1.346,85.421,-542.366,0.017
-5469.799,-1271.030,-1.345,90.785,-564.296,0.027
-5468.253,-1280.405,-1.345,93.345,-577.824,0.022
-5466.727,-1289.320,-1.345,95.330,-584.616,0.021
-5465.207,-1298.005,-1.346,96.959,-588.048,0.010
-5463.880,-1306.507,-1.346,96.366,-589.091,0.008
-5462.510,-1314.660,-1.345,96.292,-586.395,0.015
-5461.011,-1323.007,-1.344,97.562,-586.085,0.018
-5459.743,-1331.096,-1.344,96.268,-583.164,0.019
-5458.513,-1338.967,-1.345,94.771,-578.425,0.010
-5457.098,-1346.540,-1.345,95.406,-571.326,0.008
-5455.902,-1354.042,-1.346,93.689,-564.528,-0.006
-5454.587,-1361.613,-1.347,93.444,-559.443,-0.017
-5453.264,-1369.040,-1.348,93.318,-553.627,-0.021
-5452.030,-1376.495,-1.348,92.296,-548.951,-0.019
-5450.754,-1384.070,-1.348,91.860,-546.208,-0.014
-5449.241,-1391.556,-1.347,93.926,-542.939,-0.008
-5447.744,-1400.870,-1.348,95.533,-558.977,-0.010
-5446.198,-1410.089,-1.348,97.390,-571.675,-0.007
-5444.630,-1419.066,-1.347,99.208,-580.020,-0.001
-5443.308,-1427.712,-1.346,98.238,-583.721,0.006
-5441.755,-1436.261,-1.345,99.772,-585.892,0.017
-5440.441,-1444.496,-1.344,98.620,-584.496,0.021
-5439.042,-1452.663,-1.344,98.521,-582.617,0.023
-5437.790,-1460.614,-1.343,96.923,-578.781,0.027
-5436.545,-1468.536,-1.343,95.488,-575.222,0.025
-5435.280,-1476.417,-1.343,94.471,-571.754,0.016
-5433.971,-1484.144,-1.344,94.053,-567.218,0.010
-5432.584,-1491.894,-1.344,94.496,-563.585,0.008
-5431.355,-1499.340,-1.343,93.248,-557.357,0.011
-5429.761,-1506.867,-1.344,95.950,-552.876,0.004
-5428.408,-1514.500,-1.344,95.761,-550.142,0.006
-5427.003,-1522.125,-1.344,96.140,-547.734,0.006
-5425.371,-1529.730,-1.344,98.806,-545.473,0.001
-5423.916,-1537.272,-1.344,99.253,-542.886,0.000
-5422.448,-1544.772,-1.344,99.769,-540.261,0.001
-5420.952,-1552.061,-1.344,100.504,-535.844,-0.003
-5419.571,-1559.565,-1.344,99.938,-534.288,-0.002
-5418.045,-1567.240,-1.344,100.941,-534.727,0.003
-5416.371,-1574.718,-1.342,103.338,-533.066,0.017
-5414.799,-1582.297,-1.343,104.321,-532.695,0.013
-5413.095,-1589.953,-1.342,106.521,-533.173,0.012
-5410.989,-1599.646,-1.344,112.539,-554.542,-0.001
-5409.140,-1609.115,-1.343,115.021,-570.464,0.005
-5407.416,-1618.189,-1.344,115.855,-579.989,-0.002
-5405.528,-1627.143,-1.343,118.254,-586.872,0.008
-5403.657,-1635.755,-1.343,120.123,-589.215,0.008
-5401.912,-1644.130,-1.343,120.420,-588.786,0.003
-5400.246,-1652.290,-1.344,119.860,-586.191,-0.004
-5398.875,-1660.425,-1.344,116.348,-583.734,-0.002
-5397.258,-1668.303,-1.344,115.881,-578.984,-0.008
-5395.585,-1676.067,-1.345,116.058,-573.759,-0.016
-5394.354,-1684.021,-1.345,111.659,-571.262,-0.010
-5392.631,-1691.944,-1.344,112.985,-568.814,-0.006
-5391.140,-1699.554,-1.344,111.714,-563.506,-0.005
-5389.683,-1707.231,-1.344,110.287,-559.664,-0.003
-5388.192,-1714.959,-1.344,109.409,-556.920,0.001
-5386.881,-1722.571,-1.344,106.818,-553.379,0.000
-5385.333,-1730.118,-1.344,107.046,-549.682,0.005
-5383.966,-1737.661,-1.345,105.380,-546.503,-0.006
-5382.568,-1745.257,-1.346,104.267,-544.327,-0.016
-5381.015,-1753.059,-1.345,104.931,-544.589,-0.010
-5379.686,-1761.138,-1.346,103.181,-547.670,-0.014
-5377.645,-1772.117,-1.345,109.017,-580.149,-0.001
-5375.492,-1783.074,-1.345,115.148,-607.625,-0.001
-5373.382,-1794.041,-1.345,119.931,-631.168,-0.007
-5371.253,-1804.918,-1.345,124.209,-650.320,0.001
-5369.115,-1815.925,-1.343,127.951,-667.997,0.012
-5367.070,-1826.732,-1.343,130.185,-681.005,0.013
-5365.086,-1837.452,-1.343,131.466,-691.215,0.012
-5363.083,-1848.198,-1.344,132.747,-700.188,0.006
-5361.007,-1859.003,-1.344,134.605,-708.442,0.003
-5359.125,-1869.710,-1.344,134.174,-714.478,0.005
-5357.087,-1880.308,-1.343,135.426,-718.504,0.009
-5355.042,-1890.858,-1.342,136.572,-721.450,0.016
-5353.166,-1901.411,-1.343,135.798,-723.987,0.009
-5351.204,-1911.815,-1.343,136.017,-724.619,0.005
-5349.171,-1922.391,-1.343,136.940,-726.927,0.005
-5347.505,-1932.962,-1.342,133.952,-728.850,0.011
-5345.751,-1943.299,-1.342,132.312,-728.075,0.014
-5344.077,-1953.732,-1.341,130.085,-728.402,0.015
-5342.149,-1963.940,-1.341,130.799,-726.365,0.020
-5340.541,-1974.256,-1.339,128.129,-725.741,0.030
-5338.397,-1984.505,-1.339,131.345,-724.515,0.029
-5335.975,-1997.391,-1.338,136.973,-750.619,0.030
-5333.857,-2009.649,-1.337,138.628,-766.427,0.037
-5331.469,-2021.641,-1.337,142.823,-777.164,0.031
-5329.271,-2033.278,-1.338,144.449,-782.663,0.021
-5326.949,-2044.430,-1.339,147.105,-782.374,0.005
-5324.632,-2055.462,-1.340,149.321,-780.875,-0.000
-5322.174,-2066.024,-1.341,152.671,-774.766,-0.013
-5320.181,-2076.433,-1.342,150.739,-767.982,-0.018
-5318.096,-2086.699,-1.344,150.036,-760.731,-0.033
-5316.167,-2096.675,-1.347,147.826,-751.546,-0.059
-5313.981,-2106.696,-1.349,148.582,-744.178,-0.069
-5311.808,-2116.749,-1.350,149.110,-738.234,-0.072
-5309.666,-2126.838,-1.352,149.234,-733.529,-0.081
-5307.848,-2136.937,-1.354,145.999,-729.609,-0.082
-5305.723,-2147.092,-1.355,146.404,-726.852,-0.082
-5303.723,-2157.129,-1.355,145.461,-723.287,-0.074
-5301.797,-2167.316,-1.355,143.888,-721.783,-0.059
-5299.991,-2177.334,-1.355,141.324,-718.773,-0.047
-5298.056,-2187.493,-1.353,140.467,-717.645,-0.028
-5296.333,-2197.801,-1.352,137.548,-718.214,-0.009
-5294.451,-2207.997,-1.350,136.687,-717.559,0.004
-5292.703,-2218.169,-1.350,134.580,-716.747,0.011
-5290.720,-2231.056,-1.349,135.207,-744.000,0.016
-5288.518,-2243.727,-1.348,137.991,-765.027,0.018
-5286.502,-2255.822,-1.348,138.449,-777.036,0.023
-5284.432,-2267.422,-1.348,139.396,-782.176,0.021
-5282.711,-2278.713,-1.347,136.614,-783.383,0.023
-5280.775,-2289.658,-1.348,136.448,-780.849,0.009
-5278.997,-2300.565,-1.348,134.693,-778.292,0.012
-5277.088,-2311.229,-1.348,134.527,-773.614,0.011
-5275.271,-2321.905,-1.348,133.453,-769.750,0.002
-5273.387,-2332.151,-1.349,133.224,-762.025,-0.003
-5271.718,-2342.068,-1.349,130.806,-752.047,-0.001
-5269.680,-2352.132,-1.349,132.557,-745.049,0.001
-5267.895,-2362.251,-1.348,131.438,-739.654,0.006
-5265.495,-2372.237,-1.346,136.813,-733.671,0.020
-5263.839,-2382.290,-1.347,133.734,-729.271,0.014
-5261.860,-2392.486,-1.346,134.445,-726.977,0.021
-5260.018,-2402.411,-1.345,133.640,-722.247,0.027
-5258.048,-2412.500,-1.343,134.264,-719.892,0.036
-5256.310,-2422.485,-1.342,132.412,-716.805,0.040
-5254.312,-2432.530,-1.342,133.508,-714.796,0.037
-5252.540,-2442.514,-1.341,132.109,-712.461,0.045
-5250.518,-2452.726,-1.341,133.496,-712.805,0.037
-5248.632,-2462.920,-1.341,133.276,-712.926,0.027
-5246.558,-2473.172,-1.341,135.035,-713.617,0.027
-5244.648,-2483.279,-1.341,134.833,-712.718,0.023
-5242.536,-2493.654,-1.341,136.746,-714.709,0.023
-5240.658,-2503.719,-1.340,135.975,-713.207,0.020
-5238.549,-2513.964,-1.340,137.679,-713.795,0.022
-5236.511,-2524.185,-1.340,138.422,-714.034,0.017
-5234.548,-2534.473,-1.340,138.272,-714.934,0.016
-5232.596,-2544.851,-1.339,138.026,-716.632,0.022
-5230.525,-2555.353,-1.339,139.044,-719.355,0.022
-5228.313,-2565.712,-1.339,141.366,-720.201,0.019
-5226.210,-2576.036,-1.339,142.228,-720.569,0.017
-5223.982,-2586.459,-1.339,144.253,-721.895,0.007
-5221.935,-2596.887,-1.339,144.107,-723.083,0.008
-5219.534,-2607.173,-1.339,147.634,-722.630,0.007
-5217.428,-2617.631,-1.339,147.604,-724.019,0.008
-5215.206,-2628.032,-1.339,148.773,-724.620,0.004
-5213.076,-2638.420,-1.339,148.822,-724.986,0.009
-5210.971,-2648.764,-1.338,148.605,-724.859,0.015
-5208.750,-2658.951,-1.338,149.615,-723.127,0.012
-5206.667,-2669.190,-1.338,149.046,-722.188,0.007
-5204.582,-2679.314,-1.338,148.596,-720.198,0.008
-5202.635,-2689.531,-1.339,146.782,-719.464,0.001
-5200.486,-2699.902,-1.339,147.323,-720.420,-0.005
-5198.516,-2710.460,-1.339,145.936,-723.165,-0.000
-5196.369,-2720.608,-1.340,146.580,-721.277,-0.007
-5194.461,-2730.879,-1.341,144.659,-720.934,-0.014
-5192.218,-2741.070,-1.341,146.481,-719.829,-0.011
-5189.998,-2751.260,-1.340,147.790,-718.867,-0.004
-5187.826,-2761.527,-1.340,148.421,-718.839,-0.009
-5185.683,-2771.844,-1.341,148.652,-719.333,-0.011
-5183.655,-2782.001,-1.341,147.668,-718.103,-0.009
-5181.328,-2792.184,-1.341,149.907,-717.327,-0.013
-5179.022,-2802.477,-1.342,151.598,-717.797,-0.020
-5176.885,-2812.562,-1.342,151.300,-716.058,-0.018
-5174.976,-2822.804,-1.343,148.708,-716.179,-0.020
-5172.955,-2833.088,-1.343,147.635,-716.723,-0.020
-5170.831,-2843.489,-1.344,147.794,-718.391,-0.026
-5168.894,-2853.892,-1.343,145.999,-719.835,-0.015
-5166.955,-2863.892,-1.344,144.493,-716.925,-0.014
-5164.452,-2876.715,-1.343,149.006,-743.492,-0.005
-5161.419,-2892.030,-1.343,158.312,-791.810,-0.003
-5158.531,-2906.540,-1.343,164.767,-824.736,-0.004
-5155.768,-2920.220,-1.342,168.978,-844.281,0.005
-5153.317,-2933.275,-1.341,169.350,-854.515,0.016
-5150.709,-2945.667,-1.341,171.298,-856.418,0.015
-5148.350,-2957.646,-1.341,170.395,-853.779,0.013
-5145.958,-2969.299,-1.340,169.951,-848.187,0.017
-5143.959,-2980.278,-1.341,165.542,-836.473,0.007
-5141.985,-2990.622,-1.341,161.522,-819.939,0.001
-5140.121,-3000.243,-1.342,156.950,-798.402,-0.005
-5138.251,-3009.120,-1.343,153.121,-772.371,-0.016
-5136.669,-3017.702,-1.342,146.883,-747.130,-0.008
-5134.989,-3025.488,-1.342,142.579,-717.405,-0.004
-5133.434,-3032.790,-1.342,137.619,-687.065,-0.005
-5132.005,-3039.872,-1.342,132.097,-658.934,0.001
-5130.550,-3046.729,-1.341,127.646,-632.619,0.004
-5129.205,-3053.396,-1.340,122.722,-608.206,0.013
-5127.586,-3059.799,-1.341,121.337,-584.678,0.004
-5126.004,-3066.458,-1.342,119.780,-567.243,0.000
-5124.555,-3073.225,-1.341,117.081,-553.484,0.009
-5123.079,-3080.005,-1.340,115.058,-541.890,0.010
-5121.679,-3086.961,-1.340,112.552,-533.802,0.012
-5120.132,-3093.839,-1.340,111.916,-526.107,0.014
-5118.765,-3100.447,-1.339,109.537,-516.756,0.017
-5117.597,-3106.578,-1.340,105.450,-503.882,0.010
-5116.388,-3112.118,-1.339,102.391,-486.806,0.011
-5114.981,-3117.330,-1.340,101.815,-468.865,0.006
-5113.981,-3122.253,-1.339,97.132,-450.594,0.009
-5112.972,-3126.603,-1.339,93.237,-429.112,0.012
-5111.954,-3130.991,-1.338,90.008,-411.178,0.016
-5110.920,-3135.446,-1.338,87.410,-396.567,0.015
-5110.058,-3139.851,-1.338,83.431,-383.591,0.016
-5109.020,-3144.326,-1.339,81.855,-373.248,0.005
-5107.966,-3148.802,-1.340,80.661,-364.436,-0.007
-5107.066,-3153.141,-1.340,78.059,-355.511,-0.009
-5106.217,-3157.616,-1.340,75.326,-349.291,-0.003
-5105.015,-3162.217,-1.340,76.619,-345.289,-0.007
-5104.047,-3167.031,-1.340,75.315,-344.067,-0.002
-5103.206,-3171.676,-1.340,72.899,-341.281,-0.005
-5102.518,-3176.194,-1.339,69.259,-337.604,0.004
-5101.969,-3179.487,-1.340,64.725,-321.851,-0.006
-5101.390,-3182.099,-1.341,61.168,-301.411,-0.017
-5100.885,-3184.322,-1.343,57.373,-279.964,-0.026
-5100.365,-3186.404,-1.341,54.287,-260.232,-0.011
-5100.105,-3187.903,-1.340,48.976,-237.394,0.000
-5099.631,-3189.110,-1.339,46.653,-214.905,0.013
-5099.109,-3190.598,-1.337,45.164,-198.614,0.030
-5098.746,-3192.250,-1.336,42.268,-186.411,0.038
-5098.462,-3194.163,-1.334,38.966,-178.692,0.051
-5097.885,-3196.282,-1.334,39.179,-174.233,0.046
-5097.228,-3198.539,-1.333,40.185,-171.834,0.041
-5096.606,-3200.855,-1.334,40.674,-170.415,0.027
-5096.236,-3203.080,-1.334,38.502,-168.256,0.021
-5095.883,-3204.942,-1.336,36.471,-162.674,0.007
-5095.710,-3205.743,-1.336,32.890,-147.003,0.003
-5095.668,-3205.489,-1.336,28.490,-122.762,-0.000
-5095.763,-3204.933,-1.337,23.324,-98.991,-0.006
-5095.986,-3204.131,-1.336,17.597,-76.173,0.001
-5096.230,-3202.818,-1.337,12.491,-51.449,-0.008
-5096.568,-3201.488,-1.337,7.181,-30.190,-0.010
-5096.744,-3200.384,-1.338,4.307,-14.387,-0.015
-5096.865,-3199.407,-1.339,2.434,-2.221,-0.020
-5096.976,-3198.701,-1.338,0.936,5.376,-0.013
-5097.000,-3198.227,-1.338,0.544,9.464,-0.005
-5097.178,-3198.046,-1.339,-1.366,9.936,-0.011
-5097.168,-3197.835,-1.339,-1.070,10.648,-0.012
-5097.484,-3197.218,-1.339,-4.159,15.433,-0.015
-5097.882,-3196.234,-1.340,-7.650,23.299,-0.022
-5098.464,-3194.757,-1.341,-12.507,35.079,-0.022
-5098.867,-3192.369,-1.341,-14.820,54.499,-0.026
-5099.489,-3189.451,-1.343,-19.046,76.526,-0.036
-5100.312,-3186.480,-1.344,-24.719,95.851,-0.041
-5101.141,-3183.085,-1.345,-29.613,116.709,-0.044
-5102.130,-3179.764,-1.346,-35.439,133.730,-0.050
-5102.825,-3176.481,-1.346,-37.380,147.859,-0.046
-5103.441,-3173.272,-1.346,-38.227,159.153,-0.034
-5104.096,-3170.385,-1.346,-39.353,165.464,-0.030
-5104.583,-3167.646,-1.345,-38.582,169.334,-0.017
-5105.211,-3165.115,-1.344,-39.365,170.486,-0.004
-5106.185,-3162.566,-1.343,-43.597,171.651,0.004
-5107.092,-3159.740,-1.342,-46.526,175.503,0.020
-5108.111,-3156.320,-1.340,-50.182,184.901,0.028
-5109.694,-3151.854,-1.340,-59.094,203.683,0.028
-5111.320,-3145.669,-1.338,-67.141,237.403,0.045
-5113.116,-3139.260,-1.337,-75.761,268.460,0.046
-5114.826,-3132.888,-1.336,-82.222,294.582,0.047
-5116.532,-3126.506,-1.336,-87.684,316.962,0.045
-5118.343,-3120.562,-1.335,-93.440,331.533,0.047
-5119.997,-3114.868,-1.335,-96.719,341.390,0.035
-5121.620,-3109.240,-1.335,-99.204,349.126,0.029
-5123.182,-3103.591,-1.336,-100.694,355.937,0.018
-5124.546,-3098.088,-1.337,-99.935,360.242,0.009
-5125.949,-3092.822,-1.337,-99.675,361.473,0.004
-5127.493,-3087.597,-1.337,-100.908,362.106,0.006
-5128.913,-3082.056,-1.336,-100.687,365.891,0.013
-5130.386,-3076.303,-1.335,-101.051,371.301,0.018
-5132.007,-3070.075,-1.335,-102.874,380.816,0.019
-5133.626,-3063.178,-1.335,-104.415,395.812,0.016
-5135.480,-3055.958,-1.334,-108.148,411.922,0.023
-5137.161,-3048.630,-1.333,-109.543,426.784,0.029
-5139.188,-3040.972,-1.333,-114.304,442.858,0.028
-5141.030,-3033.255,-1.333,-116.452,457.176,0.023
-5142.987,-3025.523,-1.333,-119.475,469.538,0.018
-5144.750,-3017.667,-1.333,-120.048,481.359,0.018
-5146.891,-3009.946,-1.333,-124.440,490.046,0.011
-5148.844,-3002.208,-1.334,-126.244,497.643,-0.003
-5150.896,-2994.662,-1.334,-128.802,502.135,0.002
-5153.023,-2987.024,-1.334,-131.761,506.924,-0.004
-5155.173,-2979.399,-1.335,-134.511,510.864,-0.007
-5157.288,-2971.891,-1.336,-136.504,513.030,-0.016
-5159.264,-2964.320,-1.336,-136.771,515.521,-0.018
-5161.331,-2956.719,-1.337,-137.935,517.956,-0.023
-5163.373,-2949.282,-1.337,-138.664,518.341,-0.020
-5165.487,-2941.638,-1.336,-140.036,520.801,-0.004
-5167.571,-2934.157,-1.336,-140.902,521.221,-0.005
-5169.646,-2926.693,-1.336,-141.542,521.413,-0.006
-5171.549,-2919.138,-1.337,-140.309,522.500,-0.018
-5173.514,-2911.619,-1.337,-139.906,523.064,-0.014
-5175.413,-2904.335,-1.337,-138.876,521.127,-0.005
-5177.471,-2896.869,-1.337,-139.642,521.348,-0.004
-5179.218,-2889.375,-1.336,-137.096,521.825,0.006
-5181.222,-2882.091,-1.335,-137.561,520.071,0.009
-5183.073,-2874.762,-1.334,-136.384,519.026,0.020
-5185.062,-2867.315,-1.334,-136.806,519.358,0.019
-5186.810,-2859.994,-1.334,-134.678,518.349,0.010
-5188.671,-2852.817,-1.334,-134.030,516.004,0.013
-5190.924,-2843.660,-1.334,-137.515,534.381,0.014
-5193.318,-2834.976,-1.333,-141.938,545.192,0.018
-5195.388,-2826.511,-1.333,-142.365,552.152,0.018
-5197.396,-2818.032,-1.333,-142.104,558.240,0.015
-5199.400,-2810.090,-1.332,-141.833,557.909,0.019
-5201.522,-2802.109,-1.332,-142.824,558.017,0.016
-5203.381,-2794.194,-1.333,-140.954,557.431,0.008
-5205.290,-2786.537,-1.332,-139.878,554.276,0.009
-5207.119,-2779.187,-1.333,-138.137,548.429,0.006
-5209.246,-2771.808,-1.334,-139.714,543.736,-0.004
-5211.113,-2764.559,-1.334,-138.386,538.402,-0.004
-5213.095,-2757.386,-1.334,-138.440,533.058,-0.003
-5215.054,-2750.205,-1.334,-138.246,528.598,-0.004
-5216.960,-2743.036,-1.334,-137.543,524.653,-0.009
-5218.992,-2735.828,-1.333,-138.226,521.706,0.001
-5220.958,-2728.490,-1.333,-138.144,520.520,0.001
-5222.873,-2721.112,-1.334,-137.538,519.920,-0.008
-5224.751,-2713.791,-1.335,-136.652,518.828,-0.016
-5226.776,-2706.224,-1.335,-137.402,520.422,-0.014
-5228.658,-2698.838,-1.335,-136.562,519.921,-0.013
-5230.708,-2691.495,-1.335,-137.579,519.057,-0.004
-5232.555,-2684.116,-1.336,-136.361,518.682,-0.012
-5234.610,-2676.734,-1.335,-137.465,518.394,-0.005
-5236.566,-2669.376,-1.334,-137.386,517.902,0.006
-5238.431,-2661.884,-1.334,-136.381,518.869,0.006
-5240.128,-2654.588,-1.334,-133.796,517.673,0.001
-5242.230,-2647.263,-1.335,-135.761,516.943,-0.006
-5244.254,-2639.859,-1.335,-136.624,517.141,-0.008
-5246.410,-2632.597,-1.335,-138.725,515.850,-0.002
-5248.261,-2625.527,-1.335,-137.384,512.769,-0.002
-5250.330,-2618.253,-1.336,-138.479,512.237,-0.008
-5252.339,-2610.900,-1.336,-138.795,512.603,-0.013
-5254.380,-2603.787,-1.336,-139.391,510.440,-0.005
-5256.509,-2596.551,-1.335,-140.810,509.869,0.000
-5258.506,-2589.234,-1.336,-140.660,510.206,-0.005
-5260.562,-2582.093,-1.336,-141.134,508.692,-0.010
-5262.509,-2574.702,-1.337,-140.423,509.966,-0.015
-5264.530,-2567.243,-1.337,-140.582,511.754,-0.009
-5266.571,-2559.900,-1.337,-140.915,512.077,-0.009
-5268.665,-2552.680,-1.337,-141.746,511.101,-0.012
-5270.644,-2545.255,-1.337,-141.272,512.368,-0.011
-5272.920,-2538.071,-1.336,-143.935,510.979,-0.002
-5274.866,-2530.654,-1.336,-142.796,512.182,0.001
-5276.931,-2523.208,-1.336,-143.059,513.510,0.005
-5278.843,-2516.042,-1.335,-141.697,511.760,0.009
-5280.873,-2508.493,-1.335,-141.762,514.216,0.011
-5282.829,-2500.884,-1.335,-141.042,516.927,0.007
-5284.925,-2493.204,-1.334,-141.880,519.968,0.012
-5286.888,-2485.468,-1.335,-141.228,523.134,0.004
-5289.093,-2477.920,-1.334,-143.157,523.901,0.011
-5291.095,-2470.258,-1.335,-142.711,525.730,0.005
-5293.185,-2462.396,-1.336,-143.239,529.355,-0.004
-5294.962,-2454.705,-1.336,-140.469,530.684,-0.005
-5297.081,-2447.044,-1.337,-141.622,531.500,-0.011
-5298.922,-2439.405,-1.336,-139.751,531.979,-0.008
-5300.788,-2431.802,-1.337,-138.402,532.010,-0.011
-5302.676,-2424.248,-1.337,-137.483,531.534,-0.014
-5304.674,-2416.816,-1.338,-137.832,529.877,-0.015
-5306.688,-2409.380,-1.338,-138.292,528.493,-0.019
-5308.722,-2402.078,-1.339,-138.902,525.945,-0.027
-5311.253,-2392.804,-1.340,-144.528,544.067,-0.031
-5313.683,-2383.648,-1.341,-148.288,558.307,-0.037
-5315.950,-2374.993,-1.342,-149.818,565.309,-0.033
-5318.136,-2366.464,-1.342,-150.294,569.965,-0.035
-5320.241,-2358.233,-1.343,-149.852,570.885,-0.034
-5322.385,-2350.426,-1.342,-149.893,567.291,-0.026
-5324.421,-2342.866,-1.342,-148.810,561.693,-0.016
-5326.614,-2335.175,-1.341,-149.500,558.266,-0.008
-5328.547,-2327.696,-1.340,-147.416,553.157,0.004
-5330.382,-2320.153,-1.339,-144.620,549.458,0.010
-5332.226,-2312.650,-1.337,-142.336,545.890,0.031
-5334.145,-2305.494,-1.336,-141.156,539.277,0.040
-5336.104,-2298.098,-1.336,-140.566,536.108,0.034
-5337.904,-2290.821,-1.335,-138.425,532.181,0.030
-5339.812,-2283.677,-1.335,-137.714,527.450,0.033
-5341.743,-2276.339,-1.334,-137.331,525.432,0.034
-5343.760,-2269.039,-1.333,-137.905,523.309,0.037
-5345.770,-2261.646,-1.332,-138.306,522.456,0.044
-5347.801,-2253.869,-1.331,-138.880,525.676,0.045
-5349.841,-2245.426,-1.332,-139.454,535.289,0.034
-5351.890,-2236.618,-1.333,-140.040,547.234,0.013
-5354.045,-2227.614,-1.334,-141.630,559.448,0.004
-5356.345,-2218.128,-1.335,-144.483,574.831,-0.007
-5358.852,-2208.345,-1.336,-149.043,591.002,-0.017
-5361.305,-2198.284,-1.337,-152.375,607.666,-0.024
-5363.902,-2188.209,-1.338,-156.705,622.017,-0.031
-5366.530,-2177.875,-1.339,-160.705,636.927,-0.033
-5369.033,-2167.766,-1.339,-162.843,647.321,-0.025
-5371.725,-2157.599,-1.339,-166.606,656.782,-0.021
-5374.433,-2147.261,-1.338,-169.984,666.624,-0.009
-5376.968,-2136.980,-1.338,-171.078,674.421,-0.011
-5379.780,-2126.694,-1.338,-174.866,681.131,-0.008
-5382.403,-2116.499,-1.338,-176.159,685.907,-0.009
-5385.124,-2106.427,-1.338,-178.258,688.728,-0.004
-5387.477,-2096.325,-1.337,-176.265,691.429,0.005
-5390.024,-2086.290,-1.336,-176.567,693.055,0.013
-5392.667,-2076.128,-1.336,-177.802,695.738,0.008
-5395.258,-2066.071,-1.336,-178.334,696.959,0.013
-5397.864,-2055.928,-1.336,-178.934,698.877,0.009
-5400.362,-2045.951,-1.336,-178.330,698.803,0.005
-5402.800,-2035.900,-1.338,-177.210,699.501,-0.009
-5405.414,-2025.766,-1.338,-178.049,700.959,-0.015
-5407.831,-2015.658,-1.339,-176.746,701.932,-0.021
-5410.410,-2005.671,-1.340,-177.305,701.512,-0.025
-5413.155,-1995.681,-1.341,-179.486,701.182,-0.028
-5415.605,-1985.662,-1.340,-178.320,701.207,-0.019
-5418.167,-1975.777,-1.341,-178.468,699.847,-0.022
-5420.772,-1965.716,-1.341,-179.035,700.493,-0.024
-5423.247,-1955.951,-1.340,-178.188,698.007,-0.009
-5425.894,-1945.883,-1.339,-179.226,699.002,-0.001
-5428.495,-1935.823,-1.339,-179.652,699.765,0.001
-5431.204,-1926.071,-1.338,-181.112,697.245,0.012
-5433.954,-1916.205,-1.336,-182.793,696.271,0.027
-5436.423,-1906.466,-1.334,-181.324,694.132,0.044
-5438.991,-1896.511,-1.333,-181.096,694.534,0.048
-5441.596,-1886.795,-1.331,-181.284,692.411,0.058
-5444.271,-1876.932,-1.330,-182.151,692.116,0.056
-5446.973,-1867.058,-1.329,-183.189,691.979,0.060
-5449.366,-1857.096,-1.329,-180.882,692.763,0.053
-5452.114,-1847.244,-1.329,-182.567,692.307,0.046
-5454.567,-1837.290,-1.330,-180.973,692.965,0.032
-5457.107,-1827.369,-1.331,-180.510,693.185,0.019
-5459.635,-1817.431,-1.331,-179.981,693.547,0.008
-5462.054,-1807.403,-1.334,-178.419,694.788,-0.013
-5464.648,-1797.443,-1.336,-178.881,695.139,-0.033
-5467.117,-1787.464,-1.337,-177.989,695.636,-0.036
-5469.589,-1777.614,-1.337,-177.266,694.739,-0.038
-5472.213,-1767.677,-1.337,-178.204,694.859,-0.031
-5474.622,-1757.857,-1.338,-176.799,693.763,-0.029
-5477.063,-1748.039,-1.337,-175.929,692.812,-0.021
-5479.715,-1738.221,-1.337,-177.359,691.994,-0.012
-5482.279,-1728.681,-1.336,-177.669,688.440,-0.003
-5484.515,-1718.976,-1.336,-174.557,687.095,-0.001
-5486.985,-1709.439,-1.335,-174.312,684.235,0.004
-5489.919,-1699.862,-1.335,-178.880,682.194,0.006
-5492.347,-1690.078,-1.335,-177.568,682.589,0.003
-5494.526,-1680.467,-1.335,-173.887,681.143,-0.000
-5497.049,-1670.709,-1.335,-174.292,681.425,0.004
-5499.625,-1661.039,-1.336,-175.181,680.763,-0.002
-5502.333,-1651.360,-1.336,-177.295,680.288,-0.010
-5504.858,-1641.481,-1.338,-177.213,681.943,-0.021
-5507.515,-1631.709,-1.338,-178.496,682.251,-0.022
-5510.208,-1621.943,-1.338,-179.971,682.448,-0.020
-5512.815,-1611.812,-1.338,-180.348,686.377,-0.018
-5515.574,-1601.824,-1.339,-182.226,688.260,-0.018
-5518.029,-1592.026,-1.338,-180.698,687.907,-0.012
-5520.728,-1582.190,-1.339,-181.905,687.993,-0.017
-5523.134,-1572.169,-1.338,-179.927,689.978,-0.010
-5525.629,-1562.152,-1.337,-179.149,691.630,0.006
-5528.222,-1551.970,-1.336,-179.496,694.731,0.012
-5530.652,-1541.872,-1.337,-178.114,696.518,0.001
-5533.159,-1531.815,-1.337,-177.726,697.616,0.005
-5536.053,-1519.205,-1.335,-181.382,724.831,0.017
-5538.941,-1507.263,-1.334,-184.445,741.175,0.027
-5541.850,-1495.618,-1.333,-187.262,752.058,0.032
-5544.567,-1484.321,-1.333,-187.692,757.747,0.028
-5547.288,-1473.448,-1.333,-188.099,758.245,0.020
-5550.112,-1462.781,-1.334,-189.506,756.544,0.012
-5552.837,-1452.445,-1.334,-189.688,751.689,0.014
-5555.635,-1442.219,-1.334,-190.602,746.415,0.009
-5558.375,-1432.145,-1.335,-190.772,740.345,-0.006
-5561.046,-1422.266,-1.335,-190.215,733.174,-0.003
-5563.781,-1412.523,-1.335,-190.394,725.648,-0.005
-5566.348,-1402.665,-1.336,-188.824,720.412,-0.007
-5569.017,-1392.975,-1.336,-188.530,714.219,-0.006
-5571.716,-1383.196,-1.335,-188.590,709.851,-0.001
-5574.237,-1373.308,-1.335,-186.806,707.253,0.005
-5576.914,-1363.560,-1.333,-186.893,703.592,0.017
-5579.255,-1353.911,-1.333,-183.507,699.450,0.021
-5581.656,-1344.221,-1.333,-181.240,696.341,0.014
-5584.012,-1334.332,-1.333,-178.836,695.733,0.008
-5586.436,-1324.740,-1.334,-177.486,692.155,0.005
-5588.904,-1315.023,-1.333,-176.793,690.398,0.013
-5591.328,-1305.430,-1.333,-175.748,687.621,0.008
-5593.723,-1295.768,-1.334,-174.553,685.961,-0.004
-5596.155,-1285.915,-1.335,-173.922,686.518,-0.012
-5598.602,-1276.302,-1.336,-173.532,684.511,-0.015
-5601.173,-1266.657,-1.336,-174.480,683.133,-0.013
-5603.794,-1257.173,-1.337,-175.812,680.308,-0.019
-5606.668,-1247.724,-1.338,-179.541,677.534,-0.026
-5609.042,-1238.048,-1.338,-177.572,677.493,-0.025
-5611.751,-1228.540,-1.338,-179.345,675.748,-0.025
-5614.441,-1218.829,-1.339,-180.659,676.331,-0.027
-5617.123,-1209.335,-1.339,-181.705,674.606,-0.021
-5619.960,-1199.477,-1.338,-184.191,676.875,-0.009
-5622.417,-1189.858,-1.338,-182.387,676.357,-0.009
-5625.112,-1180.090,-1.336,-183.310,677.450,0.010
-5627.654,-1170.561,-1.335,-182.523,675.915,0.022
-5630.213,-1160.870,-1.334,-182.022,676.274,0.026
-5632.552,-1151.198,-1.333,-179.334,676.388,0.026
-5634.936,-1141.366,-1.333,-177.505,678.133,0.026
-5637.425,-1131.770,-1.333,-177.021,677.193,0.020
-5639.793,-1121.951,-1.332,-175.363,678.680,0.032
-5642.076,-1112.077,-1.332,-173.074,680.514,0.027
-5644.428,-1102.263,-1.332,-171.833,681.468,0.024
-5646.798,-1092.442,-1.333,-170.968,682.353,0.007
-5649.229,-1082.609,-1.334,-170.847,683.230,-0.000
-5651.649,-1072.875,-1.333,-170.638,682.950,0.002
-5654.198,-1063.354,-1.333,-171.783,680.531,0.008
-5656.830,-1053.769,-1.333,-173.608,679.124,0.004
-5659.285,-1044.059,-1.334,-173.349,679.203,-0.002
-5661.806,-1034.597,-1.333,-173.813,676.725,0.000
-5664.473,-1024.991,-1.331,-175.703,676.090,0.022
-5667.051,-1015.575,-1.330,-176.408,673.598,0.027
-5669.566,-1006.032,-1.329,-176.353,672.779,0.035
-5672.157,-996.620,-1.328,-177.090,670.726,0.036
-5674.586,-986.904,-1.326,-176.057,672.108,0.053
-5677.157,-977.229,-1.324,-176.629,672.861,0.060
-5679.641,-967.530,-1.324,-176.221,673.751,0.053
-5682.323,-957.766,-1.325,-177.921,675.190,0.037
-5684.875,-948.006,-1.326,-178.020,676.362,0.022
-5687.607,-938.472,-1.326,-179.974,675.048,0.022
-5690.208,-928.935,-1.327,-180.280,673.943,0.010
-5692.960,-919.310,-1.327,-182.098,673.922,0.003
-5695.490,-909.543,-1.328,-181.355,675.355,-0.007
-5698.122,-899.684,-1.330,-181.779,677.531,-0.020
-5700.696,-889.917,-1.331,-181.551,678.437,-0.029
-5703.279,-880.085,-1.332,-181.444,679.873,-0.031
-5705.740,-870.331,-1.332,-180.085,680.301,-0.030
-5708.241,-860.608,-1.331,-179.352,680.344,-0.019
-5710.728,-850.985,-1.331,-178.572,679.356,-0.017
-5713.102,-841.134,-1.331,-176.759,680.858,-0.008
-5715.658,-831.388,-1.329,-177.069,681.064,0.005
-5718.266,-821.959,-1.328,-177.885,677.968,0.018
-5720.605,-812.126,-1.328,-175.804,679.489,0.020
-5723.137,-802.337,-1.325,-176.006,680.333,0.043
-5725.682,-792.662,-1.324,-176.324,679.884,0.045
-5728.321,-783.072,-1.323,-177.567,678.621,0.052
-5730.746,-773.601,-1.322,-176.411,676.319,0.051
-5733.308,-763.814,-1.321,-176.843,677.603,0.047
-5735.892,-754.184,-1.321,-177.437,677.086,0.048
-5738.409,-744.458,-1.322,-177.256,677.640,0.027
-5740.946,-734.853,-1.323,-177.302,676.862,0.016
-5743.361,-725.293,-1.324,-176.089,675.735,0.004
-5746.207,-715.579,-1.324,-179.489,676.361,0.001
-5748.859,-705.863,-1.326,-180.397,676.914,-0.015
-5751.768,-696.184,-1.327,-183.812,677.005,-0.022
-5754.590,-686.571,-1.329,-185.828,676.395,-0.039
-5757.179,-676.892,-1.332,-185.158,676.570,-0.064
-5759.806,-666.944,-1.334,-184.966,679.481,-0.074
-5762.501,-657.119,-1.335,-185.518,680.693,-0.074
-5765.001,-647.386,-1.335,-183.970,680.788,-0.060
-5767.215,-637.682,-1.337,-179.697,680.566,-0.067
-5769.760,-627.620,-1.337,-179.471,684.059,-0.057
-5772.341,-617.681,-1.336,-179.655,685.771,-0.045
-5774.988,-607.657,-1.337,-180.478,688.113,-0.041
-5777.331,-597.430,-1.337,-178.049,692.197,-0.041
-5779.735,-587.340,-1.337,-176.619,694.271,-0.031
-5782.333,-577.455,-1.337,-177.388,693.936,-0.029
-5784.942,-567.608,-1.337,-178.165,693.245,-0.025
-5787.492,-557.618,-1.338,-178.212,694.144,-0.030
-5789.847,-547.698,-1.339,-176.245,694.179,-0.032
-5792.500,-537.894,-1.338,-177.643,693.021,-0.025
-5795.429,-527.943,-1.340,-181.666,693.541,-0.032
-5798.432,-518.211,-1.340,-185.863,691.724,-0.033
-5801.319,-508.386,-1.341,-188.249,691.143,-0.036
-5803.154,-490.137,-1.342,-179.460,777.367,-0.039
-5805.182,-473.150,-1.344,-173.936,837.914,-0.049
-5807.326,-457.621,-1.344,-170.435,874.557,-0.043
-5809.291,-443.077,-1.344,-165.594,895.663,-0.043
-5811.273,-429.353,-1.345,-161.646,905.223,-0.040
-5813.361,-416.607,-1.345,-159.365,903.309,-0.037
-5815.416,-404.559,-1.344,-157.089,894.499,-0.025
-5817.675,-393.169,-1.344,-157.245,880.201,-0.020
-5819.822,-382.097,-1.345,-156.219,864.730,-0.024
-5822.236,-371.454,-1.345,-158.096,847.128,-0.021
-5824.678,-361.139,-1.345,-159.984,828.737,-0.020
-5826.841,-350.953,-1.346,-158.726,811.714,-0.026
-5829.097,-341.066,-1.347,-158.600,794.127,-0.032
-5831.503,-331.589,-1.347,-160.050,774.894,-0.027
-5833.688,-321.738,-1.348,-159.005,762.343,-0.032
-5834.866,-304.166,-1.349,-147.743,831.126,-0.033
-5836.134,-288.023,-1.350,-139.073,875.080,-0.038
-5837.791,-272.773,-1.351,-135.678,903.382,-0.047
-5839.326,-258.699,-1.351,-131.529,915.419,-0.035
-5841.278,-245.621,-1.351,-132.280,915.417,-0.031
-5843.052,-233.150,-1.351,-131.082,909.176,-0.027
-5845.570,-219.067,-1.351,-137.733,920.450,-0.025
-5848.036,-205.824,-1.352,-142.864,921.414,-0.028
-5850.250,-193.324,-1.352,-144.650,914.587,-0.027
-5852.471,-181.624,-1.352,-146.233,900.533,-0.021
-5854.604,-170.512,-1.352,-146.682,882.486,-0.015
-5856.873,-160.009,-1.351,-148.471,860.827,-0.008
-5859.116,-149.772,-1.351,-149.726,839.608,-0.002
-5861.284,-139.648,-1.352,-150.026,820.356,-0.011
-5863.324,-129.848,-1.350,-148.969,800.600,0.003
-5865.743,-119.978,-1.350,-151.957,784.465,0.008
-5868.029,-110.444,-1.350,-153.142,767.242,0.003
-5870.154,-100.908,-1.350,-152.502,752.576,0.003
-5872.438,-91.213,-1.351,-153.592,741.711,-0.010
-5874.842,-81.636,-1.351,-155.748,731.216,-0.003
-5877.059,-72.318,-1.349,-155.666,719.612,0.012
-5879.262,-62.654,-1.349,-155.453,713.264,0.009
-5881.516,-53.067,-1.349,-155.786,707.059,0.012
-5883.857,-43.514,-1.349,-156.978,701.424,0.012
-5886.095,-33.808,-1.350,-156.937,698.185,-0.001
-5888.101,-24.131,-1.351,-154.501,695.124,-0.007
-5890.072,-14.336,-1.351,-152.077,693.737,-0.007
-5894.979,-9.189,-1.351,-180.222,644.696,-0.008
-5899.590,-3.317,-1.351,-201.185,610.334,-0.008
-5903.572,3.500,-1.350,-212.598,590.756,-0.001
-5907.138,10.922,-1.350,-218.034,580.275,-0.001
-5910.274,18.917,-1.352,-218.262,577.245,-0.011
-5912.896,27.543,-1.353,-213.151,581.152,-0.022
-5916.123,40.670,-1.353,-215.024,630.821,-0.024
-5919.230,53.413,-1.355,-215.390,669.233,-0.036
-5922.018,65.801,-1.356,-212.408,698.342,-0.037
-5924.710,78.110,-1.356,-208.887,722.354,-0.032
-5927.051,90.055,-1.357,-202.264,739.091,-0.038
-5929.466,101.542,-1.357,-197.377,748.657,-0.032
-5931.844,112.696,-1.357,-192.835,753.377,-0.028
-5934.157,123.753,-1.355,-188.289,756.409,-0.005
-5936.553,134.449,-1.354,-185.265,755.275,0.002
-5938.624,144.990,-1.353,-179.330,752.721,0.014
-5940.822,155.356,-1.352,-175.592,748.733,0.025
-5943.172,165.693,-1.354,-173.956,745.039,0.003
-5945.503,175.869,-1.355,-172.373,740.221,-0.015
-5943.810,192.136,-1.349,-129.593,798.829,0.051
-5943.547,209.958,-1.344,-107.829,864.816,0.085
-5943.489,226.076,-1.340,-91.367,903.556,0.119
-5943.889,240.449,-1.338,-82.049,918.643,0.120
-5944.371,253.477,-1.336,-74.943,917.662,0.113
-5945.434,264.925,-1.336,-74.863,900.552,0.097
-5946.729,275.245,-1.333,-77.195,874.355,0.114
-5948.182,284.400,-1.330,-80.800,840.008,0.123
-5949.588,292.511,-1.328,-83.390,799.971,0.129
-5951.064,299.884,-1.328,-86.319,758.229,0.105
-5952.800,306.952,-1.330,-91.497,719.483,0.077
-5954.851,313.748,-1.331,-99.154,683.633,0.053
-5957.003,320.223,-1.334,-106.724,649.748,0.018
-5959.199,326.415,-1.335,-113.636,617.939,0.004
-5961.503,332.634,-1.335,-120.650,591.085,0.006
-5963.599,338.862,-1.338,-124.481,568.270,-0.022
-5965.952,344.996,-1.339,-130.389,547.841,-0.027
-5968.165,350.787,-1.339,-133.996,526.890,-0.027
-5970.179,356.270,-1.342,-135.030,505.852,-0.049
-5972.217,361.498,-1.341,-136.151,485.280,-0.032
-5973.919,366.212,-1.340,-133.651,462.441,-0.022
-5975.305,370.624,-1.340,-128.263,439.847,-0.021
-5976.640,374.671,-1.340,-123.139,416.825,-0.014
-5977.571,377.418,-1.340,-114.621,383.799,-0.008
-5978.840,381.304,-1.341,-110.819,367.366,-0.021
-5980.347,385.418,-1.342,-110.043,355.685,-0.027
-5981.261,389.379,-1.340,-103.268,344.153,-0.008
-5982.252,393.702,-1.340,-98.279,338.042,-0.007
-5983.370,397.929,-1.341,-95.332,331.850,-0.015
-5984.437,402.595,-1.342,-92.298,331.075,-0.022
-5985.683,407.135,-1.344,-91.551,329.127,-0.032
-5987.128,411.073,-1.343,-92.964,321.259,-0.019
-5988.104,414.495,-1.338,-89.336,309.240,0.034
-5988.633,417.464,-1.338,-81.651,294.333,0.025
-5989.221,420.005,-1.338,-75.691,277.202,0.022
-5989.552,422.021,-1.338,-67.973,257.191,0.021
-5989.741,423.753,-1.337,-59.913,237.200,0.020
-5990.179,425.203,-1.339,-55.618,217.234,0.007
-5990.354,426.440,-1.342,-49.230,198.025,-0.024
-5990.814,428.126,-1.342,-46.732,186.260,-0.025
-5991.409,429.945,-1.343,-45.988,177.597,-0.034
-5991.937,431.935,-1.345,-44.659,171.963,-0.042
-5992.449,434.253,-1.348,-43.358,170.533,-0.063
-5993.049,436.393,-1.347,-43.164,167.486,-0.048
-5993.568,437.920,-1.346,-42.154,158.568,-0.028
-5993.833,439.176,-1.345,-38.688,148.184,-0.013
-5993.870,439.660,-1.344,-33.374,131.375,-0.008
-5993.748,439.529,-1.344,-27.211,110.705,-0.003
-5993.593,439.014,-1.342,-21.614,89.116,0.018
-5993.050,438.080,-1.343,-12.845,66.404,0.004
-5992.896,437.014,-1.343,-9.378,45.660,0.007
-5992.523,436.240,-1.344,-4.153,30.980,-0.009
-5992.292,435.358,-1.346,-1.171,17.339,-0.022
-5992.294,434.898,-1.345,-1.012,10.057,-0.013
-5992.081,434.533,-1.347,1.327,4.821,-0.031
-5992.075,434.074,-1.347,1.198,-0.615,-0.025
-5991.966,433.727,-1.347,2.145,-4.093,-0.025
-5991.885,433.254,-1.344,2.664,-8.361,0.011
-5992.101,433.101,-1.345,0.043,-8.711,0.004
-5991.897,432.794,-1.345,2.136,-10.587,0.002
-5991.994,432.549,-1.346,0.832,-11.558,-0.007
-5991.986,432.371,-1.346,0.790,-11.690,-0.012
-5991.950,432.102,-1.347,1.040,-12.740,-0.022
-5991.958,432.075,-1.345,0.800,-11.142,0.004
-5991.810,432.136,-1.345,2.216,-8.874,0.001
-5991.916,431.966,-1.346,0.792,-9.323,-0.005
-5991.878,431.888,-1.346,1.064,-8.754,-0.006
-5991.650,431.908,-1.344,3.262,-7.256,0.015
-5991.789,431.915,-1.343,1.352,-6.122,0.021
-5991.746,432.380,-1.345,1.591,-0.432,0.001
-5991.917,432.435,-1.347,-0.395,0.195,-0.023
-5991.969,432.311,-1.347,-0.875,-1.108,-0.012
-5992.078,432.343,-1.344,-1.873,-0.614,0.018
-5991.987,432.340,-1.344,-0.660,-0.556,0.016
-5992.071,432.405,-1.345,-1.427,0.196,-0.000
-5992.169,432.396,-1.347,-2.229,0.078,-0.020
-5991.888,432.085,-1.349,0.994,-3.136,-0.038
-5991.880,431.485,-1.354,0.931,-8.860,-0.075
-5991.557,430.681,-1.353,4.119,-15.827,-0.052
-5991.225,429.170,-1.352,6.931,-29.059,-0.043
-5990.640,427.235,-1.355,11.932,-44.700,-0.061
-5990.095,424.730,-1.351,15.789,-63.920,-0.014
-5989.149,421.817,-1.349,23.203,-84.502,0.010
-5988.332,418.716,-1.344,28.208,-104.001,0.058
-5987.414,415.708,-1.343,33.509,-119.674,0.053
-5986.543,412.703,-1.346,37.545,-133.008,0.022
-5985.825,409.801,-1.343,39.415,-143.321,0.044
-5985.179,406.977,-1.344,40.268,-151.322,0.026
-5984.650,403.881,-1.347,39.793,-160.937,-0.006
-5984.201,401.140,-1.348,38.562,-165.483,-0.010
-5983.566,398.383,-1.351,39.427,-169.533,-0.043
-5983.177,395.384,-1.352,37.634,-175.466,-0.041
-5982.743,392.166,-1.351,36.568,-182.794,-0.026
-5981.684,388.501,-1.348,42.093,-193.643,0.001
-5980.748,384.645,-1.345,45.542,-204.860,0.032
-5979.443,380.276,-1.346,52.275,-219.707,0.020
-5978.168,375.396,-1.345,57.706,-237.633,0.025
-5976.729,370.369,-1.342,64.044,-254.442,0.053
-5975.343,365.014,-1.341,68.886,-272.142,0.049
-5974.183,359.604,-1.342,70.701,-287.819,0.039
-5973.011,354.156,-1.343,72.369,-301.569,0.022
-5971.567,348.898,-1.343,76.593,-311.356,0.016
-5970.457,343.374,-1.343,76.754,-322.427,0.014
-5969.319,338.070,-1.341,77.176,-329.614,0.033
-5968.104,332.467,-1.338,78.340,-338.817,0.052
-5966.907,326.837,-1.336,79.140,-346.952,0.064
-5965.558,320.953,-1.334,81.394,-356.494,0.080
-5963.613,314.792,-1.329,89.442,-367.493,0.116
-5961.745,308.433,-1.326,95.519,-378.912,0.120
-5959.669,301.623,-1.321,102.839,-393.292,0.158
-5957.393,294.481,-1.319,111.148,-408.976,0.152
-5955.220,286.626,-1.317,117.177,-429.694,0.143
-5953.104,279.091,-1.316,121.729,-444.076,0.138
-5951.109,271.360,-1.315,124.358,-458.354,0.125
-5948.855,263.417,-1.313,129.273,-472.716,0.129
-5946.735,255.367,-1.311,132.084,-486.063,0.128
-5944.739,247.715,-1.309,133.207,-493.354,0.126
-5942.511,239.949,-1.312,136.556,-500.746,0.081
-5940.546,232.283,-1.315,136.699,-506.029,0.041
-5938.749,224.532,-1.317,135.099,-511.399,0.012
-5936.881,216.731,-1.318,134.459,-516.498,-0.000
-5938.546,200.842,-1.328,97.540,-604.106,-0.090
-5939.356,185.736,-1.334,74.859,-670.777,-0.133
-5939.639,171.387,-1.336,60.938,-719.842,-0.137
-5939.400,157.791,-1.338,54.439,-753.953,-0.136
-5938.535,144.778,-1.339,55.333,-777.028,-0.119
-5936.377,129.595,-1.338,69.414,-819.058,-0.097
-5933.961,115.408,-1.337,84.071,-844.657,-0.071
-5931.417,101.852,-1.335,97.903,-859.983,-0.044
-5928.820,89.112,-1.334,110.241,-864.665,-0.029
-5925.871,77.026,-1.333,124.389,-861.927,-0.016
-5923.120,65.425,-1.334,134.410,-854.595,-0.018
-5920.435,54.009,-1.333,142.287,-846.438,-0.010
-5917.624,42.991,-1.333,150.304,-835.380,-0.008
-5914.613,32.075,-1.333,159.194,-824.901,-0.008
-5911.542,21.014,-1.333,167.398,-817.447,-0.005
-5908.562,9.878,-1.332,173.457,-811.869,0.005
-5905.578,-1.745,-1.331,178.665,-812.134,0.011
-5902.568,-13.446,-1.332,183.377,-813.151,0.003
-5897.152,-17.012,-1.333,212.161,-730.274,-0.012
-5892.267,-22.484,-1.335,231.248,-679.210,-0.025
-5888.094,-29.024,-1.336,240.198,-646.650,-0.032
-5884.028,-36.779,-1.338,246.728,-631.375,-0.045
-5880.644,-45.454,-1.339,245.292,-627.833,-0.049
-5877.821,-55.160,-1.341,238.274,-635.423,-0.056
-5875.405,-65.545,-1.343,228.107,-648.881,-0.071
-5872.840,-77.021,-1.346,220.962,-671.591,-0.085
-5870.433,-89.228,-1.348,213.245,-698.490,-0.093
-5868.415,-101.828,-1.350,202.657,-725.483,-0.098
-5866.163,-115.289,-1.351,196.040,-757.364,-0.094
-5863.893,-129.333,-1.352,190.577,-790.558,-0.093
-5861.642,-143.834,-1.354,185.726,-823.576,-0.090
-5859.370,-158.711,-1.356,181.800,-855.611,-0.103
-5856.861,-173.870,-1.358,180.885,-885.836,-0.105
-5854.692,-189.281,-1.360,176.612,-914.207,-0.105
-5852.226,-204.764,-1.361,176.031,-939.151,-0.100
-5849.899,-220.071,-1.362,174.099,-958.615,-0.099
-5847.310,-235.910,-1.363,175.151,-980.686,-0.094
-5844.692,-251.643,-1.363,176.333,-998.426,-0.075
-5842.124,-267.442,-1.364,176.843,-1014.234,-0.074
-5839.625,-283.437,-1.364,176.567,-1029.744,-0.061
-5837.941,-308.140,-1.363,167.926,-1132.607,-0.048
-5836.047,-331.571,-1.362,162.735,-1207.252,-0.032
-5834.069,-353.664,-1.362,159.162,-1257.148,-0.021
-5831.915,-374.549,-1.362,157.928,-1287.265,-0.018
-5829.614,-394.296,-1.362,158.386,-1301.241,-0.017
-5827.148,-413.360,-1.361,160.478,-1306.128,-0.008
-5824.580,-431.753,-1.361,163.327,-1303.396,-0.007
-5821.939,-449.617,-1.362,166.490,-1295.610,-0.009
-5819.126,-467.378,-1.361,170.955,-1287.918,-0.005
-5816.944,-493.990,-1.361,168.280,-1372.460,-0.007
-5814.180,-519.039,-1.363,171.987,-1428.495,-0.021
-5811.402,-542.856,-1.364,175.289,-1463.595,-0.029
-5808.470,-565.541,-1.366,179.695,-1481.880,-0.042
-5805.283,-586.803,-1.368,186.078,-1482.840,-0.053
-5802.008,-607.218,-1.371,192.426,-1474.924,-0.073
-5797.913,-631.273,-1.372,206.293,-1505.650,-0.073
-5793.849,-654.337,-1.373,217.786,-1521.651,-0.069
-5789.783,-675.903,-1.371,227.611,-1519.885,-0.045
-5786.040,-696.531,-1.369,232.672,-1508.715,-0.020
-5782.543,-716.505,-1.368,234.454,-1492.465,-0.009
-5778.810,-735.723,-1.365,238.406,-1470.810,0.021
-5775.415,-754.396,-1.364,238.293,-1446.735,0.031
-5772.006,-772.530,-1.363,238.339,-1420.655,0.034
-5768.669,-790.201,-1.362,237.641,-1393.641,0.038
-5765.524,-807.822,-1.361,235.074,-1370.086,0.043
-5762.208,-825.128,-1.359,234.640,-1346.756,0.054
-5759.015,-842.402,-1.359,233.003,-1326.518,0.047
-5755.959,-859.715,-1.358,230.188,-1309.662,0.047
-5752.601,-876.822,-1.357,230.915,-1293.173,0.056
-5749.294,-893.910,-1.355,230.998,-1278.906,0.067
-5746.200,-911.096,-1.354,228.880,-1267.743,0.063
-5743.016,-928.443,-1.353,227.994,-1259.880,0.066
-5739.828,-945.800,-1.352,227.283,-1253.282,0.066
-5736.527,-963.315,-1.352,227.835,-1249.270,0.052
-5733.405,-980.834,-1.352,226.476,-1245.896,0.047
-5730.187,-998.374,-1.352,226.297,-1243.237,0.037
-5726.839,-1016.034,-1.353,227.479,-1242.209,0.024
-5723.628,-1033.524,-1.355,227.078,-1239.567,0.004
-5720.232,-1051.066,-1.357,228.643,-1237.859,-0.014
-5716.912,-1068.899,-1.359,229.203,-1239.399,-0.031
-5713.767,-1086.886,-1.360,227.867,-1242.289,-0.037
-5710.447,-1105.102,-1.361,228.531,-1247.125,-0.039
-5707.108,-1123.405,-1.361,229.297,-1252.132,-0.036
-5703.813,-1141.979,-1.362,229.494,-1259.203,-0.036
-5700.575,-1160.702,-1.361,229.083,-1266.760,-0.030
-5697.381,-1179.927,-1.362,228.274,-1278.382,-0.034
-5693.840,-1199.451,-1.364,231.156,-1291.358,-0.043
-5690.488,-1218.871,-1.365,231.667,-1301.368,-0.044
-5686.883,-1238.676,-1.365,234.702,-1313.867,-0.043
-5683.453,-1258.775,-1.365,235.505,-1327.551,-0.038
-5679.720,-1278.903,-1.365,239.299,-1339.524,-0.031
-5676.046,-1299.117,-1.366,241.927,-1350.627,-0.037
-5672.568,-1319.528,-1.366,242.152,-1362.120,-0.032
-5669.032,-1339.911,-1.365,242.938,-1371.632,-0.018
-5665.540,-1360.435,-1.365,243.169,-1381.191,-0.015
-5661.979,-1381.244,-1.366,244.056,-1392.288,-0.017
-5658.541,-1401.888,-1.365,243.560,-1400.056,-0.005
-5655.024,-1422.586,-1.365,243.949,-1407.232,-0.009
-5651.600,-1443.249,-1.364,243.318,-1412.989,0.004
-5648.135,-1464.113,-1.364,243.204,-1419.980,0.006
-5644.753,-1484.752,-1.363,242.259,-1423.621,0.013
-5641.369,-1505.408,-1.362,241.470,-1426.901,0.021
-5637.873,-1526.032,-1.362,241.947,-1429.366,0.018
-5634.407,-1546.435,-1.362,242.046,-1429.196,0.012
-5631.095,-1567.033,-1.363,240.543,-1431.057,0.008
-5627.691,-1587.571,-1.362,240.209,-1432.024,0.014
-5624.292,-1608.097,-1.361,239.871,-1432.735,0.017
-5620.899,-1628.794,-1.359,239.528,-1435.096,0.032
-5617.617,-1649.371,-1.358,238.086,-1435.870,0.045
-5614.425,-1669.929,-1.357,235.935,-1436.342,0.047
-5610.808,-1690.684,-1.355,238.472,-1438.771,0.052
-5607.495,-1711.288,-1.354,237.507,-1439.289,0.056
-5603.983,-1731.918,-1.353,238.727,-1439.993,0.058
-5598.270,-1763.001,-1.353,262.441,-1548.206,0.052
-5592.939,-1792.405,-1.352,278.713,-1623.222,0.049
-5587.913,-1820.323,-1.353,289.469,-1671.901,0.040
-5583.249,-1847.020,-1.350,294.920,-1700.861,0.054
-5578.685,-1872.389,-1.350,298.529,-1711.887,0.051
-5574.364,-1896.658,-1.349,299.108,-1709.969,0.053
-5570.036,-1919.984,-1.348,299.677,-1698.625,0.050
-5566.012,-1942.384,-1.346,297.029,-1679.408,0.064
-5561.992,-1964.023,-1.345,294.725,-1655.197,0.068
-5558.133,-1985.300,-1.343,291.105,-1630.807,0.077
-5554.344,-2005.963,-1.343,287.305,-1603.685,0.067
-5550.598,-2026.003,-1.342,283.613,-1574.147,0.060
-5546.743,-2045.685,-1.343,281.589,-1545.263,0.045
-5542.956,-2065.280,-1.342,279.166,-1519.729,0.044
-5539.261,-2084.946,-1.342,276.151,-1498.684,0.042
-5535.628,-2104.526,-1.341,272.937,-1479.843,0.044
-5532.042,-2124.130,-1.342,269.712,-1464.031,0.033
-5528.520,-2143.707,-1.342,266.303,-1450.257,0.023
-5523.786,-2168.781,-1.343,275.877,-1495.099,0.011
-5518.999,-2193.208,-1.345,284.581,-1526.682,-0.010
-5514.524,-2216.751,-1.345,288.797,-1544.527,-0.012
-5510.064,-2239.777,-1.347,292.237,-1554.426,-0.029
-5505.944,-2262.172,-1.348,291.678,-1556.368,-0.028
-5501.848,-2284.241,-1.349,290.948,-1554.679,-0.039
-5497.761,-2305.827,-1.350,290.238,-1548.252,-0.038
-5493.695,-2326.932,-1.350,289.406,-1537.826,-0.029
-5489.810,-2347.832,-1.348,286.842,-1526.826,-0.014
-5485.976,-2368.427,-1.349,284.131,-1514.296,-0.020
-5482.275,-2388.867,-1.350,280.433,-1502.017,-0.026
-5478.466,-2409.159,-1.350,278.412,-1490.015,-0.017
-5474.661,-2429.271,-1.352,276.639,-1477.935,-0.033
-5471.074,-2449.354,-1.352,272.882,-1467.331,-0.036
-5467.436,-2469.407,-1.353,270.198,-1457.969,-0.036
-5463.683,-2489.460,-1.354,269.101,-1449.993,-0.041
-5460.140,-2509.587,-1.355,265.996,-1443.944,-0.048
-5455.487,-2535.262,-1.355,274.779,-1495.906,-0.039
-5451.106,-2560.133,-1.355,279.463,-1531.941,-0.029
-5447.101,-2584.304,-1.355,279.600,-1555.480,-0.029
-5443.067,-2607.812,-1.356,280.004,-1568.724,-0.029
-5439.112,-2630.593,-1.356,279.537,-1572.544,-0.025
-5435.336,-2653.016,-1.354,277.304,-1572.116,-0.010
-5431.764,-2674.960,-1.354,273.297,-1566.819,-0.002
-5427.923,-2696.343,-1.355,272.646,-1556.519,-0.012
-5424.360,-2717.093,-1.355,269.224,-1541.217,-0.010
-5420.784,-2737.171,-1.355,266.444,-1521.250,-0.014
-5417.200,-2756.932,-1.356,264.159,-1500.961,-0.013
-5413.668,-2776.175,-1.355,261.669,-1478.321,-0.002
-5410.214,-2795.042,-1.354,258.744,-1455.142,0.002
-5407.030,-2813.563,-1.353,253.471,-1431.802,0.011
-5403.932,-2831.973,-1.352,248.085,-1410.758,0.021
-5400.675,-2849.957,-1.349,245.132,-1388.418,0.046
-5397.392,-2867.886,-1.347,242.883,-1368.807,0.061
-5394.053,-2885.564,-1.345,241.529,-1349.490,0.071
-5390.804,-2903.158,-1.343,239.462,-1332.146,0.075
-5387.424,-2920.726,-1.342,239.040,-1317.094,0.071
-5384.215,-2938.394,-1.341,236.912,-1305.273,0.075
-5380.962,-2955.669,-1.341,235.559,-1291.157,0.067
-5377.670,-2972.655,-1.341,234.808,-1276.132,0.052
-5374.488,-2989.287,-1.343,233.036,-1259.679,0.030
-5371.424,-3005.422,-1.342,230.304,-1240.526,0.033
-5368.311,-3021.520,-1.343,228.486,-1223.806,0.015
-5365.283,-3037.292,-1.344,226.057,-1206.197,0.010
-5362.181,-3052.915,-1.342,224.743,-1189.632,0.024
-5359.072,-3068.444,-1.340,223.701,-1174.549,0.041
-5355.968,-3083.500,-1.338,222.749,-1156.805,0.049
-5352.973,-3098.356,-1.336,220.830,-1139.617,0.062
-5349.823,-3113.468,-1.334,220.780,-1127.593,0.073
-5346.677,-3128.366,-1.333,220.692,-1115.127,0.072
-5343.454,-3143.367,-1.332,221.424,-1105.561,0.070
-5340.212,-3158.209,-1.332,222.223,-1095.767,0.064
-5336.876,-3172.904,-1.333,223.893,-1085.890,0.046
-5333.720,-3187.762,-1.332,223.453,-1079.152,0.045
-5330.556,-3202.724,-1.333,223.162,-1074.472,0.032
-5327.257,-3217.381,-1.333,224.310,-1067.348,0.022
-5323.914,-3232.128,-1.333,225.738,-1062.193,0.026
-5320.369,-3247.154,-1.333,229.028,-1060.663,0.018
-5316.929,-3261.928,-1.334,230.765,-1056.766,0.005
-5313.337,-3276.817,-1.334,233.801,-1054.634,0.004
-5309.943,-3292.237,-1.335,234.354,-1058.273,-0.008
-5306.464,-3307.459,-1.336,235.702,-1059.348,-0.014
-5302.930,-3322.578,-1.338,237.426,-1059.193,-0.029
-5299.358,-3337.889,-1.339,239.277,-1061.041,-0.037
-5295.780,-3353.088,-1.340,240.927,-1061.463,-0.042
-5292.299,-3368.322,-1.342,241.326,-1062.192,-0.051
-5288.817,-3383.396,-1.342,241.682,-1061.165,-0.048
-5285.440,-3398.510,-1.345,240.903,-1060.693,-0.064
-5281.997,-3413.931,-1.346,240.920,-1063.458,-0.064
-5278.853,-3429.228,-1.347,237.857,-1064.526,-0.061
-5275.740,-3444.465,-1.347,234.916,-1064.839,-0.060
-5272.646,-3459.904,-1.347,232.223,-1067.168,-0.048
-5269.543,-3475.197,-1.347,230.011,-1067.657,-0.040
-5266.228,-3490.648,-1.345,230.317,-1069.707,-0.012
-5263.221,-3506.266,-1.344,227.405,-1073.174,-0.005
-5260.199,-3521.311,-1.343,225.066,-1070.229,0.001
-5257.296,-3536.160,-1.343,221.848,-1065.696,0.002
-5254.613,-3550.544,-1.343,216.845,-1057.048,0.008
-5252.050,-3564.014,-1.341,211.344,-1040.265,0.023
-5249.407,-3576.264,-1.340,207.468,-1013.387,0.030
-5247.039,-3587.969,-1.339,201.340,-984.852,0.034
-5244.781,-3598.385,-1.337,194.966,-947.243,0.045
-5243.065,-3607.811,-1.335,183.964,-904.970,0.062
-5241.512,-3615.852,-1.332,172.894,-854.651,0.083
-5239.923,-3622.206,-1.328,163.830,-794.379,0.108
-5238.958,-3627.087,-1.325,149.659,-727.801,0.120
-5238.299,-3630.454,-1.321,134.442,-655.429,0.140
-5238.206,-3632.296,-1.319,115.626,-577.999,0.140
-5238.247,-3632.624,-1.317,98.199,-496.371,0.140
-5238.602,-3631.478,-1.315,80.104,-411.569,0.133
-5239.519,-3628.602,-1.314,58.886,-321.434,0.124
-5240.533,-3624.261,-1.313,39.783,-229.473,0.112
-5241.712,-3618.297,-1.314,21.793,-134.330,0.088
-5243.220,-3610.991,-1.316,3.064,-39.361,0.059
-5245.305,-3603.121,-1.318,-18.845,47.447,0.032
-5247.499,-3594.321,-1.320,-38.661,131.061,0.010
-5249.894,-3584.650,-1.321,-57.628,211.344,-0.008
-5252.902,-3574.253,-1.323,-80.129,287.294,-0.019
-5255.718,-3563.134,-1.323,-97.333,359.507,-0.015
-5258.546,-3551.357,-1.324,-112.135,427.877,-0.026
-5261.622,-3539.057,-1.324,-127.303,491.574,-0.019
-5264.892,-3526.367,-1.323,-142.245,549.917,-0.012
-5268.134,-3512.869,-1.323,-154.700,608.008,-0.008
-5271.739,-3498.834,-1.323,-169.065,663.075,-0.004
-5275.341,-3484.205,-1.323,-181.283,716.155,-0.009
-5279.270,-3468.837,-1.322,-195.068,769.042,0.001
-5283.387,-3452.844,-1.322,-208.757,820.588,0.004
-5287.757,-3436.142,-1.322,-223.047,871.846,0.008
-5292.106,-3418.733,-1.319,-235.023,922.845,0.033
-5298.152,-3395.618,-1.315,-262.695,1025.089,0.060
-5304.315,-3371.962,-1.312,-287.512,1117.864,0.085
-5310.584,-3347.935,-1.309,-309.767,1200.809,0.104
-5316.847,-3323.906,-1.306,-328.683,1271.582,0.118
-5323.290,-3299.595,-1.301,-346.665,1334.848,0.145
-5329.687,-3275.288,-1.297,-361.539,1388.772,0.166
-5336.356,-3250.948,-1.293,-377.027,1435.095,0.178
-5343.371,-3226.525,-1.289,-393.793,1475.473,0.186
-5350.584,-3201.975,-1.287,-410.143,1511.213,0.182
-5357.727,-3177.445,-1.284,-423.355,1541.485,0.180
-5365.200,-3152.872,-1.282,-438.025,1567.761,0.176
-5372.622,-3128.489,-1.280,-450.007,1588.209,0.171
-5380.166,-3104.111,-1.280,-461.492,1605.602,0.143
-5387.732,-3079.585,-1.281,-471.515,1621.955,0.114
-5395.540,-3055.193,-1.281,-482.551,1634.529,0.092
-5403.437,-3030.701,-1.281,-492.876,1646.276,0.078
-5411.236,-3006.174,-1.282,-500.682,1656.664,0.058
-5419.144,-2981.650,-1.283,-508.455,1665.490,0.043
-5429.132,-2950.930,-1.285,-536.508,1736.804,0.019
-5438.860,-2921.195,-1.286,-557.750,1787.490,0.001
-5448.015,-2892.339,-1.288,-569.968,1821.676,-0.011
-5456.949,-2864.259,-1.290,-578.117,1842.837,-0.027
-5465.579,-2837.000,-1.289,-581.943,1852.439,-0.022
-5473.683,-2810.655,-1.289,-579.780,1851.229,-0.018
-5481.422,-2784.844,-1.290,-574.187,1844.688,-0.022
-5489.072,-2759.667,-1.291,-568.498,1832.582,-0.025
-5496.666,-2734.950,-1.290,-563.067,1817.522,-0.019
-5504.012,-2710.251,-1.291,-555.885,1804.494,-0.022
-5511.412,-2685.974,-1.291,-550.311,1789.040,-0.016
-5518.844,-2662.125,-1.291,-545.889,1771.444,-0.018
-5526.087,-2638.372,-1.291,-540.177,1755.455,-0.013
-5533.404,-2614.555,-1.292,-536.061,1742.478,-0.024
-5540.848,-2590.590,-1.293,-533.852,1732.930,-0.031
-5548.313,-2566.866,-1.295,-532.193,1722.304,-0.040
-5555.508,-2542.952,-1.296,-527.997,1715.191,-0.047
-5562.654,-2519.012,-1.298,-523.910,1709.402,-0.053
-5569.853,-2495.041,-1.300,-520.969,1704.782,-0.071
-5577.055,-2470.923,-1.302,-518.500,1702.349,-0.078
-5584.053,-2446.708,-1.305,-514.286,1701.280,-0.094
-5591.397,-2422.380,-1.307,-514.254,1701.520,-0.099
-5598.564,-2398.052,-1.308,-512.408,1701.737,-0.092
-5605.536,-2373.855,-1.309,-508.821,1700.561,-0.091
-5612.489,-2349.639,-1.311,-505.570,1699.764,-0.089
-5619.232,-2325.408,-1.310,-500.640,1699.238,-0.073
-5626.271,-2300.981,-1.309,-499.469,1700.797,-0.054
-5635.188,-2270.150,-1.309,-517.808,1768.064,-0.045
-5643.650,-2240.297,-1.310,-528.773,1815.366,-0.043
-5652.000,-2211.550,-1.310,-536.973,1844.334,-0.042
-5660.058,-2183.555,-1.310,-540.949,1861.285,-0.037
-5667.822,-2156.414,-1.311,-541.331,1866.967,-0.037
-5675.459,-2129.905,-1.310,-540.342,1865.297,-0.025
-5683.040,-2104.122,-1.310,-538.916,1856.399,-0.017
-5690.420,-2078.668,-1.309,-535.638,1845.424,-0.003
-5697.515,-2053.564,-1.308,-529.896,1832.464,0.001
-5704.540,-2028.728,-1.307,-524.287,1818.654,0.015
-5711.726,-2004.357,-1.306,-521.158,1802.072,0.019
-5718.731,-1980.326,-1.305,-516.629,1784.443,0.030
-5725.584,-1956.461,-1.305,-511.201,1767.693,0.025
-5732.534,-1932.562,-1.306,-507.569,1753.760,0.013
-5739.550,-1908.595,-1.306,-505.153,1742.567,0.007
-5746.409,-1884.662,-1.306,-501.468,1732.680,0.007
-5755.210,-1854.525,-1.307,-518.323,1788.107,-0.006
-5763.677,-1825.266,-1.308,-529.255,1826.351,-0.017
-5771.940,-1796.853,-1.311,-536.493,1850.255,-0.036
-5780.049,-1769.394,-1.312,-541.066,1860.826,-0.041
-5787.951,-1742.573,-1.313,-542.839,1863.278,-0.051
-5795.640,-1716.251,-1.315,-542.161,1860.222,-0.061
-5803.231,-1690.688,-1.316,-540.583,1849.813,-0.062
-5810.625,-1665.556,-1.316,-537.198,1836.493,-0.052
-5817.960,-1640.947,-1.317,-533.700,1819.746,-0.053
-5824.897,-1617.078,-1.317,-526.626,1797.850,-0.044
-5832.030,-1594.071,-1.319,-522.609,1770.295,-0.051
-5838.730,-1571.857,-1.320,-514.728,1738.626,-0.059
-5845.184,-1550.765,-1.322,-505.470,1700.067,-0.068
-5850.868,-1531.022,-1.322,-489.648,1653.292,-0.057
-5856.232,-1512.766,-1.322,-472.859,1598.085,-0.047
-5860.974,-1496.218,-1.321,-452.134,1533.421,-0.036
-5865.171,-1481.112,-1.321,-428.848,1463.409,-0.024
-5868.695,-1467.709,-1.321,-402.051,1386.171,-0.026
-5872.027,-1456.375,-1.323,-377.227,1298.996,-0.038
-5874.528,-1447.120,-1.325,-347.496,1203.232,-0.048
-5876.560,-1439.769,-1.326,-317.309,1101.958,-0.060
-5877.658,-1434.182,-1.329,-281.950,997.405,-0.071
-5878.568,-1430.427,-1.332,-249.853,889.382,-0.093
-5879.188,-1428.461,-1.336,-219.492,778.828,-0.119
-5879.421,-1428.219,-1.341,-189.611,666.779,-0.147
-5879.070,-1429.841,-1.345,-158.113,552.016,-0.159
-5878.079,-1432.751,-1.346,-124.655,440.878,-0.150
-5876.933,-1436.439,-1.347,-94.520,338.075,-0.138
-5875.984,-1440.665,-1.349,-70.852,244.842,-0.137
-5874.893,-1445.049,-1.352,-49.204,163.711,-0.139
-5873.957,-1449.126,-1.353,-32.324,97.656,-0.127
-5873.098,-1452.664,-1.353,-18.734,46.872,-0.108
-5872.233,-1455.789,-1.352,-7.071,7.814,-0.084
-5871.424,-1458.330,-1.351,2.292,-19.498,-0.068
-5870.856,-1460.569,-1.351,7.802,-39.681,-0.050
-5870.366,-1462.556,-1.350,11.703,-54.294,-0.035
-5869.949,-1464.002,-1.348,14.273,-61.196,-0.015
-5869.666,-1465.255,-1.347,15.092,-65.104,-0.006
-5869.380,-1466.175,-1.347,15.813,-65.000,-0.004
-5869.045,-1466.775,-1.347,16.940,-61.616,-0.002
-5868.871,-1467.198,-1.347,16.236,-56.911,-0.004
-5868.780,-1467.611,-1.346,14.787,-52.793,0.007
-5868.822,-1467.797,-1.346,12.180,-46.935,0.007
-5868.768,-1467.931,-1.346,10.946,-41.416,0.011
-5868.848,-1467.785,-1.346,8.512,-33.825,0.009
-5868.661,-1467.730,-1.345,9.185,-28.286,0.014
-5868.630,-1467.600,-1.345,8.154,-22.781,0.008
-5868.652,-1467.568,-1.346,6.726,-19.099,0.005
-5868.736,-1467.573,-1.345,4.869,-16.349,0.006
-5868.682,-1467.383,-1.345,4.717,-11.981,0.013
-5868.916,-1467.175,-1.344,1.617,-8.086,0.019
-5868.913,-1467.216,-1.344,1.403,-7.316,0.018
-5868.857,-1467.344,-1.344,1.769,-7.554,0.013
-5868.593,-1467.977,-1.343,4.229,-12.964,0.023
-5868.494,-1469.428,-1.341,4.628,-25.996,0.031
-5868.079,-1471.605,-1.341,8.224,-44.584,0.035
-5867.676,-1474.164,-1.341,11.157,-64.369,0.029
-5867.390,-1477.130,-1.340,12.468,-85.433,0.030
-5866.691,-1480.199,-1.341,17.824,-104.470,0.018
-5866.093,-1483.328,-1.341,21.355,-121.317,0.009
-5865.420,-1486.355,-1.342,25.143,-134.638,0.004
-5864.970,-1489.467,-1.343,26.086,-146.874,-0.006
-5864.381,-1492.926,-1.345,28.307,-160.881,-0.021
-5863.815,-1496.201,-1.345,29.975,-170.931,-0.019
-5863.301,-1499.263,-1.345,30.853,-177.319,-0.019
-5862.802,-1502.594,-1.346,31.457,-185.532,-0.025
-5862.375,-1505.726,-1.346,31.232,-190.491,-0.020
-5861.614,-1508.795,-1.345,34.465,-194.071,-0.009
-5860.986,-1511.777,-1.344,35.859,-196.226,0.003
-5860.485,-1514.880,-1.342,35.746,-199.315,0.016
-5859.969,-1517.954,-1.341,35.797,-201.645,0.023
-5859.636,-1520.780,-1.341,33.963,-201.078,0.026
-5859.153,-1523.392,-1.341,33.942,-198.402,0.022
-5858.653,-1526.012,-1.341,34.098,-196.195,0.020
-5858.197,-1528.233,-1.342,33.782,-190.205,0.009
-5857.680,-1530.946,-1.343,34.137,-190.157,-0.006
-5857.229,-1533.398,-1.345,33.757,-187.439,-0.020
-5856.797,-1535.897,-1.345,33.236,-185.601,-0.023
-5856.099,-1538.218,-1.345,35.536,-182.199,-0.017
-5855.437,-1540.803,-1.345,37.130,-182.015,-0.018
-5854.772,-1543.335,-1.346,38.503,-181.309,-0.019
-5854.161,-1545.796,-1.346,39.143,-179.983,-0.021
-5853.744,-1548.384,-1.346,37.676,-180.157,-0.016
-5853.280,-1550.714,-1.346,36.914,-177.644,-0.017
-5852.847,-1553.118,-1.348,35.940,-176.274,-0.028
-5852.414,-1555.514,-1.349,35.113,-175.010,-0.033
-5851.985,-1558.107,-1.350,34.360,-175.971,-0.037
-5851.385,-1560.446,-1.351,35.483,-174.167,-0.044
-5850.913,-1563.313,-1.350,35.133,-178.069,-0.033
-5850.424,-1566.620,-1.351,34.990,-185.928,-0.032
-5849.629,-1570.515,-1.349,38.026,-198.679,-0.014
-5848.658,-1575.015,-1.349,42.438,-215.779,-0.009
-5847.591,-1580.256,-1.349,47.177,-238.009,-0.008
-5846.102,-1586.856,-1.349,55.570,-270.952,-0.002
-5844.655,-1593.941,-1.349,62.295,-304.040,-0.003
-5842.938,-1601.984,-1.349,70.807,-342.126,-0.003
-5840.922,-1610.958,-1.349,81.146,-384.189,-0.007
-5839.007,-1620.237,-1.349,88.929,-423.215,0.001
-5836.988,-1630.294,-1.349,96.634,-464.506,-0.002
-5835.062,-1640.809,-1.349,102.258,-504.445,-0.005
-5833.294,-1651.743,-1.350,105.415,-542.815,-0.009
-5831.080,-1662.724,-1.350,112.701,-576.028,-0.008
-5829.094,-1673.875,-1.350,116.579,-606.115,-0.007
-5826.977,-1685.318,-1.350,121.222,-634.772,-0.004
-5824.968,-1696.792,-1.349,124.074,-659.539,-0.000
-5823.048,-1708.050,-1.350,125.592,-678.438,-0.005
-5820.847,-1719.235,-1.348,129.788,-693.818,0.008
-5818.861,-1730.459,-1.348,131.136,-707.323,0.015
-5816.893,-1741.409,-1.348,132.119,-716.030,0.012
-5814.778,-1752.011,-1.348,134.454,-719.870,0.011
-5812.652,-1762.884,-1.347,136.571,-725.930,0.011
-5810.453,-1773.555,-1.348,139.123,-729.028,0.008
-5808.627,-1784.344,-1.347,137.462,-732.881,0.010
-5806.563,-1794.888,-1.347,138.491,-733.641,0.006
-5804.604,-1805.386,-1.349,138.291,-733.819,-0.013
-5802.593,-1815.604,-1.350,138.658,-731.092,-0.020
-5800.427,-1825.640,-1.351,140.567,-726.893,-0.028
-5798.375,-1835.713,-1.353,141.018,-723.692,-0.039
-5796.604,-1845.801,-1.354,138.503,-721.106,-0.045
-5794.572,-1856.049,-1.356,139.059,-720.555,-0.052
-5792.987,-1866.260,-1.356,134.925,-719.713,-0.051
-5791.132,-1876.696,-1.357,134.181,-721.298,-0.051
-5789.640,-1886.873,-1.358,129.808,-719.990,-0.049
-5787.850,-1897.395,-1.358,129.145,-722.419,-0.041
-5786.218,-1907.711,-1.356,126.951,-722.380,-0.014
-5784.675,-1917.872,-1.355,124.166,-720.746,-0.004
-5782.822,-1927.991,-1.353,124.978,-718.916,0.009
-5780.915,-1938.359,-1.352,126.234,-719.926,0.024
-5778.871,-1948.839,-1.351,128.707,-721.938,0.031
-5777.062,-1959.632,-1.349,128.407,-726.870,0.042
-5775.188,-1970.430,-1.348,128.819,-731.140,0.048
-5772.944,-1981.432,-1.346,132.966,-736.874,0.052
-5770.847,-1992.972,-1.345,135.004,-747.299,0.057
-5768.484,-2004.753,-1.344,139.473,-758.682,0.062
-5766.007,-2016.619,-1.344,144.456,-769.256,0.048
-5763.604,-2028.781,-1.343,147.951,-781.331,0.051
-5760.833,-2041.022,-1.344,154.719,-792.443,0.040
-5758.114,-2053.406,-1.343,159.960,-803.394,0.044
-5755.313,-2065.824,-1.342,165.270,-813.075,0.046
-5752.333,-2078.635,-1.340,171.641,-825.380,0.054
-5749.787,-2091.326,-1.340,172.614,-834.651,0.048
-5747.270,-2103.895,-1.340,173.134,-841.293,0.039
-5744.571,-2116.682,-1.341,175.453,-849.206,0.026
-5741.767,-2129.706,-1.341,178.519,-858.389,0.020
-5739.206,-2142.790,-1.341,178.633,-866.845,0.017
-5736.572,-2155.734,-1.343,179.477,-872.620,-0.001
-5734.224,-2168.808,-1.343,177.256,-878.878,-0.003
-5731.731,-2181.890,-1.344,176.847,-884.292,-0.016
-5729.090,-2195.124,-1.345,178.034,-890.481,-0.021
-5726.564,-2208.107,-1.347,177.850,-893.182,-0.033
-5723.457,-2224.356,-1.348,183.684,-929.107,-0.044
-5720.534,-2240.115,-1.349,186.762,-954.699,-0.045
-5717.644,-2255.164,-1.350,189.043,-969.219,-0.048
-5715.004,-2269.818,-1.352,188.415,-977.530,-0.056
-5712.279,-2284.090,-1.352,188.765,-980.697,-0.046
-5709.512,-2298.384,-1.350,189.483,-983.617,-0.028
-5706.690,-2312.631,-1.349,190.668,-985.630,-0.008
-5704.027,-2326.954,-1.348,190.047,-988.133,0.002
-5701.365,-2341.385,-1.348,189.506,-991.365,0.004
-5698.562,-2355.850,-1.346,190.485,-994.483,0.016
-5695.716,-2370.300,-1.344,191.766,-996.984,0.035
-5692.945,-2385.048,-1.345,192.098,-1002.186,0.022
-5690.141,-2399.962,-1.343,192.711,-1008.336,0.036
-5687.143,-2414.846,-1.342,195.238,-1013.268,0.037
-5684.210,-2429.842,-1.341,196.708,-1018.630,0.049
-5681.152,-2444.830,-1.341,199.270,-1023.121,0.039
-5678.161,-2459.928,-1.340,200.748,-1028.088,0.037
-5675.182,-2475.013,-1.341,201.899,-1032.183,0.027
-5672.294,-2490.376,-1.342,201.928,-1038.544,0.016
-5669.314,-2505.937,-1.343,202.911,-1045.995,0.004
-5666.322,-2521.340,-1.345,203.872,-1050.734,-0.018
-5663.470,-2536.686,-1.345,203.250,-1054.192,-0.019
-5660.437,-2552.257,-1.346,204.589,-1059.454,-0.025
-5657.688,-2567.968,-1.347,202.794,-1065.375,-0.026
-5654.651,-2583.349,-1.349,204.236,-1067.041,-0.042
-5651.933,-2598.665,-1.349,202.183,-1067.787,-0.035
-5649.399,-2613.516,-1.347,198.534,-1063.636,-0.012
-5647.221,-2627.551,-1.343,191.764,-1051.701,0.030
-5645.248,-2640.584,-1.336,183.873,-1031.205,0.087
-5643.587,-2652.509,-1.327,173.922,-1002.308,0.168
-5642.110,-2663.162,-1.311,163.551,-964.570,0.293
-5640.968,-2672.224,-1.293,151.258,-916.001,0.428
-5640.246,-2679.646,-1.275,136.444,-857.694,0.554
-5639.990,-2685.302,-1.257,119.016,-789.787,0.649
-5639.844,-2689.260,-1.244,103.015,-714.388,0.692
-5639.887,-2691.405,-1.233,87.423,-631.404,0.699
-5640.267,-2691.203,-1.226,70.649,-536.464,0.658
-5640.684,-2689.309,-1.224,55.966,-438.073,0.578
-5641.024,-2685.417,-1.227,44.236,-333.573,0.460
-5641.688,-2679.530,-1.236,30.895,-223.914,0.307
-5642.556,-2671.716,-1.251,17.419,-110.541,0.110
-5643.669,-2662.333,-1.273,3.393,2.306,-0.114
-5645.092,-2654.475,-1.289,-11.748,82.859,-0.244
-5646.450,-2647.660,-1.298,-24.000,140.838,-0.288
-5647.788,-2641.473,-1.304,-34.245,183.819,-0.305
-5648.758,-2636.126,-1.308,-39.194,211.826,-0.299
-5649.598,-2631.583,-1.312,-42.082,227.447,-0.290
-5650.318,-2628.391,-1.314,-43.307,226.857,-0.265
-5650.895,-2626.188,-1.317,-42.876,216.172,-0.258
-5651.293,-2624.582,-1.321,-40.668,200.918,-0.252
-5651.380,-2623.990,-1.323,-35.584,177.459,-0.233
-5651.508,-2623.702,-1.325,-31.669,154.324,-0.225
-5651.486,-2623.522,-1.327,-26.782,133.485,-0.204
-5651.526,-2623.588,-1.327,-23.254,113.168,-0.176
-5651.504,-2623.858,-1.328,-19.613,93.747,-0.159
-5651.418,-2624.205,-1.329,-15.845,76.390,-0.142
-5651.326,-2624.667,-1.330,-12.556,60.394,-0.132
-5651.257,-2625.263,-1.331,-10.001,45.377,-0.125
-5651.083,-2625.917,-1.332,-6.736,31.976,-0.113
-5650.956,-2626.522,-1.331,-4.440,21.039,-0.093
-5651.034,-2626.985,-1.331,-4.597,13.186,-0.079
-5650.995,-2627.448,-1.331,-3.517,6.480,-0.065
-5650.854,-2627.925,-1.331,-1.553,0.611,-0.051
-5650.901,-2628.272,-1.331,-1.803,-3.049,-0.052
-5650.888,-2628.543,-1.332,-1.408,-5.385,-0.052
-5650.785,-2628.712,-1.333,-0.137,-6.335,-0.051
-5650.714,-2629.046,-1.334,0.614,-8.845,-0.052
-5650.638,-2629.140,-1.335,1.308,-8.513,-0.054
-5650.575,-2629.234,-1.335,1.761,-8.225,-0.046
-5650.519,-2629.157,-1.336,2.077,-6.225,-0.051
-5650.505,-2629.385,-1.336,1.922,-7.660,-0.044
-5650.409,-2629.361,-1.337,2.626,-6.282,-0.044
-5650.378,-2629.461,-1.337,2.551,-6.392,-0.038
-5650.418,-2629.544,-1.337,1.773,-6.305,-0.034
-5650.407,-2629.427,-1.338,1.622,-4.165,-0.035
-5650.457,-2629.395,-1.338,0.875,-3.223,-0.036
-5650.536,-2629.409,-1.339,-0.076,-2.895,-0.036
-5650.591,-2629.367,-1.340,-0.627,-2.042,-0.039
-5650.589,-2629.314,-1.340,-0.518,-1.194,-0.040
-5650.490,-2629.310,-1.341,0.584,-0.977,-0.038
-5650.554,-2629.366,-1.341,-0.165,-1.416,-0.038
-5650.515,-2629.395,-1.341,0.267,-1.504,-0.030
-5650.565,-2629.417,-1.342,-0.295,-1.506,-0.030
-5650.565,-2629.365,-1.342,-0.247,-0.746,-0.029
-5650.551,-2629.264,-1.342,-0.067,0.402,-0.024
-5650.644,-2629.278,-1.342,-1.010,0.202,-0.016
-5650.659,-2629.313,-1.342,-1.024,-0.189,-0.020
-5650.863,-2629.266,-1.342,-2.971,0.314,-0.020
-5651.006,-2629.172,-1.343,-4.005,1.236,-0.018
-5650.946,-2629.094,-1.343,-2.799,1.865,-0.017
-5650.872,-2629.163,-1.344,-1.629,0.882,-0.022
-5650.815,-2629.223,-1.344,-0.807,0.125,-0.019
-5650.859,-2629.233,-1.344,-1.139,0.005,-0.017
-5650.792,-2629.194,-1.344,-0.271,0.408,-0.014
-5650.819,-2629.221,-1.344,-0.515,0.066,-0.012
-5650.728,-2629.300,-1.344,0.498,-0.749,-0.010
-5650.688,-2629.429,-1.342,0.842,-1.968,0.003
-5650.679,-2629.426,-1.343,0.808,-1.652,0.000
-5650.850,-2629.372,-1.343,-1.077,-0.847,-0.004
-5650.846,-2629.396,-1.343,-0.875,-0.976,-0.007
-5650.741,-2629.405,-1.343,0.331,-0.922,0.001
-5650.736,-2629.477,-1.343,0.333,-1.527,0.001
-5650.659,-2629.511,-1.343,1.083,-1.656,-0.005
-5650.657,-2629.490,-1.344,0.943,-1.197,-0.010
-5650.845,-2629.512,-1.343,-1.132,-1.241,0.000
-5650.907,-2629.508,-1.343,-1.601,-1.024,-0.000
-5650.891,-2629.482,-1.343,-1.206,-0.606,0.002
-5650.829,-2629.522,-1.343,-0.384,-0.921,0.003
-5650.745,-2629.560,-1.343,0.532,-1.175,0.002
-5650.652,-2629.508,-1.342,1.409,-0.476,0.007
-5650.667,-2629.510,-1.342,1.055,-0.424,0.005
-5650.580,-2629.447,-1.342,1.794,0.289,0.004
-5650.551,-2629.322,-1.342,1.825,1.533,0.004
-5650.370,-2629.482,-1.343,3.419,-0.341,0.000
-5650.484,-2629.380,-1.343,1.739,0.755,-0.000
-5650.523,-2629.390,-1.343,1.089,0.541,-0.004
-5650.279,-2629.304,-1.343,3.434,1.347,-0.003
-5650.283,-2629.279,-1.344,2.891,1.414,-0.011
-5650.582,-2629.274,-1.348,-0.611,1.250,-0.053
-5650.737,-2629.364,-1.353,-2.116,0.146,-0.088
-5650.930,-2629.395,-1.360,-3.788,-0.194,-0.144
-5651.032,-2629.378,-1.369,-4.284,0.009,-0.205
-5651.099,-2629.301,-1.379,-4.346,0.795,-0.261
-5651.256,-2629.208,-1.389,-5.323,1.644,-0.319
-5651.384,-2629.076,-1.400,-5.854,2.757,-0.370
-5651.426,-2629.314,-1.410,-5.428,-0.097,-0.406
-5651.395,-2629.518,-1.420,-4.306,-2.181,-0.438
-5651.500,-2629.609,-1.433,-4.756,-2.801,-0.484
-5651.362,-2629.761,-1.443,-2.640,-3.953,-0.506
-5651.270,-2629.573,-1.453,-1.306,-1.434,-0.517
-5651.521,-2629.574,-1.461,-3.702,-1.235,-0.515
-5651.460,-2629.560,-1.467,-2.523,-0.907,-0.495
-5651.363,-2629.639,-1.473,-1.150,-1.594,-0.476
-5651.258,-2629.705,-1.478,0.096,-2.040,-0.453
-5651.088,-2629.809,-1.481,1.830,-2.802,-0.413
-5651.178,-2629.716,-1.484,0.634,-1.438,-0.383
-5651.136,-2629.839,-1.487,0.978,-2.494,-0.361
-5651.032,-2629.685,-1.491,1.909,-0.538,-0.339
-5651.211,-2629.665,-1.492,-0.217,-0.253,-0.305
-5651.251,-2629.707,-1.494,-0.601,-0.650,-0.280
-5651.195,-2629.567,-1.496,0.069,0.890,-0.258
-5651.335,-2629.521,-1.498,-1.383,1.235,-0.238
-5651.325,-2629.590,-1.500,-1.076,0.338,-0.219
-5651.305,-2629.489,-1.502,-0.719,1.327,-0.205
-5651.277,-2629.485,-1.504,-0.321,1.176,-0.195
-5651.221,-2629.800,-1.504,0.300,-2.245,-0.166
-5651.180,-2629.715,-1.504,0.683,-1.037,-0.145
-5651.201,-2629.685,-1.505,0.361,-0.571,-0.132
-5651.172,-2629.757,-1.506,0.603,-1.237,-0.119
-5651.135,-2629.768,-1.506,0.903,-1.163,-0.100
-5651.043,-2629.615,-1.507,1.710,0.584,-0.094
-5650.994,-2629.741,-1.507,1.974,-0.801,-0.085
-5651.292,-2629.611,-1.511,-1.388,0.659,-0.109
-5651.413,-2629.557,-1.517,-2.431,1.118,-0.144
-5651.515,-2629.417,-1.527,-3.127,2.386,-0.222
-5651.683,-2629.329,-1.544,-4.390,2.941,-0.338
-5651.818,-2629.384,-1.562,-5.138,1.952,-0.456
-5651.786,-2629.386,-1.584,-4.048,1.638,-0.577
-5651.679,-2629.274,-1.608,-2.350,2.552,-0.697
-5651.707,-2629.146,-1.634,-2.300,3.489,-0.815
-5651.879,-2629.165,-1.662,-3.727,2.781,-0.927
-5652.154,-2629.019,-1.690,-6.013,3.875,-1.026
-5652.287,-2629.201,-1.717,-6.498,1.432,-1.092
-5652.414,-2629.232,-1.742,-6.849,0.905,-1.141
-5652.484,-2629.325,-1.767,-6.568,-0.187,-1.172
-5652.648,-2629.543,-1.790,-7.288,-2.398,-1.190
-5652.839,-2629.589,-1.812,-8.181,-2.522,-1.199
-5652.987,-2629.667,-1.834,-8.505,-2.949,-1.198
-5653.062,-2629.823,-1.852,-8.017,-4.123,-1.175
-5653.063,-2629.923,-1.868,-6.858,-4.549,-1.145
-5653.105,-2630.185,-1.882,-6.284,-6.580,-1.099
-5653.153,-2630.167,-1.895,-5.848,-5.428,-1.055
-5653.139,-2630.176,-1.908,-4.838,-4.718,-1.013
-5653.181,-2630.189,-1.919,-4.567,-4.158,-0.962
-5653.282,-2630.130,-1.929,-4.928,-2.942,-0.909
-5653.290,-2630.222,-1.939,-4.287,-3.452,-0.868
-5653.301,-2629.973,-1.947,-3.771,-0.381,-0.815
-5653.223,-2630.101,-1.955,-2.409,-1.647,-0.772
-5653.237,-2630.074,-1.963,-2.208,-1.129,-0.726
-5653.039,-2630.004,-1.968,0.164,-0.239,-0.670
-5653.031,-2629.859,-1.973,0.215,1.293,-0.624
-5653.008,-2630.001,-1.978,0.417,-0.365,-0.575
-5653.015,-2629.955,-1.983,0.286,0.169,-0.536
-5653.100,-2629.985,-1.986,-0.627,-0.172,-0.488
-5653.239,-2630.083,-1.991,-1.969,-1.156,-0.461
-5653.149,-2630.168,-1.994,-0.753,-1.855,-0.421
-5653.013,-2630.008,-1.998,0.765,0.063,-0.397
-5653.008,-2630.168,-2.000,0.696,-1.593,-0.365
-5653.205,-2630.224,-2.003,-1.426,-1.933,-0.333
-5653.232,-2630.171,-2.005,-1.505,-1.104,-0.307
-5653.191,-2630.219,-2.007,-0.854,-1.439,-0.283
-5653.229,-2630.414,-2.010,-1.125,-3.232,-0.267
-5653.301,-2630.457,-2.012,-1.703,-3.204,-0.249
-5653.180,-2630.291,-2.014,-0.206,-1.021,-0.226
-5653.274,-2630.328,-2.016,-1.138,-1.248,-0.217
-5653.317,-2630.292,-2.019,-1.415,-0.695,-0.212
-5653.374,-2630.175,-2.022,-1.795,0.608,-0.205
-5653.292,-2630.282,-2.023,-0.679,-0.580,-0.188
-5653.203,-2630.286,-2.025,0.335,-0.541,-0.178
-5653.217,-2630.151,-2.025,0.138,0.931,-0.157
-5653.173,-2630.322,-2.027,0.572,-0.962,-0.147
-5653.296,-2630.275,-2.027,-0.786,-0.341,-0.126
-5653.294,-2630.352,-2.027,-0.650,-1.082,-0.113
-5653.402,-2630.391,-2.028,-1.657,-1.329,-0.105
-5653.472,-2630.313,-2.029,-2.141,-0.332,-0.096
-5653.561,-2630.423,-2.030,-2.737,-1.414,-0.086
-5653.500,-2630.131,-2.031,-1.701,1.804,-0.084
-5653.368,-2630.177,-2.032,-0.100,1.065,-0.088
-5653.179,-2629.997,-2.033,1.861,2.758,-0.084
-5653.390,-2630.103,-2.034,-0.582,1.269,-0.079
-5653.450,-2630.092,-2.035,-1.113,1.187,-0.074
-5653.469,-2630.202,-2.035,-1.151,-0.112,-0.066
-5653.487,-2630.135,-2.036,-1.161,0.585,-0.063
-5653.463,-2629.989,-2.037,-0.751,2.010,-0.061
-5653.396,-2629.879,-2.037,0.058,2.843,-0.060
-5653.255,-2629.865,-2.038,1.495,2.570,-0.056
-5653.402,-2629.776,-2.039,-0.241,3.111,-0.057
-5653.544,-2629.756,-2.040,-1.666,2.860,-0.055
-5653.554,-2629.849,-2.040,-1.517,1.478,-0.054
-5653.514,-2629.869,-2.041,-0.885,1.057,-0.053
-5653.558,-2630.016,-2.042,-1.210,-0.611,-0.050
-5653.582,-2629.939,-2.042,-1.278,0.266,-0.049
-5653.471,-2629.858,-2.043,0.052,1.061,-0.051
-5653.465,-2630.048,-2.043,0.109,-1.048,-0.044
-5653.585,-2629.996,-2.043,-1.146,-0.361,-0.037
-5653.462,-2629.814,-2.043,0.290,1.570,-0.031
-5653.569,-2629.821,-2.043,-0.853,1.267,-0.028
-5653.681,-2629.692,-2.042,-1.884,2.411,-0.014
-5653.490,-2629.910,-2.042,0.359,-0.189,-0.005
-5653.408,-2629.794,-2.041,1.157,1.031,-0.001
-5653.371,-2629.912,-2.042,1.365,-0.339,-0.005
-5653.191,-2630.197,-2.042,3.012,-3.217,-0.004
-5653.068,-2630.230,-2.041,3.836,-3.088,0.003
-5653.231,-2630.080,-2.041,1.592,-1.085,-0.001
-5653.331,-2629.940,-2.041,0.334,0.507,-0.000
-5653.246,-2630.043,-2.042,1.166,-0.626,-0.009
-5653.259,-2630.193,-2.042,0.851,-2.077,-0.010
-5653.247,-2630.526,-2.043,0.853,-5.196,-0.010
-5653.293,-2630.615,-2.043,0.249,-5.353,-0.012
-5653.414,-2630.573,-2.043,-1.027,-4.126,-0.009
-5653.470,-2630.780,-2.043,-1.457,-5.651,-0.008
-5653.400,-2630.731,-2.043,-0.518,-4.316,-0.012
-5653.555,-2630.754,-2.044,-2.041,-3.919,-0.012
-5653.627,-2630.747,-2.044,-2.485,-3.269,-0.010
-5653.602,-2630.586,-2.045,-1.852,-1.137,-0.022
-5653.536,-2630.519,-2.046,-0.903,-0.277,-0.025
-5653.468,-2630.497,-2.045,-0.074,-0.009,-0.020
-5653.533,-2630.226,-2.045,-0.727,2.786,-0.014
-5653.553,-2630.227,-2.045,-0.828,2.362,-0.010
-5653.494,-2630.094,-2.045,-0.095,3.381,-0.011
-5653.475,-2629.995,-2.045,0.108,3.901,-0.009
-5653.447,-2629.914,-2.045,0.381,4.162,-0.006
-5653.175,-2629.973,-2.046,3.125,2.940,-0.010
-5653.291,-2630.080,-2.045,1.479,1.412,-0.003
-5653.158,-2629.953,-2.045,2.620,2.509,-0.005
-5653.068,-2629.824,-2.045,3.166,3.471,-0.002
-5653.066,-2630.027,-2.045,2.722,0.867,-0.004
-5653.092,-2629.857,-2.046,2.049,2.487,-0.007
-5653.173,-2629.965,-2.045,0.918,1.012,-0.004
-5653.303,-2629.856,-2.046,-0.561,1.988,-0.011
-5653.522,-2629.837,-2.046,-2.730,1.893,-0.005
-5653.813,-2629.991,-2.045,-5.329,0.025,0.002
-5653.557,-2629.929,-2.045,-1.900,0.663,-0.000
-5653.525,-2629.867,-2.045,-1.297,1.202,0.002
-5653.463,-2629.890,-2.045,-0.470,0.789,0.001
-5653.401,-2630.000,-2.045,0.244,-0.465,0.002
-5653.538,-2629.878,-2.045,-1.202,0.868,-0.003
-5653.588,-2629.764,-2.046,-1.541,1.911,-0.012
-5653.557,-2629.795,-2.047,-0.997,1.310,-0.012
-5653.593,-2629.774,-2.047,-1.224,1.336,-0.013
-5653.711,-2629.849,-2.047,-2.253,0.366,-0.009
-5653.618,-2629.917,-2.047,-0.965,-0.391,-0.009
-5653.632,-2629.841,-2.048,-0.974,0.450,-0.015
-5653.581,-2629.885,-2.048,-0.294,-0.072,-0.012
-5653.684,-2629.686,-2.047,-1.312,1.994,-0.005
-5653.719,-2629.941,-2.047,-1.480,-0.931,-0.002
-5653.655,-2630.021,-2.046,-0.607,-1.615,0.000
-5653.715,-2630.157,-2.046,-1.136,-2.773,0.005
-5653.621,-2630.261,-2.045,0.002,-3.436,0.018
-5653.655,-2630.206,-2.042,-0.357,-2.362,0.039
-5653.569,-2630.407,-2.037,0.586,-4.085,0.082
-5653.293,-2630.664,-2.030,3.336,-6.136,0.135
-5653.319,-2630.940,-2.023,2.577,-8.074,0.189
-5653.233,-2631.288,-2.014,3.084,-10.472,0.247
-5653.023,-2631.491,-2.006,4.796,-11.019,0.292
-5653.132,-2631.568,-1.996,2.966,-10.190,0.344
-5652.936,-2631.796,-1.986,4.552,-11.037,0.392
-5652.897,-2631.885,-1.977,4.281,-10.335,0.420
-5652.901,-2631.794,-1.969,3.608,-7.879,0.445
-5652.768,-2631.843,-1.960,4.451,-7.220,0.462
-5652.731,-2632.003,-1.953,4.176,-7.806,0.461
-5652.635,-2631.935,-1.946,4.548,-5.952,0.471
-5652.471,-2632.055,-1.939,5.575,-6.321,0.464
-5652.482,-2632.082,-1.933,4.632,-5.661,0.455
-5652.494,-2631.995,-1.929,3.837,-3.935,0.426
-5652.651,-2632.031,-1.923,1.652,-3.724,0.419
-5652.606,-2632.005,-1.917,1.867,-2.911,0.418
-5652.601,-2631.965,-1.912,1.650,-2.070,0.408
-5652.690,-2631.959,-1.909,0.484,-1.710,0.379
-5652.776,-2632.008,-1.905,-0.471,-1.960,0.355
-5652.775,-2631.947,-1.903,-0.387,-1.039,0.330
-5652.826,-2631.890,-1.898,-0.855,-0.306,0.331
-5652.741,-2631.899,-1.888,0.142,-0.354,0.372
-5652.888,-2631.752,-1.876,-1.392,1.217,0.440
-5652.938,-2631.729,-1.864,-1.697,1.265,0.500
-5652.967,-2631.885,-1.850,-1.750,-0.527,0.561
-5652.935,-2632.093,-1.839,-1.161,-2.589,0.592
-5653.023,-2632.094,-1.829,-1.898,-2.210,0.607
-5653.024,-2632.123,-1.819,-1.623,-2.192,0.611
-5653.085,-2632.076,-1.811,-2.021,-1.387,0.603
-5653.193,-2632.084,-1.802,-2.835,-1.257,0.603
-5653.344,-2632.034,-1.794,-3.966,-0.560,0.598
-5653.476,-2632.081,-1.786,-4.742,-0.963,0.585
-5653.678,-2632.253,-1.779,-6.128,-2.597,0.568
-5653.753,-2632.263,-1.773,-5.999,-2.318,0.543
-5653.751,-2632.222,-1.768,-5.096,-1.550,0.508
-5653.707,-2632.075,-1.762,-3.888,0.193,0.493
-5653.677,-2632.014,-1.757,-3.015,0.788,0.472
-5653.585,-2632.071,-1.752,-1.621,0.086,0.451
-5653.634,-2632.226,-1.747,-1.883,-1.519,0.431
-5653.499,-2632.236,-1.744,-0.214,-1.402,0.400
-5653.396,-2632.242,-1.740,0.876,-1.252,0.382
-5653.343,-2632.191,-1.736,1.287,-0.542,0.361
-5653.370,-2632.060,-1.733,0.820,0.886,0.333
-5653.191,-2632.056,-1.730,2.545,0.797,0.311
-5653.274,-2631.992,-1.728,1.312,1.332,0.288
-5653.225,-2631.873,-1.727,1.625,2.365,0.254
-5653.126,-2631.697,-1.726,2.401,3.825,0.230
-5653.092,-2631.597,-1.724,2.402,4.298,0.214
-5653.047,-2631.754,-1.722,2.508,2.043,0.196
-5652.974,-2631.790,-1.722,2.893,1.378,0.174
-5653.027,-2631.850,-1.720,1.926,0.557,0.163
-5653.036,-2631.993,-1.720,1.546,-1.004,0.142
-5652.873,-2632.036,-1.719,3.001,-1.289,0.133
-5652.860,-2631.985,-1.718,2.695,-0.577,0.121
-5652.790,-2632.037,-1.716,3.019,-1.029,0.117
-5652.787,-2631.973,-1.715,2.607,-0.224,0.110
-5652.923,-2631.954,-1.715,0.815,0.011,0.096
-5652.962,-2632.011,-1.714,0.294,-0.582,0.096
-5653.112,-2632.026,-1.713,-1.292,-0.649,0.091
-5653.142,-2631.986,-1.711,-1.405,-0.139,0.092
-5653.083,-2631.904,-1.710,-0.590,0.725,0.093
-5652.961,-2631.749,-1.709,0.744,2.213,0.086
-5652.949,-2631.574,-1.708,0.763,3.685,0.079
-5652.822,-2631.673,-1.708,1.955,2.124,0.072
-5652.807,-2631.650,-1.708,1.828,2.050,0.064
-5652.795,-2631.686,-1.706,1.682,1.382,0.071
-5652.864,-2631.758,-1.705,0.718,0.439,0.067
-5652.935,-2631.729,-1.705,-0.117,0.674,0.061
-5652.830,-2631.705,-1.705,0.985,0.816,0.053
-5652.995,-2631.904,-1.703,-0.857,-1.353,0.058
-5652.990,-2631.893,-1.702,-0.680,-1.037,0.059
-5653.064,-2632.016,-1.702,-1.346,-2.156,0.054
-5653.094,-2632.070,-1.702,-1.454,-2.393,0.048
-5653.091,-2632.011,-1.702,-1.211,-1.435,0.042
-5653.177,-2631.971,-1.702,-1.915,-0.812,0.031
-5653.136,-2631.868,-1.701,-1.217,0.367,0.032
-5652.968,-2631.845,-1.702,0.699,0.553,0.021
-5652.987,-2631.762,-1.701,0.395,1.331,0.025
-5653.035,-2631.843,-1.701,-0.153,0.300,0.021
-5653.111,-2631.793,-1.701,-0.919,0.770,0.020
-5653.219,-2631.836,-1.701,-1.894,0.214,0.022
-5653.165,-2631.871,-1.701,-1.059,-0.184,0.019
-5653.126,-2631.882,-1.700,-0.501,-0.261,0.019
-5653.201,-2631.828,-1.701,-1.196,0.326,0.009
-5653.086,-2631.955,-1.700,0.161,-1.025,0.017
-5653.022,-2632.125,-1.700,0.792,-2.620,0.019
-5653.094,-2632.112,-1.700,-0.065,-2.104,0.016
-5653.042,-2631.900,-1.699,0.490,0.383,0.025
-5653.204,-2631.853,-1.696,-1.254,0.811,0.046
-5653.188,-2631.262,-1.693,-0.914,6.781,0.072
-5653.258,-2630.082,-1.689,-1.493,17.924,0.096
-5652.988,-2628.188,-1.686,1.507,34.794,0.112
-5652.723,-2625.736,-1.685,4.018,54.919,0.107
-5652.623,-2622.760,-1.684,4.451,77.479,0.100
-5652.318,-2619.600,-1.683,6.935,98.608,0.088
-5652.012,-2616.250,-1.682,9.069,118.603,0.088
-5651.503,-2613.172,-1.682,12.966,132.837,0.075
-5651.285,-2609.987,-1.682,13.313,146.090,0.064
-5650.949,-2606.953,-1.683,14.810,155.841,0.049
-5650.671,-2603.967,-1.684,15.492,163.660,0.031
-5650.309,-2601.293,-1.685,16.943,167.126,0.011
-5650.170,-2598.702,-1.687,15.884,169.217,-0.006
-5649.861,-2595.997,-1.688,16.722,172.177,-0.014
-5649.615,-2593.367,-1.690,16.797,173.930,-0.027
-5649.288,-2590.626,-1.690,17.694,176.568,-0.032
-5649.186,-2587.966,-1.690,16.150,177.990,-0.025
-5648.769,-2585.204,-1.690,18.062,180.246,-0.021
-5648.674,-2582.581,-1.690,16.387,180.744,-0.017
-5648.467,-2579.908,-1.691,16.105,181.679,-0.020
-5648.391,-2577.242,-1.691,14.517,182.402,-0.022
-5648.117,-2574.714,-1.693,15.200,181.605,-0.033
-5648.018,-2572.115,-1.694,13.987,181.648,-0.036
-5647.869,-2569.551,-1.694,13.463,181.332,-0.039
-5647.642,-2567.062,-1.694,13.826,180.286,-0.034
-5647.423,-2564.615,-1.695,14.046,178.959,-0.032
-5647.336,-2561.997,-1.695,12.867,179.595,-0.027
-5647.173,-2559.621,-1.694,12.653,177.645,-0.020
-5646.875,-2557.225,-1.694,13.864,176.181,-0.011
-5646.574,-2555.114,-1.692,14.923,172.011,0.008
-5646.466,-2552.390,-1.690,13.841,174.753,0.024
-5646.049,-2549.323,-1.688,16.095,180.623,0.042
-5645.812,-2545.397,-1.688,16.172,194.481,0.033
-5645.233,-2540.599,-1.687,19.755,215.271,0.035
-5644.702,-2535.336,-1.686,22.316,237.792,0.039
-5644.140,-2530.006,-1.686,24.821,257.686,0.036
-5643.539,-2524.370,-1.686,27.356,277.818,0.028
-5643.015,-2518.635,-1.688,28.725,295.997,0.012
-5642.252,-2513.006,-1.688,32.352,310.414,0.011
-5641.750,-2507.560,-1.688,32.763,320.831,0.002
-5641.196,-2502.278,-1.688,33.653,328.022,0.005
-5640.538,-2496.742,-1.688,35.480,336.769,0.009
-5640.070,-2491.365,-1.687,35.078,342.595,0.010
-5639.595,-2486.023,-1.686,34.812,347.201,0.018
-5639.038,-2480.524,-1.687,35.420,352.754,0.014
-5638.461,-2475.079,-1.686,36.154,356.932,0.015
-5638.112,-2469.615,-1.687,34.425,360.686,0.006
-5637.704,-2464.282,-1.688,33.565,362.546,-0.003
-5637.193,-2458.988,-1.688,33.892,363.730,-0.009
-5636.535,-2453.900,-1.690,35.682,362.614,-0.024
-5635.909,-2448.994,-1.691,36.876,359.790,-0.031
-5635.494,-2443.918,-1.692,35.729,359.134,-0.031
-5634.840,-2439.010,-1.693,37.204,356.846,-0.037
-5634.404,-2433.851,-1.694,36.223,357.476,-0.043
-5633.825,-2428.919,-1.695,36.861,355.675,-0.046
-5633.161,-2424.105,-1.696,38.268,352.920,-0.044
-5632.524,-2419.264,-1.695,39.196,350.856,-0.036
-5632.028,-2414.208,-1.695,38.541,351.306,-0.027
-5631.411,-2409.030,-1.694,39.229,352.952,-0.012
-5630.692,-2403.247,-1.694,40.856,360.574,-0.007
-5629.678,-2396.929,-1.694,45.291,372.592,-0.007
-5628.818,-2390.160,-1.693,47.481,387.473,0.002
-5628.024,-2382.826,-1.691,48.673,405.996,0.022
-5627.045,-2375.509,-1.689,51.588,421.608,0.036
-5626.135,-2367.853,-1.688,53.375,438.421,0.039
-5625.289,-2359.896,-1.687,54.234,455.857,0.043
-5624.268,-2352.029,-1.686,56.768,469.811,0.044
-5623.427,-2343.906,-1.686,57.082,484.332,0.035
-5622.690,-2336.023,-1.684,56.265,494.259,0.050
-5621.886,-2328.076,-1.684,56.272,503.380,0.045
-5621.155,-2320.002,-1.684,55.526,512.467,0.042
-5620.413,-2312.162,-1.684,54.994,517.816,0.032
-5619.778,-2304.338,-1.683,53.438,522.210,0.035
-5619.064,-2296.537,-1.683,52.931,525.714,0.035
-5618.391,-2288.820,-1.683,52.083,527.843,0.028
-5617.635,-2281.312,-1.683,52.205,527.508,0.020
-5617.048,-2273.906,-1.684,50.567,526.177,0.011
-5616.408,-2266.399,-1.684,49.721,526.071,0.012
-5615.512,-2258.725,-1.685,51.629,527.702,0.002
-5614.811,-2251.326,-1.686,51.254,526.265,-0.008
-5614.236,-2243.824,-1.686,49.637,526.099,-0.013
-5613.591,-2236.271,-1.687,48.975,526.486,-0.017
-5613.050,-2228.823,-1.688,47.343,525.728,-0.022
-5612.241,-2221.296,-1.688,48.706,525.906,-0.022
-5611.404,-2213.899,-1.688,50.163,524.709,-0.020
-5610.438,-2206.455,-1.689,52.729,524.176,-0.024
-5609.712,-2199.021,-1.689,52.446,523.620,-0.019
-5608.934,-2191.671,-1.689,52.746,522.273,-0.017
-5608.285,-2184.010,-1.689,51.671,524.330,-0.019
-5607.592,-2176.566,-1.689,51.204,523.859,-0.016
-5606.861,-2169.028,-1.689,51.203,524.414,-0.009
-5606.085,-2161.162,-1.688,51.656,528.267,-0.002
-5605.311,-2152.573,-1.688,52.026,538.996,-0.004
-5604.407,-2143.537,-1.688,53.685,552.757,0.001
-5603.359,-2133.926,-1.687,56.572,570.405,0.014
-5602.177,-2124.397,-1.686,60.425,584.612,0.018
-5601.021,-2114.536,-1.685,63.440,600.149,0.026
-5599.574,-2104.450,-1.685,69.006,615.727,0.024
-5598.470,-2094.100,-1.684,70.220,631.717,0.023
-5597.251,-2083.682,-1.684,72.442,646.067,0.023
-5596.146,-2073.285,-1.684,73.170,658.081,0.016
-5594.917,-2062.785,-1.685,75.062,669.394,0.005
-5593.807,-2052.289,-1.686,75.450,679.008,-0.003
-5592.387,-2041.720,-1.688,78.969,687.950,-0.018
-5591.203,-2031.350,-1.689,79.543,693.527,-0.027
-5590.020,-2020.989,-1.690,80.026,698.197,-0.030
-5588.997,-2010.460,-1.690,78.785,703.909,-0.027
-5587.846,-2000.062,-1.692,79.048,707.432,-0.041
-5586.682,-1989.794,-1.693,79.409,709.101,-0.046
-5585.474,-1979.495,-1.692,80.165,710.835,-0.032
-5584.434,-1969.283,-1.692,79.085,711.426,-0.025
-5583.402,-1959.012,-1.692,78.071,712.538,-0.019
-5582.375,-1948.907,-1.691,77.167,711.773,-0.013
-5581.438,-1938.648,-1.690,75.459,712.710,-0.001
-5580.396,-1928.914,-1.690,75.094,708.105,0.006
-5579.343,-1919.083,-1.688,74.889,705.168,0.020
-5577.998,-1903.868,-1.688,77.723,758.092,0.017
-5576.650,-1889.334,-1.687,80.165,796.230,0.019
-5575.426,-1875.663,-1.687,80.984,819.866,0.020
-5574.380,-1862.798,-1.687,79.835,831.729,0.017
-5573.188,-1850.666,-1.688,80.368,834.310,0.004
-5572.076,-1839.128,-1.688,80.001,830.390,0.007
-5571.022,-1827.815,-1.688,79.082,824.734,0.004
-5569.889,-1816.995,-1.688,79.111,814.831,0.006
-5568.913,-1806.479,-1.688,77.525,803.257,0.003
-5567.861,-1796.323,-1.687,76.955,789.674,0.008
-5567.050,-1786.197,-1.688,73.988,777.781,0.002
-5565.958,-1776.269,-1.688,74.349,765.605,-0.002
-5564.850,-1766.514,-1.690,74.821,753.427,-0.023
-5564.074,-1756.949,-1.691,71.803,741.091,-0.025
-5563.227,-1747.262,-1.692,69.968,731.826,-0.029
-5562.142,-1737.699,-1.692,70.846,722.648,-0.026
-5561.105,-1728.195,-1.692,71.097,714.212,-0.023
-5560.238,-1718.624,-1.692,69.568,707.708,-0.023
-5559.185,-1709.107,-1.693,70.180,701.600,-0.029
-5558.250,-1699.643,-1.693,69.490,695.845,-0.021
-5557.188,-1690.071,-1.694,70.200,692.053,-0.022
-5556.161,-1680.548,-1.693,70.448,688.309,-0.015
-5555.172,-1670.810,-1.692,70.270,687.332,-0.006
-5554.229,-1661.111,-1.692,69.638,686.100,-0.002
-5553.107,-1651.437,-1.691,70.951,684.786,0.007
-5552.131,-1641.628,-1.692,70.559,685.056,0.000
-5551.149,-1631.944,-1.692,70.295,683.998,-0.001
-5550.014,-1622.321,-1.691,71.644,682.474,0.005
-5548.909,-1612.390,-1.691,72.484,684.344,0.005
-5547.937,-1602.297,-1.691,71.827,687.604,0.008
-5546.829,-1592.311,-1.691,72.668,689.281,0.007
-5545.774,-1581.967,-1.691,72.844,694.395,0.004
-5544.693,-1571.754,-1.692,73.259,697.418,-0.007
-5543.590,-1561.585,-1.692,73.842,699.533,-0.008
-5542.459,-1551.234,-1.693,74.622,703.216,-0.010
-5541.346,-1541.176,-1.693,75.110,703.336,-0.010
-5540.235,-1530.945,-1.694,75.497,705.223,-0.020
-5539.116,-1520.928,-1.694,75.914,704.633,-0.019
-5538.100,-1511.010,-1.695,75.208,703.111,-0.025
-5537.023,-1501.028,-1.695,75.241,702.464,-0.023
-5535.905,-1490.944,-1.696,75.679,702.970,-0.026
-5534.771,-1480.785,-1.696,76.231,704.165,-0.019
-5533.693,-1470.760,-1.695,76.111,703.817,-0.012
-5532.126,-1458.319,-1.694,81.045,728.382,-0.002
-5530.683,-1446.209,-1.693,83.993,745.933,0.009
-5529.398,-1434.291,-1.693,84.861,758.924,0.011
-5528.136,-1422.610,-1.692,85.372,767.554,0.015
-5526.924,-1411.448,-1.691,85.295,769.587,0.022
-5525.818,-1400.563,-1.690,84.134,768.459,0.032
-5524.625,-1389.787,-1.690,84.048,766.385,0.029
-5523.340,-1379.301,-1.689,84.914,761.625,0.036
-5522.459,-1369.033,-1.687,81.496,755.323,0.048
-5521.474,-1358.887,-1.687,79.649,748.686,0.042
-5520.601,-1348.743,-1.687,76.924,743.010,0.035
-5519.659,-1338.742,-1.687,75.313,736.694,0.028
-5518.577,-1329.051,-1.686,75.369,728.115,0.034
-5517.500,-1319.312,-1.685,75.376,721.299,0.036
-5516.399,-1309.551,-1.684,75.625,715.703,0.038
-5515.314,-1299.977,-1.684,75.669,709.007,0.032
-5514.262,-1290.408,-1.685,75.379,703.247,0.018
-5513.159,-1280.760,-1.687,75.647,699.144,0.002
-5512.035,-1271.141,-1.687,76.092,695.349,-0.000
-5510.869,-1261.706,-1.688,76.901,690.214,-0.008
-5509.885,-1252.229,-1.689,75.722,686.267,-0.017
-5508.369,-1240.101,-1.689,80.198,710.201,-0.018
-5507.194,-1228.221,-1.689,80.496,728.049,-0.012
-5505.836,-1216.576,-1.688,82.632,740.862,0.002
-5504.446,-1205.486,-1.685,84.798,746.071,0.022
-5503.103,-1194.500,-1.685,86.151,749.442,0.022
-5502.076,-1184.101,-1.684,84.055,746.286,0.029
-5500.755,-1173.793,-1.684,85.291,742.646,0.022
-5499.703,-1163.556,-1.684,83.572,738.810,0.022
-5498.557,-1153.431,-1.684,83.088,734.392,0.019
-5497.345,-1143.507,-1.684,83.336,728.555,0.016
-5496.268,-1133.557,-1.685,82.174,723.839,0.002
-5495.125,-1123.826,-1.686,81.847,717.564,-0.005
-5494.017,-1114.312,-1.686,81.224,709.982,-0.008
-5493.040,-1104.734,-1.686,79.337,704.165,-0.009
-5492.049,-1094.967,-1.687,77.865,701.150,-0.010
-5490.977,-1085.174,-1.689,77.453,698.850,-0.026
-5489.933,-1075.440,-1.690,76.811,696.288,-0.039
-5488.864,-1065.805,-1.691,76.516,693.069,-0.042
-5487.649,-1056.214,-1.692,77.775,689.878,-0.038
-5486.700,-1046.502,-1.692,76.108,688.402,-0.038
-5485.748,-1036.915,-1.692,74.719,685.865,-0.030
-5484.799,-1027.383,-1.693,73.492,683.124,-0.035
-5483.776,-1017.647,-1.694,73.213,682.889,-0.041
-5482.895,-1007.929,-1.694,71.524,682.501,-0.032
-5482.073,-998.241,-1.694,69.461,681.862,-0.028
-5481.274,-988.682,-1.693,67.476,679.988,-0.021
-5480.320,-979.113,-1.693,67.376,678.493,-0.016
-5479.585,-969.511,-1.693,65.031,677.562,-0.012
-5478.524,-959.681,-1.693,66.385,679.105,-0.012
-5477.309,-947.326,-1.694,69.134,706.425,-0.015
-5476.115,-935.547,-1.695,71.256,723.798,-0.028
-5474.893,-924.032,-1.696,73.357,735.891,-0.034
-5473.577,-912.852,-1.697,76.116,742.761,-0.037
-5472.539,-901.936,-1.698,75.614,745.899,-0.041
-5471.341,-891.270,-1.699,76.820,746.005,-0.043
-5470.073,-880.624,-1.700,78.577,745.893,-0.048
-5468.950,-870.256,-1.702,78.585,742.934,-0.055
-5467.805,-859.921,-1.704,78.818,740.065,-0.063
-5466.611,-849.848,-1.705,79.515,734.927,-0.064
-5465.284,-839.865,-1.705,81.484,729.616,-0.057
-5463.968,-829.852,-1.704,83.042,725.396,-0.038
-5462.739,-819.787,-1.705,83.480,722.323,-0.042
-5461.421,-809.868,-1.705,84.776,718.209,-0.038
-5460.277,-800.294,-1.705,84.087,711.147,-0.029
-5459.013,-790.621,-1.704,84.728,706.144,-0.018
-5457.743,-780.995,-1.702,85.342,701.390,0.001
-5456.369,-771.224,-1.700,86.941,698.822,0.024
-5455.028,-761.662,-1.696,87.952,694.493,0.056
-5453.838,-751.964,-1.694,87.270,692.193,0.071
-5452.647,-742.302,-1.692,86.698,689.864,0.077
-5451.668,-732.724,-1.690,84.027,687.008,0.079
-5450.512,-722.953,-1.690,83.570,686.553,0.077
-5449.497,-713.323,-1.689,81.730,684.730,0.071
-5448.562,-703.741,-1.688,79.339,682.665,0.073
-5447.652,-693.893,-1.687,77.039,683.652,0.072
-5446.720,-683.995,-1.686,75.298,685.014,0.066
-5445.603,-674.221,-1.686,75.724,684.883,0.056
-5444.468,-664.430,-1.686,76.271,684.958,0.050
-5443.446,-654.620,-1.685,75.581,685.218,0.050
-5442.509,-644.754,-1.685,74.106,686.012,0.042
-5441.389,-634.825,-1.685,74.741,687.336,0.037
-5440.623,-624.572,-1.685,71.640,691.803,0.033
-5439.625,-614.552,-1.686,71.378,693.214,0.017
-5438.817,-604.465,-1.688,69.188,695.107,-0.003
-5438.193,-594.562,-1.689,65.445,694.830,-0.009
-5437.185,-581.710,-1.689,66.192,724.946,-0.016
-5436.435,-569.299,-1.690,64.181,746.097,-0.022
-5435.697,-557.495,-1.691,62.335,757.895,-0.029
-5434.875,-545.977,-1.691,61.633,765.008,-0.022
-5434.141,-534.712,-1.692,60.125,768.464,-0.027
-5433.552,-523.891,-1.694,57.350,766.845,-0.040
-5432.934,-513.314,-1.695,55.278,762.956,-0.049
-5431.995,-503.075,-1.697,56.813,756.161,-0.053
-5430.875,-492.939,-1.698,59.983,749.303,-0.058
-5429.906,-482.875,-1.699,61.140,742.713,-0.057
-5429.071,-472.880,-1.699,60.741,736.378,-0.050
-5428.217,-463.099,-1.699,60.608,728.768,-0.041
-5427.124,-453.565,-1.698,62.943,719.745,-0.033
-5424.657,-435.085,-1.698,79.085,804.143,-0.022
-5422.388,-417.949,-1.698,90.810,862.289,-0.021
-5420.248,-401.928,-1.698,99.491,900.404,-0.021
-5418.375,-387.084,-1.698,104.138,920.796,-0.016
-5416.639,-373.314,-1.698,106.697,927.133,-0.015
-5415.072,-360.405,-1.697,107.134,923.677,-0.004
-5413.566,-348.222,-1.697,106.878,913.254,0.002
-5412.199,-336.631,-1.696,105.238,898.272,0.007
-5408.765,-314.502,-1.696,125.115,993.983,0.007
-5406.033,-294.725,-1.696,134.831,1051.394,0.008
-5403.706,-276.989,-1.696,138.967,1079.352,0.007
-5401.413,-260.760,-1.695,142.134,1087.687,0.011
-5399.526,-246.146,-1.697,140.649,1078.174,-0.005
-5398.019,-232.802,-1.698,135.480,1056.986,-0.012
-5396.589,-220.872,-1.698,130.275,1024.348,-0.014
-5395.140,-209.859,-1.698,126.032,987.077,-0.012
-5393.937,-199.187,-1.698,119.892,951.773,-0.007
-5392.919,-189.242,-1.697,112.736,914.183,0.003
-5391.964,-179.826,-1.696,105.981,876.677,0.008
-5391.055,-170.681,-1.695,99.755,841.884,0.022
-5390.182,-161.706,-1.694,94.078,810.472,0.030
-5389.496,-153.045,-1.693,87.297,780.437,0.031
-5388.750,-144.233,-1.692,82.136,756.382,0.037
-5388.073,-135.348,-1.690,77.027,736.609,0.047
-5387.140,-126.786,-1.690,75.310,716.422,0.044
-5386.203,-117.931,-1.689,73.884,702.219,0.043
-5385.266,-109.070,-1.690,72.662,690.170,0.028
-5384.213,-99.950,-1.690,72.807,682.548,0.027
-5383.199,-90.817,-1.690,72.541,676.189,0.020
-5382.212,-81.545,-1.691,72.037,672.196,0.008
-5381.451,-71.786,-1.692,69.272,673.806,-0.004
-5380.641,-62.017,-1.693,67.424,675.279,-0.014
-5379.649,-52.200,-1.695,67.726,677.035,-0.030
-5378.598,-41.852,-1.698,68.584,683.999,-0.047
-5377.525,-31.532,-1.699,69.546,689.647,-0.051
-5376.549,-21.348,-1.700,69.361,693.057,-0.053
-5375.488,-10.913,-1.700,70.089,698.557,-0.052
-5374.352,-0.584,-1.701,71.477,702.159,-0.052
-5373.336,9.575,-1.700,71.418,703.476,-0.035
-5372.507,19.714,-1.700,69.445,704.400,-0.030
-5371.463,29.934,-1.699,69.979,706.016,-0.017
-5370.433,39.936,-1.698,70.294,705.150,0.003
-5369.349,49.725,-1.698,71.115,702.223,0.001
-5368.191,59.578,-1.697,72.581,700.383,0.010
-5366.880,69.409,-1.696,75.398,698.586,0.011
-5365.668,79.276,-1.695,76.792,697.422,0.026
-5364.503,88.888,-1.694,77.494,693.813,0.027
-5363.081,98.629,-1.694,80.735,692.051,0.025
-5361.830,108.293,-1.695,81.735,689.759,0.010
-5360.433,117.883,-1.696,84.100,687.045,0.002
-5358.998,127.497,-1.697,86.510,684.983,-0.009
-5357.687,137.194,-1.698,87.284,684.067,-0.014
-5356.248,147.006,-1.697,89.254,684.474,-0.004
-5354.939,156.850,-1.697,89.605,685.152,-0.002
-5353.396,166.674,-1.696,92.316,685.521,0.004
-5351.985,176.744,-1.699,93.264,688.375,-0.021
-5350.440,186.483,-1.700,95.451,687.398,-0.032
-5349.226,195.990,-1.701,93.913,684.173,-0.035
-5347.813,206.004,-1.701,94.644,686.646,-0.027
-5346.571,215.834,-1.701,93.512,686.858,-0.030
-5345.343,225.687,-1.700,92.398,687.283,-0.015
-5344.134,235.396,-1.700,91.258,686.158,-0.013
-5343.063,245.068,-1.701,88.860,684.810,-0.018
-5341.939,254.736,-1.700,87.361,683.627,-0.005
-5340.794,264.362,-1.698,86.309,682.191,0.016
-5339.594,274.065,-1.697,85.970,681.750,0.017
-5338.568,283.740,-1.697,83.889,681.089,0.022
-5337.492,293.362,-1.697,82.630,679.977,0.014
-5336.575,302.887,-1.698,79.911,678.034,0.006
-5335.453,312.624,-1.699,79.714,678.555,-0.010
-5334.333,322.360,-1.699,79.518,678.991,-0.009
-5333.035,331.949,-1.699,81.182,677.847,-0.003
-5331.826,341.468,-1.701,81.695,676.161,-0.024
-5330.048,353.828,-1.700,87.984,703.958,-0.012
-5328.547,365.652,-1.697,90.493,722.157,0.018
-5326.859,377.082,-1.695,94.567,733.618,0.034
-5325.248,388.374,-1.695,97.239,741.969,0.034
-5323.673,399.235,-1.693,99.154,744.665,0.044
-5322.125,410.024,-1.692,100.511,746.217,0.048
-5320.797,420.608,-1.692,99.397,745.431,0.046
-5319.519,430.852,-1.691,97.941,741.266,0.046
-5318.208,441.155,-1.690,97.032,738.309,0.047
-5317.111,451.092,-1.690,94.052,732.027,0.042
-5315.836,461.044,-1.690,93.340,726.826,0.032
-5314.579,470.966,-1.690,92.561,722.079,0.028
-5313.261,480.873,-1.692,92.516,717.875,0.006
-5312.131,490.743,-1.694,90.545,713.911,-0.013
-5310.699,500.693,-1.696,91.963,711.341,-0.027
-5309.080,510.624,-1.696,95.111,708.965,-0.022
-5307.672,520.283,-1.696,95.614,704.135,-0.026
-5306.195,529.774,-1.698,96.760,698.290,-0.036
-5304.359,539.351,-1.698,101.426,694.185,-0.035
-5302.559,549.172,-1.699,105.045,693.200,-0.037
-5300.844,558.974,-1.702,107.253,692.160,-0.056
-5298.842,568.841,-1.702,112.093,691.951,-0.047
-5297.225,578.643,-1.702,112.247,691.087,-0.043
-5295.233,588.318,-1.704,116.248,689.055,-0.061
-5293.436,598.339,-1.706,117.655,690.887,-0.064
-5291.753,608.367,-1.705,117.673,692.512,-0.052
-5290.029,618.450,-1.707,118.117,694.469,-0.055
-5288.420,628.585,-1.705,117.311,696.672,-0.035
-5286.849,638.605,-1.707,116.229,697.367,-0.042
-5285.510,648.541,-1.709,112.918,697.096,-0.060
-5284.187,658.547,-1.709,109.939,697.585,-0.048
-5282.793,668.476,-1.707,108.112,697.205,-0.026
-5281.467,678.365,-1.707,105.870,696.471,-0.024
-5280.064,688.448,-1.704,104.741,697.844,0.009
-5278.982,698.332,-1.704,100.475,696.968,0.010
-5277.754,708.232,-1.705,98.339,696.388,-0.003
-5276.506,718.340,-1.704,96.731,698.034,0.007
-5275.561,728.418,-1.703,92.230,699.121,0.016
-5274.469,738.374,-1.703,89.910,698.795,0.015
-5273.271,748.498,-1.703,89.015,700.255,0.014
-5272.088,758.582,-1.704,88.109,701.076,0.003
-5270.853,768.454,-1.706,87.861,699.608,-0.021
-5269.764,777.898,-1.707,86.154,693.937,-0.028
-5269.009,786.453,-1.709,81.257,679.952,-0.041
-5268.503,793.495,-1.713,74.512,652.455,-0.072
-5267.949,799.492,-1.718,69.255,618.238,-0.107
-5267.381,804.042,-1.721,64.914,574.147,-0.119
-5267.146,807.324,-1.724,57.797,523.498,-0.127
-5267.177,808.888,-1.727,48.972,462.615,-0.139
-5267.171,809.011,-1.729,41.832,395.846,-0.136
-5267.305,807.983,-1.728,34.304,327.044,-0.106
-5267.625,806.130,-1.727,25.968,259.878,-0.079
-5267.976,803.746,-1.726,18.534,197.106,-0.057
-5268.339,801.075,-1.726,12.066,140.626,-0.050
-5268.618,798.445,-1.724,7.418,92.868,-0.032
-5268.914,796.034,-1.723,3.285,54.395,-0.015
-5269.219,794.202,-1.722,-0.344,27.534,-0.000
-5269.479,792.616,-1.719,-2.966,7.158,0.028
-5269.644,791.321,-1.718,-4.229,-7.224,0.030
-5269.789,790.207,-1.719,-5.095,-17.638,0.021
-5269.918,789.208,-1.718,-5.682,-25.322,0.030
-5270.078,788.335,-1.716,-6.489,-30.588,0.039
-5270.183,787.746,-1.715,-6.619,-32.149,0.040
-5270.179,787.176,-1.712,-5.597,-33.295,0.063
-5270.231,786.855,-1.712,-5.317,-31.697,0.057
-5270.336,786.494,-1.713,-5.611,-30.756,0.044
-5270.326,786.287,-1.712,-4.681,-28.365,0.044
-5270.390,786.195,-1.711,-4.655,-25.138,0.048
-5270.432,786.076,-1.711,-4.397,-22.662,0.040
-5270.301,786.093,-1.711,-2.411,-19.161,0.036
-5270.269,786.123,-1.711,-1.723,-16.036,0.023
-5270.256,786.065,-1.710,-1.339,-14.267,0.030
-5270.222,786.110,-1.712,-0.789,-11.711,0.013
-5270.148,786.208,-1.711,0.084,-8.979,0.019
-5270.218,786.289,-1.709,-0.643,-6.824,0.028
-5270.246,786.257,-1.710,-0.837,-6.147,0.018
-5270.236,786.229,-1.710,-0.614,-5.534,0.016
-5270.223,786.329,-1.711,-0.389,-3.689,0.009
-5270.152,786.632,-1.712,0.400,-0.033,-0.004
-5270.119,786.871,-1.712,0.682,2.440,-0.008
-5270.134,787.002,-1.712,0.429,3.423,-0.006
-5270.057,787.143,-1.712,1.156,4.375,-0.004
-5270.045,787.158,-1.712,1.103,3.885,-0.004
-5269.853,787.193,-1.713,2.931,3.672,-0.007
-5269.982,787.169,-1.713,1.159,2.890,-0.012
-5270.036,787.266,-1.712,0.435,3.464,0.004
-5270.045,787.249,-1.712,0.284,2.774,0.002
-5270.029,787.194,-1.711,0.406,1.806,0.012
-5269.865,787.188,-1.710,2.028,1.473,0.017
-5269.788,787.099,-1.710,2.525,0.345,0.012
-5269.809,787.055,-1.709,1.946,-0.158,0.024
-5270.017,786.926,-1.709,-0.483,-1.469,0.019
-5270.173,786.895,-1.710,-2.019,-1.569,0.006
-5270.064,786.853,-1.711,-0.606,-1.776,0.001
-5270.084,786.799,-1.711,-0.720,-2.066,0.000
-5270.006,786.782,-1.710,0.188,-1.936,0.006
-5270.039,786.803,-1.711,-0.177,-1.437,-0.001
-5270.106,786.887,-1.712,-0.846,-0.360,-0.009
-5270.099,786.923,-1.711,-0.648,0.067,-0.007
-5270.060,787.000,-1.711,-0.145,0.851,-0.007
-5270.125,786.914,-1.712,-0.791,-0.160,-0.010
-5270.096,786.940,-1.711,-0.380,0.127,-0.002
-5269.990,786.971,-1.712,0.767,0.430,-0.009
-5270.169,787.039,-1.713,-1.195,1.069,-0.013
-5270.223,787.072,-1.712,-1.565,1.245,-0.004
-5270.170,787.003,-1.712,-0.800,0.351,-0.007
-5270.058,786.936,-1.712,0.472,-0.386,-0.008
-5270.120,786.962,-1.712,-0.231,-0.060,-0.006
-5270.153,786.874,-1.712,-0.542,-0.961,0.002
-5270.142,786.733,-1.711,-0.341,-2.273,0.003
-5270.166,786.690,-1.712,-0.543,-2.385,-0.001
-5270.195,786.694,-1.712,-0.757,-1.991,-0.006
-5270.253,786.660,-1.713,-1.251,-2.049,-0.016
-5270.215,786.682,-1.713,-0.667,-1.518,-0.011
-5270.048,786.877,-1.714,1.141,0.709,-0.014
-5270.115,787.020,-1.714,0.288,2.077,-0.015
-5270.012,787.176,-1.714,1.312,3.377,-0.014
-5270.009,787.178,-1.713,1.148,2.903,0.002
-5270.052,787.187,-1.712,0.535,2.570,0.010
-5270.114,787.237,-1.713,-0.187,2.710,-0.003
-5270.128,787.270,-1.712,-0.303,2.650,0.003
-5270.199,787.227,-1.710,-0.989,1.814,0.026
-5270.192,787.208,-1.710,-0.766,1.356,0.018
-5270.192,787.138,-1.711,-0.656,0.434,0.013
-5270.137,787.082,-1.711,0.008,-0.202,0.012
-5270.147,787.036,-1.710,-0.102,-0.650,0.017
-5270.151,786.977,-1.710,-0.121,-1.166,0.015
-5270.070,786.750,-1.709,0.729,-3.330,0.018
-5270.130,786.698,-1.709,0.005,-3.374,0.014
-5270.234,786.757,-1.708,-1.067,-2.270,0.021
-5270.268,786.851,-1.709,-1.259,-0.967,0.016
-5270.352,786.839,-1.710,-1.938,-0.951,-0.001
-5270.357,786.882,-1.711,-1.708,-0.366,-0.008
-5270.313,786.889,-1.712,-1.001,-0.238,-0.013
-5270.263,786.839,-1.712,-0.345,-0.718,-0.014
-5270.233,786.938,-1.712,0.018,0.404,-0.016
-5270.153,787.030,-1.711,0.835,1.296,0.003
-5270.185,787.013,-1.712,0.385,0.929,-0.007
-5270.107,786.992,-1.712,1.131,0.571,-0.006
-5270.042,787.004,-1.710,1.634,0.610,0.008
-5270.065,786.817,-1.710,1.157,-1.401,0.007
-5270.070,786.856,-1.711,0.940,-0.793,-0.002
-5269.995,786.751,-1.711,1.568,-1.753,-0.000
-5270.098,786.869,-1.713,0.280,-0.286,-0.017
-5270.252,786.775,-1.713,-1.351,-1.212,-0.021
-5270.153,786.824,-1.713,-0.130,-0.525,-0.015
-5270.188,786.908,-1.713,-0.476,0.409,-0.017
-5270.250,787.017,-1.714,-1.045,1.474,-0.018
-5270.200,786.955,-1.713,-0.365,0.622,-0.011
-5270.172,786.976,-1.715,-0.029,0.746,-0.026
-5270.293,786.963,-1.714,-1.272,0.497,-0.012
-5270.291,786.587,-1.714,-1.057,-3.447,-0.009
-5270.418,786.004,-1.714,-2.215,-8.933,-0.010
-5270.664,784.818,-1.712,-4.416,-19.835,0.014
-5271.136,783.059,-1.710,-8.626,-35.022,0.026
-5271.616,780.767,-1.710,-12.299,-53.468,0.025
-5272.117,778.017,-1.710,-15.655,-73.913,0.020
-5272.402,775.018,-1.710,-16.284,-93.918,0.021
-5272.928,771.954,-1.709,-19.303,-111.648,0.021
-5273.767,768.785,-1.707,-25.096,-127.859,0.043
-5274.197,765.481,-1.707,-25.841,-143.066,0.032
-5274.920,762.293,-1.706,-29.485,-154.845,0.040
-5275.498,759.302,-1.704,-31.095,-162.863,0.050
-5275.915,756.349,-1.705,-30.808,-169.310,0.031
-5276.483,753.599,-1.706,-32.137,-172.722,0.018
-5276.983,750.760,-1.709,-32.551,-176.549,-0.006
-5277.369,747.951,-1.709,-31.736,-179.497,-0.013
-5277.563,745.088,-1.709,-29.071,-182.573,-0.012
-5277.875,742.242,-1.711,-28.007,-185.024,-0.022
-5278.389,739.561,-1.710,-29.175,-185.413,-0.015
-5279.057,736.896,-1.711,-31.765,-185.582,-0.014
-5279.628,734.179,-1.711,-32.976,-186.253,-0.017
-5280.126,731.553,-1.713,-33.245,-185.896,-0.029
-5280.411,728.953,-1.712,-31.291,-185.328,-0.019
-5280.765,726.423,-1.713,-30.330,-184.111,-0.022
-5281.164,723.823,-1.713,-29.976,-183.809,-0.024
-5281.512,721.334,-1.714,-29.158,-182.401,-0.028
-5281.850,718.854,-1.716,-28.343,-181.098,-0.046
-5282.159,716.408,-1.716,-27.356,-179.653,-0.037
-5282.523,713.962,-1.717,-27.088,-178.412,-0.039
-5282.888,711.451,-1.716,-26.859,-178.021,-0.024
-5283.220,709.034,-1.717,-26.325,-176.718,-0.032
-5283.548,706.315,-1.719,-25.835,-178.720,-0.043
-5284.071,703.091,-1.720,-27.421,-185.626,-0.046
-5284.680,699.555,-1.719,-29.656,-194.736,-0.032
-5285.377,695.513,-1.717,-32.471,-207.702,-0.012
-5285.895,690.932,-1.715,-33.016,-224.315,0.008
-5286.780,684.618,-1.714,-37.284,-256.331,0.021
-5287.727,678.261,-1.712,-41.539,-284.073,0.040
-5288.643,671.780,-1.711,-44.865,-309.016,0.042
-5289.471,665.493,-1.712,-46.786,-328.295,0.027
-5290.477,659.255,-1.713,-50.267,-344.230,0.010
-5291.578,653.282,-1.713,-54.209,-355.091,0.005
-5292.585,647.328,-1.713,-56.609,-364.163,0.007
-5293.602,641.528,-1.712,-58.741,-370.317,0.013
-5294.585,635.823,-1.713,-60.234,-374.586,0.007
-5295.646,630.197,-1.713,-62.287,-377.415,0.002
-5296.792,624.437,-1.715,-64.928,-381.206,-0.017
-5298.051,618.794,-1.717,-68.340,-383.240,-0.027
-5299.082,613.246,-1.716,-68.899,-383.993,-0.018
-5300.269,607.868,-1.716,-70.986,-382.891,-0.019
-5301.546,602.453,-1.716,-73.699,-382.322,-0.008
-5302.869,597.325,-1.716,-76.476,-378.884,-0.009
-5303.960,592.201,-1.717,-76.469,-375.919,-0.024
-5305.062,587.009,-1.718,-76.565,-374.078,-0.027
-5306.214,581.794,-1.718,-77.159,-372.749,-0.019
-5307.446,576.576,-1.716,-78.503,-371.647,-0.001
-5308.769,571.488,-1.714,-80.572,-369.372,0.023
-5309.864,566.495,-1.713,-79.994,-366.453,0.024
-5311.002,561.301,-1.714,-79.953,-366.026,0.014
-5312.396,556.219,-1.714,-82.536,-364.516,0.009
-5313.784,551.114,-1.714,-84.685,-363.458,0.013
-5315.154,545.997,-1.713,-86.340,-362.684,0.021
-5316.524,540.808,-1.711,-87.745,-362.766,0.028
-5318.002,535.980,-1.712,-90.057,-359.119,0.017
-5319.351,531.188,-1.712,-90.694,-355.635,0.013
-5320.711,526.255,-1.712,-91.365,-354.120,0.013
-5321.948,521.353,-1.711,-90.661,-352.508,0.023
-5323.360,516.533,-1.709,-91.866,-350.284,0.039
-5324.645,511.754,-1.710,-91.582,-347.968,0.027
-5325.988,506.900,-1.711,-91.934,-346.761,0.007
-5327.203,501.952,-1.712,-90.922,-346.700,-0.001
-5328.559,497.106,-1.713,-91.508,-345.606,-0.007
-5329.664,492.334,-1.711,-89.427,-343.902,0.007
-5330.738,487.570,-1.710,-87.340,-342.371,0.018
-5331.732,482.698,-1.711,-84.724,-342.169,0.006
-5332.883,477.730,-1.712,-84.119,-342.994,-0.001
-5333.959,472.872,-1.713,-82.827,-342.559,-0.010
-5334.915,468.107,-1.712,-80.475,-341.239,-0.005
-5335.792,463.395,-1.712,-77.673,-339.565,-0.005
-5336.543,458.805,-1.714,-73.987,-336.880,-0.018
-5337.448,453.941,-1.714,-72.419,-337.408,-0.019
-5338.334,449.258,-1.715,-70.888,-335.992,-0.026
-5339.311,444.537,-1.716,-70.517,-335.178,-0.031
-5340.248,439.696,-1.718,-69.796,-335.724,-0.045
-5341.209,434.767,-1.717,-69.425,-337.095,-0.032
-5342.056,429.752,-1.718,-67.938,-339.150,-0.035
-5342.837,424.789,-1.717,-65.985,-340.362,-0.023
-5343.592,419.685,-1.719,-64.050,-342.844,-0.032
-5344.589,414.859,-1.720,-64.900,-342.112,-0.041
-5345.805,409.837,-1.721,-67.864,-343.496,-0.046
-5346.821,404.657,-1.724,-68.351,-346.308,-0.060
-5347.762,399.520,-1.724,-67.978,-348.255,-0.055
-5348.659,394.319,-1.723,-67.223,-350.583,-0.043
-5349.672,389.361,-1.723,-67.762,-350.064,-0.028
-5350.521,384.425,-1.724,-66.534,-349.398,-0.039
-5351.336,379.447,-1.725,-65.140,-349.261,-0.036
-5352.083,374.474,-1.722,-63.257,-349.088,-0.006
-5353.134,369.666,-1.722,-64.767,-347.247,-0.007
-5354.021,364.574,-1.722,-64.370,-348.604,-0.002
-5354.823,359.608,-1.724,-63.165,-348.459,-0.020
-5355.751,354.718,-1.724,-63.431,-347.547,-0.023
-5356.434,349.949,-1.724,-61.125,-345.528,-0.016
-5357.121,345.121,-1.722,-59.209,-344.421,0.000
-5357.893,340.079,-1.720,-58.449,-345.678,0.026
-5358.667,335.096,-1.720,-57.828,-346.131,0.023
-5359.576,330.175,-1.721,-58.683,-345.886,0.011
-5360.471,325.385,-1.720,-59.263,-344.335,0.017
-5361.207,320.561,-1.721,-58.122,-343.355,0.005
-5361.985,315.948,-1.720,-57.588,-340.349,0.010
-5362.751,311.163,-1.720,-57.006,-339.558,0.006
-5363.466,306.458,-1.720,-55.985,-338.052,0.007
-5363.995,301.702,-1.721,-53.195,-337.301,0.001
-5364.734,296.883,-1.721,-52.979,-337.302,0.001
-5365.542,291.885,-1.723,-53.510,-339.148,-0.017
-5366.431,286.556,-1.724,-54.784,-344.129,-0.026
-5367.418,281.007,-1.727,-56.888,-350.649,-0.048
-5368.205,275.020,-1.729,-56.624,-360.714,-0.062
-5368.827,268.660,-1.729,-54.702,-373.135,-0.056
-5369.579,262.027,-1.728,-54.392,-386.544,-0.040
-5370.356,255.226,-1.729,-54.400,-399.715,-0.037
-5371.206,248.175,-1.731,-55.150,-413.516,-0.054
-5372.269,240.942,-1.730,-57.974,-427.165,-0.040
-5373.265,233.624,-1.730,-59.703,-439.676,-0.030
-5374.227,226.094,-1.726,-60.831,-452.529,0.010
-5375.134,218.344,-1.726,-61.223,-465.763,0.007
-5375.970,210.714,-1.724,-60.823,-475.818,0.028
-5376.911,203.170,-1.724,-61.567,-483.500,0.028
-5377.895,195.531,-1.724,-62.643,-491.031,0.019
-5378.728,187.864,-1.724,-62.002,-497.751,0.012
-5379.814,180.409,-1.725,-64.064,-501.292,0.003
-5381.032,172.642,-1.721,-67.187,-507.534,0.042
-5382.350,164.807,-1.717,-70.871,-513.550,0.076
-5383.778,154.904,-1.713,-75.147,-539.972,0.100
-5385.206,145.227,-1.710,-78.797,-560.176,0.113
-5386.494,135.954,-1.708,-80.466,-573.256,0.116
-5387.701,127.275,-1.706,-81.061,-578.295,0.121
-5389.221,118.817,-1.704,-84.788,-580.320,0.125
-5390.568,110.200,-1.700,-86.186,-583.681,0.143
-5391.888,101.730,-1.696,-87.096,-585.043,0.156
-5392.983,93.031,-1.693,-85.559,-588.559,0.170
-5394.049,84.068,-1.691,-83.958,-594.267,0.164
-5395.209,75.230,-1.689,-83.547,-597.857,0.158
-5396.503,65.998,-1.686,-84.579,-604.968,0.157
-5397.744,56.487,-1.686,-84.923,-613.916,0.139
-5398.964,46.669,-1.685,-84.992,-624.696,0.123
-5400.149,37.026,-1.685,-84.693,-632.102,0.109
-5401.638,27.146,-1.685,-87.566,-640.854,0.091
-5402.728,17.302,-1.686,-85.901,-647.943,0.070
-5403.984,7.223,-1.687,-86.205,-656.410,0.045
-5405.309,-2.716,-1.688,-87.164,-662.196,0.035
-5406.467,-12.976,-1.688,-86.264,-670.428,0.029
-5407.955,-23.191,-1.688,-88.894,-676.993,0.020
-5409.497,-33.484,-1.688,-91.700,-683.393,0.019
-5410.801,-43.999,-1.688,-91.635,-691.136,0.015
-5412.497,-54.478,-1.687,-95.616,-697.368,0.027
-5414.136,-65.519,-1.685,-98.434,-708.478,0.041
-5415.706,-76.454,-1.684,-100.115,-716.856,0.046
-5416.936,-87.274,-1.683,-98.052,-722.817,0.042
-5417.830,-98.131,-1.683,-92.842,-728.282,0.040
-5418.680,-108.885,-1.683,-87.935,-731.889,0.031
-5419.476,-119.701,-1.684,-83.201,-735.596,0.022
-5420.415,-130.311,-1.686,-80.624,-736.638,-0.006
-5421.056,-140.949,-1.688,-75.374,-737.820,-0.019
-5421.915,-151.452,-1.690,-73.123,-737.441,-0.035
-5422.691,-161.968,-1.692,-70.364,-737.244,-0.049
-5423.446,-172.152,-1.695,-67.785,-733.664,-0.071
-5424.381,-182.344,-1.698,-67.450,-730.687,-0.085
-5425.374,-192.493,-1.701,-67.744,-727.708,-0.099
-5426.579,-205.187,-1.703,-70.186,-751.366,-0.105
-5427.834,-217.687,-1.704,-72.787,-769.546,-0.098
-5429.299,-229.537,-1.705,-77.170,-778.362,-0.094
-5430.964,-241.032,-1.706,-82.954,-782.227,-0.097
-5432.487,-252.250,-1.707,-86.440,-782.678,-0.084
-5433.992,-263.063,-1.706,-89.221,-778.887,-0.068
-5435.676,-273.827,-1.705,-93.437,-775.150,-0.044
-5437.187,-284.469,-1.705,-95.242,-770.706,-0.036
-5438.758,-294.943,-1.704,-97.411,-765.190,-0.030
-5441.945,-312.939,-1.705,-115.896,-837.919,-0.027
-5444.869,-329.516,-1.704,-128.956,-885.338,-0.022
-5447.503,-345.075,-1.704,-137.103,-915.314,-0.015
-5449.845,-359.610,-1.704,-141.049,-930.337,-0.016
-5451.999,-373.160,-1.705,-142.480,-933.007,-0.018
-5454.105,-385.927,-1.706,-143.214,-927.220,-0.023
-5455.913,-397.961,-1.706,-140.758,-914.749,-0.019
-5457.690,-409.387,-1.705,-138.352,-897.842,-0.014
-5459.401,-420.503,-1.705,-135.623,-880.235,-0.008
-5462.419,-439.007,-1.705,-146.748,-941.271,-0.007
-5465.631,-455.869,-1.704,-158.232,-976.438,0.001
-5468.411,-471.482,-1.706,-163.575,-993.565,-0.012
-5471.208,-488.491,-1.707,-168.306,-1022.543,-0.027
-5473.723,-504.103,-1.709,-169.448,-1032.889,-0.036
-5476.328,-518.537,-1.709,-171.343,-1029.572,-0.029
-5478.712,-531.628,-1.709,-170.699,-1012.926,-0.030
-5480.891,-543.856,-1.710,-168.019,-989.842,-0.030
-5482.660,-555.059,-1.711,-161.517,-959.597,-0.035
-5484.617,-565.838,-1.711,-157.917,-929.446,-0.035
-5486.655,-576.158,-1.712,-155.673,-898.993,-0.034
-5488.605,-586.152,-1.712,-152.849,-869.666,-0.033
-5490.090,-595.994,-1.712,-145.664,-843.081,-0.026
-5491.708,-605.511,-1.712,-140.902,-817.076,-0.021
-5493.396,-614.994,-1.712,-137.548,-794.526,-0.024
-5495.017,-624.459,-1.712,-134.012,-775.122,-0.019
-5496.574,-634.052,-1.712,-130.324,-759.883,-0.016
-5498.233,-643.630,-1.712,-128.240,-746.729,-0.011
-5499.901,-653.223,-1.711,-126.553,-735.667,-0.006
-5501.428,-662.792,-1.712,-123.659,-725.989,-0.009
-5502.968,-672.447,-1.712,-121.326,-718.614,-0.006
-5504.621,-682.192,-1.712,-120.498,-713.254,-0.013
-5506.418,-692.130,-1.713,-121.287,-710.669,-0.013
-5508.263,-702.249,-1.712,-122.437,-710.323,-0.001
-5510.153,-712.210,-1.711,-123.886,-708.402,0.009
-5511.883,-722.332,-1.710,-123.479,-708.423,0.010
-5513.688,-732.440,-1.710,-123.899,-708.299,0.011
-5515.409,-742.527,-1.710,-123.395,-707.965,0.014
-5517.182,-752.709,-1.710,-123.498,-708.671,0.010
-5518.880,-762.803,-1.709,-122.824,-708.366,0.016
-5520.476,-772.912,-1.709,-121.182,-708.251,0.011
-5522.170,-783.151,-1.709,-120.806,-709.504,0.009
-5524.116,-793.288,-1.710,-123.073,-709.510,0.002
-5526.073,-803.350,-1.711,-125.116,-708.754,-0.006
-5527.945,-813.550,-1.709,-125.988,-709.523,0.007
-5529.976,-823.878,-1.708,-128.366,-711.506,0.022
-5531.808,-834.071,-1.708,-128.349,-711.799,0.018
-5533.780,-844.443,-1.708,-129.771,-713.896,0.016
-5535.762,-854.643,-1.709,-131.093,-713.904,0.004
-5537.760,-865.024,-1.709,-132.378,-715.782,-0.002
-5540.071,-878.010,-1.708,-136.705,-744.205,0.007
-5542.394,-890.822,-1.707,-140.512,-766.648,0.022
-5544.560,-902.997,-1.705,-142.150,-779.240,0.035
-5546.650,-914.825,-1.704,-142.756,-786.401,0.040
-5548.636,-926.512,-1.703,-142.208,-791.069,0.042
-5550.600,-937.659,-1.702,-141.511,-789.479,0.045
-5552.421,-948.660,-1.702,-139.448,-786.626,0.043
-5554.187,-959.495,-1.701,-137.119,-782.482,0.043
-5555.898,-970.216,-1.701,-134.577,-777.770,0.033
-5557.686,-980.700,-1.703,-133.182,-771.318,0.014
-5559.400,-991.152,-1.704,-131.243,-765.485,-0.000
-5560.912,-1001.470,-1.705,-127.511,-759.128,-0.009
-5562.553,-1011.924,-1.706,-125.654,-755.103,-0.011
-5564.074,-1022.084,-1.706,-122.828,-748.654,-0.017
-5565.644,-1032.284,-1.707,-120.923,-743.548,-0.021
-5567.367,-1042.343,-1.707,-120.883,-737.754,-0.018
-5568.868,-1052.469,-1.708,-118.558,-733.501,-0.023
-5570.426,-1062.493,-1.708,-117.163,-728.823,-0.017
-5571.824,-1072.631,-1.707,-114.322,-726.005,-0.008
-5573.455,-1082.753,-1.706,-114.297,-723.438,0.002
-5575.157,-1092.837,-1.706,-115.008,-720.849,0.004
-5576.819,-1103.104,-1.706,-115.202,-720.528,0.005
-5578.415,-1113.167,-1.706,-114.695,-718.161,0.004
-5580.038,-1123.508,-1.705,-114.528,-719.007,0.011
-5581.517,-1133.833,-1.704,-112.911,-719.550,0.012
-5583.369,-1144.036,-1.704,-115.371,-718.768,0.011
-5584.984,-1154.302,-1.703,-115.037,-718.744,0.020
-5586.507,-1164.536,-1.703,-113.795,-718.397,0.023
-5588.017,-1174.911,-1.703,-112.603,-719.557,0.015
-5589.580,-1185.416,-1.703,-112.130,-721.880,0.019
-5590.902,-1195.761,-1.702,-109.258,-722.215,0.020
-5592.514,-1206.012,-1.703,-109.784,-721.529,0.013
-5594.164,-1216.507,-1.702,-110.616,-723.461,0.017
-5595.675,-1226.979,-1.703,-109.909,-724.860,0.007
-5597.190,-1237.463,-1.703,-109.346,-726.188,0.002
-5598.855,-1247.901,-1.705,-110.400,-726.849,-0.014
-5600.336,-1258.380,-1.706,-109.418,-727.829,-0.025
-5601.858,-1268.804,-1.707,-108.992,-728.106,-0.027
-5603.738,-1279.120,-1.707,-112.314,-727.227,-0.028
-5605.428,-1289.350,-1.708,-113.188,-725.583,-0.028
-5607.128,-1299.639,-1.708,-114.053,-724.799,-0.027
-5608.807,-1309.868,-1.709,-114.562,-723.513,-0.032
-5610.492,-1320.074,-1.708,-115.057,-722.175,-0.021
-5612.082,-1330.362,-1.707,-114.505,-721.878,-0.009
-5613.833,-1340.542,-1.706,-115.688,-720.511,0.004
-5615.513,-1350.632,-1.706,-115.967,-718.427,0.004
-5617.121,-1360.740,-1.706,-115.467,-716.829,0.007
-5618.840,-1371.337,-1.705,-116.187,-720.496,0.011
-5620.637,-1381.647,-1.705,-117.595,-720.668,0.008
-5622.383,-1391.884,-1.705,-118.281,-720.071,0.006
-5624.184,-1402.300,-1.706,-119.422,-721.408,-0.002
-5625.835,-1412.727,-1.706,-118.856,-722.651,0.003
-5627.703,-1423.138,-1.706,-120.606,-723.549,-0.003
-5629.421,-1433.593,-1.706,-120.558,-724.775,-0.003
-5631.054,-1444.011,-1.706,-119.635,-725.433,-0.001
-5632.789,-1454.287,-1.706,-119.903,-724.532,-0.003
-5634.412,-1464.634,-1.706,-118.975,-724.495,-0.004
-5635.967,-1474.904,-1.707,-117.487,-723.678,-0.005
-5637.588,-1485.227,-1.707,-116.901,-723.519,-0.009
-5639.310,-1495.744,-1.707,-117.435,-725.378,-0.006
-5640.883,-1506.081,-1.707,-116.358,-725.118,-0.003
-5642.679,-1516.604,-1.707,-117.733,-726.812,-0.004
-5644.245,-1527.016,-1.707,-116.538,-727.109,-0.006
-5645.883,-1537.297,-1.707,-116.268,-726.009,-0.004
-5647.388,-1547.522,-1.709,-114.664,-724.499,-0.020
-5649.008,-1557.837,-1.709,-114.472,-724.145,-0.017
-5651.129,-1570.962,-1.708,-119.472,-752.757,-0.006
-5653.276,-1583.732,-1.707,-124.008,-773.518,-0.001
-5655.247,-1595.924,-1.707,-126.060,-785.272,0.006
-5657.146,-1607.839,-1.707,-127.065,-792.442,0.004
-5658.943,-1619.355,-1.706,-126.884,-794.454,0.013
-5660.729,-1630.577,-1.706,-126.605,-793.152,0.011
-5662.509,-1641.559,-1.706,-126.314,-789.559,0.011
-5664.415,-1652.395,-1.706,-127.354,-784.988,0.006
-5665.978,-1663.128,-1.707,-124.716,-780.038,-0.000
-5667.832,-1673.581,-1.707,-125.460,-772.936,-0.004
-5669.629,-1683.903,-1.707,-125.518,-765.518,-0.000
-5671.221,-1694.122,-1.707,-123.447,-758.141,-0.003
-5672.827,-1704.625,-1.707,-121.819,-754.764,-0.005
-5674.383,-1714.756,-1.707,-119.928,-748.060,0.002
-5676.063,-1724.998,-1.706,-119.586,-743.485,0.004
-5677.472,-1735.206,-1.707,-116.503,-739.234,-0.003
-5678.948,-1745.269,-1.707,-114.556,-734.106,0.002
-5680.615,-1755.511,-1.706,-114.873,-731.586,0.002
-5682.206,-1765.622,-1.706,-114.362,-728.085,0.009
-5683.787,-1775.827,-1.705,-113.816,-726.065,0.014
-5685.467,-1786.077,-1.705,-114.372,-724.798,0.008
-5687.150,-1796.242,-1.705,-114.881,-722.857,0.014
-5688.736,-1806.565,-1.704,-114.310,-722.816,0.017
-5690.401,-1816.783,-1.703,-114.638,-721.706,0.025
-5692.112,-1827.005,-1.702,-115.391,-720.798,0.031
-5693.660,-1837.153,-1.700,-114.364,-719.262,0.048
-5695.185,-1847.478,-1.696,-113.238,-719.779,0.075
-5696.799,-1857.836,-1.690,-113.199,-720.558,0.124
-5698.352,-1867.977,-1.682,-112.537,-718.985,0.180
-5699.872,-1878.301,-1.674,-111.642,-719.529,0.238
-5701.411,-1888.622,-1.664,-111.062,-719.955,0.297
-5702.721,-1899.034,-1.654,-108.220,-721.265,0.354
-5704.117,-1909.528,-1.644,-106.677,-723.224,0.400
-5705.465,-1919.903,-1.634,-104.866,-723.665,0.438
-5706.710,-1930.306,-1.624,-102.260,-724.337,0.471
-5707.674,-1940.756,-1.614,-97.138,-725.387,0.502
-5708.517,-1951.193,-1.605,-91.536,-726.161,0.523
-5709.367,-1961.725,-1.596,-86.824,-727.790,0.530
-5710.123,-1972.246,-1.590,-81.836,-729.059,0.517
-5710.714,-1982.642,-1.583,-75.889,-728.863,0.503
-5711.188,-1993.081,-1.577,-69.609,-729.135,0.492
-5711.668,-2003.677,-1.571,-64.310,-730.985,0.480
-5712.379,-2013.898,-1.567,-62.174,-728.708,0.445
-5713.208,-2029.614,-1.561,-61.566,-783.325,0.444
-5713.789,-2044.226,-1.555,-58.488,-818.551,0.430
-5714.116,-2058.219,-1.550,-53.254,-842.221,0.415
-5714.688,-2071.488,-1.547,-51.316,-854.968,0.385
-5715.026,-2084.303,-1.546,-47.239,-861.159,0.338
-5715.208,-2096.623,-1.545,-42.168,-861.334,0.300
-5715.323,-2108.414,-1.543,-37.150,-856.051,0.267
-5715.394,-2119.802,-1.542,-32.417,-847.388,0.237
-5715.580,-2130.824,-1.542,-29.566,-836.235,0.204
-5715.695,-2141.439,-1.543,-26.405,-822.532,0.170
-5715.905,-2151.886,-1.542,-24.677,-809.109,0.147
-5715.968,-2162.172,-1.543,-21.703,-796.009,0.121
-5716.142,-2172.381,-1.543,-20.296,-784.039,0.099
-5716.114,-2182.252,-1.543,-17.025,-770.356,0.086
-5716.221,-2192.122,-1.542,-15.620,-758.667,0.081
-5716.439,-2202.255,-1.541,-15.574,-751.410,0.081
-5716.728,-2212.340,-1.540,-16.251,-744.717,0.076
-5716.884,-2222.501,-1.539,-15.469,-739.804,0.075
-5717.103,-2235.332,-1.539,-15.450,-763.096,0.070
-5717.383,-2247.855,-1.537,-16.058,-779.786,0.077
-5717.459,-2259.852,-1.535,-14.481,-788.615,0.086
-5717.486,-2271.704,-1.533,-12.629,-794.648,0.088
-5717.569,-2283.119,-1.531,-11.633,-795.293,0.095
-5717.654,-2294.327,-1.529,-10.794,-793.710,0.096
-5717.771,-2305.168,-1.528,-10.409,-788.590,0.094
-5717.580,-2315.852,-1.526,-6.914,-782.604,0.099
-5717.692,-2326.457,-1.526,-7.050,-776.682,0.089
-5717.556,-2336.872,-1.526,-4.612,-769.681,0.077
-5717.624,-2347.142,-1.525,-4.626,-762.212,0.071
-5717.657,-2357.418,-1.525,-4.293,-755.902,0.061
-5717.587,-2367.693,-1.524,-2.941,-750.508,0.057
-5717.563,-2377.898,-1.525,-2.266,-745.193,0.038
-5717.357,-2388.184,-1.526,0.191,-741.486,0.031
-5717.368,-2398.344,-1.526,0.052,-737.036,0.023
-5717.194,-2408.407,-1.527,1.836,-732.237,0.013
-5716.964,-2418.550,-1.526,3.933,-728.974,0.014
-5716.876,-2428.848,-1.527,4.263,-727.774,0.008
-5716.828,-2439.285,-1.527,4.127,-728.189,0.002
-5716.803,-2449.584,-1.527,3.783,-727.120,0.008
-5716.662,-2459.984,-1.526,4.675,-727.254,0.010
-5716.606,-2470.420,-1.527,4.565,-727.738,-0.003
-5716.596,-2480.832,-1.526,3.997,-727.898,0.009
-5716.778,-2491.420,-1.526,1.530,-729.851,0.012
-5716.661,-2502.167,-1.526,2.514,-733.149,0.012
-5716.719,-2512.889,-1.524,1.544,-735.700,0.030
-5716.887,-2523.525,-1.524,-0.408,-737.002,0.025
-5717.062,-2533.921,-1.523,-2.152,-735.633,0.029
-5717.161,-2544.266,-1.522,-2.852,-733.945,0.031
-5717.445,-2554.947,-1.522,-5.365,-735.965,0.027
-5717.667,-2565.562,-1.522,-6.853,-737.013,0.022
-5717.815,-2576.121,-1.522,-7.377,-737.321,0.017
-5717.986,-2586.703,-1.522,-8.043,-737.818,0.018
-5717.888,-2597.386,-1.521,-5.851,-739.292,0.022
-5717.850,-2607.828,-1.522,-4.599,-738.060,0.013
-5717.778,-2618.413,-1.522,-3.185,-738.483,0.007
-5717.560,-2629.171,-1.522,-0.468,-740.633,0.008
-5717.127,-2639.360,-1.523,4.052,-736.601,-0.003
-5717.056,-2649.609,-1.524,4.191,-733.780,-0.012
-5716.854,-2659.831,-1.524,5.646,-731.096,-0.013
-5716.380,-2670.319,-1.524,9.704,-731.552,-0.005
-5716.095,-2680.701,-1.523,11.209,-730.847,0.002
-5715.833,-2691.362,-1.523,12.254,-733.114,0.004
-5715.323,-2702.228,-1.522,15.706,-737.158,0.008
-5715.085,-2712.931,-1.522,15.846,-738.933,0.012
-5715.077,-2726.312,-1.521,13.595,-768.009,0.020
-5714.625,-2739.299,-1.519,16.253,-788.755,0.038
-5714.378,-2751.546,-1.516,16.398,-798.841,0.055
-5714.157,-2763.398,-1.516,16.271,-803.367,0.050
-5713.658,-2775.248,-1.516,19.006,-807.212,0.042
-5713.491,-2786.615,-1.516,17.933,-805.515,0.036
-5713.209,-2797.736,-1.516,18.200,-801.539,0.033
-5712.912,-2808.642,-1.517,18.580,-795.936,0.015
-5712.659,-2819.079,-1.517,18.455,-786.317,0.010
-5712.151,-2829.303,-1.518,20.963,-775.936,0.004
-5711.775,-2839.710,-1.518,21.754,-768.954,0.001
-5711.408,-2849.977,-1.519,22.335,-761.563,-0.009
-5711.055,-2860.253,-1.519,22.683,-755.355,-0.003
-5710.754,-2870.552,-1.519,22.443,-750.284,-0.007
-5710.552,-2880.890,-1.519,21.229,-746.371,-0.000
-5710.306,-2891.235,-1.519,20.633,-743.101,-0.003
-5709.827,-2901.622,-1.518,22.539,-740.747,0.002
-5709.559,-2912.200,-1.518,21.982,-740.704,0.002
-5709.011,-2922.513,-1.518,24.391,-737.939,0.002
-5708.554,-2932.891,-1.519,25.504,-736.255,-0.001
-5708.323,-2943.309,-1.518,24.136,-735.226,0.005
-5708.126,-2953.527,-1.517,22.612,-732.288,0.013
-5707.529,-2964.089,-1.516,25.431,-733.327,0.019
-5707.171,-2974.530,-1.517,25.371,-732.969,0.009
-5706.987,-2984.818,-1.517,23.538,-731.085,0.009
-5706.806,-2995.010,-1.517,21.936,-728.491,0.009
-5706.540,-3005.492,-1.517,21.455,-729.256,0.002
-5706.281,-3015.659,-1.518,20.963,-726.678,-0.004
-5706.041,-3026.262,-1.518,20.355,-728.965,-0.008
-5705.726,-3036.507,-1.519,20.599,-727.226,-0.011
-5705.672,-3046.968,-1.519,18.123,-727.960,-0.007
-5705.458,-3057.374,-1.519,17.668,-728.028,-0.006
-5705.198,-3067.884,-1.518,17.741,-729.160,0.002
-5705.066,-3078.255,-1.517,16.491,-728.691,0.006
-5704.950,-3088.929,-1.517,15.264,-731.415,0.006
-5704.541,-3099.396,-1.517,17.227,-731.597,0.006
-5704.355,-3109.838,-1.517,16.603,-731.505,0.004
-5704.098,-3123.081,-1.518,16.815,-760.250,-0.007
-5703.707,-3135.797,-1.519,18.368,-779.354,-0.007
-5703.286,-3148.160,-1.519,19.999,-792.007,-0.012
-5702.947,-3160.231,-1.520,20.545,-799.800,-0.019
-5702.720,-3171.883,-1.521,19.861,-802.125,-0.022
-5702.366,-3183.383,-1.521,20.586,-802.545,-0.019
-5702.042,-3194.488,-1.520,20.892,-798.845,-0.010
-5701.509,-3205.482,-1.520,23.310,-794.544,-0.004
-5701.307,-3215.953,-1.520,21.962,-785.485,-0.009
-5700.846,-3226.401,-1.520,23.476,-777.522,-0.007
-5700.372,-3236.775,-1.519,24.903,-769.970,0.004
-5699.947,-3247.099,-1.518,25.618,-763.023,0.010
-5699.742,-3257.549,-1.518,23.958,-758.383,0.014
-5699.281,-3267.788,-1.517,25.182,-752.263,0.021
-5699.002,-3278.108,-1.516,24.348,-747.867,0.027
-5698.753,-3288.216,-1.516,23.333,-741.935,0.023
-5698.595,-3298.527,-1.516,21.523,-738.975,0.016
-5698.317,-3308.698,-1.516,21.218,-735.007,0.016
-5698.011,-3318.828,-1.516,21.252,-731.192,0.018
-5697.616,-3329.449,-1.516,22.193,-732.994,0.009
-5697.185,-3339.838,-1.516,23.372,-732.152,0.006
-5696.916,-3350.331,-1.517,22.702,-732.497,-0.002
-5696.416,-3360.626,-1.518,24.510,-730.759,-0.007
-5696.219,-3371.160,-1.518,22.926,-731.731,-0.011
-5695.511,-3381.692,-1.520,26.852,-732.540,-0.022
-5694.907,-3392.293,-1.520,29.117,-733.939,-0.026
-5694.370,-3402.540,-1.522,30.365,-731.489,-0.037
-5693.844,-3412.936,-1.522,31.312,-730.933,-0.033
-5693.339,-3423.197,-1.523,31.906,-729.069,-0.039
-5692.809,-3433.676,-1.524,32.667,-729.728,-0.041
-5692.385,-3444.227,-1.524,32.230,-731.027,-0.036
-5691.739,-3454.628,-1.524,34.140,-730.597,-0.031
-5691.383,-3465.284,-1.523,32.784,-732.846,-0.019
-5691.216,-3475.842,-1.522,29.687,-733.760,-0.007
-5690.820,-3486.041,-1.521,29.394,-730.850,0.004
-5690.373,-3496.684,-1.521,29.675,-732.930,0.006
-5690.188,-3507.281,-1.520,27.208,-734.226,0.018
-5689.996,-3517.772,-1.520,25.189,-734.250,0.015
-5689.733,-3528.092,-1.520,24.187,-732.510,0.012
-5689.618,-3538.772,-1.521,21.817,-734.730,0.001
-5689.452,-3549.235,-1.521,20.314,-734.383,0.003
-5689.143,-3559.353,-1.521,20.514,-730.550,0.000
-5688.867,-3569.693,-1.521,20.333,-729.557,0.001
-5688.540,-3579.912,-1.521,20.709,-727.465,-0.005
-5688.331,-3590.218,-1.522,19.822,-726.572,-0.011
-5688.019,-3600.535,-1.523,20.114,-725.925,-0.022
-5687.619,-3610.792,-1.524,21.273,-724.762,-0.023
-5687.296,-3621.056,-1.525,21.468,-723.833,-0.030
-5686.917,-3631.612,-1.526,22.214,-726.056,-0.037
-5686.749,-3642.071,-1.526,20.680,-726.949,-0.034
-5686.609,-3652.496,-1.527,19.074,-727.359,-0.032
-5686.185,-3662.717,-1.527,20.639,-725.607,-0.026
-5685.865,-3673.024,-1.527,20.900,-725.003,-0.026
-5685.292,-3683.544,-1.526,23.725,-726.683,-0.014
-5685.092,-3694.014,-1.526,22.292,-727.601,-0.011
-5684.682,-3704.539,-1.525,23.232,-728.941,-0.004
-5684.487,-3714.753,-1.524,21.821,-726.890,0.009
-5683.947,-3725.169,-1.523,24.170,-727.215,0.019
-5683.811,-3735.642,-1.522,22.021,-728.084,0.021
-5683.208,-3746.076,-1.522,24.993,-728.423,0.022
-5682.954,-3756.294,-1.521,23.931,-726.489,0.029
-5682.698,-3767.014,-1.520,23.047,-730.005,0.031
-5682.545,-3777.526,-1.521,21.224,-730.859,0.021
-5682.495,-3787.829,-1.522,18.625,-729.443,0.011
-5682.224,-3798.313,-1.521,18.672,-730.096,0.014
-5682.012,-3808.590,-1.521,18.110,-728.517,0.014
-5681.405,-3821.772,-1.521,21.700,-757.087,0.009
-5681.037,-3834.632,-1.520,22.294,-778.129,0.015
-5680.676,-3846.879,-1.520,22.733,-789.772,0.016
-5680.511,-3858.948,-1.521,21.083,-797.864,0.008
-5680.114,-3870.754,-1.520,22.070,-802.068,0.011
-5679.932,-3882.219,-1.519,20.703,-802.142,0.023
-5679.898,-3892.746,-1.517,18.005,-792.547,0.042
-5680.201,-3902.874,-1.515,12.239,-780.255,0.051
-5680.479,-3911.501,-1.511,7.576,-754.318,0.079
-5680.879,-3919.209,-1.506,2.345,-722.736,0.120
-5681.343,-3925.338,-1.499,-2.776,-679.534,0.170
-5681.926,-3930.092,-1.490,-8.372,-628.540,0.230
-5682.507,-3933.224,-1.481,-13.121,-568.346,0.284
-5683.099,-3934.596,-1.475,-17.280,-498.883,0.299
-5683.482,-3934.014,-1.472,-18.686,-419.524,0.284
-5684.046,-3931.371,-1.474,-21.741,-330.623,0.228
-5683.910,-3926.828,-1.479,-17.147,-235.229,0.139
-5683.643,-3920.547,-1.490,-11.877,-135.968,0.016
-5683.165,-3914.162,-1.498,-5.204,-50.247,-0.067
-5683.485,-3908.618,-1.504,-7.736,14.216,-0.111
-5683.601,-3903.861,-1.506,-7.792,61.100,-0.108
-5683.566,-3898.966,-1.505,-6.288,102.506,-0.083
-5683.360,-3894.782,-1.503,-3.243,130.499,-0.059
-5683.350,-3891.773,-1.502,-2.658,142.292,-0.042
-5683.298,-3889.437,-1.503,-1.739,145.414,-0.038
-5683.068,-3887.922,-1.504,0.891,139.624,-0.045
-5682.880,-3886.854,-1.505,2.690,130.083,-0.044
-5682.723,-3886.286,-1.506,3.914,116.797,-0.052
-5682.517,-3885.579,-1.507,5.457,106.902,-0.052
-5682.478,-3885.336,-1.508,5.054,93.676,-0.052
-5682.324,-3885.462,-1.508,5.897,78.603,-0.049
-5682.386,-3885.716,-1.509,4.388,64.428,-0.047
-5682.447,-3885.856,-1.509,3.120,53.514,-0.043
-5682.685,-3886.131,-1.508,0.208,42.817,-0.029
-5682.894,-3886.473,-1.509,-1.967,33.000,-0.027
-5682.886,-3886.998,-1.508,-1.596,22.735,-0.015
-5682.973,-3887.399,-1.507,-2.260,15.267,-0.009
-5683.041,-3887.822,-1.507,-2.622,8.668,-0.001
-5683.184,-3888.053,-1.505,-3.718,5.008,0.011
-5683.146,-3888.387,-1.506,-2.777,0.833,-0.001
-5683.171,-3888.856,-1.506,-2.631,-4.118,-0.002
-5683.182,-3889.335,-1.506,-2.350,-8.439,0.001
-5683.279,-3889.263,-1.507,-3.009,-6.454,-0.008
-5683.082,-3889.510,-1.506,-0.534,-8.049,0.001
-5683.215,-3889.789,-1.507,-1.822,-9.741,-0.005
-5683.111,-3889.789,-1.507,-0.485,-8.307,-0.009
-5682.910,-3889.527,-1.508,1.650,-4.389,-0.013
-5683.081,-3888.266,-1.509,-0.350,9.241,-0.025
-5682.987,-3886.626,-1.511,0.666,24.764,-0.036
-5683.099,-3884.295,-1.512,-0.575,45.115,-0.035
-5683.003,-3881.469,-1.512,0.492,67.574,-0.038
-5682.934,-3878.326,-1.511,1.134,89.998,-0.020
-5682.978,-3875.249,-1.511,0.515,108.434,-0.013
-5683.066,-3871.795,-1.509,-0.474,128.045,-0.000
-5682.858,-3868.574,-1.509,1.743,142.379,0.008
-5683.029,-3865.403,-1.509,-0.282,154.079,0.008
-5683.201,-3862.561,-1.509,-2.001,160.674,0.002
-5683.532,-3859.793,-1.509,-5.117,165.546,-0.002
-5683.724,-3856.935,-1.510,-6.344,170.624,-0.003
-5683.971,-3854.307,-1.509,-7.954,172.578,0.002
-5684.256,-3851.088,-1.508,-9.714,180.336,0.010
-5684.856,-3848.332,-1.505,-14.469,182.192,0.035
-5685.539,-3845.688,-1.503,-19.364,182.609,0.050
-5685.813,-3842.866,-1.501,-19.345,184.809,0.061
-5686.084,-3840.365,-1.500,-19.293,183.372,0.061
-5686.676,-3837.691,-1.500,-22.541,183.943,0.058
-5687.043,-3835.280,-1.500,-23.006,181.707,0.047
-5687.188,-3832.504,-1.501,-21.111,183.565,0.028
-5687.766,-3828.987,-1.501,-23.961,192.772,0.024
-5687.729,-3826.094,-1.501,-20.053,194.205,0.023
-5687.993,-3822.429,-1.501,-19.825,203.375,0.019
-5688.295,-3818.281,-1.501,-20.016,216.168,0.017
-5688.229,-3813.401,-1.502,-16.398,234.615,0.001
-5688.513,-3808.417,-1.503,-16.911,251.414,-0.004
-5688.806,-3803.266,-1.505,-17.436,267.475,-0.020
-5688.976,-3797.730,-1.506,-16.626,285.120,-0.033
-5689.282,-3792.189,-1.507,-17.325,300.238,-0.036
-5689.632,-3786.634,-1.507,-18.380,313.272,-0.027
-5689.955,-3781.110,-1.505,-19.008,324.065,-0.007
-5690.061,-3775.326,-1.504,-17.301,335.945,0.005
-5690.577,-3770.311,-1.504,-20.071,338.172,0.003
-5690.980,-3764.813,-1.504,-21.265,345.030,0.001
-5691.509,-3759.584,-1.503,-23.581,348.125,0.010
-5691.902,-3754.394,-1.502,-24.166,350.356,0.017
-5692.111,-3749.191,-1.502,-22.763,352.397,0.021
-5692.671,-3743.448,-1.500,-25.180,359.687,0.034
-5693.250,-3735.067,-1.499,-27.438,393.074,0.041
-5694.014,-3726.808,-1.498,-31.266,420.289,0.042
-5694.603,-3718.526,-1.496,-32.726,443.736,0.051
-5695.285,-3709.855,-1.497,-34.941,467.738,0.041
-5695.783,-3701.111,-1.495,-34.922,488.975,0.048
-5696.466,-3692.500,-1.494,-36.821,505.710,0.052
-5697.188,-3683.983,-1.494,-38.843,519.017,0.049
-5698.136,-3675.401,-1.491,-42.884,531.034,0.063
-5699.167,-3667.365,-1.490,-47.185,535.659,0.066
-5699.946,-3659.113,-1.489,-48.273,541.834,0.064
-5700.877,-3651.381,-1.490,-50.760,541.747,0.046
-5701.774,-3643.562,-1.490,-52.530,542.570,0.043
-5702.779,-3636.173,-1.490,-55.152,538.840,0.039
-5703.809,-3628.701,-1.489,-57.639,536.515,0.043
-5704.781,-3621.231,-1.487,-59.171,534.517,0.052
-5705.921,-3613.723,-1.488,-62.206,533.201,0.038
-5707.023,-3606.191,-1.489,-64.400,532.324,0.024
-5708.037,-3598.856,-1.488,-65.371,529.551,0.024
-5709.096,-3591.324,-1.487,-66.652,529.205,0.028
-5710.052,-3584.067,-1.488,-66.694,526.092,0.019
-5710.955,-3576.798,-1.488,-66.180,523.554,0.012
-5711.783,-3569.452,-1.490,-64.972,522.174,-0.002
-5712.666,-3562.017,-1.489,-64.503,521.920,0.000
-5713.405,-3554.744,-1.489,-62.632,520.038,0.006
-5714.171,-3547.189,-1.489,-61.307,521.334,0.001
-5715.026,-3539.789,-1.490,-61.091,520.845,-0.003
-5715.769,-3532.427,-1.489,-59.754,520.034,-0.000
-5716.625,-3525.091,-1.489,-59.781,519.078,-0.000
-5716.999,-3518.039,-1.489,-54.837,515.335,0.002
-5717.860,-3510.683,-1.491,-55.637,515.276,-0.015
-5718.448,-3503.376,-1.492,-53.510,514.716,-0.025
-5719.316,-3496.044,-1.493,-54.580,514.501,-0.032
-5720.147,-3488.913,-1.494,-55.107,512.245,-0.034
-5720.638,-3481.521,-1.495,-52.048,513.006,-0.034
-5721.127,-3473.712,-1.496,-49.431,517.953,-0.038
-5721.818,-3466.386,-1.496,-49.280,517.195,-0.035
-5722.543,-3459.066,-1.497,-49.500,516.496,-0.037
-5723.027,-3451.796,-1.496,-47.196,515.375,-0.025
-5723.277,-3444.418,-1.496,-42.829,515.534,-0.021
-5723.140,-3436.652,-1.494,-35.123,519.668,-0.004
-5722.515,-3429.060,-1.492,-23.523,521.403,0.021
-5721.875,-3421.759,-1.490,-13.470,519.877,0.038
-5720.756,-3414.166,-1.488,0.031,521.589,0.046
-5719.113,-3406.522,-1.486,16.939,523.571,0.057
-5717.484,-3398.937,-1.484,31.213,524.661,0.073
-5715.683,-3391.357,-1.483,45.166,525.535,0.075
-5713.627,-3383.594,-1.483,59.685,528.156,0.055
-5711.479,-3374.180,-1.483,73.034,547.397,0.052
-5708.885,-3364.965,-1.482,88.994,561.766,0.050
-5706.207,-3356.116,-1.481,103.473,570.241,0.051
-5703.665,-3347.047,-1.481,114.425,579.746,0.046
-5701.192,-3338.401,-1.480,123.054,583.492,0.047
-5698.775,-3330.085,-1.480,129.833,583.286,0.045
-5696.628,-3321.796,-1.480,132.849,582.842,0.042
-5694.512,-3314.120,-1.479,135.098,576.146,0.041
-5692.363,-3306.410,-1.478,137.348,570.780,0.040
-5690.484,-3298.519,-1.477,136.491,568.076,0.049
-5688.632,-3290.534,-1.475,135.482,566.732,0.057
-5686.328,-3280.716,-1.475,139.279,584.464,0.053
-5684.141,-3271.360,-1.473,141.309,594.824,0.063
-5682.223,-3262.577,-1.471,140.275,597.756,0.071
-5680.345,-3253.741,-1.471,138.972,600.808,0.063
-5678.598,-3245.085,-1.470,136.528,601.569,0.062
-5676.952,-3236.937,-1.469,133.392,596.977,0.062
-5675.359,-3228.877,-1.469,130.170,592.159,0.054
-5673.656,-3221.137,-1.469,128.554,584.749,0.045
-5672.134,-3213.538,-1.468,125.318,576.982,0.047
-5670.774,-3205.868,-1.467,120.890,571.082,0.049
-5669.307,-3198.104,-1.467,118.219,567.026,0.044
-5667.903,-3190.728,-1.467,115.287,559.567,0.039
-5666.449,-3183.256,-1.467,113.302,554.201,0.036
-5665.190,-3175.990,-1.467,109.593,547.492,0.027
-5663.739,-3168.648,-1.469,108.411,542.558,0.004
-5662.065,-3161.235,-1.469,109.699,539.080,0.005
-5660.453,-3153.708,-1.469,110.166,537.294,0.006
-5658.936,-3146.106,-1.468,109.589,536.529,0.006
-5657.539,-3138.575,-1.469,107.850,535.154,-0.002
-5655.700,-3130.904,-1.468,110.921,535.427,0.007
-5654.078,-3123.009,-1.468,111.307,537.959,0.010
-5652.857,-3115.513,-1.466,107.502,536.004,0.026
-5651.332,-3107.889,-1.465,107.394,535.671,0.033
-5649.803,-3100.242,-1.465,107.334,535.609,0.028
-5648.395,-3092.621,-1.465,106.046,535.301,0.021
-5646.935,-3085.014,-1.465,105.485,534.882,0.016
-5645.393,-3077.438,-1.465,105.848,534.213,0.013
-5643.826,-3069.862,-1.465,106.412,533.644,0.019
-5642.230,-3061.966,-1.465,107.192,536.445,0.014
-5640.863,-3054.476,-1.467,105.498,534.656,-0.007
-5639.495,-3046.927,-1.467,104.063,533.745,-0.007
-5638.241,-3039.256,-1.467,101.672,534.217,-0.009
-5636.768,-3031.435,-1.467,101.880,536.163,-0.008
-5635.317,-3023.813,-1.467,101.833,535.783,-0.002
-5633.815,-3016.123,-1.467,102.322,536.147,-0.008
-5632.505,-3008.731,-1.467,100.757,533.396,-0.006
-5631.146,-3000.977,-1.468,99.930,534.784,-0.011
-5629.658,-2993.356,-1.468,100.553,534.581,-0.009
-5628.125,-2985.701,-1.468,101.544,534.776,-0.010
-5626.745,-2977.956,-1.468,100.820,535.861,-0.005
-5625.329,-2970.150,-1.468,100.578,537.411,-0.002
-5623.882,-2962.474,-1.466,100.681,537.397,0.012
-5622.450,-2955.068,-1.465,100.610,534.602,0.019
-5621.049,-2947.424,-1.464,100.236,534.675,0.025
-5619.844,-2939.938,-1.464,97.906,533.115,0.027
-5618.419,-2932.419,-1.463,98.169,532.115,0.030
-5616.771,-2924.571,-1.462,100.707,534.644,0.031
-5615.106,-2916.899,-1.462,103.029,535.005,0.030
-5613.760,-2909.141,-1.461,101.732,536.183,0.037
-5612.325,-2901.500,-1.460,101.547,535.995,0.038
-5610.916,-2893.766,-1.461,101.122,536.784,0.025
-5609.423,-2886.247,-1.461,101.620,535.252,0.018
-5607.916,-2878.759,-1.461,102.193,533.614,0.014
-5606.383,-2871.077,-1.463,102.942,534.223,-0.002
-5604.923,-2863.348,-1.464,102.825,535.223,-0.010
-5603.388,-2855.769,-1.464,103.509,534.533,-0.012
-5601.847,-2847.812,-1.465,104.154,537.833,-0.016
-5600.214,-2840.086,-1.465,105.643,538.274,-0.018
-5598.308,-2832.342,-1.465,109.731,538.837,-0.018
-5596.638,-2824.521,-1.466,110.781,540.108,-0.020
-5594.938,-2816.808,-1.467,111.990,540.074,-0.032
-5593.148,-2809.069,-1.468,113.950,540.321,-0.028
-5591.076,-2801.528,-1.468,118.525,538.490,-0.024
-5589.436,-2793.961,-1.469,117.979,537.192,-0.030
-5587.922,-2786.229,-1.468,116.207,537.794,-0.019
-5586.401,-2778.649,-1.467,114.773,536.730,-0.004
-5584.846,-2771.188,-1.465,113.905,534.603,0.012
-5583.397,-2763.385,-1.465,112.074,536.313,0.008
-5582.009,-2755.937,-1.464,109.877,534.110,0.022
-5580.651,-2748.339,-1.463,107.703,533.777,0.025
-5579.292,-2740.630,-1.462,105.844,534.643,0.034
-5578.070,-2733.127,-1.462,102.869,533.258,0.026
-5576.696,-2725.415,-1.462,101.877,534.226,0.019
-5575.523,-2717.988,-1.463,98.975,532.117,0.013
-5573.977,-2710.251,-1.462,100.337,533.502,0.016
-5572.638,-2702.585,-1.462,99.362,533.969,0.012
-5571.296,-2695.108,-1.464,98.564,532.405,-0.002
-5569.633,-2687.428,-1.464,101.188,533.169,-0.007
-5568.084,-2679.867,-1.465,102.247,532.602,-0.016
-5566.431,-2671.841,-1.465,104.231,536.903,-0.013
-5564.766,-2664.171,-1.465,106.045,536.899,-0.010
-5563.150,-2656.383,-1.465,107.085,538.114,-0.011
-5561.674,-2648.750,-1.466,106.535,537.551,-0.015
-5560.173,-2640.995,-1.467,106.313,538.332,-0.021
-5558.656,-2633.062,-1.469,106.302,540.824,-0.038
-5556.978,-2625.161,-1.470,107.939,542.625,-0.041
-5555.349,-2616.970,-1.471,108.836,547.155,-0.045
-5553.748,-2609.172,-1.470,109.314,546.963,-0.035
-5552.126,-2601.378,-1.472,109.935,546.759,-0.045
-5550.687,-2593.504,-1.472,108.580,547.407,-0.038
-5549.186,-2585.858,-1.473,108.064,545.619,-0.040
-5547.470,-2578.054,-1.473,109.839,545.712,-0.035
-5545.705,-2570.313,-1.474,111.852,545.145,-0.036
-5543.958,-2562.338,-1.474,113.383,547.071,-0.036
-5542.282,-2554.678,-1.474,113.965,545.477,-0.030
-5540.721,-2546.931,-1.474,113.276,545.007,-0.021
-5539.102,-2539.059,-1.474,113.286,545.897,-0.019
-5537.355,-2531.262,-1.474,114.608,545.876,-0.019
-5535.768,-2523.498,-1.474,114.093,545.529,-0.017
-5533.995,-2515.617,-1.474,115.569,546.427,-0.018
-5532.427,-2507.590,-1.475,114.714,548.701,-0.016
-5530.847,-2499.865,-1.474,114.107,547.536,-0.009
-5529.125,-2491.919,-1.475,115.046,548.814,-0.014
-5527.479,-2484.156,-1.476,115.071,548.011,-0.025
-5525.747,-2476.055,-1.477,115.985,550.823,-0.032
-5524.157,-2468.302,-1.478,115.291,549.629,-0.032
-5522.430,-2460.320,-1.478,116.115,550.971,-0.033
-5520.748,-2452.282,-1.480,116.357,552.681,-0.040
-5519.047,-2444.303,-1.480,116.753,553.546,-0.043
-5517.451,-2436.316,-1.480,116.012,554.363,-0.030
-5515.567,-2428.344,-1.480,118.351,554.899,-0.025
-5513.823,-2420.488,-1.479,118.897,554.172,-0.012
-5512.203,-2412.561,-1.478,118.089,554.279,-0.007
-5510.089,-2402.729,-1.478,122.486,573.973,-0.005
-5508.000,-2393.214,-1.478,125.979,587.513,-0.003
-5506.048,-2384.073,-1.478,127.541,595.217,-0.001
-5504.093,-2375.114,-1.478,128.916,599.911,0.003
-5502.301,-2366.361,-1.476,128.400,601.790,0.017
-5500.555,-2357.762,-1.476,127.497,601.813,0.020
-5498.827,-2349.342,-1.475,126.535,599.990,0.019
-5497.013,-2341.137,-1.476,126.603,596.217,0.013
-5495.392,-2332.960,-1.476,124.674,592.714,0.009
-5493.603,-2325.166,-1.476,124.749,585.779,0.008
-5491.916,-2317.231,-1.476,123.770,581.318,0.008
-5490.246,-2309.718,-1.476,122.760,573.171,0.005
-5488.772,-2302.137,-1.476,119.879,566.920,0.004
-5487.115,-2294.365,-1.477,119.313,563.556,-0.003
-5485.574,-2286.797,-1.478,117.623,558.587,-0.019
-5483.797,-2278.949,-1.479,118.617,557.234,-0.023
-5482.156,-2271.101,-1.479,118.066,556.073,-0.015
-5480.626,-2263.278,-1.479,116.459,554.827,-0.018
-5479.259,-2255.268,-1.479,113.406,555.691,-0.016
-5477.701,-2247.445,-1.478,112.761,554.501,-0.003
-5476.098,-2239.675,-1.478,112.681,552.949,0.001
-5474.567,-2231.763,-1.478,111.873,553.070,0.001
-5473.232,-2224.297,-1.477,109.161,548.598,0.004
-5471.623,-2216.749,-1.476,109.674,545.617,0.013
-5470.203,-2209.118,-1.474,108.165,543.932,0.029
-5468.697,-2201.329,-1.473,107.754,544.125,0.036
-5467.169,-2193.675,-1.472,107.639,542.905,0.039
-5465.562,-2185.919,-1.471,108.359,542.907,0.044
-5464.000,-2178.142,-1.472,108.503,543.118,0.035
-5462.566,-2170.235,-1.471,107.305,544.651,0.033
-5461.067,-2162.315,-1.471,106.953,546.077,0.029
-5459.746,-2154.482,-1.471,104.824,546.406,0.028
-5458.171,-2146.556,-1.470,105.618,547.647,0.033
-5456.391,-2138.739,-1.471,108.412,547.582,0.021
-5454.737,-2130.685,-1.471,109.492,549.962,0.012
-5453.163,-2122.550,-1.471,109.603,552.824,0.012
-5451.634,-2114.458,-1.471,109.221,554.835,0.006
-5449.966,-2106.555,-1.471,110.332,554.587,0.008
-5448.264,-2098.607,-1.470,111.625,554.856,0.014
-5446.561,-2090.622,-1.471,112.744,555.453,0.005
-5445.052,-2082.636,-1.472,111.699,555.979,-0.003
-5443.389,-2074.777,-1.474,112.388,555.120,-0.018
-5441.871,-2066.876,-1.475,111.490,554.816,-0.028
-5440.244,-2059.153,-1.477,111.842,552.726,-0.044
-5438.557,-2051.340,-1.478,112.763,551.871,-0.051
-5436.778,-2043.554,-1.479,114.486,550.862,-0.046
-5434.987,-2035.601,-1.479,116.086,551.727,-0.040
-5433.367,-2027.945,-1.478,115.698,549.399,-0.028
-5431.766,-2020.091,-1.478,115.164,549.457,-0.023
-5429.983,-2012.184,-1.479,116.581,550.050,-0.033
-5428.362,-2004.453,-1.480,116.116,548.738,-0.031
-5426.768,-1996.687,-1.480,115.459,547.991,-0.030
-5425.184,-1988.879,-1.480,114.779,547.783,-0.027
-5423.793,-1981.088,-1.481,112.218,547.426,-0.026
-5422.181,-1973.087,-1.479,112.312,549.284,-0.008
-5420.541,-1965.312,-1.478,112.675,548.545,0.001
-5418.829,-1957.425,-1.477,113.735,549.069,0.008
-5417.021,-1949.455,-1.476,115.621,550.368,0.021
-5415.533,-1941.421,-1.475,113.932,552.135,0.026
-5414.112,-1933.426,-1.474,111.803,553.240,0.032
-5412.092,-1923.397,-1.474,116.154,575.115,0.030
-5409.964,-1913.718,-1.474,120.985,590.181,0.023
-5408.067,-1904.461,-1.475,122.719,598.686,0.007
-5406.271,-1895.174,-1.476,123.155,606.244,0.000
-5404.493,-1886.255,-1.477,123.348,608.907,-0.004
-5402.436,-1877.783,-1.477,126.387,606.568,-0.011
-5400.668,-1869.362,-1.478,126.001,604.052,-0.012
-5398.879,-1861.123,-1.478,125.885,600.040,-0.014
-5397.190,-1853.129,-1.477,124.761,594.085,-0.006
-5395.728,-1844.967,-1.478,121.463,590.736,-0.010
-5393.977,-1836.990,-1.477,121.629,585.981,0.000
-5392.191,-1829.044,-1.476,122.128,581.608,0.006
-5390.615,-1821.268,-1.476,120.394,576.125,0.011
-5389.104,-1813.436,-1.475,118.246,572.019,0.016
-5387.798,-1805.768,-1.475,114.293,566.837,0.018
-5386.320,-1798.151,-1.473,112.696,561.889,0.029
-5384.615,-1790.393,-1.473,113.676,559.114,0.022
-5382.970,-1782.839,-1.474,113.892,554.655,0.017
-5381.659,-1775.291,-1.474,110.645,550.791,0.013
-5380.237,-1767.859,-1.474,109.004,546.295,0.012
-5378.869,-1760.138,-1.473,107.062,545.437,0.012
-5377.415,-1752.498,-1.474,106.285,543.874,0.004
-5375.902,-1744.791,-1.475,106.229,543.231,-0.009
-5374.231,-1737.284,-1.477,107.806,540.621,-0.021
-5372.647,-1729.599,-1.478,108.263,540.228,-0.028
-5371.116,-1721.940,-1.479,108.096,539.622,-0.032
-5369.495,-1714.192,-1.479,108.896,540.029,-0.032
-5367.762,-1706.501,-1.478,110.715,539.783,-0.019
-5365.931,-1698.690,-1.478,113.286,540.816,-0.015
-5364.411,-1690.964,-1.477,112.273,540.817,-0.001
-5362.873,-1683.236,-1.476,111.592,540.835,0.012
-5361.274,-1675.485,-1.476,111.638,541.089,0.008
-5359.503,-1667.724,-1.476,113.451,541.413,0.010
-5357.750,-1659.866,-1.475,114.821,542.684,0.014
-5356.188,-1652.084,-1.474,114.015,542.989,0.021
-5354.588,-1644.158,-1.473,113.714,544.724,0.023
-5353.166,-1636.271,-1.473,111.636,545.811,0.028
-5351.458,-1628.403,-1.472,112.789,546.531,0.031
-5349.634,-1620.555,-1.472,114.984,546.950,0.022
-5347.930,-1612.625,-1.472,115.617,548.146,0.023
-5346.367,-1604.735,-1.472,114.704,548.762,0.019
-5344.721,-1596.844,-1.471,114.777,549.288,0.022
-5342.957,-1588.944,-1.472,116.059,549.836,0.015
-5341.107,-1580.918,-1.472,118.035,551.599,0.007
-5339.374,-1572.979,-1.473,118.519,552.206,0.001
-5337.803,-1565.088,-1.474,117.266,552.232,-0.011
-5336.161,-1556.989,-1.476,116.922,554.398,-0.025
-5334.286,-1549.100,-1.477,119.032,554.076,-0.035
-5332.680,-1541.356,-1.478,118.059,552.311,-0.038
-5331.108,-1533.390,-1.479,116.871,553.095,-0.038
-5329.474,-1525.588,-1.479,116.514,552.069,-0.038
-5327.986,-1517.785,-1.479,114.693,551.205,-0.032
-5326.185,-1510.030,-1.479,116.366,549.976,-0.030
-5324.310,-1502.166,-1.479,118.560,550.058,-0.023
-5322.689,-1494.494,-1.479,117.799,548.138,-0.014
-5321.166,-1486.686,-1.478,116.160,547.910,-0.003
-5319.397,-1478.936,-1.478,117.281,547.113,-0.005
-5317.449,-1471.037,-1.477,120.094,547.960,0.000
-5315.696,-1463.248,-1.476,120.480,547.560,0.010
-5314.168,-1455.232,-1.476,118.490,549.561,0.013
-5312.447,-1447.191,-1.476,118.785,551.518,0.015
-5310.569,-1439.501,-1.474,120.644,549.569,0.025
-5308.812,-1431.774,-1.473,120.983,548.296,0.033
-5307.133,-1424.048,-1.474,120.485,547.199,0.021
-5305.492,-1416.099,-1.474,119.653,548.559,0.020
-5303.733,-1408.037,-1.474,120.162,550.876,0.013
-5301.914,-1400.245,-1.473,121.220,550.073,0.016
-5300.037,-1392.337,-1.475,122.720,550.587,-0.003
-5298.323,-1384.433,-1.476,122.319,550.981,-0.007
-5296.592,-1376.648,-1.476,122.143,550.099,-0.011
-5294.769,-1369.004,-1.477,122.952,547.890,-0.014
-5293.045,-1361.068,-1.477,122.611,549.007,-0.019
-5291.389,-1353.291,-1.478,121.629,548.327,-0.018
-5289.624,-1345.614,-1.477,121.922,546.722,-0.011
-5287.829,-1337.889,-1.478,122.465,545.849,-0.019
-5286.000,-1330.114,-1.478,123.280,545.605,-0.017
-5284.284,-1322.438,-1.478,122.822,544.391,-0.008
-5282.873,-1314.756,-1.478,119.286,543.415,-0.011
-5281.271,-1306.921,-1.478,118.222,544.152,-0.006
-5279.755,-1299.096,-1.477,116.445,544.685,0.006
-5278.258,-1291.667,-1.476,114.730,541.056,0.014
-5276.496,-1283.964,-1.476,115.998,540.788,0.012
-5275.094,-1276.188,-1.475,113.373,541.302,0.015
-5273.657,-1268.352,-1.474,111.491,542.369,0.020
-5271.870,-1260.583,-1.474,113.495,542.576,0.021
-5269.875,-1252.886,-1.473,117.348,542.021,0.025
-5268.127,-1245.151,-1.473,118.079,541.941,0.027
-5266.547,-1237.479,-1.473,116.974,541.219,0.019
-5264.745,-1229.790,-1.473,118.328,540.784,0.015
-5262.909,-1221.904,-1.474,119.826,542.431,0.002
-5261.210,-1214.220,-1.476,119.693,541.758,-0.015
-5259.544,-1206.600,-1.476,119.240,540.537,-0.016
-5257.675,-1198.693,-1.477,120.941,542.444,-0.017
-5255.796,-1190.814,-1.477,122.500,543.779,-0.014
-5253.952,-1183.106,-1.477,123.476,543.152,-0.017
-5252.162,-1175.317,-1.477,123.743,543.461,-0.015
-5250.257,-1167.411,-1.477,125.153,544.926,-0.007
-5248.310,-1159.694,-1.477,126.788,544.232,-0.006
-5246.529,-1151.896,-1.477,126.479,544.471,-0.011
-5244.878,-1144.090,-1.477,124.871,544.752,-0.012
-5242.727,-1136.436,-1.477,128.660,543.433,-0.003
-5240.773,-1128.746,-1.476,129.844,542.682,0.002
-5238.943,-1121.067,-1.476,129.593,541.925,0.005
-5236.973,-1113.219,-1.476,130.815,543.015,0.005
-5234.940,-1105.264,-1.476,132.498,545.050,0.006
-5232.970,-1097.558,-1.475,133.295,544.224,0.009
-5230.970,-1089.799,-1.475,134.286,544.056,0.008
-5228.979,-1082.130,-1.475,135.027,542.999,0.007
-5226.927,-1074.390,-1.476,136.295,542.825,0.001
-5225.152,-1066.646,-1.476,134.521,542.714,-0.001
-5223.216,-1058.745,-1.477,134.673,544.236,-0.009
-5221.232,-1051.048,-1.477,135.295,543.434,-0.013
-5219.226,-1043.387,-1.479,136.049,542.380,-0.023
-5217.402,-1035.531,-1.480,134.813,543.493,-0.033
-5215.674,-1027.812,-1.482,132.775,543.028,-0.044
-5213.640,-1020.153,-1.482,134.191,542.015,-0.040
-5211.566,-1012.473,-1.482,135.806,541.361,-0.034
-5209.189,-1002.804,-1.481,140.302,561.285,-0.020
-5206.919,-993.491,-1.480,143.035,574.614,-0.009
-5204.728,-984.379,-1.479,144.563,583.910,0.003
-5202.646,-975.628,-1.479,144.734,588.124,0.007
-5200.431,-967.009,-1.477,146.251,590.366,0.017
-5198.326,-958.678,-1.476,146.414,589.306,0.025
-5196.438,-950.454,-1.475,144.312,587.299,0.038
-5194.497,-942.481,-1.474,143.071,583.009,0.039
-5192.492,-934.912,-1.473,142.670,575.185,0.045
-5190.586,-927.175,-1.472,141.310,570.249,0.040
-5188.794,-919.482,-1.472,138.974,565.581,0.036
-5186.993,-912.143,-1.473,137.082,557.950,0.024
-5185.122,-904.575,-1.474,136.187,553.804,0.015
-5183.236,-897.032,-1.475,135.565,550.009,0.003
-5181.487,-889.499,-1.475,133.636,546.677,-0.001
-5179.549,-882.216,-1.477,133.938,541.255,-0.016
-5177.636,-874.914,-1.477,133.928,536.824,-0.017
-5175.880,-867.636,-1.478,132.312,532.800,-0.026
-5174.287,-860.191,-1.479,129.255,531.084,-0.032
-5172.533,-852.693,-1.480,128.301,530.166,-0.034
-5170.724,-845.058,-1.482,128.060,530.796,-0.054
-5168.958,-837.513,-1.483,127.407,530.412,-0.048
-5167.483,-830.080,-1.483,123.848,528.925,-0.046
-5165.941,-822.591,-1.484,121.511,528.237,-0.043
-5164.070,-814.992,-1.485,122.896,528.774,-0.051
-5162.189,-807.517,-1.484,124.187,527.962,-0.036
-5160.610,-799.897,-1.483,122.178,528.768,-0.019
-5159.075,-792.214,-1.482,120.022,530.099,-0.008
-5157.361,-784.583,-1.482,120.013,530.695,-0.000
-5155.654,-777.103,-1.480,119.931,529.653,0.015
-5154.080,-769.673,-1.478,118.503,528.241,0.031
-5152.420,-762.087,-1.476,118.158,528.652,0.047
-5150.713,-754.455,-1.474,118.354,529.475,0.053
-5148.599,-744.966,-1.474,122.715,549.292,0.048
-5146.560,-735.631,-1.476,125.662,564.611,0.028
-5144.715,-726.720,-1.474,126.171,573.311,0.040
-5142.659,-718.046,-1.474,128.781,578.296,0.038
-5140.633,-709.611,-1.474,130.697,580.082,0.030
-5138.769,-701.279,-1.474,130.672,580.548,0.022
-5137.021,-693.105,-1.474,129.445,579.310,0.023
-5134.994,-685.199,-1.475,131.276,575.504,0.010
-5132.997,-677.220,-1.475,132.523,573.007,0.008
-5130.929,-669.591,-1.475,134.325,567.277,0.003
-5128.998,-661.750,-1.475,134.457,564.577,0.008
-5127.137,-654.081,-1.473,133.839,560.495,0.025
-5124.887,-646.453,-1.472,137.315,556.584,0.030
-5122.765,-638.932,-1.470,138.963,552.159,0.042
-5120.683,-631.489,-1.469,139.964,547.577,0.050
-5118.523,-624.045,-1.467,141.613,543.680,0.054
-5116.201,-616.401,-1.468,144.689,542.415,0.039
-5113.978,-608.901,-1.468,146.302,539.855,0.039
-5111.718,-601.317,-1.468,148.046,538.538,0.028
-5109.504,-593.805,-1.468,149.068,536.671,0.020
-5107.142,-586.181,-1.469,151.465,536.232,0.008
-5104.785,-578.609,-1.471,153.454,535.319,-0.008
-5101.980,-568.822,-1.472,159.751,557.344,-0.014
-5099.260,-559.285,-1.473,164.261,573.562,-0.027
-5096.827,-550.042,-1.474,165.157,584.358,-0.034
-5094.389,-541.063,-1.476,165.964,590.853,-0.042
-5092.015,-532.182,-1.476,165.997,595.393,-0.041
-5089.727,-523.819,-1.478,165.142,593.924,-0.050
-5087.642,-515.415,-1.480,162.319,593.090,-0.061
-5085.522,-507.230,-1.481,160.263,590.126,-0.066
-5083.549,-499.329,-1.481,157.013,584.678,-0.055
-5081.608,-491.448,-1.481,153.900,579.820,-0.047
-5079.454,-483.732,-1.480,153.445,573.990,-0.027
-5077.502,-476.270,-1.478,150.972,566.395,-0.002
-5075.654,-468.932,-1.475,147.790,558.633,0.028
-5073.902,-461.598,-1.472,144.096,551.984,0.044
-5071.972,-454.308,-1.470,142.770,545.853,0.061
-5069.973,-446.876,-1.467,142.358,542.085,0.081
-5068.234,-439.030,-1.463,139.314,543.135,0.103
-5066.623,-430.601,-1.461,135.419,550.028,0.108
-5064.814,-421.760,-1.458,134.117,560.151,0.124
-5062.995,-412.833,-1.455,133.127,569.673,0.132
-5059.189,-396.517,-1.453,152.728,653.856,0.130
-5055.779,-380.902,-1.452,165.368,718.450,0.128
-5052.753,-366.022,-1.450,172.201,765.980,0.129
-5049.988,-351.853,-1.448,175.342,799.195,0.122
-5047.103,-335.858,-1.449,179.260,846.318,0.100
-5042.279,-314.052,-1.450,202.558,946.338,0.076
-5038.338,-294.349,-1.451,213.334,1010.001,0.054
-5034.862,-276.295,-1.452,217.741,1047.326,0.037
-5031.555,-257.588,-1.453,219.769,1085.882,0.023
-5028.549,-240.616,-1.454,218.391,1100.901,0.006
-5025.887,-225.121,-1.455,213.684,1098.507,0.000
-5023.681,-211.268,-1.454,204.966,1079.575,0.002
-5021.531,-198.665,-1.455,196.952,1050.546,-0.004
-5019.777,-186.888,-1.455,186.047,1017.286,-0.005
-5018.112,-176.208,-1.455,175.820,977.621,-0.003
-5016.601,-165.972,-1.455,165.522,939.226,-0.003
-5015.197,-156.219,-1.455,155.631,901.502,-0.001
-5013.977,-147.031,-1.456,145.304,863.504,-0.011
-5012.755,-137.973,-1.457,136.519,829.766,-0.021
-5011.535,-129.021,-1.458,129.002,799.888,-0.026
-5010.474,-120.397,-1.459,120.952,771.028,-0.029
-5009.314,-111.416,-1.458,115.099,750.101,-0.018
-5008.163,-102.444,-1.458,110.022,732.143,-0.019
-5006.822,-90.461,-1.458,107.653,747.834,-0.013
-5005.424,-78.956,-1.458,106.203,756.287,-0.009
-5004.098,-67.792,-1.458,104.243,759.994,-0.007
-5002.598,-56.560,-1.459,104.353,763.858,-0.013
-5001.246,-45.169,-1.461,102.922,768.782,-0.036
-4999.787,-33.613,-1.465,102.811,774.685,-0.065
-4998.309,-22.308,-1.467,102.899,777.143,-0.077
-4996.833,-11.239,-1.468,102.964,776.796,-0.074
-4995.276,-0.262,-1.470,103.852,775.562,-0.084
-4993.857,10.536,-1.472,103.181,772.664,-0.090
-4992.164,21.113,-1.473,105.441,767.916,-0.089
-4990.678,31.438,-1.474,105.236,761.273,-0.079
-4988.985,41.580,-1.474,107.186,753.730,-0.068
-4987.424,51.237,-1.473,107.487,742.291,-0.049
-4986.159,60.889,-1.469,104.705,732.494,-0.009
-4985.384,70.654,-1.464,97.282,725.294,0.042
-4984.635,80.263,-1.460,90.689,717.544,0.073
-4983.532,89.924,-1.459,88.704,711.474,0.079
-4982.570,99.537,-1.457,85.562,705.807,0.084
-4981.657,109.490,-1.457,82.382,704.464,0.074
-4980.643,119.464,-1.457,80.702,703.544,0.055
-4979.825,129.567,-1.459,77.260,704.082,0.032
-4978.744,139.476,-1.461,77.021,702.545,0.007
-4977.563,149.474,-1.463,77.848,702.154,-0.012
-4976.435,159.830,-1.463,78.016,705.503,-0.010
-4975.092,170.105,-1.463,80.364,707.518,-0.008
-4973.782,180.483,-1.463,82.031,710.309,-0.009
-4972.437,190.702,-1.462,83.819,711.047,0.006
-4971.031,201.063,-1.462,85.965,713.137,0.005
-4969.573,211.236,-1.464,88.327,712.988,-0.014
-4968.057,221.378,-1.465,90.946,712.534,-0.029
-4966.571,231.547,-1.466,92.871,712.435,-0.026
-4965.087,241.877,-1.466,94.487,713.999,-0.025
-4963.514,251.955,-1.467,96.789,712.746,-0.031
-4962.083,262.053,-1.467,97.290,711.880,-0.028
-4960.454,272.157,-1.468,99.748,711.204,-0.034
-4959.042,282.203,-1.472,99.607,710.031,-0.061
-4957.309,292.274,-1.472,102.810,709.289,-0.056
-4955.645,302.338,-1.474,104.813,708.577,-0.068
-4953.981,312.256,-1.475,106.527,706.477,-0.070
-4952.482,322.221,-1.474,106.291,705.157,-0.050
-4950.797,332.305,-1.474,108.009,705.266,-0.038
-4949.172,342.422,-1.473,108.849,705.694,-0.024
-4947.587,352.242,-1.471,109.167,703.010,-0.003
-4946.036,362.223,-1.470,109.077,702.368,0.005
-4944.358,372.134,-1.468,110.306,701.101,0.026
-4942.798,382.143,-1.468,110.146,701.034,0.027
-4941.204,392.135,-1.467,110.356,700.806,0.025
-4939.433,402.223,-1.468,112.364,701.583,0.013
-4937.870,412.319,-1.466,111.931,702.339,0.030
-4936.405,422.492,-1.465,110.547,703.782,0.036
-4934.747,432.664,-1.465,111.360,704.994,0.032
-4933.260,442.918,-1.467,110.283,706.876,0.013
-4931.718,453.226,-1.469,109.938,709.038,-0.009
-4930.079,463.463,-1.469,110.646,710.144,-0.008
-4928.730,473.673,-1.470,108.255,710.819,-0.019
-4927.215,483.693,-1.470,107.941,709.433,-0.017
-4925.758,493.924,-1.470,107.067,710.419,-0.011
-4924.338,504.191,-1.470,105.929,711.638,-0.016
-4922.856,514.433,-1.472,105.610,712.416,-0.028
-4921.504,524.648,-1.473,103.998,712.808,-0.030
-4920.059,534.879,-1.470,103.579,713.295,-0.005
-4918.644,545.045,-1.471,102.918,713.054,-0.006
-4917.221,555.325,-1.470,102.433,714.020,0.002
-4915.697,565.686,-1.470,103.054,715.670,-0.000
-4914.215,575.897,-1.470,103.149,715.539,-0.004
-4912.683,586.121,-1.471,103.759,715.559,-0.012
-4911.031,596.386,-1.470,105.507,716.001,0.001
-4909.456,606.721,-1.468,106.202,717.097,0.020
-4907.882,616.900,-1.466,106.785,716.424,0.032
-4906.345,627.260,-1.466,106.901,717.708,0.031
-4904.736,637.575,-1.464,107.742,718.354,0.043
-4903.152,648.015,-1.464,108.210,720.179,0.039
-4901.485,658.205,-1.464,109.458,719.171,0.036
-4900.062,668.370,-1.463,108.003,718.044,0.042
-4898.463,678.682,-1.463,108.578,718.611,0.032
-4897.097,688.908,-1.465,106.675,718.192,0.007
-4895.763,699.091,-1.466,104.721,717.411,-0.006
-4894.528,709.128,-1.466,102.032,715.222,0.001
-4893.235,719.215,-1.465,100.341,713.883,0.005
-4891.896,729.517,-1.464,99.373,714.948,0.014
-4890.626,739.689,-1.464,97.822,714.520,0.019
-4889.301,749.871,-1.463,97.085,714.265,0.023
-4888.017,760.184,-1.463,96.029,715.382,0.019
-4886.539,770.427,-1.464,97.119,715.625,0.008
-4885.179,780.762,-1.464,96.837,716.780,0.010
-4883.752,791.224,-1.463,97.281,719.067,0.009
-4882.310,801.649,-1.464,97.826,720.633,0.005
-4881.003,812.164,-1.464,96.885,722.899,-0.001
-4879.445,822.514,-1.466,98.679,723.133,-0.012
-4878.030,832.861,-1.467,98.731,723.304,-0.021
-4876.514,843.196,-1.467,99.818,723.334,-0.026
-4875.030,853.575,-1.469,100.416,723.794,-0.038
-4873.572,863.944,-1.470,100.662,724.098,-0.044
-4872.213,874.370,-1.472,99.847,724.939,-0.058
-4870.730,884.557,-1.472,100.423,723.201,-0.048
-4869.303,894.902,-1.473,100.355,723.340,-0.051
-4867.853,905.164,-1.475,100.521,722.599,-0.054
-4866.469,915.353,-1.475,99.986,721.226,-0.051
-4864.961,925.619,-1.475,100.801,720.846,-0.039
-4863.609,935.952,-1.474,99.898,721.208,-0.027
-4862.343,946.338,-1.472,98.238,722.058,-0.007
-4860.890,956.689,-1.471,98.748,722.431,0.008
-4859.419,967.100,-1.470,99.370,723.356,0.017
-4857.965,977.454,-1.468,99.727,723.574,0.028
-4856.351,987.927,-1.467,101.673,724.971,0.036
-4854.895,998.416,-1.465,101.711,726.334,0.051
-4853.258,1008.652,-1.464,103.605,724.890,0.056
-4851.998,1018.442,-1.461,101.342,719.068,0.069
-4850.848,1027.483,-1.461,98.271,706.388,0.065
-4849.931,1035.163,-1.460,93.267,681.573,0.064
-4849.002,1041.612,-1.458,89.111,647.722,0.072
-4848.068,1046.539,-1.457,85.618,603.187,0.071
-4847.517,1049.797,-1.453,78.700,548.019,0.095
-4847.165,1051.413,-1.453,70.752,484.055,0.087
-4846.869,1051.732,-1.454,63.393,416.158,0.063
-4847.068,1050.577,-1.456,52.016,343.057,0.038
-4847.257,1048.672,-1.458,42.426,272.993,0.008
-4847.782,1046.282,-1.461,30.778,208.250,-0.021
-4848.468,1043.616,-1.464,19.192,150.176,-0.049
-4849.239,1040.991,-1.467,8.435,101.062,-0.063
-4849.771,1038.741,-1.469,1.716,63.036,-0.073
-4850.299,1036.708,-1.472,-3.973,32.837,-0.093
-4850.649,1035.056,-1.474,-6.990,11.001,-0.097
-4850.860,1033.671,-1.476,-8.135,-4.874,-0.106
-4850.990,1032.451,-1.478,-8.274,-16.719,-0.104
-4851.138,1031.366,-1.478,-8.583,-25.425,-0.096
-4851.443,1030.497,-1.479,-10.461,-30.636,-0.087
-4851.508,1029.678,-1.480,-9.593,-34.562,-0.080
-4851.741,1029.152,-1.480,-10.584,-34.888,-0.071
-4851.893,1028.792,-1.480,-10.591,-33.464,-0.063
-4851.933,1028.528,-1.481,-9.444,-31.258,-0.061
-4852.003,1028.189,-1.481,-8.780,-30.159,-0.052
-4851.995,1027.998,-1.481,-7.399,-27.689,-0.048
-4852.013,1027.880,-1.482,-6.501,-24.826,-0.049
-4851.954,1027.895,-1.484,-4.929,-21.027,-0.058
-4851.993,1027.955,-1.483,-4.615,-17.315,-0.041
-4852.030,1028.083,-1.484,-4.314,-13.447,-0.042
-4851.884,1028.186,-1.483,-2.176,-10.408,-0.031
-4851.803,1028.283,-1.484,-1.020,-7.882,-0.036
-4851.765,1028.466,-1.484,-0.484,-4.838,-0.026
-4851.804,1028.514,-1.485,-0.806,-3.630,-0.031
-4851.982,1028.584,-1.485,-2.528,-2.375,-0.025
-4851.981,1028.700,-1.485,-2.148,-0.839,-0.030
-4851.859,1028.728,-1.486,-0.570,-0.420,-0.031
-4851.870,1028.748,-1.485,-0.601,-0.153,-0.021
-4851.868,1028.878,-1.485,-0.495,1.208,-0.012
-4851.900,1028.811,-1.485,-0.753,0.340,-0.011
-4851.844,1028.802,-1.485,-0.063,0.192,-0.013
-4851.825,1028.885,-1.486,0.142,1.021,-0.014
-4851.878,1029.108,-1.485,-0.420,3.164,-0.011
-4851.904,1029.018,-1.486,-0.626,1.771,-0.017
-4851.747,1028.926,-1.487,1.079,0.571,-0.018
-4851.729,1028.503,-1.487,1.111,-3.869,-0.021
-4851.743,1027.478,-1.487,0.803,-13.859,-0.014
-4851.668,1025.791,-1.485,1.455,-29.180,0.002
-4851.468,1023.547,-1.484,3.302,-47.996,0.019
-4851.235,1020.818,-1.484,5.212,-69.024,0.015
-4850.878,1017.792,-1.482,8.116,-90.033,0.026
-4850.510,1014.470,-1.482,10.714,-110.987,0.027
-4850.419,1011.079,-1.481,10.078,-129.575,0.027
-4850.287,1007.631,-1.481,9.954,-146.011,0.025
-4849.992,1004.495,-1.483,11.527,-156.823,0.004
-4849.954,1001.398,-1.484,10.221,-165.639,-0.008
-4849.911,998.448,-1.487,9.159,-171.649,-0.030
-4849.915,995.572,-1.488,7.771,-176.018,-0.036
-4849.866,992.728,-1.489,7.137,-179.410,-0.038
-4849.842,989.751,-1.490,6.328,-183.666,-0.048
-4849.674,986.825,-1.490,7.132,-186.778,-0.042
-4849.389,983.926,-1.491,9.019,-189.155,-0.039
-4849.277,981.052,-1.491,8.838,-190.921,-0.035
-4849.103,978.164,-1.490,9.339,-192.580,-0.026
-4848.974,975.334,-1.491,9.289,-193.394,-0.026
-4848.877,972.502,-1.491,8.921,-194.105,-0.028
-4848.789,969.778,-1.492,8.520,-193.599,-0.026
-4848.566,967.182,-1.492,9.559,-191.850,-0.025
-4848.452,964.611,-1.492,9.326,-190.106,-0.022
-4848.244,961.474,-1.494,10.093,-194.436,-0.034
-4847.871,957.833,-1.494,12.451,-203.332,-0.030
-4847.494,953.789,-1.494,14.498,-215.062,-0.028
-4847.063,949.193,-1.493,16.806,-230.738,-0.016
-4846.873,944.374,-1.492,16.289,-246.421,-0.005
-4846.570,939.115,-1.491,17.016,-264.314,0.004
-4846.099,933.752,-1.491,19.360,-280.657,0.007
-4845.782,928.172,-1.489,19.776,-296.829,0.021
-4845.466,922.615,-1.490,20.122,-310.384,0.014
-4845.098,916.878,-1.488,20.950,-323.795,0.026
-4844.689,910.985,-1.487,22.073,-336.840,0.035
-4844.304,905.399,-1.486,22.799,-344.804,0.035
-4843.733,899.725,-1.488,25.319,-352.510,0.019
-4843.071,894.064,-1.486,28.415,-358.949,0.029
-4842.516,888.384,-1.486,29.949,-364.631,0.030
-4841.955,882.774,-1.488,31.324,-368.763,0.003
-4841.564,877.312,-1.491,30.732,-370.750,-0.021
-4841.226,871.985,-1.491,29.697,-371.065,-0.022
-4840.798,866.558,-1.492,29.736,-372.363,-0.026
-4840.465,861.283,-1.491,28.788,-371.907,-0.019
-4840.032,855.981,-1.491,29.015,-371.796,-0.009
-4839.860,850.649,-1.488,26.513,-372.006,0.018
-4839.510,845.385,-1.487,26.220,-371.491,0.023
-4839.157,840.226,-1.489,25.996,-369.968,0.002
-4838.929,835.058,-1.494,24.521,-368.761,-0.045
-4838.543,829.880,-1.501,24.886,-367.829,-0.108
-4838.267,824.504,-1.509,24.071,-369.077,-0.161
-4837.983,819.357,-1.520,23.459,-367.794,-0.239
-4837.850,814.200,-1.531,21.373,-366.785,-0.307
-4837.609,809.033,-1.543,20.715,-366.043,-0.366
-4837.406,803.845,-1.553,19.759,-365.615,-0.408
-4837.475,797.350,-1.564,16.143,-378.705,-0.446
-4837.275,790.863,-1.574,15.824,-389.801,-0.466
-4837.041,784.676,-1.582,15.908,-396.165,-0.471
-4837.014,778.738,-1.593,13.848,-399.033,-0.499
-4837.076,772.886,-1.601,11.176,-400.592,-0.502
-4837.146,767.196,-1.608,8.806,-400.251,-0.493
-4837.209,761.676,-1.614,6.861,-398.220,-0.478
-4837.522,756.263,-1.618,2.634,-395.377,-0.443
-4837.820,750.997,-1.620,-0.825,-391.444,-0.396
-4838.111,745.725,-1.624,-3.700,-388.142,-0.373
-4838.324,740.474,-1.627,-5.345,-385.120,-0.353
-4838.630,735.387,-1.630,-7.713,-380.850,-0.327
-4838.897,730.234,-1.632,-9.329,-377.889,-0.300
-4839.357,725.152,-1.634,-12.695,-374.636,-0.269
-4840.001,720.057,-1.635,-17.451,-371.988,-0.242
-4840.488,714.832,-1.638,-19.894,-371.066,-0.232
-4840.959,709.847,-1.640,-21.827,-367.820,-0.222
-4841.290,704.928,-1.642,-22.020,-364.365,-0.201
-4841.613,699.879,-1.643,-22.109,-362.756,-0.188
-4842.104,694.835,-1.645,-23.914,-361.332,-0.175
-4842.334,689.733,-1.646,-22.761,-360.714,-0.163
-4842.839,684.683,-1.647,-24.617,-359.653,-0.149
-4843.218,679.667,-1.650,-24.896,-358.395,-0.155
-4843.729,674.582,-1.653,-26.489,-358.042,-0.157
-4844.167,669.611,-1.654,-27.108,-356.560,-0.143
-4844.650,664.523,-1.655,-28.095,-356.502,-0.132
-4845.028,659.250,-1.653,-27.849,-358.350,-0.098
-4845.481,654.191,-1.653,-28.422,-357.730,-0.079
-4846.010,648.960,-1.652,-29.688,-358.972,-0.061
-4846.338,643.850,-1.652,-28.695,-358.785,-0.049
-4846.752,638.638,-1.653,-28.740,-359.674,-0.050
-4847.211,633.431,-1.654,-29.238,-360.382,-0.050
-4847.802,628.264,-1.654,-31.018,-360.576,-0.044
-4848.150,622.983,-1.656,-30.038,-361.919,-0.062
-4848.512,617.818,-1.658,-29.349,-361.859,-0.072
-4849.049,612.586,-1.660,-30.559,-362.506,-0.074
-4849.387,607.405,-1.660,-29.550,-362.527,-0.063
-4849.852,602.248,-1.660,-29.989,-362.305,-0.055
-4850.245,597.124,-1.660,-29.620,-361.774,-0.050
-4850.820,592.021,-1.660,-31.185,-361.098,-0.041
-4851.349,586.842,-1.661,-32.049,-361.313,-0.041
-4851.976,581.679,-1.660,-33.787,-361.321,-0.025
-4852.652,576.505,-1.659,-35.780,-361.454,-0.018
-4853.209,571.303,-1.659,-36.251,-361.843,-0.017
-4853.809,566.042,-1.659,-37.092,-362.794,-0.013
-4854.372,560.912,-1.659,-37.430,-362.245,-0.008
-4854.848,555.758,-1.659,-36.831,-362.027,-0.006
-4855.241,550.672,-1.659,-35.458,-361.150,-0.007
-4855.798,545.509,-1.660,-35.977,-361.184,-0.015
-4856.432,540.129,-1.661,-37.219,-363.451,-0.024
-4857.038,534.928,-1.662,-37.983,-363.545,-0.025
-4857.592,529.786,-1.660,-38.102,-363.014,-0.006
-4857.889,524.367,-1.660,-35.547,-365.410,-0.005
-4858.313,519.028,-1.659,-34.694,-366.633,0.001
-4858.833,513.704,-1.658,-34.938,-367.531,0.017
-4859.369,508.469,-1.656,-35.315,-367.371,0.027
-4860.132,503.362,-1.656,-37.978,-365.917,0.031
-4860.685,498.070,-1.655,-38.083,-366.580,0.034
-4861.242,492.766,-1.655,-38.225,-367.269,0.029
-4861.697,487.595,-1.656,-37.285,-366.491,0.013
-4862.111,482.439,-1.656,-36.067,-365.668,0.014
-4862.572,477.229,-1.655,-35.507,-365.531,0.021
-4863.191,471.884,-1.652,-36.658,-366.799,0.045
-4863.552,466.583,-1.652,-34.981,-367.428,0.042
-4863.966,461.475,-1.652,-34.096,-365.979,0.035
-4864.343,456.351,-1.654,-32.968,-364.897,0.011
-4864.915,451.333,-1.654,-34.006,-362.900,0.006
-4865.311,446.431,-1.655,-33.075,-359.993,-0.002
-4865.706,441.336,-1.654,-32.276,-359.500,0.002
-4866.106,436.092,-1.653,-31.652,-360.610,0.015
-4866.617,430.987,-1.653,-32.259,-360.130,0.016
-4867.161,425.891,-1.654,-33.113,-359.632,0.001
-4867.913,420.719,-1.655,-35.982,-359.986,-0.010
-4868.475,415.704,-1.657,-36.482,-358.674,-0.030
-4868.942,410.668,-1.658,-35.922,-357.770,-0.031
-4869.493,405.633,-1.658,-36.316,-356.983,-0.032
-4870.012,400.412,-1.658,-36.313,-358.233,-0.027
-4870.583,395.161,-1.659,-36.851,-359.606,-0.025
-4871.089,389.943,-1.659,-36.648,-360.441,-0.029
-4871.750,384.969,-1.661,-38.054,-358.632,-0.035
-4872.304,379.849,-1.662,-38.162,-358.595,-0.045
-4873.017,374.797,-1.662,-39.891,-357.869,-0.039
-4873.501,369.723,-1.664,-39.011,-357.479,-0.051
-4874.126,364.671,-1.666,-39.711,-356.907,-0.064
-4874.738,359.571,-1.667,-40.169,-356.924,-0.064
-4875.172,354.513,-1.667,-38.729,-356.500,-0.056
-4875.746,349.379,-1.667,-38.932,-356.927,-0.040
-4876.350,344.168,-1.667,-39.429,-358.084,-0.034
-4877.091,338.792,-1.666,-41.261,-360.762,-0.024
-4877.659,333.048,-1.666,-41.035,-366.837,-0.019
-4878.167,326.801,-1.667,-40.228,-377.197,-0.024
-4879.083,320.228,-1.667,-43.743,-389.396,-0.025
-4880.106,313.467,-1.668,-47.845,-401.728,-0.024
-4881.048,306.395,-1.668,-50.509,-415.449,-0.025
-4882.184,299.131,-1.669,-54.769,-429.132,-0.028
-4883.332,291.366,-1.667,-58.534,-445.955,-0.010
-4884.590,283.452,-1.666,-62.884,-461.849,0.002
-4885.758,275.578,-1.665,-65.659,-474.986,0.008
-4886.938,267.588,-1.664,-68.150,-487.388,0.024
-4887.998,259.456,-1.663,-69.035,-499.421,0.028
-4889.170,251.449,-1.663,-70.947,-508.401,0.018
-4890.418,243.526,-1.665,-73.361,-515.202,0.001
-4891.586,235.474,-1.667,-74.604,-522.323,-0.020
-4892.559,227.512,-1.669,-73.641,-527.473,-0.030
-4893.619,219.616,-1.670,-73.727,-531.185,-0.035
-4894.597,211.658,-1.670,-72.953,-534.986,-0.030
-4895.384,203.748,-1.670,-70.329,-537.739,-0.027
-4896.170,195.951,-1.669,-68.073,-538.929,-0.014
-4897.085,188.251,-1.670,-67.485,-538.938,-0.024
-4897.925,180.578,-1.671,-66.202,-538.671,-0.030
-4898.705,172.694,-1.671,-64.497,-540.608,-0.029
-4899.565,162.930,-1.672,-63.872,-561.627,-0.034
-4900.391,153.293,-1.671,-62.974,-578.234,-0.021
-4901.266,144.221,-1.670,-62.725,-586.595,-0.005
-4902.031,135.277,-1.670,-61.371,-592.401,-0.001
-4902.894,126.521,-1.670,-61.234,-595.418,-0.003
-4903.798,118.109,-1.669,-61.533,-594.452,0.004
-4904.673,109.978,-1.667,-61.491,-590.732,0.022
-4905.622,101.967,-1.666,-62.213,-586.325,0.032
-4906.520,94.170,-1.665,-62.309,-580.357,0.035
-4907.451,86.313,-1.665,-62.730,-575.893,0.035
-4908.303,78.709,-1.664,-62.274,-569.480,0.040
-4909.146,71.138,-1.663,-61.806,-563.667,0.038
-4910.228,63.510,-1.662,-63.846,-559.299,0.047
-4911.299,55.941,-1.661,-65.481,-554.971,0.044
-4912.273,48.336,-1.660,-65.885,-551.642,0.052
-4913.207,40.681,-1.660,-65.804,-549.315,0.042
-4913.945,33.060,-1.661,-63.725,-546.986,0.030
-4914.646,25.543,-1.662,-61.576,-543.935,0.009
-4915.264,18.241,-1.664,-58.875,-539.103,-0.007
-4915.964,10.913,-1.664,-57.427,-535.263,-0.009
-4916.444,3.547,-1.664,-53.920,-532.377,-0.005
-4916.908,-3.804,-1.663,-50.766,-529.758,0.004
-4917.154,-11.159,-1.662,-45.834,-527.558,0.017
-4917.435,-18.660,-1.660,-41.985,-527.201,0.030
-4917.599,-26.253,-1.658,-37.501,-527.828,0.045
-4917.629,-33.921,-1.657,-32.292,-529.140,0.049
-4917.669,-41.468,-1.656,-27.957,-529.023,0.051
-4917.853,-49.083,-1.655,-25.734,-529.615,0.050
-4917.809,-56.831,-1.656,-21.497,-531.481,0.037
-4917.803,-64.519,-1.656,-18.275,-532.465,0.033
-4917.881,-72.268,-1.656,-16.399,-533.936,0.025
-4918.192,-82.368,-1.656,-17.184,-559.388,0.023
-4918.511,-92.222,-1.656,-17.941,-578.559,0.017
-4918.947,-101.574,-1.655,-19.792,-589.750,0.022
-4919.580,-110.819,-1.656,-23.391,-598.190,0.016
-4920.026,-119.743,-1.655,-24.548,-602.090,0.017
-4920.802,-128.450,-1.655,-28.931,-603.171,0.016
-4921.580,-136.936,-1.656,-32.678,-601.826,0.000
-4922.406,-145.303,-1.656,-36.382,-599.459,0.006
-4923.283,-153.409,-1.655,-40.052,-594.741,0.014
-4924.429,-163.440,-1.655,-45.967,-610.543,0.009
-4925.547,-173.223,-1.656,-50.718,-621.468,0.005
-4926.598,-182.413,-1.656,-54.073,-624.676,-0.001
-4927.703,-191.250,-1.655,-57.491,-623.785,0.005
-4928.810,-199.719,-1.656,-60.438,-619.227,0.002
-4929.944,-207.789,-1.656,-63.221,-611.242,-0.005
-4931.075,-215.783,-1.656,-65.570,-603.638,-0.005
-4932.075,-223.461,-1.657,-66.218,-593.909,-0.014
-4933.259,-231.117,-1.657,-68.667,-585.378,-0.012
-4934.146,-238.573,-1.658,-67.699,-576.051,-0.014
-4935.127,-245.788,-1.659,-67.853,-565.602,-0.018
-4935.964,-253.125,-1.660,-66.487,-557.954,-0.026
-4937.004,-260.233,-1.661,-67.417,-549.074,-0.031
-4938.392,-269.266,-1.660,-71.789,-561.314,-0.022
-4939.787,-278.157,-1.661,-75.593,-570.296,-0.024
-4941.358,-286.784,-1.661,-80.643,-575.238,-0.025
-4945.541,-303.438,-1.660,-111.847,-662.084,-0.014
-4949.342,-318.513,-1.660,-134.533,-719.907,-0.012
-4952.678,-332.236,-1.661,-149.083,-755.304,-0.012
-4955.666,-344.730,-1.660,-157.921,-772.849,-0.004
-4961.115,-364.624,-1.660,-190.794,-863.994,-0.005
-4965.776,-382.313,-1.660,-210.721,-919.026,-0.001
-4970.017,-397.843,-1.659,-223.381,-943.746,0.004
-4973.881,-411.523,-1.659,-230.313,-945.786,0.010
-4976.992,-423.448,-1.658,-228.471,-929.454,0.009
-4979.719,-434.126,-1.658,-222.938,-902.690,0.015
-4981.884,-443.572,-1.657,-212.448,-867.173,0.019
-4983.874,-452.084,-1.657,-201.680,-827.269,0.020
-4985.728,-459.967,-1.656,-191.110,-786.756,0.022
-4987.202,-467.097,-1.657,-178.177,-744.457,0.012
-4988.459,-474.036,-1.656,-164.920,-706.403,0.021
-4989.711,-480.853,-1.655,-153.549,-672.699,0.020
-4990.796,-487.300,-1.656,-142.140,-640.138,0.009
-4991.771,-493.830,-1.656,-131.268,-613.218,0.013
-4992.723,-500.362,-1.656,-121.769,-590.274,0.010
-4993.521,-506.947,-1.656,-112.081,-571.253,0.011
-4994.291,-513.649,-1.655,-103.517,-556.237,0.014
-4995.127,-520.444,-1.654,-96.907,-544.389,0.019
-4996.031,-527.296,-1.654,-91.956,-534.866,0.022
-4996.907,-534.474,-1.652,-87.446,-530.100,0.037
-4997.582,-542.272,-1.651,-81.531,-532.414,0.042
-4998.157,-550.536,-1.650,-75.470,-539.194,0.044
-4998.878,-559.386,-1.649,-71.791,-550.999,0.045
-4999.926,-568.457,-1.648,-72.016,-563.348,0.047
-5000.824,-578.017,-1.647,-70.673,-578.920,0.050
-5001.670,-587.873,-1.648,-68.990,-595.245,0.038
-5002.409,-598.060,-1.648,-66.447,-612.574,0.027
-5003.163,-608.459,-1.649,-64.436,-629.537,0.012
-5004.193,-618.900,-1.651,-65.566,-644.443,-0.006
-5005.194,-629.324,-1.653,-66.236,-656.979,-0.023
-5006.200,-639.801,-1.653,-66.851,-668.213,-0.024
-5007.337,-650.393,-1.654,-68.717,-678.987,-0.030
-5008.289,-660.989,-1.655,-68.413,-688.209,-0.028
-5009.375,-671.519,-1.656,-69.539,-695.397,-0.034
-5010.299,-682.025,-1.656,-68.823,-701.287,-0.036
-5011.358,-692.569,-1.657,-69.600,-706.700,-0.034
-5012.221,-703.038,-1.656,-68.243,-710.537,-0.024
-5013.221,-713.606,-1.655,-68.507,-714.841,-0.011
-5014.527,-724.013,-1.656,-71.875,-716.849,-0.021
-5015.719,-734.513,-1.657,-73.572,-719.518,-0.018
-5016.969,-744.874,-1.656,-75.624,-720.362,-0.009
-5018.273,-755.229,-1.655,-77.927,-721.022,-0.003
-5019.605,-765.485,-1.655,-80.183,-720.569,0.004
-5020.873,-775.235,-1.657,-81.436,-714.964,-0.020
-5022.304,-784.892,-1.662,-84.200,-709.235,-0.064
-5023.899,-794.836,-1.667,-88.234,-707.298,-0.100
-5025.779,-804.889,-1.672,-94.615,-706.772,-0.129
-5027.473,-814.713,-1.676,-98.131,-703.966,-0.153
-5029.061,-824.519,-1.681,-100.045,-701.380,-0.174
-5030.653,-834.437,-1.684,-101.732,-700.342,-0.178
-5032.609,-844.393,-1.686,-106.901,-699.832,-0.172
-5034.473,-854.315,-1.688,-110.364,-699.053,-0.166
-5036.231,-864.454,-1.689,-112.242,-700.623,-0.145
-5037.932,-874.599,-1.688,-113.240,-702.031,-0.118
-5039.460,-884.739,-1.687,-112.321,-703.171,-0.091
-5040.944,-894.976,-1.685,-111.077,-705.141,-0.057
-5042.464,-905.003,-1.683,-110.387,-704.666,-0.035
-5043.931,-915.327,-1.680,-109.255,-707.319,0.000
-5045.318,-925.622,-1.676,-107.471,-709.275,0.037
-5046.658,-935.858,-1.673,-105.459,-710.336,0.061
-5047.824,-946.078,-1.670,-101.953,-711.089,0.086
-5049.009,-956.374,-1.667,-99.152,-712.505,0.103
-5050.228,-966.729,-1.663,-97.124,-714.318,0.118
-5051.495,-977.011,-1.662,-95.878,-715.113,0.118
-5052.676,-987.270,-1.660,-93.942,-715.560,0.119
-5053.898,-997.592,-1.659,-92.706,-716.584,0.111
-5054.915,-1007.848,-1.657,-89.537,-716.781,0.108
-5055.871,-1017.969,-1.657,-86.212,-715.558,0.097
-5056.948,-1028.193,-1.657,-84.620,-715.580,0.084
-5058.087,-1038.387,-1.657,-83.907,-715.279,0.068
-5059.162,-1048.599,-1.657,-82.628,-715.214,0.054
-5060.145,-1058.867,-1.658,-80.596,-715.738,0.042
-5061.246,-1069.068,-1.659,-80.077,-715.493,0.020
-5062.490,-1079.354,-1.660,-81.111,-716.158,0.014
-5063.691,-1089.758,-1.660,-81.549,-717.945,0.008
-5064.945,-1099.983,-1.661,-82.460,-717.617,0.002
-5066.044,-1110.393,-1.660,-81.654,-719.247,0.009
-5067.065,-1120.714,-1.659,-80.155,-719.729,0.021
-5068.104,-1131.203,-1.657,-79.065,-721.854,0.036
-5069.182,-1141.557,-1.656,-78.524,-722.283,0.040
-5070.193,-1151.905,-1.655,-77.389,-722.590,0.036
-5071.355,-1162.181,-1.654,-77.966,-722.110,0.049
-5072.626,-1172.622,-1.653,-79.585,-723.403,0.049
-5074.095,-1183.212,-1.653,-83.002,-726.032,0.040
-5075.508,-1193.487,-1.653,-85.346,-725.035,0.037
-5076.805,-1203.942,-1.652,-86.148,-726.034,0.033
-5078.130,-1214.373,-1.653,-87.119,-726.649,0.025
-5079.287,-1224.842,-1.653,-86.211,-727.556,0.020
-5080.516,-1235.068,-1.653,-86.184,-725.827,0.019
-5081.890,-1245.483,-1.653,-87.660,-726.300,0.011
-5083.182,-1255.849,-1.654,-88.070,-726.199,-0.001
-5084.808,-1266.286,-1.656,-91.856,-726.850,-0.011
-5086.189,-1276.629,-1.657,-92.564,-726.434,-0.024
-5087.464,-1286.734,-1.659,-92.081,-723.621,-0.036
-5088.658,-1296.975,-1.660,-90.825,-722.634,-0.040
-5090.475,-1312.686,-1.658,-96.175,-778.090,-0.023
-5092.181,-1327.774,-1.657,-99.594,-818.986,-0.006
-5093.871,-1341.813,-1.655,-102.344,-843.069,0.010
-5095.618,-1355.150,-1.655,-105.277,-856.382,0.017
-5097.036,-1367.843,-1.654,-104.386,-861.111,0.021
-5098.355,-1380.220,-1.652,-102.618,-861.888,0.033
-5099.648,-1391.982,-1.651,-100.844,-856.215,0.042
-5100.915,-1403.374,-1.651,-99.043,-847.570,0.039
-5102.015,-1414.451,-1.650,-95.811,-836.953,0.037
-5103.146,-1425.195,-1.649,-93.367,-824.471,0.044
-5104.416,-1435.708,-1.648,-92.703,-811.455,0.048
-5105.750,-1446.053,-1.647,-92.808,-798.609,0.044
-5106.889,-1456.246,-1.647,-90.874,-786.093,0.037
-5107.998,-1466.354,-1.649,-88.933,-774.549,0.017
-5109.081,-1476.408,-1.649,-86.995,-764.134,0.011
-5110.202,-1486.554,-1.649,-85.748,-756.206,0.017
-5111.232,-1496.630,-1.649,-83.742,-748.728,0.009
-5112.315,-1506.806,-1.648,-82.577,-743.368,0.015
-5113.390,-1516.902,-1.648,-81.495,-737.980,0.012
-5114.382,-1527.145,-1.649,-79.728,-734.900,0.002
-5115.370,-1537.257,-1.649,-78.173,-730.923,-0.000
-5116.416,-1547.431,-1.649,-77.437,-728.160,0.006
-5117.563,-1557.722,-1.649,-77.866,-727.020,0.002
-5118.660,-1568.057,-1.649,-77.700,-726.486,0.006
-5119.964,-1578.408,-1.649,-79.706,-726.211,0.005
-5121.216,-1588.714,-1.649,-80.865,-725.503,0.000
-5122.473,-1599.019,-1.650,-81.915,-724.891,-0.010
-5123.628,-1609.391,-1.651,-81.763,-725.065,-0.013
-5124.715,-1620.089,-1.651,-80.926,-728.566,-0.013
-5126.001,-1630.560,-1.650,-82.264,-729.209,-0.002
-5127.141,-1640.940,-1.650,-81.894,-728.827,-0.003
-5128.291,-1651.373,-1.650,-81.692,-729.047,-0.001
-5129.659,-1661.712,-1.650,-83.762,-728.263,-0.004
-5131.005,-1672.032,-1.650,-85.305,-727.399,-0.002
-5132.299,-1682.530,-1.650,-86.073,-728.494,-0.000
-5133.717,-1693.123,-1.650,-88.016,-730.408,-0.005
-5135.208,-1703.548,-1.650,-90.422,-730.312,-0.003
-5136.475,-1714.158,-1.651,-90.169,-732.140,-0.006
-5137.574,-1724.794,-1.650,-88.224,-733.960,-0.002
-5138.704,-1735.190,-1.650,-86.879,-733.041,-0.001
-5139.741,-1745.597,-1.651,-84.777,-732.366,-0.007
-5140.758,-1755.875,-1.652,-82.780,-730.477,-0.012
-5141.884,-1766.269,-1.651,-82.197,-730.044,-0.009
-5142.909,-1776.698,-1.652,-80.657,-730.040,-0.012
-5143.914,-1787.026,-1.653,-79.143,-729.002,-0.016
-5145.046,-1797.334,-1.653,-79.163,-727.914,-0.017
-5146.197,-1807.689,-1.653,-79.362,-727.455,-0.017
-5147.684,-1818.153,-1.654,-83.000,-728.197,-0.019
-5148.882,-1828.599,-1.653,-83.133,-728.641,-0.014
-5150.180,-1839.015,-1.653,-84.259,-728.707,-0.012
-5151.531,-1849.318,-1.653,-85.777,-727.604,-0.009
-5152.685,-1859.681,-1.653,-85.043,-727.285,-0.009
-5153.731,-1869.925,-1.653,-83.306,-725.789,-0.003
-5154.992,-1880.469,-1.652,-84.032,-727.593,0.009
-5156.054,-1890.868,-1.651,-82.608,-727.644,0.018
-5157.178,-1901.175,-1.651,-82.035,-726.742,0.014
-5158.466,-1911.528,-1.650,-83.232,-726.442,0.023
-5159.630,-1921.942,-1.647,-82.974,-726.811,0.040
-5160.881,-1932.341,-1.645,-83.652,-726.982,0.055
-5161.972,-1942.899,-1.643,-82.574,-728.749,0.064
-5163.059,-1953.313,-1.643,-81.617,-728.785,0.058
-5164.206,-1963.598,-1.642,-81.424,-727.489,0.062
-5165.230,-1973.835,-1.642,-79.994,-725.883,0.051
-5166.282,-1984.084,-1.643,-79.062,-724.644,0.036
-5167.323,-1994.396,-1.644,-78.153,-724.227,0.019
-5168.365,-2004.623,-1.644,-77.386,-723.007,0.016
-5169.309,-2014.853,-1.645,-75.717,-721.987,0.008
-5170.279,-2025.264,-1.645,-74.567,-722.987,0.003
-5171.242,-2035.647,-1.646,-73.518,-723.543,-0.003
-5172.219,-2045.961,-1.646,-72.766,-723.314,-0.005
-5173.187,-2056.377,-1.646,-72.025,-724.174,-0.004
-5174.085,-2066.785,-1.645,-70.681,-724.820,0.002
-5174.995,-2077.063,-1.646,-69.653,-724.025,-0.007
-5175.842,-2087.567,-1.647,-68.134,-725.688,-0.015
-5176.921,-2097.833,-1.649,-69.215,-724.649,-0.028
-5178.000,-2108.207,-1.649,-70.149,-724.866,-0.027
-5179.153,-2118.600,-1.648,-71.695,-725.262,-0.018
-5180.286,-2129.100,-1.648,-72.818,-726.693,-0.012
-5181.472,-2139.563,-1.646,-74.319,-727.532,0.007
-5182.790,-2150.106,-1.645,-76.956,-729.071,0.014
-5184.495,-2163.274,-1.645,-83.188,-757.415,0.012
-5186.079,-2176.026,-1.645,-87.264,-777.299,0.014
-5187.333,-2188.400,-1.646,-87.345,-790.364,0.007
-5188.506,-2200.441,-1.646,-86.573,-798.093,-0.001
-5189.771,-2212.088,-1.647,-86.866,-800.617,-0.007
-5191.169,-2223.513,-1.648,-88.478,-800.491,-0.013
-5192.276,-2234.668,-1.649,-86.865,-797.601,-0.027
-5193.446,-2245.516,-1.651,-86.133,-791.974,-0.039
-5194.553,-2256.162,-1.652,-84.858,-785.101,-0.040
-5195.654,-2266.857,-1.652,-83.716,-779.742,-0.033
-5196.572,-2277.271,-1.652,-80.854,-772.280,-0.033
-5197.521,-2287.746,-1.653,-78.736,-766.533,-0.031
-5198.419,-2297.852,-1.653,-76.401,-757.841,-0.032
-5199.443,-2307.822,-1.654,-75.702,-749.025,-0.035
-5200.587,-2317.891,-1.653,-76.345,-742.529,-0.021
-5201.528,-2327.953,-1.653,-74.810,-736.908,-0.022
-5202.658,-2338.059,-1.653,-75.440,-732.571,-0.017
-5203.618,-2348.301,-1.652,-74.224,-730.279,-0.005
-5204.551,-2358.260,-1.650,-72.912,-725.404,0.015
-5205.666,-2368.474,-1.649,-73.669,-723.873,0.025
-5206.745,-2378.602,-1.648,-73.947,-721.675,0.027
-5207.975,-2388.893,-1.647,-75.731,-721.482,0.031
-5209.156,-2399.082,-1.647,-76.752,-720.269,0.028
-5210.277,-2409.155,-1.648,-77.005,-718.039,0.022
-5211.336,-2419.271,-1.649,-76.580,-716.581,0.006
-5212.497,-2429.568,-1.649,-77.271,-717.203,0.005
-5213.571,-2439.791,-1.649,-76.967,-716.964,0.004
-5214.574,-2450.003,-1.649,-75.967,-716.653,0.001
-5215.508,-2460.237,-1.649,-74.413,-716.614,-0.002
-5216.352,-2470.660,-1.651,-72.160,-718.526,-0.019
-5217.376,-2481.154,-1.651,-72.093,-720.883,-0.015
-5218.221,-2491.587,-1.651,-70.180,-722.269,-0.012
-5218.968,-2502.111,-1.651,-67.551,-724.396,-0.012
-5219.556,-2512.742,-1.650,-63.667,-727.305,0.003
-5220.310,-2523.388,-1.650,-62.070,-729.939,0.005
-5221.085,-2534.079,-1.649,-60.921,-732.643,0.007
-5221.705,-2544.779,-1.649,-58.342,-735.052,0.008
-5222.288,-2555.443,-1.649,-55.769,-736.729,0.004
-5222.854,-2566.268,-1.649,-53.388,-739.818,0.003
-5223.545,-2577.031,-1.649,-52.655,-741.826,0.009
-5224.335,-2587.753,-1.648,-53.046,-743.101,0.014
-5225.146,-2598.352,-1.648,-53.585,-742.929,0.013
-5226.078,-2608.695,-1.649,-55.306,-740.148,0.004
-5226.973,-2619.380,-1.649,-56.382,-741.299,0.003
-5227.945,-2629.858,-1.649,-58.103,-740.146,0.003
-5228.999,-2640.299,-1.648,-60.403,-738.783,0.005
-5230.063,-2650.737,-1.648,-62.480,-737.583,0.004
-5231.172,-2661.083,-1.648,-64.708,-735.624,0.003
-5232.218,-2671.411,-1.649,-65.951,-733.761,0.002
-5233.337,-2682.067,-1.649,-67.777,-735.549,-0.003
-5234.436,-2692.425,-1.650,-69.117,-734.007,-0.011
-5235.445,-2702.692,-1.650,-69.348,-731.753,-0.011
-5236.574,-2712.941,-1.650,-70.762,-729.649,-0.006
-5237.772,-2723.428,-1.650,-72.692,-730.293,-0.004
-5238.730,-2733.559,-1.651,-71.863,-727.189,-0.014
-5239.694,-2743.895,-1.650,-71.225,-726.654,-0.001
-5240.912,-2754.192,-1.649,-73.282,-725.791,0.003
-5242.011,-2764.590,-1.649,-73.824,-726.095,0.003
-5242.934,-2775.120,-1.648,-72.462,-727.716,0.009
-5244.015,-2785.690,-1.648,-72.936,-729.501,0.015
-5245.053,-2796.054,-1.647,-72.894,-728.910,0.016
-5246.175,-2806.366,-1.646,-73.727,-727.870,0.022
-5247.183,-2816.715,-1.645,-73.258,-727.367,0.029
-5248.370,-2827.128,-1.644,-74.704,-727.595,0.042
-5249.351,-2837.418,-1.643,-73.819,-726.523,0.037
-5250.332,-2847.834,-1.643,-73.063,-726.904,0.037
-5251.330,-2858.148,-1.645,-72.592,-726.182,0.016
-5252.434,-2868.549,-1.645,-73.279,-726.456,0.009
-5253.508,-2879.065,-1.646,-73.561,-727.874,0.002
-5254.561,-2889.625,-1.646,-73.582,-729.542,-0.003
-5255.680,-2900.089,-1.646,-74.281,-729.980,-0.001
-5256.808,-2910.363,-1.646,-74.967,-728.390,-0.006
-5257.759,-2920.568,-1.647,-73.734,-726.324,-0.007
-5258.831,-2931.001,-1.647,-73.925,-726.910,-0.010
-5259.741,-2941.472,-1.647,-72.424,-727.804,-0.012
-5260.684,-2951.722,-1.647,-71.475,-726.283,-0.007
-5261.494,-2962.039,-1.647,-69.303,-725.681,-0.001
-5262.506,-2972.404,-1.647,-69.533,-725.665,-0.009
-5263.604,-2982.648,-1.648,-70.607,-724.397,-0.016
-5264.535,-2992.911,-1.648,-69.808,-723.524,-0.015
-5265.500,-3003.406,-1.649,-69.475,-725.156,-0.014
-5266.432,-3013.960,-1.649,-68.858,-727.164,-0.012
-5267.353,-3024.406,-1.649,-68.212,-727.752,-0.013
-5268.252,-3034.723,-1.649,-67.439,-726.939,-0.008
-5269.171,-3045.215,-1.648,-66.976,-728.038,-0.006
-5270.154,-3055.418,-1.649,-67.247,-726.013,-0.005
-5271.157,-3065.970,-1.648,-67.683,-727.863,-0.002
-5272.200,-3076.229,-1.648,-68.460,-726.431,0.002
-5273.089,-3086.625,-1.648,-67.551,-726.621,0.001
-5274.026,-3096.975,-1.648,-67.259,-726.309,0.000
-5275.048,-3107.413,-1.648,-67.888,-726.953,-0.001
-5276.092,-3118.023,-1.647,-68.651,-729.271,0.008
-5276.909,-3128.352,-1.646,-66.969,-728.351,0.013
-5277.778,-3138.548,-1.645,-66.066,-726.196,0.028
-5278.752,-3148.938,-1.645,-66.380,-726.364,0.024
-5279.653,-3159.299,-1.645,-65.886,-726.197,0.022
-5280.604,-3169.804,-1.645,-65.983,-727.547,0.017
-5281.375,-3180.189,-1.645,-64.217,-727.463,0.017
-5282.166,-3190.716,-1.644,-62.918,-728.842,0.015
-5283.088,-3201.186,-1.644,-63.163,-729.437,0.016
-5283.939,-3211.542,-1.645,-62.638,-728.780,0.004
-5284.781,-3221.924,-1.646,-62.088,-728.474,-0.003
-5285.609,-3232.599,-1.647,-61.480,-731.240,-0.010
-5286.583,-3242.967,-1.646,-62.472,-730.430,-0.003
-5287.432,-3253.463,-1.648,-62.020,-731.066,-0.017
-5288.335,-3263.956,-1.648,-62.201,-731.571,-0.020
-5289.186,-3274.272,-1.649,-61.808,-730.183,-0.028
-5290.379,-3284.732,-1.651,-65.005,-730.475,-0.040
-5291.333,-3295.260,-1.652,-65.268,-731.423,-0.041
-5292.341,-3305.625,-1.651,-66.039,-730.566,-0.026
-5293.286,-3316.243,-1.650,-66.051,-732.436,-0.016
-5294.215,-3326.586,-1.649,-65.905,-731.191,0.001
-5295.019,-3336.897,-1.646,-64.484,-729.810,0.020
-5295.804,-3347.308,-1.646,-63.091,-729.654,0.025
-5296.771,-3357.506,-1.645,-63.767,-727.327,0.031
-5297.770,-3367.997,-1.644,-64.663,-728.369,0.032
-5298.692,-3378.387,-1.644,-64.654,-728.207,0.033
-5299.667,-3388.820,-1.642,-65.187,-728.519,0.038
-5300.665,-3399.418,-1.643,-65.864,-730.486,0.029
-5301.684,-3409.701,-1.644,-66.668,-728.909,0.017
-5302.753,-3420.259,-1.644,-67.873,-730.403,0.015
-5303.696,-3430.406,-1.645,-67.600,-727.453,-0.000
-5304.602,-3440.502,-1.646,-66.986,-724.395,-0.008
-5305.621,-3451.002,-1.646,-67.621,-725.957,-0.010
-5306.644,-3461.279,-1.647,-68.202,-724.990,-0.013
-5307.801,-3471.466,-1.646,-70.090,-723.239,-0.009
-5308.648,-3481.810,-1.647,-68.507,-723.366,-0.011
-5309.775,-3492.380,-1.647,-70.027,-725.801,-0.008
-5310.913,-3502.841,-1.646,-71.448,-726.749,-0.001
-5312.060,-3513.099,-1.646,-72.743,-725.470,-0.005
-5313.127,-3523.317,-1.645,-73.035,-723.971,0.006
-5314.223,-3533.716,-1.645,-73.576,-724.554,0.011
-5315.209,-3544.058,-1.644,-72.905,-724.458,0.015
-5316.259,-3554.520,-1.642,-72.987,-725.620,0.035
-5317.274,-3564.822,-1.641,-72.703,-724.962,0.039
-5318.193,-3575.028,-1.640,-71.475,-723.411,0.041
-5319.235,-3585.415,-1.640,-71.689,-723.951,0.036
-5319.980,-3595.844,-1.640,-68.819,-724.842,0.028
-5320.870,-3606.069,-1.641,-67.857,-723.509,0.018
-5321.667,-3616.646,-1.642,-66.085,-725.990,0.006
-5322.600,-3626.844,-1.643,-65.972,-724.210,-0.004
-5323.292,-3637.067,-1.644,-63.388,-722.943,-0.011
-5324.131,-3647.446,-1.646,-62.711,-723.469,-0.029
-5325.180,-3657.712,-1.648,-64.286,-722.757,-0.043
-5326.228,-3667.776,-1.649,-65.618,-720.069,-0.047
-5327.071,-3677.906,-1.650,-64.647,-718.459,-0.054
-5327.842,-3688.275,-1.651,-63.078,-719.538,-0.051
-5328.668,-3698.838,-1.651,-62.302,-722.459,-0.047
-5329.545,-3709.195,-1.652,-62.170,-722.835,-0.048
-5330.541,-3719.555,-1.651,-63.271,-723.184,-0.033
-5331.586,-3729.588,-1.651,-64.730,-720.110,-0.025
-5332.551,-3739.682,-1.651,-65.149,-718.125,-0.022
-5333.538,-3750.019,-1.650,-65.723,-718.928,-0.016
-5334.677,-3760.223,-1.650,-67.786,-718.243,-0.006
-5335.794,-3770.425,-1.648,-69.321,-717.641,0.008
-5336.722,-3780.714,-1.647,-68.675,-718.022,0.021
-5337.847,-3791.064,-1.647,-70.155,-718.973,0.020
-5338.983,-3801.380,-1.645,-71.529,-719.431,0.030
-5340.029,-3811.532,-1.645,-71.780,-718.144,0.024
-5341.073,-3820.917,-1.646,-71.967,-709.142,0.018
-5342.006,-3830.204,-1.646,-70.995,-700.462,0.008
-5342.945,-3838.905,-1.646,-70.224,-687.015,0.008
-5343.840,-3846.879,-1.646,-69.102,-668.072,0.004
-5344.776,-3854.904,-1.646,-68.580,-652.435,0.009
-5345.622,-3862.378,-1.647,-67.198,-633.425,-0.000
-5346.539,-3869.424,-1.646,-66.756,-612.806,0.004
-5347.160,-3876.359,-1.646,-63.338,-594.080,0.004
-5348.034,-3883.524,-1.647,-63.019,-580.464,-0.006
-5348.894,-3890.543,-1.648,-62.598,-567.359,-0.011
-5349.699,-3897.352,-1.649,-61.683,-554.015,-0.017
-5350.494,-3904.456,-1.649,-60.799,-545.674,-0.013
-5351.199,-3911.720,-1.649,-59.116,-540.203,-0.014
-5351.928,-3919.110,-1.650,-57.925,-536.831,-0.023
-5352.695,-3926.454,-1.650,-57.301,-533.485,-0.024
-5353.923,-3935.854,-1.650,-61.521,-551.796,-0.020
-5355.107,-3944.906,-1.650,-64.661,-563.832,-0.012
-5356.514,-3954.247,-1.649,-69.627,-577.082,-0.003
-5357.405,-3963.170,-1.649,-68.566,-584.070,-0.000
-5358.374,-3971.411,-1.649,-68.451,-583.005,-0.003
-5359.447,-3979.019,-1.650,-69.433,-575.589,-0.012
-5360.357,-3985.724,-1.650,-68.590,-559.963,-0.009
-5361.058,-3991.866,-1.650,-65.721,-540.844,-0.009
-5361.694,-3997.228,-1.649,-62.600,-516.502,0.004
-5362.460,-4001.809,-1.647,-61.290,-487.701,0.020
-5363.120,-4006.271,-1.646,-59.063,-461.920,0.031
-5363.641,-4010.724,-1.644,-55.744,-439.821,0.041
-5363.747,-4015.183,-1.644,-48.635,-421.044,0.038
-5364.191,-4019.322,-1.645,-46.051,-401.730,0.025
-5364.518,-4023.130,-1.645,-42.642,-381.857,0.020
-5364.815,-4027.661,-1.645,-39.435,-372.344,0.017
-5365.279,-4032.051,-1.644,-38.410,-362.778,0.018
-5365.992,-4036.558,-1.644,-40.100,-355.822,0.018
-5366.668,-4041.370,-1.646,-41.165,-353.025,-0.004
-5367.227,-4046.147,-1.647,-40.866,-350.285,-0.011
-5367.659,-4050.197,-1.648,-39.299,-340.469,-0.020
-5368.056,-4053.946,-1.648,-37.611,-328.985,-0.020
-5368.419,-4057.127,-1.650,-35.814,-313.356,-0.031
-5368.649,-4059.505,-1.649,-32.912,-291.748,-0.023
-5368.654,-4061.992,-1.649,-28.129,-274.446,-0.012
-5368.950,-4063.876,-1.648,-27.032,-253.482,-0.000
-5369.250,-4065.222,-1.647,-26.150,-230.054,0.010
-5369.348,-4066.510,-1.647,-23.312,-209.484,0.004
-5369.585,-4068.061,-1.648,-22.326,-194.640,-0.002
-5369.654,-4069.571,-1.649,-19.750,-181.565,-0.019
-5369.761,-4071.472,-1.651,-17.945,-174.435,-0.027
-5370.006,-4073.641,-1.652,-17.831,-171.110,-0.034
-5370.333,-4075.419,-1.653,-18.579,-164.243,-0.038
-5370.931,-4077.209,-1.654,-21.999,-158.516,-0.043
-5370.812,-4077.926,-1.654,-17.543,-142.584,-0.042
-5370.621,-4077.828,-1.656,-12.988,-120.610,-0.050
-5370.676,-4077.362,-1.655,-11.647,-98.075,-0.035
-5370.721,-4076.465,-1.655,-10.399,-74.415,-0.029
-5370.354,-4075.535,-1.655,-5.088,-53.899,-0.020
-5370.519,-4074.462,-1.655,-6.035,-34.926,-0.018
-5370.453,-4073.553,-1.654,-4.474,-20.429,-0.007
-5370.242,-4072.975,-1.653,-1.644,-11.481,-0.001
-5370.034,-4072.344,-1.652,0.743,-3.295,0.010
-5369.907,-4071.731,-1.652,1.932,3.500,0.012
-5369.843,-4071.232,-1.652,2.307,8.125,0.011
-5369.786,-4070.986,-1.653,2.563,9.462,-0.006
-5369.949,-4070.494,-1.654,0.503,13.134,-0.012
-5370.165,-4070.132,-1.653,-1.795,14.933,-0.005
-5370.188,-4069.041,-1.653,-1.773,23.967,0.000
-5369.795,-4066.707,-1.653,2.541,44.470,0.000
-5369.487,-4064.070,-1.653,5.336,65.076,0.002
-5368.916,-4060.732,-1.650,10.434,89.864,0.028
-5368.358,-4057.563,-1.648,14.639,109.280,0.038
-5368.032,-4053.930,-1.648,15.848,130.609,0.035
-5367.891,-4050.777,-1.647,14.965,143.857,0.038
-5367.486,-4047.334,-1.648,16.935,158.147,0.030
-5367.229,-4044.289,-1.649,17.092,166.230,0.015
-5367.118,-4041.625,-1.649,15.717,169.215,0.007
-5366.992,-4039.136,-1.650,14.701,169.946,0.001
-5366.775,-4036.522,-1.650,14.772,171.870,0.002
-5366.465,-4034.011,-1.650,15.789,172.440,-0.000
-5366.013,-4031.278,-1.650,18.128,175.213,-0.001
-5365.858,-4028.719,-1.649,17.049,175.791,0.009
-5365.615,-4025.458,-1.647,17.052,183.512,0.024
-5365.205,-4021.700,-1.647,18.760,195.211,0.025
-5364.782,-4017.122,-1.647,20.358,213.626,0.018
-5364.300,-4012.153,-1.648,22.324,233.369,0.011
-5363.964,-4006.700,-1.648,22.505,255.178,0.006
-5363.415,-4000.834,-1.647,24.841,278.043,0.014
-5362.799,-3995.338,-1.647,27.527,293.726,0.014
-5362.208,-3989.847,-1.644,29.566,307.058,0.037
-5361.770,-3984.472,-1.643,29.735,317.240,0.038
-5361.339,-3979.474,-1.644,29.789,322.032,0.032
-5360.625,-3973.872,-1.643,32.766,332.349,0.030
-5360.507,-3968.415,-1.643,29.155,339.646,0.032
-5360.094,-3963.084,-1.642,29.124,344.574,0.033
-5360.013,-3958.002,-1.642,25.674,346.214,0.030
-5359.676,-3952.735,-1.641,25.361,349.523,0.037
-5359.270,-3947.414,-1.640,25.819,352.898,0.034
-5358.995,-3942.189,-1.641,24.849,354.785,0.026
-5358.734,-3937.125,-1.640,23.883,354.742,0.027
-5358.573,-3931.883,-1.641,22.023,356.536,0.017
-5358.343,-3926.905,-1.641,21.155,355.350,0.010
-5358.111,-3921.806,-1.642,20.432,355.585,0.002
-5358.020,-3916.692,-1.643,18.369,355.930,-0.007
-5357.662,-3911.651,-1.643,19.346,355.481,-0.004
-5357.393,-3906.716,-1.642,19.276,354.013,0.002
-5357.127,-3902.000,-1.643,19.170,350.495,-0.009
-5356.893,-3897.156,-1.643,18.771,348.810,-0.008
-5356.442,-3892.085,-1.644,20.647,349.716,-0.013
-5356.084,-3886.982,-1.644,21.299,350.819,-0.014
-5355.757,-3881.800,-1.644,21.532,352.576,-0.009
-5355.383,-3876.654,-1.643,22.214,353.706,-0.003
-5355.132,-3871.700,-1.643,21.527,352.680,-0.001
-5354.735,-3867.109,-1.642,22.450,348.075,0.006
-5354.407,-3862.288,-1.642,22.528,346.518,0.010
-5353.882,-3857.273,-1.642,24.616,347.188,0.003
-5353.586,-3852.223,-1.644,24.048,348.114,-0.010
-5353.438,-3847.221,-1.642,22.041,348.412,0.006
-5353.057,-3842.374,-1.641,22.715,347.075,0.021
-5352.817,-3836.171,-1.641,21.844,359.884,0.016
-5352.822,-3830.379,-1.642,18.580,366.580,0.006
-5352.525,-3824.630,-1.643,18.902,371.854,-0.004
-5352.246,-3818.745,-1.644,19.000,377.755,-0.012
-5352.025,-3813.113,-1.643,18.482,380.177,-0.009
-5351.684,-3807.727,-1.644,19.271,379.714,-0.009
-5351.467,-3802.447,-1.644,18.672,378.230,-0.011
-5351.230,-3797.257,-1.644,18.365,376.030,-0.013
-5351.035,-3792.174,-1.645,17.670,373.055,-0.020
-5350.652,-3786.849,-1.646,19.015,373.013,-0.021
-5350.394,-3781.603,-1.647,18.877,372.164,-0.028
-5350.203,-3776.472,-1.645,18.067,370.246,-0.012
-5349.902,-3771.597,-1.646,18.506,365.985,-0.012
-5349.515,-3766.749,-1.644,19.772,362.067,0.002
-5349.360,-3761.342,-1.644,18.459,364.488,0.006
-5349.172,-3755.286,-1.644,17.680,373.225,0.005
-5348.600,-3748.645,-1.644,20.964,386.703,-0.000
-5348.264,-3741.452,-1.645,21.346,403.884,-0.011
-5347.926,-3733.926,-1.645,21.684,421.965,-0.005
-5347.587,-3726.270,-1.645,21.978,438.716,-0.000
-5347.212,-3718.618,-1.645,22.606,452.976,0.000
-5346.706,-3710.908,-1.645,24.498,465.722,-0.001
-5346.145,-3703.184,-1.645,26.667,476.749,-0.002
-5345.686,-3695.317,-1.643,27.479,487.620,0.016
-5345.333,-3687.693,-1.642,27.072,494.396,0.025
-5344.731,-3679.991,-1.641,29.280,500.982,0.025
-5344.155,-3672.347,-1.640,30.905,505.994,0.037
-5343.761,-3664.768,-1.638,30.415,509.602,0.048
-5343.407,-3657.236,-1.638,29.591,512.192,0.045
-5343.202,-3649.460,-1.636,27.351,516.923,0.049
-5342.738,-3641.915,-1.636,28.100,518.573,0.046
-5342.261,-3634.356,-1.635,28.882,520.129,0.045
-5341.977,-3626.708,-1.635,27.559,522.370,0.041
-5341.752,-3619.035,-1.635,25.816,524.533,0.035
-5341.545,-3611.509,-1.635,24.154,524.872,0.028
-5341.065,-3604.091,-1.634,25.543,524.044,0.033
-5340.754,-3596.879,-1.634,24.982,521.217,0.031
-5340.440,-3589.278,-1.635,24.546,522.812,0.018
-5340.143,-3581.616,-1.635,23.994,524.801,0.011
-5339.913,-3574.207,-1.636,22.830,523.899,0.006
-5339.597,-3566.669,-1.636,22.728,524.447,0.001
-5339.236,-3559.190,-1.637,23.099,524.311,-0.011
-5338.978,-3551.747,-1.637,22.366,523.827,-0.009
-5338.761,-3544.369,-1.638,21.299,522.742,-0.016
-5338.625,-3535.163,-1.639,19.573,540.644,-0.018
-5338.614,-3526.106,-1.639,16.805,554.365,-0.017
-5338.410,-3517.367,-1.639,16.436,562.805,-0.011
-5338.427,-3508.786,-1.639,13.844,568.370,-0.011
-5338.461,-3500.739,-1.639,11.460,567.630,-0.014
-5338.538,-3492.863,-1.639,8.984,565.227,-0.010
-5338.332,-3484.926,-1.640,9.777,563.808,-0.017
-5338.326,-3477.287,-1.638,8.403,559.535,0.002
-5338.371,-3469.869,-1.637,6.709,553.612,0.011
-5338.327,-3462.657,-1.636,6.172,546.440,0.019
-5338.199,-3455.287,-1.635,6.579,541.950,0.026
-5338.002,-3448.015,-1.633,7.641,537.107,0.038
-5337.841,-3440.494,-1.633,8.168,535.543,0.035
-5337.655,-3433.379,-1.633,8.891,530.028,0.028
-5337.590,-3426.258,-1.633,8.243,525.392,0.024
-5337.395,-3418.966,-1.633,9.047,523.191,0.024
-5337.250,-3411.918,-1.632,9.212,518.805,0.032
-5336.988,-3404.707,-1.631,10.549,516.744,0.031
-5336.839,-3397.569,-1.631,10.527,514.226,0.025
-5336.581,-3390.201,-1.632,11.639,514.455,0.013
-5336.243,-3382.955,-1.632,13.404,513.386,0.015
-5336.043,-3375.640,-1.632,13.497,513.194,0.014
-5335.783,-3368.214,-1.633,14.186,514.167,0.002
-5335.648,-3360.762,-1.634,13.489,515.263,-0.009
-5335.282,-3349.423,-1.635,15.277,556.219,-0.017
-5334.840,-3338.749,-1.635,17.581,584.306,-0.019
-5334.391,-3328.633,-1.636,19.616,602.511,-0.024
-5333.874,-3319.209,-1.636,22.054,610.917,-0.021
-5333.543,-3310.318,-1.638,22.218,612.602,-0.031
-5333.256,-3301.816,-1.638,21.900,610.036,-0.030
-5332.906,-3293.467,-1.637,22.283,606.266,-0.017
-5332.647,-3285.346,-1.636,21.674,600.712,-0.005
-5332.443,-3277.639,-1.635,20.587,591.701,0.008
-5332.260,-3270.173,-1.634,19.447,581.551,0.020
-5332.008,-3262.697,-1.632,19.173,572.987,0.034
-5331.654,-3255.286,-1.630,20.002,565.005,0.043
-5331.444,-3247.973,-1.629,19.217,557.205,0.045
-5331.260,-3240.719,-1.629,18.294,549.933,0.042
-5331.011,-3233.520,-1.629,18.159,543.165,0.040
-5330.880,-3226.340,-1.628,16.839,537.197,0.037
-5330.571,-3219.010,-1.629,17.540,533.660,0.027
-5330.358,-3211.827,-1.629,17.155,529.120,0.020
-5330.054,-3204.538,-1.629,17.768,526.339,0.019
-5329.873,-3197.092,-1.628,17.018,525.592,0.022
-5329.581,-3189.726,-1.629,17.518,524.128,0.008
-5329.333,-3182.384,-1.630,17.493,522.623,0.002
-5329.042,-3174.942,-1.630,17.914,522.381,-0.001
-5328.682,-3167.659,-1.629,18.995,520.529,0.010
-5328.380,-3160.510,-1.628,19.305,517.577,0.020
-5328.079,-3153.061,-1.628,19.565,518.143,0.017
-5327.669,-3145.775,-1.629,20.907,516.941,0.009
-5327.168,-3138.465,-1.628,22.988,516.175,0.013
-5326.680,-3131.161,-1.627,24.634,515.449,0.021
-5326.173,-3123.716,-1.627,26.233,516.291,0.017
-5325.771,-3116.308,-1.627,26.519,516.625,0.015
-5325.190,-3108.698,-1.628,28.586,518.995,0.001
-5324.767,-3101.185,-1.628,28.744,520.006,0.004
-5324.306,-3093.655,-1.627,29.265,521.046,0.007
-5323.932,-3086.033,-1.626,28.813,522.887,0.018
-5323.582,-3078.429,-1.626,28.180,524.264,0.018
-5322.964,-3070.930,-1.626,30.386,524.363,0.011
-5322.281,-3061.435,-1.627,32.954,544.994,0.003
-5321.670,-3052.183,-1.627,34.401,560.097,0.007
-5321.080,-3043.438,-1.626,35.415,567.756,0.007
-5320.632,-3034.835,-1.626,34.816,572.811,0.006
-5320.144,-3026.237,-1.626,34.720,577.092,0.008
-5319.809,-3017.927,-1.626,33.066,577.771,0.010
-5319.346,-3010.020,-1.625,32.971,574.201,0.014
-5319.021,-3001.828,-1.625,31.467,574.088,0.015
-5318.644,-2994.012,-1.627,30.714,570.120,-0.010
-5318.384,-2986.506,-1.628,28.878,563.544,-0.017
-5318.155,-2978.708,-1.629,26.986,560.947,-0.025
-5317.943,-2971.158,-1.630,25.200,556.172,-0.032
-5317.786,-2963.813,-1.631,23.115,549.985,-0.032
-5317.425,-2956.311,-1.631,23.424,546.340,-0.031
-5317.228,-2948.945,-1.631,22.015,541.819,-0.025
-5316.919,-2941.820,-1.633,21.947,535.483,-0.037
-5316.793,-2934.319,-1.633,20.025,533.953,-0.034
-5316.435,-2927.004,-1.634,20.770,530.734,-0.039
-5316.160,-2919.835,-1.635,20.544,526.483,-0.039
-5315.891,-2912.531,-1.634,20.289,524.252,-0.030
-5315.568,-2905.250,-1.633,20.629,522.104,-0.015
-5314.873,-2895.760,-1.634,24.750,543.018,-0.016
-5314.372,-2886.630,-1.634,26.270,557.142,-0.019
-5313.828,-2877.763,-1.634,28.001,566.490,-0.010
-5313.206,-2869.093,-1.634,30.289,572.433,-0.017
-5312.848,-2860.889,-1.634,29.521,572.702,-0.015
-5312.316,-2852.604,-1.635,30.652,573.768,-0.019
-5311.966,-2844.672,-1.635,29.755,571.044,-0.015
-5311.456,-2836.869,-1.634,30.625,567.398,0.001
-5310.933,-2829.310,-1.633,31.503,561.765,0.007
-5310.563,-2821.755,-1.632,30.676,556.929,0.013
-5310.226,-2814.342,-1.632,29.644,551.339,0.010
-5309.926,-2806.941,-1.631,28.367,546.440,0.016
-5309.707,-2799.532,-1.631,26.451,542.350,0.016
-5309.520,-2792.294,-1.631,24.489,537.099,0.013
-5309.269,-2784.656,-1.632,23.469,536.738,0.003
-5309.033,-2777.269,-1.633,22.446,533.854,-0.004
-5308.976,-2769.855,-1.633,19.733,531.661,-0.002
-5308.827,-2762.314,-1.633,18.369,531.107,-0.004
-5308.716,-2754.891,-1.633,16.803,529.421,-0.005
-5308.597,-2747.741,-1.634,15.559,525.166,-0.011
-5308.354,-2740.469,-1.633,15.770,522.788,-0.001
-5308.017,-2731.327,-1.632,16.924,540.020,0.011
-5307.898,-2722.270,-1.631,15.658,553.842,0.020
-5307.472,-2713.741,-1.629,17.746,560.197,0.027
-5306.966,-2705.260,-1.629,20.340,565.115,0.029
-5306.623,-2696.889,-1.627,20.887,568.180,0.043
-5306.341,-2689.015,-1.625,20.716,565.680,0.053
-5305.917,-2680.948,-1.625,22.029,565.539,0.049
-5305.521,-2673.120,-1.625,22.860,562.950,0.042
-5305.333,-2665.324,-1.625,21.442,560.421,0.034
-5305.020,-2657.706,-1.626,21.516,556.428,0.020
-5304.635,-2650.232,-1.626,22.309,551.530,0.015
-5304.257,-2642.717,-1.627,22.922,547.786,0.004
-5303.890,-2635.155,-1.628,23.329,545.080,-0.009
-5303.409,-2627.810,-1.629,24.850,540.522,-0.010
-5302.870,-2620.492,-1.629,26.741,536.369,-0.010
-5302.353,-2613.122,-1.630,28.129,533.360,-0.018
-5301.951,-2605.723,-1.631,28.129,531.089,-0.027
-5301.407,-2598.361,-1.631,29.598,528.771,-0.027
-5300.837,-2591.143,-1.631,31.108,525.315,-0.021
-5300.489,-2583.814,-1.631,30.124,523.506,-0.013
-5300.225,-2576.331,-1.631,28.404,523.558,-0.017
-5300.003,-2566.993,-1.631,26.510,542.683,-0.012
-5299.822,-2557.930,-1.631,24.477,556.178,-0.007
-5299.695,-2549.384,-1.630,22.191,562.362,-0.004
-5299.583,-2540.799,-1.629,20.080,568.038,0.011
-5299.306,-2532.420,-1.630,19.980,570.752,0.002
-5299.177,-2524.230,-1.631,18.364,571.132,-0.006
-5299.074,-2516.104,-1.630,16.725,570.784,-0.003
-5298.830,-2508.277,-1.631,16.774,567.418,-0.004
-5298.430,-2500.357,-1.630,18.431,565.506,-0.002
-5298.277,-2492.581,-1.630,17.286,562.397,-0.002
-5298.229,-2484.884,-1.631,15.248,558.921,-0.004
-5298.227,-2477.026,-1.630,13.027,557.621,0.001
-5298.167,-2469.347,-1.630,11.717,554.664,0.006
-5298.080,-2461.628,-1.630,10.898,552.555,-0.000
-5298.066,-2453.948,-1.630,9.436,550.361,-0.003
-5297.917,-2446.221,-1.631,9.583,548.960,-0.007
-5297.716,-2438.661,-1.632,10.246,546.052,-0.016
-5297.634,-2431.000,-1.634,9.581,544.617,-0.029
-5297.300,-2423.260,-1.635,11.610,544.208,-0.036
-5297.069,-2415.410,-1.635,12.281,544.981,-0.031
-5296.937,-2407.800,-1.636,11.837,543.177,-0.033
-5296.689,-2400.295,-1.637,12.644,540.550,-0.044
-5296.624,-2392.756,-1.638,11.457,538.669,-0.050
-5296.350,-2385.153,-1.640,12.595,537.722,-0.057
-5296.095,-2377.615,-1.640,13.366,536.242,-0.051
-5296.057,-2369.977,-1.640,11.792,536.010,-0.043
-5295.752,-2362.594,-1.640,13.194,533.186,-0.030
-5295.458,-2355.116,-1.638,14.276,531.748,-0.016
-5295.117,-2347.531,-1.638,15.689,531.633,-0.009
-5294.819,-2340.125,-1.637,16.455,529.693,0.000
-5294.407,-2332.781,-1.636,18.274,527.395,0.008
-5294.004,-2325.402,-1.635,19.736,525.795,0.017
-5293.472,-2318.070,-1.634,22.308,523.951,0.026
-5293.015,-2310.511,-1.632,23.731,524.716,0.043
-5292.668,-2303.079,-1.631,23.817,524.056,0.046
-5292.101,-2295.632,-1.630,26.154,523.647,0.052
-5291.594,-2288.236,-1.629,27.528,522.776,0.050
-5291.127,-2280.636,-1.629,28.285,524.132,0.043
-5290.829,-2273.052,-1.629,27.196,525.121,0.036
-5290.548,-2265.591,-1.628,26.082,524.706,0.038
-5290.387,-2258.066,-1.628,23.910,525.009,0.039
-5290.045,-2250.557,-1.628,23.905,525.095,0.026
-5289.839,-2242.991,-1.628,22.513,525.763,0.028
-5289.689,-2235.491,-1.628,20.749,525.655,0.023
-5289.355,-2227.850,-1.628,21.138,527.002,0.020
-5289.090,-2220.207,-1.628,20.752,528.185,0.012
-5288.773,-2212.632,-1.630,20.964,528.488,-0.006
-5288.381,-2204.954,-1.631,21.915,529.807,-0.018
-5288.101,-2197.240,-1.633,21.584,531.308,-0.027
-5287.788,-2189.728,-1.633,21.632,530.500,-0.030
-5287.360,-2182.177,-1.634,22.852,530.216,-0.036
-5287.082,-2174.633,-1.636,22.356,529.900,-0.046
-5286.702,-2166.979,-1.636,22.980,530.767,-0.040
-5286.162,-2159.382,-1.636,25.152,530.919,-0.033
-5285.821,-2151.895,-1.636,24.970,529.912,-0.029
-5285.464,-2144.209,-1.636,24.971,531.100,-0.028
-5285.003,-2136.634,-1.636,26.039,530.980,-0.024
-5284.541,-2128.999,-1.637,26.975,531.492,-0.023
-5284.162,-2121.531,-1.637,26.909,530.206,-0.021
-5283.895,-2113.994,-1.636,25.700,529.825,-0.007
-5283.597,-2106.360,-1.634,24.988,530.493,0.011
-5283.249,-2098.927,-1.633,24.889,528.996,0.019
-5283.129,-2091.295,-1.634,22.467,529.766,0.010
-5282.826,-2083.865,-1.632,22.284,528.338,0.023
-5282.749,-2076.240,-1.631,19.796,529.137,0.028
-5282.481,-2068.775,-1.631,19.640,528.173,0.024
-5282.271,-2061.122,-1.632,18.921,529.279,0.012
-5282.063,-2053.325,-1.633,18.277,531.702,0.004
-5281.851,-2045.874,-1.633,17.769,530.219,0.001
-5281.473,-2038.351,-1.632,19.050,529.682,0.008
-5281.143,-2030.219,-1.632,19.648,535.508,0.012
-5280.841,-2021.608,-1.631,19.860,545.394,0.015
-5280.369,-2012.476,-1.631,21.801,559.193,0.013
-5279.892,-2003.055,-1.631,23.513,573.943,0.012
-5279.534,-1993.208,-1.631,23.739,590.913,0.015
-5279.005,-1983.106,-1.632,25.690,608.004,0.003
-5278.431,-1972.796,-1.631,27.818,624.723,0.011
-5277.991,-1962.291,-1.631,28.261,640.996,0.010
-5277.517,-1951.755,-1.631,28.983,655.192,0.005
-5276.908,-1941.124,-1.630,30.995,668.274,0.009
-5276.331,-1930.716,-1.630,32.373,677.135,0.009
-5275.508,-1920.209,-1.630,36.083,685.721,0.009
-5275.043,-1909.770,-1.630,35.560,692.344,0.010
-5274.574,-1899.293,-1.629,35.160,698.374,0.016
-5274.125,-1888.623,-1.628,34.608,705.515,0.023
-5273.455,-1878.082,-1.628,36.422,710.271,0.023
-5272.753,-1867.637,-1.628,38.285,713.347,0.020
-5272.293,-1857.286,-1.628,37.392,714.992,0.014
-5271.916,-1846.824,-1.628,35.783,717.546,0.014
-5271.411,-1836.415,-1.627,35.717,719.177,0.019
-5270.981,-1826.114,-1.627,34.882,719.449,0.019
-5270.561,-1815.758,-1.628,34.081,720.253,0.004
-5270.068,-1805.603,-1.629,34.148,718.873,-0.007
-5269.939,-1795.622,-1.630,30.451,715.905,-0.012
-5269.840,-1785.452,-1.630,26.992,715.313,-0.016
-5269.785,-1775.413,-1.631,23.592,713.462,-0.021
-5269.439,-1765.392,-1.632,23.682,711.703,-0.025
-5269.215,-1755.240,-1.632,22.504,711.540,-0.025
-5268.964,-1745.258,-1.632,21.783,709.656,-0.021
-5268.494,-1735.245,-1.632,23.419,708.380,-0.017
-5267.917,-1725.104,-1.631,25.909,708.592,-0.007
-5267.461,-1715.149,-1.631,26.789,706.870,-0.005
-5266.861,-1705.106,-1.631,29.031,706.301,-0.004
-5266.207,-1695.047,-1.632,31.497,705.981,-0.009
-5265.546,-1684.917,-1.631,33.663,706.440,0.002
-5264.943,-1674.635,-1.629,34.919,708.390,0.019
-5264.276,-1663.850,-1.628,36.651,715.245,0.024
-5263.458,-1652.552,-1.628,39.680,726.363,0.020
-5262.645,-1640.872,-1.627,42.225,739.781,0.033
-5261.789,-1628.997,-1.626,44.822,753.229,0.037
-5260.739,-1613.251,-1.624,49.037,804.554,0.045
-5259.604,-1597.880,-1.624,53.518,844.474,0.037
-5258.659,-1582.913,-1.625,55.367,874.357,0.028
-5257.853,-1568.209,-1.625,55.524,897.142,0.018
-5256.924,-1553.989,-1.626,56.926,911.599,0.014
-5255.958,-1540.211,-1.624,58.493,919.364,0.023
-5255.146,-1526.606,-1.623,58.259,924.223,0.034
-5254.147,-1512.960,-1.622,59.967,928.773,0.035
-5253.168,-1499.735,-1.621,61.223,928.332,0.038
-5252.175,-1486.977,-1.621,62.442,923.143,0.038
-5251.424,-1474.078,-1.621,60.991,920.176,0.032
-5250.578,-1461.142,-1.622,60.736,918.019,0.015
-5249.686,-1448.541,-1.622,60.990,912.732,0.012
-5248.943,-1436.040,-1.622,59.668,907.196,0.011
-5248.118,-1423.469,-1.623,59.384,903.189,0.001
-5247.240,-1410.502,-1.626,59.691,903.849,-0.028
-5246.510,-1397.964,-1.628,58.424,899.998,-0.039
-5246.193,-1385.648,-1.628,53.097,894.424,-0.037
-5246.200,-1373.626,-1.628,45.213,886.649,-0.026
-5246.243,-1361.460,-1.627,38.127,881.503,-0.018
-5246.079,-1349.372,-1.626,34.202,876.305,-0.009
-5246.044,-1337.314,-1.626,29.530,871.561,-0.000
-5245.802,-1325.349,-1.623,27.685,866.558,0.029
-5245.516,-1313.544,-1.619,26.559,860.645,0.059
-5245.207,-1301.638,-1.617,25.829,856.642,0.068
-5244.837,-1289.607,-1.617,25.844,854.508,0.063
-5244.515,-1277.331,-1.617,25.357,855.223,0.048
-5244.019,-1265.256,-1.619,26.731,853.754,0.027
-5243.485,-1253.088,-1.620,28.298,853.456,0.012
-5242.961,-1240.986,-1.621,29.531,852.534,0.002
-5242.346,-1228.688,-1.622,31.520,853.757,-0.008
-5241.720,-1216.473,-1.622,33.328,853.945,-0.010
-5240.991,-1204.151,-1.622,35.934,855.211,-0.010
-5240.160,-1191.687,-1.623,39.203,857.753,-0.017
-5239.490,-1179.272,-1.624,40.331,859.413,-0.019
-5238.866,-1167.030,-1.623,40.830,859.042,-0.011
-5238.024,-1154.607,-1.624,43.492,860.598,-0.015
-5237.353,-1141.913,-1.623,44.006,864.716,-0.007
-5236.693,-1129.431,-1.623,44.322,866.047,-0.011
-5235.859,-1116.951,-1.624,46.393,867.155,-0.012
-5234.944,-1104.415,-1.625,48.989,868.675,-0.017
-5234.207,-1091.906,-1.625,49.375,869.699,-0.020
-5233.604,-1079.383,-1.626,48.318,870.717,-0.022
-5232.836,-1067.010,-1.626,49.114,870.042,-0.023
-5232.091,-1054.622,-1.627,49.567,869.618,-0.025
-5231.461,-1042.122,-1.627,48.758,870.410,-0.029
-5230.741,-1029.839,-1.628,49.000,868.848,-0.031
-5230.000,-1017.475,-1.628,49.419,868.355,-0.030
-5229.035,-1005.067,-1.628,52.095,868.383,-0.023
-5228.279,-992.794,-1.628,52.206,867.022,-0.015
-5227.426,-980.556,-1.626,53.319,865.501,0.001
-5226.461,-968.220,-1.625,55.402,865.201,0.016
-5225.636,-955.905,-1.624,55.749,864.746,0.017
-5224.842,-943.794,-1.623,55.727,862.247,0.028
-5224.033,-931.490,-1.621,55.857,862.101,0.039
-5223.327,-919.190,-1.621,54.918,861.938,0.038
-5222.494,-906.886,-1.621,55.415,861.840,0.032
-5221.603,-894.358,-1.620,56.433,864.066,0.032
-5220.711,-882.054,-1.621,57.320,863.654,0.025
-5219.982,-869.662,-1.622,56.397,864.213,0.011
-5219.386,-857.267,-1.622,54.239,864.715,0.003
-5218.708,-844.970,-1.624,53.242,864.139,-0.009
-5218.039,-832.742,-1.625,52.299,862.942,-0.016
-5217.355,-820.461,-1.625,51.645,862.457,-0.022
-5216.642,-808.161,-1.626,51.393,862.247,-0.024
-5216.019,-795.785,-1.626,50.250,862.845,-0.020
-5215.376,-783.487,-1.626,49.471,862.556,-0.021
-5214.619,-771.414,-1.626,49.997,859.983,-0.015
-5213.985,-759.289,-1.625,49.170,858.331,0.001
-5213.408,-747.038,-1.623,47.873,858.219,0.015
-5212.807,-734.849,-1.622,47.021,857.488,0.019
-5212.253,-722.587,-1.622,45.810,857.612,0.023
-5211.701,-710.401,-1.620,44.758,856.941,0.031
-5211.080,-698.143,-1.620,44.572,857.106,0.035
-5210.563,-685.864,-1.619,43.332,857.462,0.031
-5210.157,-673.578,-1.619,41.137,857.830,0.030
-5209.805,-661.322,-1.620,38.720,857.846,0.021
-5209.443,-649.028,-1.620,36.741,858.250,0.016
-5209.254,-636.582,-1.620,33.288,860.163,0.007
-5209.080,-624.413,-1.621,30.189,858.931,-0.003
-5208.979,-612.118,-1.621,26.792,859.183,-0.001
-5208.747,-599.701,-1.622,25.239,860.658,-0.012
-5208.592,-587.189,-1.623,23.113,862.889,-0.015
-5208.211,-574.747,-1.623,23.634,864.072,-0.015
-5207.783,-562.376,-1.623,24.575,864.357,-0.012
-5207.273,-549.818,-1.624,26.200,866.518,-0.015
-5206.520,-537.472,-1.624,30.105,866.178,-0.014
-5205.996,-525.064,-1.623,31.076,866.529,-0.008
-5205.117,-509.477,-1.622,35.549,899.550,0.001
-5204.027,-494.453,-1.623,41.545,921.929,-0.001
-5203.062,-479.816,-1.621,45.365,937.021,0.013
-5202.065,-465.620,-1.620,48.964,945.361,0.022
-5201.165,-451.829,-1.619,51.030,948.306,0.026
-5200.104,-438.438,-1.619,54.435,946.695,0.029
-5199.221,-425.451,-1.618,55.530,941.162,0.034
-5196.196,-404.061,-1.617,78.501,1022.958,0.030
-5193.378,-384.224,-1.618,95.962,1076.725,0.023
-5190.835,-365.607,-1.617,108.031,1110.030,0.028
-5188.770,-348.251,-1.617,113.408,1125.461,0.027
-5187.102,-332.105,-1.616,113.901,1126.159,0.027
-5183.628,-308.611,-1.615,132.910,1202.400,0.031
-5180.581,-287.338,-1.615,144.729,1244.563,0.028
-5178.036,-267.919,-1.615,149.653,1261.444,0.024
-5176.008,-250.193,-1.615,148.519,1258.411,0.025
-5174.548,-233.943,-1.615,141.706,1240.628,0.021
-5173.592,-218.848,-1.614,130.702,1213.571,0.029
-5172.742,-204.766,-1.613,120.234,1180.069,0.030
-5172.020,-191.580,-1.612,109.990,1142.267,0.030
-5171.624,-179.037,-1.612,97.888,1103.398,0.032
-5171.292,-163.683,-1.612,86.912,1099.187,0.030
-5171.025,-149.342,-1.610,76.871,1085.175,0.036
-5170.790,-135.582,-1.609,67.992,1067.240,0.046
-5170.547,-122.432,-1.608,60.486,1045.655,0.049
-5170.316,-109.714,-1.606,53.966,1022.802,0.056
-5169.987,-97.440,-1.605,49.422,998.742,0.061
-5169.383,-85.225,-1.604,48.374,977.607,0.057
-5169.014,-73.276,-1.604,45.058,956.838,0.049
-5168.670,-61.420,-1.604,41.966,938.182,0.044
-5168.273,-49.478,-1.606,39.886,923.140,0.017
-5167.979,-37.045,-1.607,37.045,915.372,0.004
-5167.513,-24.465,-1.611,36.397,910.261,-0.030
-5167.045,-12.031,-1.613,35.859,904.396,-0.043
-5166.612,0.214,-1.613,35.040,897.448,-0.041
-5166.197,12.797,-1.614,34.167,894.993,-0.045
-5165.534,25.253,-1.616,35.964,891.608,-0.059
-5165.167,37.709,-1.617,34.449,888.706,-0.059
-5164.945,49.890,-1.617,31.673,883.413,-0.051
-5164.326,61.975,-1.617,33.388,877.904,-0.035
-5163.569,74.097,-1.616,36.265,873.581,-0.028
-5163.102,86.299,-1.616,35.748,870.718,-0.023
-5162.428,98.370,-1.617,37.429,866.932,-0.023
-5161.535,110.457,-1.617,41.116,863.868,-0.026
-5160.476,122.758,-1.620,45.975,863.463,-0.043
-5159.560,134.972,-1.621,48.637,862.210,-0.049
-5158.625,147.180,-1.623,51.114,861.083,-0.060
-5157.915,159.576,-1.625,50.909,862.058,-0.068
-5157.053,172.214,-1.626,52.295,865.387,-0.072
-5156.150,184.737,-1.627,53.895,867.041,-0.075
-5155.254,197.290,-1.627,55.191,868.752,-0.056
-5154.445,209.819,-1.628,55.405,869.975,-0.060
-5153.591,222.109,-1.627,56.052,868.544,-0.045
-5152.702,234.490,-1.625,56.960,868.277,-0.016
-5151.942,246.842,-1.622,56.400,867.742,0.017
-5151.028,259.157,-1.619,57.522,866.897,0.035
-5150.271,271.281,-1.615,56.846,864.217,0.074
-5149.515,283.317,-1.609,56.272,861.030,0.116
-5148.799,295.123,-1.607,55.369,855.945,0.127
-5148.051,306.515,-1.603,54.929,847.335,0.140
-5147.609,317.321,-1.600,51.403,833.966,0.149
-5146.951,327.912,-1.600,50.618,820.347,0.126
-5146.360,337.971,-1.598,49.256,803.259,0.125
-5145.973,347.780,-1.599,45.993,786.106,0.101
-5145.522,357.453,-1.601,43.869,770.070,0.068
-5145.325,367.131,-1.603,39.450,756.458,0.036
-5145.148,376.485,-1.605,35.465,741.500,0.011
-5144.986,385.897,-1.608,31.923,729.342,-0.016
-5144.820,395.287,-1.609,28.933,718.753,-0.023
-5144.720,404.593,-1.611,25.712,708.851,-0.036
-5144.570,413.977,-1.612,23.468,701.207,-0.048
-5144.426,423.681,-1.613,21.506,697.982,-0.047
-5144.383,433.113,-1.615,18.787,692.429,-0.063
-5144.253,442.611,-1.616,17.359,688.375,-0.057
-5144.148,451.770,-1.616,15.884,681.426,-0.049
-5144.064,460.644,-1.618,14.412,672.563,-0.058
-5143.783,469.185,-1.619,15.185,661.577,-0.059
-5143.627,477.179,-1.619,14.558,646.580,-0.056
-5143.528,484.894,-1.620,13.436,630.916,-0.058
-5143.447,492.284,-1.620,12.293,614.207,-0.048
-5143.234,499.460,-1.620,12.684,597.752,-0.037
-5143.070,506.483,-1.619,12.508,582.137,-0.022
-5143.025,513.172,-1.621,11.124,565.385,-0.042
-5142.944,520.066,-1.621,10.329,553.214,-0.038
-5142.818,528.846,-1.622,10.104,562.239,-0.040
-5142.691,537.144,-1.622,9.920,564.979,-0.037
-5142.446,544.962,-1.623,10.987,562.373,-0.040
-5142.296,552.221,-1.623,10.914,554.389,-0.032
-5142.048,558.820,-1.621,11.864,540.794,-0.010
-5142.024,564.499,-1.619,10.364,519.727,0.010
-5141.768,569.853,-1.620,11.478,498.415,0.004
-5141.563,574.580,-1.619,11.896,473.771,0.009
-5141.229,579.157,-1.620,13.592,451.217,0.002
-5141.137,583.344,-1.621,12.535,427.959,-0.006
-5141.050,587.534,-1.620,11.594,408.153,-0.003
-5140.664,591.541,-1.623,13.857,389.384,-0.024
-5140.446,595.748,-1.622,14.063,375.426,-0.016
-5140.212,599.974,-1.622,14.407,363.719,-0.015
-5140.124,604.525,-1.621,13.199,357.083,-0.004
-5139.959,608.922,-1.619,12.951,349.825,0.019
-5139.857,612.864,-1.619,12.097,338.963,0.016
-5139.788,616.286,-1.619,11.031,324.346,0.019
-5139.543,619.237,-1.618,11.925,307.016,0.026
-5139.528,621.586,-1.618,10.328,286.048,0.016
-5139.248,623.556,-1.618,11.690,264.266,0.019
-5139.100,625.159,-1.618,11.500,241.902,0.009
-5138.967,626.540,-1.620,11.174,220.546,-0.003
-5138.909,627.991,-1.620,10.130,203.047,-0.010
-5139.021,629.603,-1.620,7.486,189.784,-0.006
-5138.798,631.571,-1.620,8.680,182.130,-0.004
-5138.752,633.670,-1.619,7.873,176.952,0.005
-5138.636,635.972,-1.618,7.916,174.631,0.017
-5138.592,638.186,-1.618,7.201,171.736,0.010
-5138.363,639.982,-1.618,8.499,164.963,0.014
-5138.270,640.922,-1.617,8.208,150.390,0.020
-5138.100,641.237,-1.615,8.755,131.507,0.035
-5138.249,641.056,-1.613,5.934,110.307,0.046
-5138.259,640.154,-1.613,4.951,84.794,0.037
-5138.225,639.203,-1.614,4.581,62.539,0.028
-5138.214,638.270,-1.614,4.017,43.735,0.022
-5138.319,637.356,-1.614,2.339,27.898,0.015
-5138.451,636.588,-1.615,0.644,15.885,0.002
-5138.605,636.156,-1.616,-1.045,9.098,0.001
-5138.666,635.635,-1.615,-1.514,2.400,0.002
-5138.785,635.137,-1.615,-2.510,-3.083,0.004
-5138.728,634.305,-1.615,-1.562,-11.192,0.001
-5138.817,632.831,-1.616,-2.243,-24.722,-0.006
-5138.950,630.892,-1.618,-3.288,-41.045,-0.020
-5139.006,628.546,-1.617,-3.376,-59.159,-0.013
-5139.148,625.651,-1.617,-4.341,-80.261,-0.013
-5139.304,622.368,-1.618,-5.315,-102.254,-0.013
-5139.344,619.085,-1.617,-4.942,-121.017,-0.009
-5139.375,615.739,-1.616,-4.526,-137.668,0.005
-5139.355,612.380,-1.616,-3.668,-151.999,0.006
-5139.435,609.184,-1.617,-3.943,-162.540,-0.003
-5139.578,606.057,-1.619,-4.838,-170.835,-0.020
-5139.780,602.918,-1.619,-6.205,-178.025,-0.021
-5140.117,599.525,-1.621,-8.761,-186.767,-0.040
-5140.428,595.974,-1.624,-10.675,-195.865,-0.056
-5140.718,591.838,-1.623,-12.088,-209.635,-0.041
-5140.994,587.215,-1.622,-13.150,-226.399,-0.025
-5141.344,582.380,-1.619,-14.827,-242.871,0.005
-5141.773,577.125,-1.618,-17.062,-261.255,0.015
-5142.149,571.725,-1.618,-18.421,-278.423,0.015
-5142.477,566.066,-1.617,-19.087,-295.735,0.016
-5142.938,560.317,-1.618,-21.023,-311.429,0.011
-5143.321,554.501,-1.619,-21.880,-325.501,0.001
-5143.581,548.727,-1.618,-21.338,-337.067,0.002
-5143.912,543.147,-1.619,-21.609,-344.945,-0.005
-5144.020,537.565,-1.620,-19.544,-351.682,-0.011
-5144.216,531.744,-1.619,-18.684,-359.883,-0.005
-5144.426,525.549,-1.618,-18.097,-370.727,0.012
-5144.485,518.923,-1.618,-16.042,-384.419,0.005
-5144.667,512.109,-1.619,-15.555,-398.030,0.002
-5144.766,504.747,-1.618,-14.290,-415.287,0.008
-5144.990,497.332,-1.617,-14.491,-430.546,0.014
-5145.305,489.595,-1.617,-15.602,-446.875,0.010
-5145.688,481.497,-1.615,-17.248,-464.525,0.027
-5145.855,473.438,-1.614,-16.441,-479.175,0.038
-5146.034,465.229,-1.615,-15.866,-493.209,0.020
-5146.418,456.861,-1.615,-17.488,-506.819,0.022
-5146.782,448.462,-1.615,-18.660,-518.748,0.013
-5147.128,440.329,-1.615,-19.473,-526.186,0.011
-5147.452,432.152,-1.615,-19.943,-532.980,0.010
-5147.626,423.836,-1.614,-18.810,-540.209,0.020
-5147.904,415.335,-1.614,-18.903,-548.271,0.016
-5148.313,406.443,-1.615,-20.330,-559.179,0.004
-5148.498,397.304,-1.615,-19.248,-571.026,0.008
-5148.908,387.741,-1.614,-20.636,-585.501,0.012
-5149.350,377.957,-1.614,-22.153,-600.110,0.012
-5149.875,367.993,-1.614,-24.305,-614.434,0.008
-5150.359,357.873,-1.614,-25.711,-628.258,0.006
-5150.871,347.552,-1.615,-27.193,-642.106,0.002
-5151.438,337.181,-1.613,-29.032,-654.446,0.015
-5151.924,326.782,-1.615,-29.765,-665.245,-0.001
-5152.373,316.171,-1.615,-30.009,-676.649,-0.002
-5152.885,305.609,-1.614,-30.874,-685.871,0.004
-5153.392,295.071,-1.613,-31.547,-693.487,0.015
-5153.939,284.328,-1.613,-32.539,-702.098,0.015
-5154.651,273.503,-1.613,-35.088,-710.276,0.011
-5155.308,262.541,-1.613,-36.691,-718.672,0.006
-5156.110,251.402,-1.615,-39.554,-727.651,-0.009
-5156.566,239.934,-1.615,-38.431,-738.697,-0.009
-5156.996,228.311,-1.617,-37.197,-749.717,-0.025
-5157.606,216.266,-1.618,-38.015,-763.451,-0.036
-5158.377,203.931,-1.621,-40.357,-778.165,-0.053
-5159.363,191.535,-1.624,-44.569,-791.335,-0.078
-5160.378,178.939,-1.626,-48.470,-804.619,-0.087
-5161.465,166.127,-1.626,-52.526,-818.185,-0.075
-5162.657,153.194,-1.626,-57.076,-830.996,-0.063
-5163.712,140.208,-1.625,-59.542,-842.470,-0.039
-5164.752,127.144,-1.624,-61.493,-853.062,-0.023
-5165.812,113.995,-1.623,-63.367,-862.975,-0.012
-5167.091,100.571,-1.622,-67.207,-874.253,-0.007
-5168.159,86.834,-1.621,-68.318,-887.095,0.009
-5169.350,72.903,-1.620,-70.526,-900.053,0.017
-5170.605,58.596,-1.620,-73.082,-914.969,0.013
-5171.694,44.267,-1.620,-73.545,-927.917,0.011
-5173.240,29.733,-1.622,-78.645,-941.078,-0.005
-5174.827,15.213,-1.623,-83.412,-952.154,-0.015
-5176.145,0.386,-1.622,-84.709,-964.763,-0.011
-5177.363,-14.629,-1.620,-84.800,-977.453,0.012
-5178.662,-29.819,-1.618,-85.692,-990.073,0.029
-5180.041,-45.175,-1.616,-87.292,-1002.555,0.045
-5181.270,-60.840,-1.614,-87.101,-1016.381,0.060
-5182.292,-76.736,-1.611,-84.815,-1030.543,0.077
-5183.456,-92.986,-1.609,-84.323,-1046.276,0.089
-5184.488,-109.461,-1.609,-82.550,-1062.012,0.078
-5185.895,-126.031,-1.609,-84.889,-1076.402,0.064
-5187.215,-142.695,-1.610,-86.000,-1089.651,0.045
-5188.446,-159.533,-1.611,-86.023,-1102.739,0.028
-5189.625,-176.563,-1.613,-85.506,-1115.887,0.000
-5190.511,-193.768,-1.616,-82.058,-1128.897,-0.023
-5192.109,-215.522,-1.618,-86.436,-1186.818,-0.039
-5193.805,-236.833,-1.620,-91.185,-1231.668,-0.049
-5195.158,-257.629,-1.621,-91.707,-1264.622,-0.059
-5196.469,-277.942,-1.624,-91.711,-1287.751,-0.074
-5199.766,-305.092,-1.624,-112.169,-1377.865,-0.069
-5203.025,-330.677,-1.626,-129.219,-1438.616,-0.071
-5205.955,-354.779,-1.626,-140.376,-1475.163,-0.064
-5208.429,-377.793,-1.627,-145.205,-1495.138,-0.063
-5212.704,-407.159,-1.627,-167.862,-1577.566,-0.049
-5216.575,-434.214,-1.626,-183.023,-1624.078,-0.036
-5219.744,-459.345,-1.625,-188.730,-1643.955,-0.021
-5222.540,-483.015,-1.624,-189.757,-1645.856,-0.013
-5225.133,-505.469,-1.624,-188.547,-1634.961,-0.012
-5227.877,-526.883,-1.625,-189.069,-1614.960,-0.015
-5230.434,-547.331,-1.625,-187.578,-1587.958,-0.016
-5232.657,-567.283,-1.625,-182.887,-1559.822,-0.015
-5234.332,-586.948,-1.625,-173.231,-1532.870,-0.013
-5235.871,-606.396,-1.625,-163.598,-1507.649,-0.005
-5237.584,-625.655,-1.625,-157.178,-1484.187,-0.001
-5238.916,-644.729,-1.625,-147.764,-1462.269,-0.009
-5240.254,-663.985,-1.625,-139.809,-1445.453,-0.009
-5241.773,-683.434,-1.625,-134.888,-1433.100,-0.005
-5243.133,-702.961,-1.626,-129.057,-1423.365,-0.009
-5244.435,-722.298,-1.627,-123.472,-1413.104,-0.020
-5245.657,-741.930,-1.627,-117.900,-1407.384,-0.020
-5247.079,-761.764,-1.626,-115.195,-1404.590,-0.007
-5248.422,-781.674,-1.626,-112.078,-1402.995,-0.006
-5249.636,-801.584,-1.628,-108.098,-1401.624,-0.020
-5250.863,-821.659,-1.627,-104.827,-1402.159,-0.008
-5252.139,-842.120,-1.627,-102.551,-1406.588,-0.004
-5253.431,-862.398,-1.626,-100.770,-1408.476,0.005
-5254.909,-882.676,-1.626,-101.160,-1410.093,-0.001
-5256.374,-902.992,-1.625,-101.362,-1411.862,0.006
-5258.038,-923.556,-1.625,-103.587,-1415.928,0.012
-5259.633,-944.080,-1.624,-104.778,-1418.975,0.017
-5261.251,-964.554,-1.625,-106.027,-1421.059,0.006
-5262.799,-985.052,-1.626,-106.364,-1423.093,-0.008
-5264.609,-1005.532,-1.628,-109.363,-1424.635,-0.020
-5266.305,-1026.141,-1.628,-110.732,-1427.283,-0.021
-5268.457,-1051.982,-1.628,-116.598,-1483.400,-0.018
-5270.633,-1077.130,-1.629,-121.861,-1524.135,-0.019
-5272.859,-1101.525,-1.627,-126.856,-1551.126,-0.000
-5275.155,-1125.477,-1.626,-131.835,-1569.581,0.006
-5277.243,-1148.663,-1.626,-133.942,-1577.438,0.008
-5279.142,-1171.275,-1.625,-133.792,-1578.235,0.011
-5281.197,-1193.610,-1.626,-135.272,-1576.067,-0.001
-5283.125,-1215.291,-1.627,-135.229,-1567.478,-0.009
-5284.992,-1236.714,-1.628,-134.554,-1557.487,-0.012
-5286.868,-1257.839,-1.628,-134.084,-1545.913,-0.015
-5288.677,-1278.812,-1.629,-132.985,-1534.471,-0.016
-5290.455,-1299.629,-1.629,-131.730,-1523.102,-0.021
-5292.114,-1320.523,-1.629,-129.431,-1514.204,-0.015
-5294.032,-1341.279,-1.628,-130.147,-1505.187,0.000
-5295.989,-1361.894,-1.628,-131.153,-1496.056,-0.002
-5297.988,-1382.512,-1.627,-132.447,-1488.286,0.008
-5299.958,-1403.092,-1.626,-133.248,-1481.280,0.013
-5301.720,-1423.476,-1.626,-131.791,-1473.281,0.011
-5303.449,-1444.065,-1.625,-130.203,-1468.566,0.019
-5305.180,-1464.746,-1.625,-128.881,-1465.491,0.019
-5306.952,-1485.077,-1.624,-128.169,-1459.270,0.022
-5308.687,-1505.429,-1.625,-127.178,-1454.177,0.017
-5310.430,-1525.840,-1.625,-126.420,-1450.434,0.015
-5312.189,-1546.312,-1.625,-125.937,-1447.878,0.012
-5314.069,-1566.469,-1.625,-126.764,-1442.452,0.005
-5316.004,-1586.610,-1.627,-128.049,-1437.664,-0.012
-5317.815,-1606.862,-1.629,-127.854,-1434.718,-0.030
-5319.704,-1627.031,-1.631,-128.496,-1431.348,-0.042
-5321.520,-1647.405,-1.632,-128.295,-1430.592,-0.051
-5323.395,-1667.499,-1.634,-128.729,-1427.062,-0.059
-5325.253,-1687.639,-1.636,-128.930,-1424.525,-0.068
-5326.969,-1707.600,-1.637,-127.634,-1420.511,-0.072
-5328.732,-1727.888,-1.639,-127.015,-1420.460,-0.072
-5330.477,-1747.831,-1.641,-126.293,-1416.865,-0.081
-5332.192,-1767.745,-1.643,-125.374,-1413.497,-0.095
-5334.010,-1787.679,-1.646,-125.653,-1410.836,-0.108
-5335.696,-1807.456,-1.650,-124.533,-1406.944,-0.126
-5337.806,-1827.203,-1.653,-127.939,-1403.318,-0.139
-5339.809,-1847.050,-1.654,-129.746,-1401.256,-0.129
-5341.930,-1866.904,-1.656,-132.499,-1399.569,-0.124
-5343.878,-1886.761,-1.658,-133.062,-1398.156,-0.122
-5346.518,-1911.806,-1.660,-140.670,-1450.364,-0.129
-5349.022,-1936.060,-1.662,-145.766,-1486.749,-0.126
-5351.474,-1959.638,-1.663,-149.565,-1510.826,-0.117
-5353.875,-1982.466,-1.665,-152.283,-1523.649,-0.115
-5356.296,-2004.645,-1.665,-154.816,-1527.896,-0.099
-5358.717,-2026.627,-1.663,-156.976,-1529.491,-0.072
-5361.262,-2048.040,-1.662,-160.083,-1524.990,-0.045
-5363.803,-2069.147,-1.661,-162.706,-1518.005,-0.031
-5366.312,-2089.947,-1.659,-164.609,-1508.883,-0.011
-5368.681,-2110.454,-1.657,-164.780,-1498.095,0.012
-5371.102,-2130.943,-1.655,-165.468,-1488.694,0.032
-5373.438,-2151.198,-1.653,-165.179,-1478.278,0.046
-5375.625,-2171.504,-1.650,-163.408,-1469.918,0.062
-5378.015,-2191.686,-1.648,-163.982,-1461.511,0.073
-5380.526,-2212.064,-1.646,-165.713,-1456.359,0.084
-5382.808,-2232.378,-1.643,-164.836,-1451.296,0.103
-5385.083,-2252.591,-1.639,-164.013,-1445.947,0.125
-5387.347,-2273.017,-1.635,-163.201,-1443.577,0.142
-5389.708,-2293.450,-1.631,-163.508,-1441.629,0.157
-5392.018,-2313.837,-1.628,-163.235,-1439.489,0.167
-5394.070,-2334.351,-1.624,-160.358,-1438.971,0.178
-5396.117,-2354.871,-1.622,-157.849,-1438.595,0.178
-5398.121,-2375.471,-1.620,-155.258,-1439.095,0.169
-5400.075,-2395.924,-1.618,-152.550,-1438.002,0.159
-5401.924,-2416.527,-1.617,-149.146,-1438.629,0.149
-5403.860,-2437.188,-1.615,-147.140,-1439.745,0.147
-5405.453,-2457.820,-1.613,-141.896,-1440.411,0.137
-5407.215,-2478.362,-1.611,-139.178,-1440.045,0.137
-5408.776,-2499.392,-1.611,-134.778,-1444.759,0.125
-5410.368,-2520.446,-1.608,-131.341,-1449.033,0.131
-5411.940,-2541.320,-1.606,-128.212,-1450.817,0.129
-5413.469,-2561.863,-1.604,-125.092,-1448.927,0.133
-5414.711,-2582.392,-1.602,-119.487,-1447.184,0.129
-5415.918,-2602.327,-1.601,-114.337,-1439.577,0.118
-5417.202,-2622.217,-1.600,-110.737,-1432.618,0.114
-5418.294,-2641.790,-1.599,-105.699,-1423.426,0.105
-5419.259,-2661.130,-1.598,-100.091,-1413.188,0.100
-5420.311,-2680.075,-1.596,-96.191,-1400.390,0.101
-5421.260,-2698.935,-1.595,-91.820,-1388.598,0.098
-5422.394,-2717.434,-1.595,-89.984,-1374.820,0.082
-5423.438,-2735.701,-1.594,-87.501,-1360.683,0.080
-5424.577,-2753.965,-1.594,-86.361,-1348.597,0.073
-5425.545,-2772.097,-1.593,-83.623,-1336.927,0.068
-5426.562,-2790.008,-1.593,-81.791,-1324.695,0.058
-5427.711,-2807.967,-1.594,-81.603,-1314.753,0.043
-5428.682,-2825.588,-1.594,-79.593,-1302.804,0.037
-5429.634,-2842.834,-1.594,-77.683,-1288.751,0.028
-5430.650,-2859.850,-1.595,-76.726,-1274.389,0.012
-5431.498,-2876.441,-1.597,-74.167,-1257.766,-0.004
-5432.523,-2892.774,-1.598,-73.813,-1240.936,-0.014
-5433.296,-2908.896,-1.598,-70.915,-1224.402,-0.017
-5434.215,-2924.709,-1.599,-69.949,-1207.127,-0.015
-5434.748,-2940.312,-1.598,-65.143,-1190.227,-0.003
-5435.513,-2955.896,-1.597,-63.443,-1175.612,0.004
-5436.363,-2971.335,-1.595,-62.859,-1161.657,0.021
-5437.210,-2986.905,-1.594,-62.343,-1151.106,0.027
-5438.209,-3002.299,-1.595,-63.451,-1140.296,0.017
-5439.030,-3017.391,-1.594,-62.577,-1127.958,0.018
-5440.017,-3032.347,-1.594,-63.527,-1116.039,0.021
-5440.875,-3046.906,-1.595,-63.016,-1101.797,0.009
-5441.575,-3061.215,-1.596,-60.955,-1087.063,-0.001
-5442.392,-3075.151,-1.595,-60.402,-1070.652,0.003
-5442.967,-3089.183,-1.595,-57.447,-1057.658,0.007
-5443.675,-3102.558,-1.596,-56.287,-1039.795,-0.009
-5444.208,-3115.628,-1.596,-53.488,-1021.435,-0.008
-5444.660,-3128.647,-1.595,-50.273,-1005.243,0.002
-5445.294,-3141.661,-1.595,-49.411,-991.374,0.002
-5445.854,-3154.353,-1.595,-47.906,-976.234,0.009
-5446.301,-3167.021,-1.595,-45.465,-963.081,0.004
-5446.864,-3179.405,-1.595,-44.580,-948.933,0.001
-5447.464,-3191.701,-1.595,-44.194,-935.962,-0.002
-5447.766,-3203.685,-1.596,-40.804,-921.684,-0.005
-5448.062,-3215.371,-1.597,-37.854,-906.433,-0.016
-5448.436,-3226.744,-1.599,-36.133,-890.212,-0.027
-5448.960,-3237.593,-1.600,-36.214,-870.970,-0.033
-5449.327,-3248.439,-1.600,-34.671,-854.544,-0.037
-5449.589,-3258.775,-1.601,-32.267,-835.273,-0.037
-5450.080,-3269.003,-1.600,-32.573,-817.726,-0.018
-5450.730,-3279.022,-1.598,-34.482,-800.605,0.001
-5451.102,-3288.967,-1.595,-33.229,-785.241,0.024
-5451.479,-3298.526,-1.594,-32.232,-768.168,0.035
-5451.771,-3308.193,-1.594,-30.493,-754.714,0.026
-5452.117,-3318.080,-1.594,-29.572,-745.502,0.026
-5452.394,-3327.525,-1.595,-28.078,-733.103,0.011
-5452.870,-3339.302,-1.597,-28.844,-746.525,-0.012
-5453.412,-3349.817,-1.599,-30.183,-744.989,-0.023
-5453.596,-3359.856,-1.598,-27.639,-738.768,-0.016
-5453.680,-3369.251,-1.599,-24.440,-726.838,-0.018
-5454.040,-3378.034,-1.600,-24.553,-710.369,-0.030
-5454.417,-3386.269,-1.601,-24.823,-690.665,-0.031
-5454.640,-3393.922,-1.600,-23.467,-667.882,-0.021
-5454.914,-3401.117,-1.600,-22.836,-643.731,-0.016
-5455.105,-3408.577,-1.601,-21.447,-625.854,-0.019
-5455.556,-3415.801,-1.601,-22.927,-608.182,-0.017
-5455.964,-3422.943,-1.600,-23.761,-592.265,-0.011
-5456.113,-3430.065,-1.600,-21.797,-578.477,-0.010
-5456.721,-3436.883,-1.600,-24.858,-563.595,-0.005
-5457.135,-3443.088,-1.602,-25.462,-544.590,-0.018
-5457.411,-3448.857,-1.603,-24.560,-523.883,-0.028
-5457.657,-3454.044,-1.604,-23.476,-500.238,-0.033
-5457.783,-3458.649,-1.603,-21.325,-474.080,-0.025
-5457.880,-3463.138,-1.603,-19.183,-450.571,-0.017
-5457.999,-3467.367,-1.601,-17.588,-427.838,0.002
-5458.300,-3471.412,-1.600,-18.101,-406.561,0.013
-5458.548,-3475.353,-1.600,-17.990,-387.344,0.015
-5458.537,-3479.358,-1.599,-15.233,-371.611,0.016
-5458.624,-3483.639,-1.599,-13.888,-361.030,0.022
-5458.990,-3488.164,-1.598,-15.611,-354.510,0.028
-5459.229,-3493.039,-1.597,-15.777,-352.565,0.028
-5459.574,-3497.309,-1.598,-17.007,-344.669,0.018
-5459.908,-3501.144,-1.598,-17.943,-333.459,0.015
-5460.160,-3504.529,-1.597,-17.899,-319.265,0.020
-5460.467,-3507.323,-1.598,-18.425,-301.080,0.005
-5460.599,-3509.454,-1.599,-17.076,-278.739,-0.003
-5460.667,-3511.184,-1.598,-15.263,-255.549,0.009
-5460.823,-3512.645,-1.597,-14.632,-233.007,0.012
-5461.035,-3513.931,-1.597,-14.655,-211.989,0.009
-5460.998,-3515.445,-1.597,-12.120,-196.390,0.010
-5460.948,-3517.083,-1.596,-9.821,-184.371,0.020
-5460.816,-3518.729,-1.595,-7.024,-174.202,0.026
-5460.620,-3520.992,-1.594,-3.971,-171.883,0.028
-5460.531,-3523.221,-1.595,-2.474,-169.552,0.022
-5460.499,-3525.519,-1.595,-1.772,-168.274,0.020
-5460.408,-3527.459,-1.597,-0.585,-163.498,-0.003
-5460.472,-3529.028,-1.597,-1.150,-155.600,-0.009
-5460.527,-3529.711,-1.597,-1.549,-139.753,-0.004
-5460.317,-3529.255,-1.597,0.833,-114.505,-0.008
-5460.263,-3528.299,-1.598,1.273,-87.826,-0.014
-5460.422,-3527.394,-1.598,-0.551,-65.586,-0.013
-5460.334,-3526.035,-1.598,0.428,-41.956,-0.005
-5460.238,-3524.813,-1.597,1.363,-23.204,0.005
-5460.081,-3524.062,-1.597,2.778,-12.061,0.004
-5460.003,-3523.268,-1.597,3.169,-2.107,0.004
-5460.071,-3522.662,-1.597,2.004,4.440,-0.000
-5460.032,-3522.182,-1.598,2.108,8.729,-0.011
-5459.988,-3521.826,-1.599,2.257,11.102,-0.016
-5460.299,-3520.742,-1.600,-1.284,20.634,-0.028
-5460.365,-3519.200,-1.601,-1.769,33.472,-0.032
-5460.431,-3517.130,-1.603,-2.186,49.856,-0.040
-5460.349,-3514.329,-1.603,-1.020,71.365,-0.035
-5460.521,-3511.145,-1.602,-2.640,93.645,-0.028
-5460.524,-3507.573,-1.602,-2.290,116.641,-0.020
-5460.675,-3503.889,-1.602,-3.507,137.414,-0.020
-5460.612,-3500.876,-1.602,-2.345,148.229,-0.012
-5460.769,-3497.637,-1.602,-3.611,159.767,-0.013
-5460.892,-3494.656,-1.602,-4.346,166.959,-0.011
-5460.819,-3491.887,-1.602,-2.958,170.913,-0.006
-5461.027,-3489.272,-1.602,-4.663,172.702,-0.007
-5460.947,-3486.808,-1.602,-3.156,172.665,-0.009
-5460.968,-3484.158,-1.601,-2.901,174.555,0.002
-5460.944,-3479.226,-1.602,-2.233,199.656,-0.005
-5460.785,-3473.607,-1.604,-0.264,228.143,-0.024
-5460.862,-3468.036,-1.605,-1.022,251.937,-0.028
-5460.531,-3462.258,-1.604,2.535,274.375,-0.016
-5460.333,-3456.240,-1.604,4.207,295.979,-0.009
-5460.262,-3450.423,-1.605,4.315,312.332,-0.023
-5460.125,-3444.572,-1.606,5.091,326.630,-0.028
-5459.970,-3438.743,-1.606,5.940,338.596,-0.024
-5459.738,-3433.240,-1.606,7.451,345.450,-0.020
-5459.641,-3427.786,-1.606,7.360,350.803,-0.014
-5459.516,-3422.295,-1.604,7.564,355.735,0.002
-5459.427,-3416.969,-1.603,7.359,358.243,0.015
-5459.128,-3411.716,-1.601,9.356,359.640,0.026
-5459.182,-3406.513,-1.600,7.430,360.311,0.039
-5458.861,-3400.473,-1.599,9.640,369.499,0.036
-5458.460,-3393.867,-1.600,12.346,383.165,0.027
-5458.098,-3386.922,-1.599,14.267,398.313,0.026
-5457.949,-3379.531,-1.599,13.694,415.820,0.021
-5457.591,-3371.811,-1.600,15.367,434.148,0.017
-5457.365,-3364.100,-1.599,15.433,449.674,0.023
-5457.248,-3356.133,-1.598,14.374,465.563,0.029
-5457.023,-3346.193,-1.597,14.567,499.419,0.028
-5456.889,-3336.439,-1.596,13.806,526.390,0.036
-5456.863,-3327.289,-1.595,12.042,543.169,0.038
-5457.004,-3318.298,-1.595,8.826,555.846,0.038
-5457.020,-3309.625,-1.593,7.360,563.382,0.046
-5457.041,-3301.124,-1.591,6.060,568.049,0.064
-5457.181,-3292.605,-1.589,3.733,572.204,0.066
-5457.364,-3283.946,-1.589,1.302,577.199,0.064
-5457.522,-3274.564,-1.589,-0.527,588.893,0.053
-5457.722,-3264.956,-1.590,-2.499,601.198,0.038
-5457.797,-3255.077,-1.589,-2.912,614.478,0.038
-5458.015,-3244.979,-1.589,-4.723,628.063,0.029
-5458.169,-3234.828,-1.589,-5.617,640.200,0.027
-5458.393,-3224.330,-1.589,-7.096,654.120,0.022
-5458.470,-3213.859,-1.589,-6.845,665.725,0.019
-5458.547,-3203.338,-1.590,-6.625,676.126,0.012
-5458.675,-3193.111,-1.589,-6.972,681.972,0.013
-5458.955,-3182.839,-1.588,-8.825,687.428,0.021
-5459.483,-3172.430,-1.590,-12.967,693.479,0.006
-5459.653,-3162.333,-1.588,-12.806,695.447,0.018
-5459.721,-3152.358,-1.587,-11.622,695.856,0.027
-5459.812,-3141.901,-1.586,-10.851,701.169,0.032
-5460.149,-3131.215,-1.586,-12.734,708.055,0.025
-5460.185,-3120.116,-1.587,-11.226,718.190,0.013
-5460.255,-3108.555,-1.587,-10.296,731.586,0.013
-5460.604,-3096.701,-1.588,-12.369,746.025,0.003
-5460.778,-3084.615,-1.588,-12.344,760.728,-0.003
-5461.002,-3072.131,-1.589,-12.843,777.366,-0.004
-5461.255,-3059.702,-1.590,-13.552,791.000,-0.013
-5461.463,-3047.030,-1.590,-13.700,805.121,-0.014
-5461.612,-3034.164,-1.591,-13.219,819.166,-0.027
-5461.889,-3021.251,-1.592,-14.127,831.627,-0.024
-5462.036,-3008.420,-1.592,-13.558,841.417,-0.021
-5462.128,-2995.561,-1.591,-12.521,850.053,-0.014
-5462.218,-2982.496,-1.591,-11.601,859.539,-0.010
-5462.089,-2969.484,-1.590,-8.569,867.076,0.005
-5462.058,-2956.486,-1.589,-6.983,873.376,0.006
-5462.073,-2943.828,-1.588,-6.120,875.237,0.022
-5462.246,-2930.752,-1.587,-6.997,881.136,0.028
-5462.233,-2917.991,-1.586,-5.831,882.915,0.032
-5462.461,-2905.390,-1.586,-7.323,882.790,0.028
-5462.614,-2892.978,-1.585,-7.824,880.738,0.031
-5462.937,-2880.050,-1.584,-9.992,884.300,0.033
-5463.182,-2867.447,-1.583,-11.047,884.000,0.044
-5463.463,-2854.952,-1.581,-12.315,882.620,0.058
-5463.738,-2842.537,-1.581,-13.338,880.627,0.041
-5463.983,-2829.692,-1.581,-13.902,883.349,0.043
-5464.283,-2817.049,-1.580,-14.941,883.597,0.041
-5464.564,-2804.685,-1.579,-15.639,880.934,0.046
-5464.576,-2792.401,-1.578,-13.461,877.831,0.045
-5464.641,-2779.640,-1.578,-12.146,880.099,0.040
-5464.731,-2767.073,-1.579,-11.288,880.043,0.023
-5464.585,-2754.045,-1.580,-8.132,884.737,0.014
-5464.568,-2740.742,-1.581,-6.758,891.568,0.000
-5464.556,-2727.004,-1.581,-5.639,901.883,0.000
-5464.369,-2712.857,-1.582,-2.886,914.886,-0.006
-5464.434,-2698.472,-1.582,-3.123,928.423,-0.010
-5464.562,-2683.736,-1.581,-3.989,943.586,0.005
-5464.474,-2668.967,-1.579,-2.494,956.852,0.023
-5464.386,-2654.251,-1.578,-1.219,967.629,0.032
-5464.569,-2639.276,-1.577,-2.924,979.489,0.033
-5464.775,-2623.993,-1.575,-4.620,992.766,0.047
-5464.723,-2608.741,-1.574,-3.403,1003.782,0.045
-5464.979,-2593.558,-1.573,-5.539,1012.468,0.050
-5465.237,-2577.964,-1.573,-7.380,1024.093,0.046
-5465.227,-2562.468,-1.575,-6.184,1033.011,0.021
-5465.407,-2546.790,-1.575,-7.136,1042.490,0.013
-5465.502,-2531.233,-1.577,-7.067,1049.329,-0.003
-5465.640,-2515.567,-1.577,-7.445,1056.284,-0.004
-5465.965,-2499.485,-1.577,-9.700,1066.496,-0.004
-5466.172,-2482.901,-1.578,-10.403,1080.377,-0.010
-5466.369,-2466.283,-1.577,-10.897,1092.567,0.001
-5466.121,-2449.266,-1.575,-6.744,1107.077,0.014
-5466.217,-2432.013,-1.574,-6.735,1121.875,0.026
-5466.146,-2414.643,-1.574,-5.009,1135.698,0.024
-5466.018,-2397.239,-1.573,-2.964,1147.849,0.031
-5465.730,-2379.623,-1.574,0.436,1160.385,0.017
-5465.643,-2361.911,-1.574,1.277,1172.070,0.011
-5465.785,-2344.018,-1.575,-0.376,1183.907,0.001
-5465.696,-2326.236,-1.576,0.594,1192.853,-0.007
-5465.614,-2308.351,-1.576,1.347,1201.540,-0.014
-5465.625,-2290.609,-1.578,1.034,1207.483,-0.028
-5465.622,-2272.532,-1.579,0.916,1215.992,-0.033
-5465.530,-2254.689,-1.579,1.725,1220.850,-0.024
-5465.556,-2236.559,-1.579,1.213,1227.950,-0.018
-5465.618,-2218.199,-1.578,0.396,1236.368,-0.013
-5465.522,-2199.594,-1.579,1.322,1246.076,-0.021
-5465.488,-2180.658,-1.579,1.474,1257.751,-0.018
-5465.539,-2156.412,-1.579,0.741,1322.392,-0.016
-5465.652,-2132.545,-1.580,-0.540,1373.607,-0.020
-5465.598,-2109.274,-1.581,0.103,1411.167,-0.024
-5465.728,-2086.572,-1.582,-1.253,1437.337,-0.031
-5465.697,-2064.262,-1.582,-0.753,1455.623,-0.025
-5465.640,-2042.227,-1.582,-0.052,1468.399,-0.022
-5465.595,-2020.540,-1.581,0.411,1475.710,-0.015
-5465.391,-1999.382,-1.579,2.455,1476.495,0.005
-5465.431,-1978.473,-1.580,1.685,1474.603,0.004
-5465.617,-1957.563,-1.578,-0.475,1473.001,0.016
-5465.753,-1936.850,-1.577,-1.810,1469.598,0.023
-5465.789,-1916.448,-1.577,-1.917,1463.505,0.021
-5465.860,-1896.000,-1.577,-2.363,1458.778,0.022
-5465.963,-1875.482,-1.576,-3.073,1455.467,0.021
-5465.930,-1855.137,-1.576,-2.284,1450.855,0.018
-5466.044,-1834.859,-1.576,-3.126,1446.239,0.015
-5466.369,-1814.646,-1.576,-6.004,1441.633,0.013
-5466.510,-1794.431,-1.576,-6.572,1437.726,0.012
-5466.612,-1774.241,-1.576,-6.657,1434.131,0.013
-5466.831,-1754.198,-1.577,-7.932,1429.559,0.003
-5466.981,-1734.214,-1.577,-8.319,1425.043,-0.002
-5467.174,-1714.237,-1.576,-9.074,1421.123,0.011
-5467.707,-1694.355,-1.577,-13.230,1416.807,0.004
-5467.917,-1674.263,-1.578,-13.450,1415.283,-0.008
-5468.135,-1654.108,-1.578,-13.712,1414.632,-0.006
-5468.526,-1633.916,-1.578,-15.717,1414.456,-0.010
-5468.704,-1613.715,-1.578,-15.245,1414.393,-0.009
-5468.567,-1593.492,-1.578,-11.588,1414.574,-0.009
-5468.920,-1573.095,-1.580,-13.520,1416.517,-0.020
-5469.004,-1552.812,-1.580,-12.402,1417.006,-0.016
-5469.167,-1532.591,-1.581,-12.243,1416.774,-0.024
-5469.485,-1512.371,-1.582,-13.726,1416.575,-0.031
-5469.860,-1492.162,-1.581,-15.567,1416.290,-0.023
-5469.984,-1472.008,-1.581,-14.555,1415.481,-0.013
-5470.122,-1451.700,-1.580,-13.827,1416.376,-0.007
-5470.134,-1431.415,-1.580,-11.920,1416.898,-0.007
-5470.088,-1411.153,-1.580,-9.694,1417.109,-0.004
-5470.043,-1390.924,-1.580,-7.810,1416.947,-0.002
-5469.906,-1370.705,-1.582,-5.250,1416.717,-0.016
-5469.643,-1350.481,-1.583,-1.764,1416.560,-0.024
-5469.727,-1330.181,-1.583,-2.370,1417.217,-0.024
-5469.829,-1309.950,-1.583,-3.069,1417.060,-0.017
-5469.595,-1289.767,-1.583,-0.210,1416.431,-0.019
-5469.347,-1269.653,-1.582,2.371,1415.190,-0.008
-5469.250,-1249.446,-1.582,3.017,1415.088,-0.008
-5469.099,-1224.154,-1.583,4.126,1467.349,-0.010
-5468.915,-1199.730,-1.583,5.416,1502.986,-0.012
-5468.871,-1176.040,-1.583,5.078,1525.830,-0.010
-5469.113,-1153.231,-1.582,1.832,1536.246,-0.001
-5469.128,-1130.864,-1.582,1.410,1540.577,0.006
-5469.285,-1109.034,-1.582,-0.414,1538.739,0.001
-5469.161,-1087.901,-1.581,0.926,1530.002,0.010
-5469.363,-1067.000,-1.580,-1.295,1520.155,0.022
-5469.300,-1046.607,-1.579,-0.456,1506.529,0.026
-5469.269,-1026.631,-1.578,-0.061,1490.611,0.031
-5469.191,-1006.742,-1.577,0.741,1476.147,0.036
-5469.158,-987.316,-1.577,0.983,1459.039,0.031
-5469.216,-967.957,-1.578,0.232,1443.758,0.020
-5469.206,-948.541,-1.579,0.302,1431.311,0.001
-5468.985,-923.953,-1.581,2.536,1473.940,-0.015
-5469.044,-900.143,-1.582,1.555,1502.281,-0.023
-5469.078,-876.930,-1.583,0.978,1520.322,-0.031
-5468.984,-854.399,-1.584,1.799,1528.679,-0.029
-5468.870,-832.383,-1.584,2.716,1530.507,-0.028
-5468.597,-810.973,-1.584,5.119,1525.827,-0.025
-5468.442,-784.768,-1.584,5.960,1571.202,-0.023
-5468.452,-759.902,-1.583,4.986,1596.125,-0.013
-5468.254,-735.986,-1.584,6.283,1607.595,-0.015
-5467.968,-712.861,-1.584,8.312,1609.231,-0.013
-5467.592,-690.560,-1.584,10.955,1602.146,-0.009
-5467.235,-668.922,-1.582,13.019,1589.282,0.004
-5467.082,-647.980,-1.581,12.680,1571.140,0.019
-5467.030,-627.499,-1.580,11.356,1550.922,0.020
-5466.830,-607.138,-1.579,11.743,1532.444,0.028
-5466.607,-587.192,-1.579,12.313,1512.411,0.026
-5466.326,-567.222,-1.579,13.397,1495.576,0.023
-5466.029,-547.485,-1.579,14.479,1478.806,0.019
-5466.228,-527.964,-1.579,10.300,1462.285,0.019
-5466.268,-508.435,-1.577,8.378,1448.278,0.030
-5466.338,-489.005,-1.578,6.419,1435.308,0.022
-5466.312,-469.365,-1.578,5.752,1426.410,0.019
-5466.389,-449.532,-1.578,4.105,1420.806,0.014
-5464.771,-423.588,-1.579,20.155,1478.945,0.004
-5463.445,-398.387,-1.579,30.844,1520.877,0.002
-5462.337,-374.044,-1.579,37.716,1547.809,0.000
-5461.507,-350.430,-1.579,40.710,1563.276,-0.004
-5460.817,-327.454,-1.579,41.833,1569.896,-0.001
-5458.634,-298.987,-1.579,58.150,1632.078,0.005
-5456.710,-271.962,-1.578,69.400,1670.268,0.011
-5455.026,-246.189,-1.577,76.538,1689.946,0.017
-5453.755,-221.620,-1.578,78.360,1694.343,0.008
-5452.677,-198.077,-1.577,77.939,1687.531,0.015
-5451.863,-175.610,-1.577,74.851,1670.635,0.010
-5451.438,-153.830,-1.577,68.223,1649.167,0.009
-5451.030,-132.788,-1.576,62.395,1623.249,0.016
-5450.907,-112.241,-1.575,54.485,1596.048,0.026
-5450.754,-91.787,-1.575,48.045,1571.883,0.022
-5450.895,-71.636,-1.573,39.528,1548.166,0.034
-5451.318,-51.681,-1.572,29.361,1525.912,0.040
-5451.721,-31.672,-1.573,20.890,1507.480,0.025
-5452.103,-11.674,-1.574,13.884,1491.661,0.016
-5452.391,8.551,-1.576,8.881,1480.489,-0.008
-5452.578,28.747,-1.578,5.653,1470.679,-0.028
-5453.111,48.766,-1.580,-0.671,1460.472,-0.040
-5453.238,68.748,-1.582,-1.881,1451.394,-0.049
-5453.437,88.591,-1.582,-3.645,1442.224,-0.046
-5453.469,108.566,-1.582,-3.443,1435.756,-0.039
-5453.413,128.138,-1.583,-2.363,1426.088,-0.047
-5453.535,147.364,-1.586,-3.274,1414.281,-0.064
-5453.929,166.279,-1.588,-6.843,1401.014,-0.069
-5454.271,185.178,-1.590,-9.357,1389.527,-0.080
-5454.341,203.688,-1.592,-8.704,1375.737,-0.085
-5454.328,221.896,-1.593,-7.291,1360.858,-0.086
-5454.300,239.892,-1.595,-5.934,1345.981,-0.096
-5454.457,257.703,-1.595,-6.668,1331.386,-0.078
-5454.639,275.598,-1.599,-7.569,1319.813,-0.103
-5454.938,293.166,-1.601,-9.534,1306.563,-0.106
-5455.098,310.601,-1.603,-9.779,1293.901,-0.115
-5455.189,328.082,-1.604,-9.280,1283.574,-0.103
-5455.363,345.487,-1.604,-9.697,1273.980,-0.086
-5455.373,362.805,-1.604,-8.372,1264.902,-0.078
-5455.447,380.015,-1.603,-7.906,1256.054,-0.055
-5455.353,396.762,-1.602,-5.774,1243.735,-0.033
-5455.630,413.526,-1.600,-7.781,1233.404,-0.010
-5455.680,430.097,-1.599,-7.148,1222.599,-0.003
-5456.055,446.137,-1.597,-9.959,1207.922,0.021
-5456.542,461.884,-1.595,-13.513,1192.383,0.030
-5456.951,481.557,-1.597,-15.731,1219.553,0.013
-5457.230,500.156,-1.596,-16.291,1231.671,0.017
-5457.446,518.009,-1.596,-16.122,1234.322,0.016
-5457.699,535.200,-1.597,-16.352,1229.766,0.000
-5457.822,551.570,-1.599,-15.213,1217.437,-0.019
-5458.175,567.729,-1.599,-16.610,1204.747,-0.012
-5458.309,583.516,-1.601,-15.540,1190.084,-0.030
-5458.505,598.662,-1.602,-15.280,1170.991,-0.041
-5458.581,613.393,-1.601,-13.813,1150.428,-0.025
-5458.747,627.519,-1.601,-13.486,1126.658,-0.016
-5458.948,641.296,-1.599,-13.576,1102.796,0.004
-5458.934,654.485,-1.598,-11.440,1076.391,0.012
-5459.182,667.373,-1.597,-12.307,1050.766,0.020
-5459.550,679.969,-1.597,-14.291,1025.902,0.021
-5459.727,692.092,-1.595,-14.002,999.830,0.032
-5460.189,704.267,-1.595,-16.708,978.120,0.030
-5460.246,719.595,-1.595,-14.831,992.073,0.024
-5460.383,734.057,-1.596,-14.067,995.052,0.010
-5460.584,748.305,-1.597,-14.065,995.390,-0.002
-5460.760,761.716,-1.597,-13.807,987.061,0.005
-5460.848,774.549,-1.595,-12.680,974.010,0.018
-5460.880,786.538,-1.594,-11.144,954.195,0.029
-5460.917,797.940,-1.591,-9.888,931.238,0.047
-5460.916,808.632,-1.590,-8.423,904.354,0.054
-5460.808,819.052,-1.591,-6.071,878.625,0.039
-5460.813,828.957,-1.591,-5.238,851.379,0.027
-5460.817,838.547,-1.593,-4.508,824.901,0.007
-5460.805,848.084,-1.595,-3.713,801.764,-0.012
-5460.798,857.157,-1.597,-3.099,777.250,-0.027
-5461.108,866.396,-1.598,-5.836,758.054,-0.039
-5461.035,875.598,-1.597,-4.222,741.307,-0.025
-5461.018,885.033,-1.599,-3.429,729.415,-0.038
-5461.228,894.418,-1.599,-5.081,718.758,-0.034
-5461.427,903.602,-1.602,-6.391,707.595,-0.049
-5461.522,912.319,-1.601,-6.426,693.268,-0.041
-5461.594,920.602,-1.601,-6.225,676.583,-0.033
-5461.574,928.679,-1.601,-5.100,660.238,-0.028
-5461.692,936.457,-1.602,-5.568,643.206,-0.030
-5461.720,943.867,-1.602,-5.034,624.892,-0.031
-5461.913,950.992,-1.602,-6.279,606.349,-0.021
-5462.187,957.869,-1.602,-8.178,587.965,-0.019
-5462.243,964.611,-1.601,-7.552,570.900,-0.005
-5462.116,971.394,-1.601,-5.138,556.773,-0.011
-5462.055,978.272,-1.600,-3.752,545.701,0.002
-5461.985,985.026,-1.600,-2.479,534.972,0.005
-5461.853,991.568,-1.599,-0.751,523.647,0.014
-5461.917,997.781,-1.597,-1.303,510.598,0.033
-5461.921,1003.642,-1.596,-1.156,495.833,0.032
-5461.802,1008.838,-1.594,0.241,476.410,0.046
-5461.872,1013.784,-1.592,-0.510,457.265,0.062
-5461.878,1018.420,-1.591,-0.499,437.743,0.065
-5461.842,1022.686,-1.593,-0.052,417.277,0.035
-5461.842,1026.918,-1.596,-0.044,399.479,0.002
-5462.001,1031.039,-1.596,-1.685,383.151,-0.005
-5461.995,1035.364,-1.596,-1.367,371.328,-0.004
-5461.917,1039.936,-1.596,-0.363,363.785,0.001
-5461.815,1044.259,-1.597,0.733,354.792,-0.009
-5461.779,1048.666,-1.599,0.998,347.978,-0.026
-5461.792,1053.288,-1.600,0.727,344.387,-0.033
-5461.833,1057.505,-1.601,0.185,337.147,-0.039
-5461.800,1061.327,-1.601,0.499,326.917,-0.028
-5461.701,1064.675,-1.599,1.453,313.302,-0.008
-5461.680,1067.762,-1.598,1.452,299.009,0.004
-5461.665,1070.104,-1.598,1.400,279.146,-0.000
-5461.641,1072.245,-1.597,1.432,260.132,0.007
-5461.881,1073.828,-1.599,-1.251,238.165,-0.012
-5462.175,1075.680,-1.600,-4.086,222.213,-0.014
-5462.167,1077.528,-1.601,-3.413,208.551,-0.021
-5462.308,1079.787,-1.600,-4.355,201.141,-0.013
-5462.400,1081.764,-1.601,-4.662,191.913,-0.020
-5462.474,1084.073,-1.599,-4.736,187.457,0.001
-5462.502,1086.320,-1.599,-4.333,183.017,0.001
-5462.535,1088.514,-1.600,-4.030,178.686,-0.005
-5462.511,1090.159,-1.601,-3.197,169.348,-0.013
-5462.406,1091.055,-1.600,-1.641,153.662,-0.007
-5462.210,1091.098,-1.601,0.612,131.511,-0.016
-5462.123,1090.685,-1.601,1.421,107.921,-0.013
-5462.113,1089.948,-1.600,1.316,84.461,0.002
-5462.007,1088.932,-1.599,2.215,61.573,0.009
-5462.025,1087.761,-1.598,1.702,40.470,0.020
-5461.961,1086.825,-1.597,2.115,24.876,0.026
-5461.885,1085.977,-1.597,2.586,12.487,0.025
-5461.981,1085.428,-1.595,1.209,5.001,0.033
-5461.924,1084.922,-1.596,1.622,-0.943,0.024
-5462.042,1084.590,-1.594,0.175,-4.226,0.036
-5461.974,1084.310,-1.594,0.849,-6.479,0.035
-5461.971,1083.685,-1.595,0.748,-11.963,0.018
-5462.063,1082.845,-1.598,-0.309,-18.849,-0.011
-5462.070,1081.441,-1.599,-0.332,-30.530,-0.020
-5462.104,1079.461,-1.601,-0.634,-46.426,-0.038
-5462.210,1077.040,-1.600,-1.632,-64.519,-0.018
-5462.376,1074.029,-1.601,-3.098,-86.030,-0.026
-5462.462,1070.915,-1.601,-3.528,-105.433,-0.020
-5462.729,1067.518,-1.599,-5.768,-124.901,-0.004
-5463.042,1064.285,-1.599,-8.136,-139.817,-0.007
-5463.291,1060.970,-1.601,-9.503,-153.380,-0.020
-5463.569,1057.905,-1.600,-10.970,-162.375,-0.008
-5463.785,1054.796,-1.600,-11.575,-170.498,-0.009
-5463.936,1051.910,-1.600,-11.427,-175.141,-0.005
-5464.237,1049.250,-1.600,-12.844,-176.767,-0.004
-5464.460,1046.343,-1.599,-13.252,-180.694,0.001
-5464.722,1043.183,-1.599,-14.002,-186.650,0.006
-5464.872,1039.804,-1.598,-13.489,-193.983,0.015
-5465.231,1035.710,-1.597,-15.198,-207.609,0.018
-5465.549,1031.010,-1.599,-16.235,-225.453,0.003
-5465.981,1026.000,-1.600,-18.295,-243.879,-0.009
-5466.361,1020.551,-1.602,-19.518,-264.108,-0.032
-5466.824,1015.150,-1.605,-21.410,-280.865,-0.052
-5467.154,1009.465,-1.605,-21.664,-298.088,-0.046
-5467.434,1003.622,-1.604,-21.358,-314.397,-0.029
-5467.872,997.848,-1.603,-22.722,-327.599,-0.012
-5468.401,992.238,-1.602,-24.830,-337.175,-0.006
-5468.664,986.680,-1.603,-23.887,-344.803,-0.013
-5468.969,981.073,-1.604,-23.509,-351.820,-0.023
-5469.331,975.488,-1.606,-23.780,-357.579,-0.030
-5469.770,969.440,-1.606,-24.806,-367.247,-0.028
-5470.100,963.074,-1.606,-24.547,-378.772,-0.026
-5470.577,956.376,-1.605,-25.852,-392.023,-0.014
-5471.081,949.418,-1.606,-27.237,-406.000,-0.024
-5471.422,942.083,-1.606,-26.747,-421.803,-0.020
-5472.044,934.510,-1.607,-29.217,-437.736,-0.022
-5472.594,926.690,-1.608,-30.578,-453.860,-0.028
-5473.031,918.629,-1.610,-30.581,-470.101,-0.042
-5473.607,910.507,-1.611,-32.013,-484.576,-0.044
-5474.173,902.487,-1.611,-33.136,-495.871,-0.039
-5474.570,894.100,-1.610,-32.347,-509.285,-0.023
-5474.955,885.861,-1.609,-31.549,-519.211,-0.013
-5475.474,877.600,-1.611,-32.253,-527.888,-0.034
-5475.770,869.108,-1.612,-30.563,-537.682,-0.032
-5476.188,860.291,-1.613,-30.371,-549.377,-0.036
-5476.602,851.170,-1.614,-30.164,-562.470,-0.040
-5477.053,841.778,-1.614,-30.374,-576.440,-0.036
-5477.379,832.185,-1.614,-29.263,-590.422,-0.031
-5477.910,822.103,-1.612,-30.424,-607.380,-0.009
-5478.521,811.932,-1.611,-32.244,-622.764,-0.001
-5479.145,801.615,-1.610,-33.920,-637.381,0.008
-5479.707,791.045,-1.609,-34.713,-652.462,0.024
-5480.203,780.170,-1.607,-34.715,-668.465,0.033
-5480.687,769.613,-1.606,-34.597,-678.829,0.043
-5481.241,758.899,-1.604,-35.211,-689.294,0.052
-5481.662,748.113,-1.603,-34.367,-698.962,0.054
-5482.452,737.333,-1.604,-37.443,-707.147,0.041
-5483.177,726.328,-1.604,-39.401,-716.439,0.029
-5483.844,714.998,-1.605,-40.472,-727.713,0.014
-5484.403,703.535,-1.606,-40.277,-738.704,0.008
-5485.144,691.881,-1.604,-41.978,-750.035,0.023
-5486.234,676.674,-1.603,-47.027,-796.279,0.029
-5487.188,661.621,-1.603,-49.934,-834.139,0.024
-5488.149,646.521,-1.601,-52.485,-866.914,0.037
-5489.231,631.961,-1.603,-55.902,-889.310,0.021
-5490.130,617.522,-1.603,-56.937,-907.171,0.013
-5490.899,603.147,-1.605,-56.481,-921.743,-0.004
-5491.478,588.912,-1.604,-54.137,-932.728,-0.001
-5492.260,574.915,-1.603,-54.226,-939.644,0.011
-5493.274,561.267,-1.604,-56.691,-941.964,-0.001
-5494.142,547.603,-1.604,-57.280,-944.093,-0.001
-5495.165,534.122,-1.603,-59.388,-944.029,0.011
-5496.077,520.732,-1.603,-60.043,-943.045,0.012
-5496.921,507.441,-1.602,-59.906,-941.177,0.016
-5497.900,494.418,-1.602,-61.179,-936.827,0.014
-5498.885,481.404,-1.600,-62.313,-933.032,0.031
-5499.791,468.547,-1.597,-62.476,-928.173,0.053
-5500.354,455.636,-1.598,-59.091,-924.583,0.043
-5501.080,442.604,-1.594,-57.867,-922.768,0.070
-5501.721,429.589,-1.595,-55.961,-921.041,0.049
-5502.453,416.156,-1.594,-55.267,-923.882,0.049
-5502.815,402.609,-1.595,-50.864,-927.463,0.036
-5503.375,388.770,-1.596,-49.153,-933.532,0.024
-5503.935,374.391,-1.595,-47.689,-944.271,0.024
-5504.483,359.958,-1.595,-46.312,-953.982,0.021
-5505.042,345.106,-1.593,-45.259,-966.583,0.044
-5505.474,330.009,-1.592,-43.045,-979.847,0.040
-5505.974,314.749,-1.592,-41.863,-992.840,0.041
-5506.318,299.465,-1.590,-39.251,-1004.166,0.046
-5506.625,284.008,-1.591,-36.633,-1015.612,0.032
-5507.057,268.517,-1.592,-35.697,-1025.726,0.016
-5507.353,252.952,-1.590,-33.491,-1035.115,0.032
-5507.827,237.510,-1.590,-33.449,-1041.852,0.028
-5508.190,221.716,-1.589,-32.273,-1051.227,0.039
-5508.613,206.012,-1.587,-31.876,-1058.295,0.049
-5509.297,190.013,-1.589,-34.231,-1067.357,0.026
-5509.953,174.343,-1.588,-35.947,-1071.698,0.028
-5510.641,158.422,-1.588,-37.742,-1077.990,0.026
-5511.293,142.761,-1.587,-38.911,-1080.679,0.027
-5511.988,126.746,-1.587,-40.343,-1086.615,0.027
-5512.668,110.778,-1.585,-41.411,-1091.203,0.042
-5513.298,94.746,-1.584,-41.804,-1095.766,0.049
-5513.854,79.062,-1.583,-41.372,-1096.073,0.046
-5514.308,63.342,-1.583,-39.969,-1096.710,0.041
-5514.837,47.832,-1.583,-39.539,-1095.094,0.038
-5515.602,32.491,-1.583,-41.590,-1091.966,0.033
-5516.497,16.927,-1.583,-44.690,-1091.603,0.024
-5517.463,1.350,-1.583,-48.065,-1091.426,0.024
-5518.182,-14.164,-1.581,-48.399,-1090.627,0.033
-5518.832,-29.714,-1.582,-47.972,-1090.312,0.025
-5519.515,-45.249,-1.582,-47.944,-1089.894,0.021
-5520.159,-60.835,-1.582,-47.528,-1090.052,0.017
-5520.707,-76.569,-1.581,-46.176,-1091.725,0.024
-5521.185,-92.483,-1.581,-44.303,-1094.992,0.020
-5521.682,-108.281,-1.581,-42.904,-1096.590,0.019
-5522.157,-124.040,-1.580,-41.493,-1097.559,0.019
-5522.605,-139.850,-1.580,-40.004,-1098.899,0.021
-5522.989,-155.410,-1.579,-38.069,-1097.474,0.024
-5523.526,-171.127,-1.579,-38.001,-1097.869,0.019
-5524.239,-186.922,-1.580,-39.749,-1099.017,0.014
-5524.815,-202.733,-1.580,-39.833,-1100.159,0.009
-5525.373,-218.361,-1.581,-39.721,-1099.242,0.000
-5526.031,-234.167,-1.583,-40.652,-1100.306,-0.017
-5526.704,-249.934,-1.584,-41.598,-1100.798,-0.024
-5527.302,-265.594,-1.584,-41.645,-1100.126,-0.020
-5528.106,-281.179,-1.584,-43.796,-1098.772,-0.024
-5530.441,-306.256,-1.586,-61.393,-1195.338,-0.035
-5532.590,-329.776,-1.587,-74.481,-1261.679,-0.044
-5534.490,-352.040,-1.589,-83.092,-1305.330,-0.051
-5536.284,-372.948,-1.589,-89.338,-1328.598,-0.046
-5537.763,-392.763,-1.589,-91.428,-1337.191,-0.041
-5539.186,-411.671,-1.589,-92.626,-1335.184,-0.036
-5540.600,-429.588,-1.589,-93.563,-1323.274,-0.027
-5543.373,-456.741,-1.589,-108.349,-1408.198,-0.021
-5545.680,-481.697,-1.589,-116.166,-1458.013,-0.022
-5547.974,-504.533,-1.590,-122.700,-1478.672,-0.025
-5549.937,-525.719,-1.590,-124.861,-1479.310,-0.023
-5551.557,-545.492,-1.590,-123.175,-1465.316,-0.020
-5552.774,-564.005,-1.591,-117.586,-1440.401,-0.027
-5554.009,-581.343,-1.591,-113.011,-1407.057,-0.026
-5555.212,-597.613,-1.593,-108.777,-1367.613,-0.034
-5556.307,-613.510,-1.594,-104.051,-1330.142,-0.039
-5557.415,-628.955,-1.595,-100.153,-1293.522,-0.045
-5558.354,-643.854,-1.596,-95.094,-1256.669,-0.053
-5559.228,-658.637,-1.597,-90.101,-1224.043,-0.048
-5559.973,-673.394,-1.598,-84.525,-1195.945,-0.053
-5560.821,-688.136,-1.598,-80.819,-1171.823,-0.041
-5561.658,-702.608,-1.597,-77.548,-1148.473,-0.030
-5562.504,-717.259,-1.597,-74.856,-1130.393,-0.025
-5563.477,-732.131,-1.596,-73.860,-1117.255,-0.016
-5564.190,-746.929,-1.596,-70.347,-1105.288,-0.007
-5565.012,-761.933,-1.596,-68.459,-1097.194,-0.006
-5565.879,-776.849,-1.594,-67.314,-1089.388,0.008
-5566.710,-791.776,-1.593,-65.973,-1082.847,0.018
-5567.626,-806.680,-1.593,-65.698,-1077.028,0.017
-5568.748,-825.979,-1.592,-67.584,-1117.308,0.020
-5569.853,-844.971,-1.592,-69.017,-1148.504,0.022
-5570.729,-863.558,-1.593,-67.894,-1170.953,0.012
-5571.770,-882.000,-1.592,-68.625,-1188.593,0.013
-5572.728,-900.225,-1.594,-68.396,-1201.415,-0.005
-5573.669,-918.468,-1.595,-68.027,-1212.527,-0.016
-5574.501,-936.576,-1.596,-66.581,-1220.621,-0.021
-5575.461,-954.752,-1.597,-66.674,-1228.231,-0.028
-5576.285,-972.804,-1.597,-65.346,-1233.429,-0.025
-5577.536,-990.813,-1.598,-68.620,-1237.433,-0.028
-5578.713,-1008.695,-1.598,-70.643,-1239.538,-0.026
-5579.778,-1027.004,-1.598,-71.216,-1245.731,-0.022
-5580.742,-1045.240,-1.598,-70.669,-1250.261,-0.018
-5581.526,-1063.276,-1.599,-68.353,-1252.056,-0.024
-5582.632,-1081.395,-1.600,-69.681,-1254.451,-0.027
-5583.556,-1099.593,-1.600,-68.947,-1257.308,-0.028
-5584.287,-1117.689,-1.602,-66.335,-1258.696,-0.038
-5585.088,-1135.808,-1.602,-64.828,-1260.111,-0.036
-5586.051,-1153.860,-1.603,-65.201,-1260.630,-0.037
-5586.987,-1172.040,-1.602,-65.246,-1262.390,-0.028
-5588.022,-1190.457,-1.602,-66.310,-1266.326,-0.019
-5588.983,-1209.015,-1.600,-66.446,-1271.147,0.003
-5590.016,-1227.187,-1.598,-67.308,-1271.274,0.016
-5591.028,-1245.475,-1.597,-67.828,-1272.583,0.031
-5592.140,-1263.596,-1.596,-69.303,-1271.976,0.028
-5593.199,-1281.947,-1.595,-70.016,-1273.832,0.038
-5594.564,-1304.881,-1.595,-73.774,-1322.588,0.033
-5595.647,-1326.845,-1.595,-74.071,-1354.188,0.027
-5596.710,-1348.282,-1.595,-74.119,-1375.720,0.025
-5597.938,-1369.166,-1.595,-75.862,-1388.388,0.018
-5599.263,-1394.670,-1.594,-78.340,-1446.759,0.023
-5600.474,-1419.273,-1.593,-79.291,-1487.274,0.033
-5601.804,-1442.644,-1.592,-81.322,-1509.138,0.035
-5603.002,-1465.353,-1.592,-81.693,-1520.978,0.030
-5604.280,-1487.476,-1.592,-82.830,-1525.043,0.024
-5605.375,-1509.121,-1.594,-81.931,-1523.591,0.007
-5606.456,-1530.313,-1.594,-81.007,-1517.680,0.005
-5607.676,-1551.067,-1.596,-81.652,-1508.139,-0.016
-5608.738,-1571.606,-1.598,-80.573,-1497.787,-0.032
-5609.874,-1591.915,-1.599,-80.420,-1486.585,-0.036
-5610.998,-1612.254,-1.599,-80.164,-1477.338,-0.036
-5612.461,-1632.554,-1.600,-83.438,-1469.048,-0.036
-5613.651,-1653.008,-1.599,-83.418,-1463.568,-0.023
-5614.566,-1673.437,-1.598,-80.569,-1458.636,-0.009
-5615.540,-1694.015,-1.596,-78.745,-1455.965,0.008
-5616.684,-1714.578,-1.597,-78.943,-1453.537,0.003
-5617.828,-1735.035,-1.598,-79.109,-1450.360,-0.006
-5618.980,-1755.437,-1.598,-79.340,-1447.092,-0.008
-5619.953,-1776.025,-1.598,-77.687,-1446.223,-0.005
-5621.011,-1796.561,-1.599,-77.150,-1444.945,-0.013
-5622.353,-1817.396,-1.600,-79.619,-1446.926,-0.022
-5623.861,-1843.647,-1.600,-83.431,-1504.380,-0.022
-5625.436,-1869.064,-1.600,-87.381,-1544.796,-0.014
-5626.819,-1893.802,-1.599,-88.763,-1572.279,-0.004
-5628.226,-1917.757,-1.598,-90.191,-1587.651,0.003
-5629.357,-1941.197,-1.597,-88.576,-1595.472,0.009
-5630.646,-1964.012,-1.597,-88.823,-1595.700,0.015
-5631.907,-1986.250,-1.597,-88.735,-1589.958,0.014
-5632.869,-2007.997,-1.595,-85.587,-1580.014,0.022
-5634.011,-2029.248,-1.594,-84.755,-1566.417,0.028
-5635.031,-2050.265,-1.594,-82.791,-1552.414,0.026
-5635.954,-2071.050,-1.594,-80.120,-1538.074,0.026
-5637.017,-2091.914,-1.594,-79.283,-1526.668,0.022
-5638.208,-2112.513,-1.594,-79.889,-1514.200,0.022
-5639.378,-2132.852,-1.593,-80.183,-1500.900,0.024
-5640.215,-2153.084,-1.593,-77.006,-1488.448,0.025
-5641.294,-2173.306,-1.592,-76.792,-1477.727,0.024
-5642.332,-2193.720,-1.593,-76.177,-1470.556,0.015
-5643.315,-2214.227,-1.593,-75.101,-1465.403,0.015
-5644.432,-2234.824,-1.593,-75.544,-1461.931,0.011
-5645.460,-2255.240,-1.593,-75.023,-1457.106,0.011
-5646.595,-2275.810,-1.592,-75.670,-1454.565,0.012
-5647.775,-2296.217,-1.592,-76.691,-1450.734,0.011
-5648.905,-2316.795,-1.593,-77.050,-1449.222,0.006
-5649.954,-2337.301,-1.592,-76.511,-1447.195,0.013
-5650.943,-2357.999,-1.591,-75.446,-1447.436,0.016
-5652.016,-2378.780,-1.592,-75.397,-1448.505,0.009
-5653.230,-2399.202,-1.591,-76.810,-1445.719,0.016
-5654.290,-2419.823,-1.589,-76.422,-1445.388,0.028
-5655.170,-2440.713,-1.589,-74.242,-1447.876,0.028
-5656.305,-2461.554,-1.589,-75.000,-1449.490,0.019
-5657.206,-2482.460,-1.589,-73.248,-1451.535,0.020
-5658.162,-2503.306,-1.589,-72.317,-1452.671,0.014
-5658.976,-2524.221,-1.589,-70.060,-1454.344,0.015
-5659.749,-2545.020,-1.589,-67.714,-1454.573,0.012
-5660.823,-2565.944,-1.589,-68.815,-1456.062,0.011
-5661.833,-2586.950,-1.590,-69.088,-1458.167,0.003
-5662.834,-2607.879,-1.589,-69.241,-1459.186,0.006
-5663.707,-2629.013,-1.588,-68.044,-1462.153,0.015
-5664.677,-2650.254,-1.587,-68.026,-1465.787,0.023
-5665.604,-2671.391,-1.587,-67.565,-1467.813,0.021
-5666.396,-2692.622,-1.586,-65.775,-1470.510,0.030
-5667.267,-2713.681,-1.587,-65.072,-1471.053,0.017
-5668.093,-2734.719,-1.589,-64.000,-1471.281,-0.008
-5668.943,-2755.772,-1.590,-63.347,-1471.646,-0.013
-5669.753,-2776.814,-1.591,-62.364,-1471.834,-0.025
-5670.472,-2797.737,-1.592,-60.593,-1470.772,-0.030
-5671.247,-2818.720,-1.594,-59.660,-1470.485,-0.041
-5672.086,-2839.423,-1.594,-59.524,-1467.349,-0.041
-5673.219,-2860.259,-1.595,-62.438,-1466.056,-0.040
-5674.107,-2880.991,-1.596,-62.400,-1463.878,-0.048
-5675.130,-2901.925,-1.596,-63.753,-1464.099,-0.041
-5676.179,-2922.895,-1.596,-65.176,-1464.655,-0.029
-5677.160,-2943.833,-1.595,-65.688,-1464.798,-0.020
-5678.172,-2964.879,-1.595,-66.446,-1466.039,-0.018
-5679.128,-2985.430,-1.596,-66.510,-1462.005,-0.018
-5680.182,-3005.927,-1.594,-67.576,-1457.993,-0.004
-5681.134,-3025.856,-1.594,-67.444,-1448.739,0.001
-5681.792,-3045.723,-1.593,-64.301,-1440.200,0.007
-5682.536,-3065.397,-1.593,-62.506,-1430.936,0.011
-5683.490,-3084.598,-1.592,-63.133,-1418.162,0.016
-5684.169,-3103.556,-1.591,-60.839,-1404.762,0.021
-5684.912,-3122.250,-1.589,-59.535,-1390.614,0.036
-5685.315,-3140.971,-1.588,-54.937,-1378.833,0.045
-5686.053,-3159.286,-1.585,-54.446,-1364.598,0.065
-5686.503,-3177.622,-1.585,-51.076,-1352.673,0.060
-5687.014,-3195.755,-1.583,-48.826,-1340.410,0.064
-5687.277,-3213.924,-1.582,-44.352,-1330.327,0.067
-5687.820,-3231.753,-1.580,-43.413,-1318.228,0.080
-5688.411,-3249.534,-1.579,-43.120,-1307.402,0.074
-5688.856,-3267.528,-1.579,-41.358,-1300.375,0.062
-5689.348,-3285.323,-1.579,-40.337,-1292.328,0.050
-5689.796,-3302.863,-1.579,-39.025,-1282.830,0.043
-5690.306,-3320.518,-1.580,-38.531,-1275.922,0.034
-5690.774,-3337.545,-1.581,-37.682,-1263.565,0.017
-5691.239,-3354.187,-1.582,-36.927,-1249.063,0.001
-5691.756,-3370.637,-1.583,-36.818,-1234.711,-0.005
-5692.312,-3386.868,-1.583,-37.123,-1220.217,-0.001
-5692.795,-3402.965,-1.581,-36.641,-1206.480,0.011
-5693.100,-3418.946,-1.580,-34.394,-1193.565,0.020
-5693.707,-3434.422,-1.580,-35.578,-1177.351,0.021
-5693.939,-3449.908,-1.581,-32.740,-1163.630,0.011
-5694.246,-3465.390,-1.580,-31.084,-1151.883,0.010
-5694.568,-3480.659,-1.581,-29.825,-1139.669,0.006
-5695.125,-3495.927,-1.582,-31.170,-1129.238,-0.009
-5695.536,-3511.166,-1.585,-30.818,-1120.043,-0.033
-5696.061,-3526.373,-1.587,-31.688,-1111.870,-0.052
-5696.332,-3541.404,-1.589,-29.824,-1103.096,-0.062
-5696.896,-3556.347,-1.592,-31.247,-1094.696,-0.078
-5697.420,-3574.141,-1.594,-32.045,-1116.885,-0.087
-5697.859,-3591.172,-1.595,-31.854,-1127.959,-0.081
-5698.274,-3607.204,-1.596,-31.440,-1127.121,-0.077
-5698.744,-3622.474,-1.595,-31.655,-1118.561,-0.059
-5699.148,-3637.274,-1.594,-31.158,-1106.413,-0.040
-5699.717,-3651.393,-1.592,-32.432,-1089.047,-0.015
-5699.691,-3664.978,-1.590,-27.398,-1068.734,0.004
-5699.984,-3678.158,-1.589,-26.380,-1047.245,0.013
-5700.772,-3691.039,-1.590,-30.617,-1025.839,0.004
-5701.200,-3703.591,-1.590,-30.516,-1004.188,0.002
-5701.515,-3716.078,-1.589,-29.269,-985.055,0.009
-5701.933,-3727.960,-1.589,-29.271,-962.515,0.007
-5702.171,-3739.512,-1.591,-27.414,-939.878,-0.009
-5702.589,-3750.584,-1.593,-27.690,-915.637,-0.025
-5702.905,-3761.036,-1.593,-26.867,-888.583,-0.021
-5703.471,-3771.553,-1.592,-28.743,-866.169,-0.013
-5704.042,-3781.724,-1.593,-30.397,-843.487,-0.015
-5704.485,-3791.520,-1.593,-30.485,-820.289,-0.017
-5704.799,-3801.095,-1.592,-29.237,-798.218,-0.006
-5705.001,-3810.753,-1.592,-27.011,-780.256,0.001
-5705.429,-3820.409,-1.591,-27.448,-764.911,0.004
-5706.084,-3829.895,-1.590,-30.155,-750.078,0.016
-5706.703,-3839.710,-1.589,-32.090,-740.805,0.026
-5707.270,-3849.854,-1.588,-33.204,-736.281,0.027
-5707.733,-3859.782,-1.587,-33.098,-730.210,0.029
-5708.318,-3869.385,-1.586,-34.246,-721.683,0.035
-5709.050,-3878.705,-1.586,-36.749,-711.487,0.035
-5709.549,-3887.599,-1.587,-36.482,-698.413,0.023
-5709.824,-3895.856,-1.587,-33.939,-680.705,0.016
-5710.434,-3903.924,-1.588,-35.234,-663.652,0.002
-5710.887,-3911.744,-1.587,-34.718,-646.552,0.008
-5711.030,-3919.088,-1.586,-31.080,-627.074,0.016
-5711.413,-3926.323,-1.586,-30.455,-609.336,0.015
-5711.870,-3933.252,-1.587,-30.674,-591.050,0.007
-5712.147,-3940.110,-1.587,-29.022,-574.728,0.005
-5712.673,-3947.000,-1.587,-30.163,-561.140,0.002
-5713.003,-3954.150,-1.589,-29.127,-552.219,-0.019
-5713.262,-3961.304,-1.591,-27.513,-544.651,-0.035
-5713.399,-3968.109,-1.592,-24.876,-534.612,-0.038
-5713.595,-3974.756,-1.593,-23.234,-524.410,-0.040
-5713.801,-3980.741,-1.594,-21.934,-508.906,-0.039
-5713.952,-3986.451,-1.594,-20.263,-492.848,-0.035
-5714.083,-3991.608,-1.595,-18.639,-473.452,-0.040
-5714.271,-3996.510,-1.594,-17.827,-454.286,-0.026
-5714.590,-4001.168,-1.593,-18.495,-435.432,-0.014
-5714.872,-4005.417,-1.592,-18.675,-415.139,-0.000
-5714.984,-4009.557,-1.590,-17.077,-396.698,0.018
-5715.022,-4013.620,-1.589,-14.960,-380.187,0.030
-5714.826,-4018.046,-1.587,-10.741,-369.838,0.044
-5714.586,-4022.213,-1.586,-6.695,-358.342,0.046
-5714.501,-4026.563,-1.585,-4.839,-350.434,0.045
-5714.319,-4030.736,-1.585,-2.248,-341.847,0.036
-5714.206,-4034.961,-1.585,-0.753,-335.076,0.034
-5714.411,-4038.523,-1.586,-2.747,-322.459,0.023
-5714.497,-4041.693,-1.587,-3.229,-307.677,0.006
-5714.542,-4044.092,-1.587,-3.218,-287.126,0.005
-5714.714,-4045.917,-1.586,-4.517,-263.681,0.010
-5714.584,-4047.435,-1.584,-2.516,-240.527,0.027
-5714.807,-4048.887,-1.583,-4.440,-220.108,0.036
-5714.787,-4050.302,-1.581,-3.581,-202.308,0.047
-5714.729,-4051.968,-1.580,-2.456,-189.702,0.056
-5714.916,-4053.875,-1.579,-4.025,-181.430,0.055
-5714.715,-4056.202,-1.578,-1.366,-178.711,0.053
-5714.782,-4058.582,-1.578,-1.855,-176.928,0.045
-5714.762,-4060.798,-1.579,-1.377,-173.717,0.032
-5714.615,-4062.741,-1.580,0.347,-168.170,0.020
-5714.664,-4064.055,-1.581,-0.208,-156.968,0.008
-5714.660,-4064.215,-1.582,-0.136,-135.527,-0.005
-5714.290,-4063.821,-1.583,3.686,-111.540,-0.014
-5714.102,-4063.127,-1.584,5.080,-87.997,-0.024
-5714.039,-4062.126,-1.584,4.982,-64.748,-0.022
-5714.000,-4061.032,-1.584,4.648,-43.960,-0.018
-5713.786,-4059.860,-1.584,6.169,-25.432,-0.013
-5713.660,-4058.871,-1.585,6.559,-11.511,-0.020
-5713.562,-4058.213,-1.584,6.606,-3.047,-0.012
-5713.622,-4057.692,-1.585,5.020,2.762,-0.016
-5713.619,-4057.300,-1.585,4.310,6.395,-0.013
-5713.670,-4056.653,-1.586,3.146,12.113,-0.020
-5713.830,-4055.781,-1.587,1.047,19.312,-0.026
-5713.868,-4054.328,-1.587,0.500,31.434,-0.028
-5713.939,-4051.805,-1.587,-0.308,52.785,-0.016
-5713.961,-4048.797,-1.587,-0.489,75.988,-0.019
-5714.224,-4045.576,-1.587,-3.128,97.969,-0.010
-5714.159,-4042.347,-1.586,-1.999,116.797,-0.003
-5714.326,-4038.949,-1.585,-3.425,134.600,0.005
-5714.523,-4035.799,-1.585,-4.946,147.242,0.009
-5714.700,-4032.510,-1.584,-6.039,159.449,0.013
-5714.736,-4029.405,-1.586,-5.524,167.962,-0.002
-5714.725,-4026.666,-1.587,-4.594,171.450,-0.014
-5714.770,-4024.019,-1.587,-4.383,173.486,-0.010
-5714.575,-4021.495,-1.587,-1.729,173.962,-0.009
-5714.539,-4018.790,-1.585,-1.104,176.220,0.005
-5714.653,-4015.543,-1.584,-2.121,183.736,0.018
-5714.897,-4011.510,-1.583,-4.319,198.234,0.027
-5714.875,-4007.048,-1.582,-3.456,215.013,0.031
-5715.113,-4002.048,-1.581,-5.398,234.863,0.033
-5715.346,-3996.831,-1.581,-7.009,254.029,0.030
-5715.543,-3991.427,-1.582,-8.003,272.302,0.020
-5715.584,-3986.027,-1.581,-7.253,287.851,0.025
-5716.024,-3980.513,-1.581,-10.712,302.274,0.017
-5716.379,-3975.047,-1.580,-12.793,314.091,0.024
-5716.596,-3969.579,-1.579,-13.142,324.192,0.033
-5716.721,-3964.285,-1.578,-12.492,331.011,0.032
-5716.993,-3958.767,-1.578,-13.462,339.142,0.027
-5717.245,-3953.265,-1.578,-14.073,345.906,0.028
-5717.697,-3947.687,-1.578,-16.658,352.459,0.023
-5717.969,-3941.625,-1.577,-17.005,363.035,0.027
-5718.212,-3933.175,-1.577,-17.008,396.626,0.022
-5718.694,-3924.449,-1.576,-19.472,428.132,0.031
-5718.948,-3915.628,-1.576,-19.220,455.971,0.031
-5719.020,-3906.838,-1.575,-17.130,479.411,0.033
-5718.952,-3897.995,-1.575,-13.913,499.935,0.023
-5719.049,-3889.360,-1.577,-12.873,515.305,0.009
-5719.043,-3880.892,-1.578,-10.916,526.702,-0.003
-5719.004,-3872.519,-1.578,-8.912,535.432,-0.001
-5719.353,-3864.514,-1.577,-11.189,539.103,0.001
-5719.370,-3856.246,-1.577,-9.717,544.929,0.002
-5719.237,-3848.394,-1.577,-6.918,545.627,-0.000
-5719.417,-3840.338,-1.578,-7.751,548.318,-0.010
-5719.432,-3831.846,-1.577,-6.773,555.101,0.002
-5719.283,-3823.023,-1.579,-4.244,564.289,-0.010
-5719.378,-3813.772,-1.579,-4.593,576.536,-0.014
-5719.274,-3804.408,-1.579,-2.853,588.147,-0.011
-5719.251,-3794.524,-1.580,-2.190,603.409,-0.014
-5719.349,-3784.621,-1.580,-2.873,616.614,-0.018
-5719.136,-3774.537,-1.580,-0.260,629.739,-0.012
-5718.917,-3764.373,-1.580,2.034,641.762,-0.010
-5718.807,-3754.077,-1.578,2.869,653.373,0.007
-5718.589,-3743.872,-1.577,4.686,662.346,0.021
-5718.297,-3733.371,-1.575,7.006,673.041,0.035
-5718.220,-3723.314,-1.572,6.765,677.590,0.053
-5718.535,-3713.202,-1.571,2.533,682.032,0.055
-5718.360,-3702.837,-1.571,3.951,688.433,0.055
-5718.309,-3692.080,-1.570,3.901,697.932,0.051
-5718.346,-3680.779,-1.570,2.944,711.626,0.048
-5718.362,-3669.141,-1.569,2.350,726.784,0.045
-5718.494,-3657.574,-1.568,0.642,738.974,0.054
-5718.575,-3645.817,-1.566,-0.289,751.324,0.057
-5718.481,-3633.362,-1.566,0.722,769.059,0.054
-5718.762,-3621.044,-1.567,-2.276,782.760,0.037
-5719.038,-3608.471,-1.568,-4.775,797.079,0.021
-5719.274,-3595.828,-1.569,-6.511,810.006,0.009
-5719.624,-3582.770,-1.569,-9.153,825.310,0.009
-5719.947,-3570.012,-1.569,-11.132,835.272,0.004
-5720.147,-3557.251,-1.569,-11.561,843.801,0.006
-5720.251,-3544.316,-1.567,-10.923,852.870,0.022
-5720.981,-3531.479,-1.565,-16.832,859.595,0.037
-5721.355,-3518.637,-1.564,-18.207,865.382,0.044
-5721.761,-3505.459,-1.562,-19.705,873.772,0.051
-5722.310,-3491.653,-1.561,-22.457,887.400,0.056
-5722.429,-3477.612,-1.560,-20.383,901.446,0.054
-5722.519,-3463.594,-1.559,-18.314,913.182,0.057
-5722.813,-3448.862,-1.560,-18.652,930.540,0.045
-5723.060,-3434.215,-1.560,-18.450,944.477,0.030
-5723.351,-3419.244,-1.561,-18.725,959.696,0.023
-5723.573,-3400.556,-1.562,-18.259,1010.948,0.006
-5724.141,-3382.320,-1.564,-21.420,1050.003,-0.016
-5724.903,-3364.395,-1.567,-26.121,1080.112,-0.041
-5725.253,-3347.123,-1.568,-25.878,1099.075,-0.041
-5725.560,-3329.908,-1.568,-25.235,1114.662,-0.038
-5726.049,-3313.579,-1.568,-26.561,1118.833,-0.025
-5726.250,-3297.323,-1.566,-24.719,1121.638,-0.006
-5726.372,-3281.035,-1.563,-22.341,1124.364,0.020
-5726.405,-3264.359,-1.562,-19.392,1130.678,0.025
-5726.421,-3247.636,-1.561,-16.712,1136.556,0.032
-5726.324,-3231.270,-1.560,-13.256,1137.890,0.039
-5726.263,-3214.880,-1.558,-10.677,1139.267,0.049
-5726.139,-3198.027,-1.558,-7.828,1145.221,0.047
-5726.148,-3181.232,-1.557,-6.773,1149.696,0.043
-5726.031,-3164.522,-1.556,-4.569,1152.636,0.049
-5726.068,-3147.615,-1.556,-4.281,1157.174,0.048
-5726.062,-3130.441,-1.556,-3.592,1163.792,0.040
-5726.075,-3113.335,-1.555,-3.190,1168.738,0.044
-5726.224,-3096.216,-1.553,-4.252,1173.085,0.049
-5726.471,-3079.010,-1.552,-6.177,1177.697,0.060
-5726.536,-3061.943,-1.551,-5.929,1180.199,0.059
-5726.901,-3039.801,-1.549,-8.823,1234.575,0.071
-5727.315,-3017.987,-1.547,-11.786,1277.575,0.076
-5727.543,-2996.698,-1.546,-12.400,1308.849,0.071
-5727.930,-2975.902,-1.545,-14.553,1330.449,0.073
-5728.298,-2955.397,-1.544,-16.209,1345.880,0.076
-5728.560,-2934.973,-1.542,-16.515,1358.201,0.082
-5728.807,-2914.616,-1.540,-16.630,1368.020,0.084
-5729.431,-2894.489,-1.537,-20.610,1374.035,0.099
-5730.195,-2874.810,-1.531,-25.449,1374.549,0.148
-5730.745,-2855.603,-1.517,-27.365,1370.127,0.262
-5730.596,-2837.089,-1.495,-21.808,1359.222,0.441
-5730.071,-2819.245,-1.466,-13.201,1343.029,0.671
-5729.604,-2801.851,-1.432,-6.447,1324.572,0.936
-5728.519,-2785.109,-1.390,5.674,1302.132,1.245
-5727.128,-2768.622,-1.343,19.151,1280.352,1.577
-5725.026,-2752.668,-1.291,37.976,1256.300,1.930
-5722.780,-2737.598,-1.233,55.513,1226.680,2.309
-5720.404,-2722.675,-1.172,71.816,1199.905,2.683
-5718.222,-2707.429,-1.108,83.715,1180.390,3.039
-5715.860,-2692.608,-1.042,95.720,1159.374,3.363
-5713.770,-2677.984,-0.978,103.157,1139.419,3.620
-5711.953,-2663.510,-0.914,106.692,1120.852,3.841
-5710.496,-2648.978,-0.853,106.001,1105.613,3.981
-5709.658,-2634.450,-0.795,99.037,1092.575,4.062
-5709.397,-2619.527,-0.740,87.159,1085.525,4.078
-5709.576,-2604.885,-0.689,72.495,1076.612,4.038
-5710.333,-2590.124,-0.641,54.045,1070.238,3.979
-5711.851,-2575.298,-0.596,30.473,1065.471,3.876
-5714.054,-2560.827,-0.556,3.308,1057.749,3.737
-5716.713,-2546.315,-0.518,-24.555,1051.585,3.587
-5719.767,-2531.521,-0.483,-52.380,1049.228,3.423
-5723.488,-2517.213,-0.451,-82.983,1042.217,3.254
-5727.659,-2502.685,-0.422,-113.720,1038.503,3.076
-5732.421,-2488.381,-0.394,-146.020,1033.028,2.914
-5737.808,-2474.115,-0.367,-180.004,1027.975,2.770
-5743.569,-2460.189,-0.339,-212.839,1020.153,2.647
-5749.669,-2446.452,-0.314,-244.338,1011.540,2.517
-5756.379,-2432.614,-0.292,-277.475,1005.234,2.382
-5763.444,-2418.899,-0.270,-309.397,998.594,2.255
-5772.783,-2402.354,-0.242,-360.034,1022.058,2.229
-5782.141,-2386.397,-0.216,-403.427,1036.013,2.176
-5791.690,-2371.275,-0.191,-442.407,1039.325,2.119
-5801.295,-2357.113,-0.166,-476.218,1032.278,2.075
-5810.909,-2343.625,-0.141,-505.155,1019.313,2.035
-5820.800,-2330.934,-0.118,-532.691,1000.053,1.978
-5830.574,-2318.628,-0.096,-554.961,979.664,1.916
-5843.073,-2304.107,-0.073,-602.026,985.076,1.886
-5855.216,-2290.575,-0.049,-638.494,979.514,1.858
-5867.378,-2277.979,-0.029,-669.792,965.137,1.790
-5879.416,-2266.350,-0.012,-695.221,942.909,1.706
-5891.335,-2255.309,0.005,-715.678,917.901,1.623
-5902.905,-2244.872,0.020,-729.531,890.356,1.536
-5914.135,-2235.408,0.033,-737.855,856.842,1.439
-5925.509,-2226.133,0.044,-746.430,826.315,1.332
-5936.865,-2217.116,0.052,-753.564,797.618,1.215
-5947.982,-2208.375,0.060,-757.180,770.301,1.108
-5959.302,-2199.888,0.068,-762.367,744.385,1.018
-5970.786,-2191.719,0.075,-768.471,719.012,0.939
-5982.458,-2183.460,0.080,-775.605,698.289,0.849
-5993.696,-2175.272,0.082,-777.237,679.891,0.740
-6005.588,-2166.866,0.083,-785.361,666.431,0.634
-6017.354,-2158.381,0.084,-790.981,655.775,0.550
-6029.094,-2150.162,0.084,-795.512,643.950,0.463
-6040.872,-2142.077,0.081,-799.769,632.479,0.365
-6052.368,-2134.054,0.075,-800.494,622.049,0.245
-6063.272,-2126.456,0.063,-795.025,608.789,0.093
-6073.638,-2119.217,0.045,-784.819,593.783,-0.088
-6083.447,-2112.491,0.022,-770.384,575.694,-0.288
-6092.053,-2106.304,-0.003,-745.674,554.724,-0.468
-6099.898,-2100.250,-0.031,-716.776,535.462,-0.649
-6106.318,-2094.955,-0.064,-677.454,511.225,-0.826
-6111.189,-2090.062,-0.099,-627.973,486.414,-0.994
-6114.683,-2086.034,-0.136,-571.583,456.348,-1.144
-6117.011,-2082.635,-0.175,-511.485,424.230,-1.279
-6117.808,-2079.745,-0.217,-444.470,391.589,-1.407
-6116.989,-2077.434,-0.261,-370.672,357.786,-1.527
-6115.470,-2075.722,-0.306,-300.518,322.796,-1.628
-6112.610,-2074.674,-0.351,-226.887,286.110,-1.715
-6109.033,-2074.111,-0.399,-156.690,249.830,-1.801
-6104.864,-2074.134,-0.447,-90.730,212.852,-1.872
-6100.267,-2074.170,-0.496,-30.057,181.176,-1.931
-6095.132,-2074.496,-0.541,27.218,151.174,-1.959
-6090.261,-2075.242,-0.583,73.362,121.262,-1.970
-6085.192,-2076.020,-0.625,114.759,95.423,-1.981
-6080.095,-2076.606,-0.667,150.348,75.357,-1.983
-6075.195,-2077.167,-0.707,178.688,58.492,-1.981
-6070.742,-2078.033,-0.745,198.250,40.980,-1.968
-6066.751,-2078.895,-0.781,210.180,26.078,-1.944
-6063.145,-2079.621,-0.814,216.388,14.770,-1.909
-6060.118,-2080.785,-0.846,215.726,0.618,-1.875
-6057.098,-2081.831,-0.877,215.092,-10.242,-1.837
-6054.438,-2083.096,-0.906,210.844,-21.763,-1.798
-6052.166,-2084.023,-0.933,203.226,-28.102,-1.746
-6049.806,-2085.176,-0.959,197.632,-35.840,-1.701
-6047.954,-2086.037,-0.982,187.631,-39.428,-1.646
-6046.331,-2086.721,-1.006,176.745,-40.674,-1.595
-6044.399,-2087.458,-1.027,170.638,-42.284,-1.540
-6043.036,-2087.990,-1.048,159.580,-41.535,-1.492
-6041.594,-2088.938,-1.068,150.953,-45.187,-1.443
-6040.499,-2089.982,-1.088,140.028,-49.289,-1.397
-6039.203,-2090.686,-1.106,132.781,-49.293,-1.348
-6037.844,-2091.570,-1.124,127.239,-51.139,-1.305
-6036.806,-2092.338,-1.141,119.214,-51.529,-1.262
-6035.758,-2093.038,-1.159,112.466,-51.156,-1.226
-6034.765,-2093.884,-1.175,106.150,-52.342,-1.187
-6034.038,-2094.480,-1.191,98.027,-50.783,-1.149
-6033.085,-2094.990,-1.206,93.417,-48.566,-1.115
-6032.237,-2095.312,-1.221,88.406,-44.732,-1.085
-6031.607,-2096.048,-1.235,81.894,-45.729,-1.049
-6030.846,-2096.905,-1.249,77.688,-47.829,-1.013
-6030.293,-2097.642,-1.261,71.948,-48.385,-0.974
-6029.626,-2097.963,-1.274,68.233,-44.575,-0.943
-6028.964,-2098.392,-1.286,65.018,-42.434,-0.914
-6028.378,-2099.239,-1.298,61.482,-44.907,-0.882
-6027.472,-2099.712,-1.310,61.770,-43.173,-0.861
-6026.875,-2100.139,-1.321,58.842,-41.222,-0.833
-6026.322,-2100.552,-1.332,55.878,-39.409,-0.812
-6025.777,-2100.949,-1.343,53.266,-37.705,-0.786
-6025.410,-2101.493,-1.352,49.215,-37.763,-0.753
-6025.095,-2102.119,-1.360,45.213,-38.645,-0.716
-6024.535,-2102.891,-1.366,44.332,-40.910,-0.671
-6024.202,-2103.167,-1.374,41.246,-37.739,-0.639
-6023.937,-2103.772,-1.383,37.902,-38.418,-0.625
-6023.776,-2104.313,-1.390,33.985,-38.338,-0.601
-6023.142,-2104.860,-1.398,35.516,-38.329,-0.586
-6022.626,-2105.098,-1.406,35.599,-35.146,-0.574
-6022.059,-2105.785,-1.415,36.211,-37.049,-0.569
-6021.384,-2106.047,-1.423,37.828,-34.293,-0.561
-6021.007,-2106.170,-1.431,36.144,-30.513,-0.546
-6020.894,-2106.294,-1.439,31.996,-27.304,-0.537
-6020.350,-2106.153,-1.444,32.892,-21.838,-0.509
-6019.665,-2106.452,-1.453,35.102,-21.708,-0.514
-6019.259,-2107.014,-1.460,34.118,-24.294,-0.503
-6018.998,-2107.466,-1.467,31.795,-25.378,-0.497
-6018.635,-2107.687,-1.475,30.852,-23.916,-0.492
-6018.352,-2108.008,-1.482,29.226,-23.707,-0.482
-6017.752,-2108.634,-1.486,31.104,-26.664,-0.452
-6017.649,-2109.272,-1.491,27.590,-29.310,-0.427
-6017.327,-2109.771,-1.496,26.854,-30.146,-0.418
-6017.272,-2110.123,-1.502,23.464,-29.325,-0.404
-6017.017,-2110.766,-1.507,22.639,-31.633,-0.390
-6016.503,-2111.017,-1.511,24.599,-29.567,-0.375
-6016.405,-2111.269,-1.514,21.998,-27.819,-0.348
-6016.343,-2111.523,-1.517,19.399,-26.337,-0.329
-6016.162,-2111.723,-1.521,18.405,-24.524,-0.310
-6016.049,-2111.810,-1.524,16.863,-21.808,-0.294
-6016.096,-2111.781,-1.528,13.902,-18.305,-0.289
-6016.092,-2111.937,-1.531,11.891,-17.222,-0.279
-6015.936,-2111.907,-1.534,11.754,-14.380,-0.260
-6015.965,-2112.032,-1.536,9.722,-13.550,-0.244
-6015.824,-2111.879,-1.538,9.745,-9.980,-0.225
-6015.434,-2111.769,-1.540,12.331,-7.381,-0.213
-6015.332,-2111.962,-1.543,11.567,-8.288,-0.205
-6015.283,-2111.889,-1.544,10.371,-6.318,-0.192
-6015.333,-2112.056,-1.547,8.335,-7.109,-0.191
-6015.210,-2112.119,-1.550,8.365,-6.705,-0.185
-6015.031,-2112.427,-1.552,8.984,-8.887,-0.176
-6014.992,-2112.627,-1.553,8.064,-9.645,-0.164
-6015.017,-2113.200,-1.556,6.620,-14.122,-0.163
-6014.948,-2113.305,-1.557,6.353,-13.132,-0.154
-6014.948,-2113.459,-1.559,5.420,-12.788,-0.149
-6014.676,-2113.664,-1.561,7.421,-13.013,-0.144
-6014.754,-2113.772,-1.563,5.528,-12.214,-0.145
-6014.595,-2113.860,-1.564,6.359,-11.322,-0.131
-6014.545,-2113.965,-1.565,5.934,-10.731,-0.123
-6014.525,-2114.293,-1.567,5.267,-12.533,-0.124
-6014.481,-2114.711,-1.570,4.941,-14.996,-0.131
-6014.460,-2114.926,-1.572,4.430,-15.000,-0.132
-6014.087,-2115.190,-1.575,7.622,-15.510,-0.139
-6013.833,-2115.307,-1.577,9.111,-14.438,-0.139
-6013.747,-2115.293,-1.579,8.667,-12.175,-0.140
-6013.953,-2115.295,-1.580,5.272,-10.396,-0.123
-6013.981,-2115.417,-1.581,4.198,-10.132,-0.120
-6013.805,-2115.325,-1.583,5.396,-7.693,-0.120
-6013.739,-2115.384,-1.584,5.287,-7.166,-0.113
-6013.744,-2115.515,-1.585,4.452,-7.462,-0.105
-6013.779,-2115.386,-1.586,3.443,-5.034,-0.097
-6013.538,-2115.517,-1.588,5.418,-5.642,-0.102
-6013.491,-2115.415,-1.590,5.105,-3.767,-0.104
-6013.323,-2115.519,-1.591,6.081,-4.283,-0.097
-6013.417,-2115.535,-1.592,4.219,-3.817,-0.096
-6013.549,-2115.481,-1.593,2.240,-2.700,-0.090
-6013.488,-2115.434,-1.595,2.539,-1.817,-0.091
-6013.151,-2115.526,-1.595,5.637,-2.501,-0.081
-6013.274,-2115.554,-1.596,3.540,-2.420,-0.080
-6013.333,-2115.704,-1.596,2.416,-3.605,-0.071
-6013.402,-2115.779,-1.597,1.342,-3.846,-0.064
-6013.676,-2115.843,-1.598,-1.672,-3.944,-0.066
-6013.582,-2115.926,-1.598,-0.461,-4.211,-0.061
-6013.653,-2115.789,-1.599,-1.127,-2.182,-0.058
-6013.759,-2115.821,-1.599,-2.049,-2.197,-0.049
-6013.851,-2116.090,-1.599,-2.688,-4.642,-0.045
-6013.645,-2116.138,-1.600,-0.179,-4.448,-0.048
-6013.581,-2116.156,-1.602,0.506,-3.987,-0.056
-6013.614,-2116.249,-1.602,0.090,-4.356,-0.051
-6013.393,-2116.397,-1.604,2.357,-5.234,-0.056
-6013.501,-2116.280,-1.604,0.898,-3.266,-0.054
-6013.117,-2116.447,-1.605,4.718,-4.503,-0.055
-6012.891,-2116.674,-1.606,6.357,-6.180,-0.052
-6012.924,-2116.608,-1.605,5.079,-4.592,-0.040
-6012.788,-2116.559,-1.606,5.729,-3.406,-0.042
-6012.638,-2116.661,-1.606,6.428,-3.961,-0.039
-6012.713,-2116.750,-1.606,4.716,-4.292,-0.027
-6012.652,-2116.704,-1.606,4.649,-3.190,-0.023
-6012.792,-2116.644,-1.606,2.527,-2.097,-0.021
-6012.700,-2116.528,-1.605,3.099,-0.601,-0.014
-6012.859,-2116.405,-1.606,1.005,0.763,-0.017
-6012.851,-2116.275,-1.605,0.940,1.987,-0.008
-6012.678,-2116.152,-1.606,2.582,2.957,-0.010
-6012.745,-2116.193,-1.607,1.510,2.098,-0.021
-6012.696,-2116.081,-1.608,1.797,2.944,-0.028
-6012.571,-2116.186,-1.609,2.818,1.432,-0.031
-6012.661,-2116.177,-1.610,1.478,1.308,-0.036
-6012.610,-2116.391,-1.610,1.781,-1.084,-0.037
-6012.576,-2116.617,-1.610,1.877,-3.250,-0.030
-6012.559,-2116.735,-1.612,1.773,-3.986,-0.037
-6012.710,-2116.873,-1.612,-0.048,-4.819,-0.040
-6012.656,-2117.012,-1.613,0.515,-5.543,-0.039
-6012.681,-2116.879,-1.613,0.183,-3.355,-0.036
-6012.682,-2116.674,-1.613,0.150,-0.756,-0.030
-6012.728,-2116.627,-1.614,-0.341,-0.162,-0.033
-6012.696,-2116.466,-1.614,0.031,1.522,-0.028
-6012.808,-2116.552,-1.614,-1.120,0.411,-0.021
-6012.881,-2116.596,-1.615,-1.710,-0.100,-0.027
-6012.990,-2116.658,-1.615,-2.584,-0.726,-0.027
-6012.676,-2116.555,-1.616,1.035,0.440,-0.028
-6012.692,-2116.645,-1.615,0.714,-0.547,-0.022
-6012.616,-2117.031,-1.614,1.391,-4.439,-0.011
-6012.591,-2117.073,-1.615,1.449,-4.219,-0.010
-6012.640,-2117.192,-1.614,0.732,-4.824,-0.003
-6012.408,-2117.415,-1.615,3.011,-6.409,-0.011
-6012.346,-2117.478,-1.615,3.200,-6.116,-0.007
-6012.394,-2117.259,-1.615,2.235,-2.968,-0.007
-6012.557,-2117.114,-1.616,0.228,-1.034,-0.015
-6012.712,-2117.138,-1.616,-1.396,-1.127,-0.013
-6012.405,-2117.306,-1.617,1.969,-2.697,-0.022
-6012.288,-2117.186,-1.618,2.888,-1.066,-0.027
-6012.060,-2116.781,-1.617,4.811,3.268,-0.018
-6012.479,-2116.567,-1.617,-0.217,4.983,-0.015
-6012.508,-2116.557,-1.617,-0.484,4.360,-0.015
-6012.331,-2116.570,-1.618,1.418,3.583,-0.023
-6012.617,-2116.691,-1.619,-1.744,1.806,-0.021
-6012.409,-2116.917,-1.619,0.655,-0.786,-0.022
-6012.478,-2116.926,-1.619,-0.152,-0.760,-0.016
-6012.408,-2116.735,-1.619,0.596,1.314,-0.018
-6012.309,-2116.983,-1.619,1.528,-1.433,-0.015
-6012.353,-2116.840,-1.620,0.848,0.255,-0.017
-6012.565,-2116.834,-1.620,-1.466,0.280,-0.019
-6012.551,-2117.027,-1.620,-1.099,-1.748,-0.016
-6012.579,-2116.945,-1.620,-1.230,-0.647,-0.009
-6012.563,-2117.014,-1.619,-0.886,-1.268,-0.006
-6012.529,-2116.975,-1.619,-0.398,-0.679,-0.006
-6012.692,-2117.036,-1.620,-2.026,-1.206,-0.007
-6012.482,-2117.186,-1.620,0.439,-2.571,-0.011
-6012.516,-2117.374,-1.621,0.025,-4.130,-0.015
-6012.498,-2117.275,-1.620,0.210,-2.497,-0.009
-6012.399,-2117.268,-1.620,1.195,-2.061,-0.001
-6012.295,-2117.284,-1.621,2.084,-1.919,-0.011
-6012.277,-2117.274,-1.621,1.966,-1.535,-0.011
-6012.225,-2117.164,-1.620,2.217,-0.181,-0.005
-6012.306,-2117.257,-1.621,1.057,-1.115,-0.011
-6012.188,-2117.193,-1.621,2.106,-0.290,-0.011
-6012.435,-2117.542,-1.621,-0.736,-3.843,-0.003
-6012.443,-2117.447,-1.620,-0.718,-2.296,0.005
-6012.526,-2117.768,-1.620,-1.461,-5.264,0.005
-6012.343,-2117.888,-1.621,0.635,-5.728,-0.003
-6012.405,-2117.603,-1.621,-0.095,-1.944,-0.011
-6012.637,-2117.686,-1.621,-2.468,-2.510,-0.001
-6012.614,-2117.513,-1.621,-1.871,-0.368,-0.005
-6012.446,-2117.307,-1.621,0.133,1.814,-0.001
-6012.310,-2117.392,-1.621,1.520,0.668,-0.008
-6012.256,-2117.071,-1.622,1.843,3.876,-0.010
-6012.365,-2117.243,-1.622,0.453,1.534,-0.008
-6012.524,-2117.260,-1.621,-1.249,1.134,-0.004
-6012.593,-2117.364,-1.622,-1.776,-0.105,-0.007
-6012.438,-2117.474,-1.621,0.081,-1.223,-0.001
-6012.374,-2117.155,-1.621,0.735,2.243,0.001
-6012.521,-2117.306,-1.621,-0.901,0.361,0.003
-6012.428,-2117.255,-1.620,0.197,0.831,0.007
-6012.451,-2117.039,-1.621,-0.065,2.928,-0.003
-6012.287,-2116.998,-1.622,1.635,2.927,-0.006
-6012.054,-2117.091,-1.622,3.789,1.533,-0.012
-6012.263,-2117.288,-1.622,1.080,-0.723,-0.011
-6012.093,-2117.156,-1.624,2.665,0.747,-0.021
-6012.312,-2117.273,-1.623,0.025,-0.564,-0.011
-6012.098,-2117.233,-1.622,2.221,-0.074,0.001
-6012.244,-2117.313,-1.622,0.394,-0.891,-0.001
-6012.325,-2117.297,-1.622,-0.496,-0.592,0.004
-6012.407,-2117.272,-1.622,-1.273,-0.243,0.003
-6012.427,-2117.360,-1.622,-1.294,-1.112,-0.002
-6012.730,-2117.660,-1.622,-4.224,-4.038,-0.004
-6012.789,-2117.784,-1.623,-4.205,-4.724,-0.007
-6012.912,-2117.784,-1.623,-4.846,-4.029,-0.006
-6012.805,-2117.966,-1.623,-3.039,-5.307,-0.004
-6012.645,-2117.911,-1.623,-0.946,-3.966,-0.006
-6012.415,-2117.697,-1.623,1.564,-1.172,-0.009
-6012.310,-2117.888,-1.623,2.411,-2.967,-0.009
-6012.286,-2118.040,-1.623,2.312,-4.097,-0.007
-6012.246,-2118.036,-1.623,2.376,-3.452,-0.002
-6012.168,-2117.683,-1.623,2.832,0.684,0.001
-6012.333,-2117.722,-1.623,0.710,0.188,-0.003
-6012.365,-2117.748,-1.624,0.285,-0.111,-0.016
-6012.401,-2117.910,-1.625,-0.130,-1.762,-0.014
-6012.178,-2117.948,-1.625,2.183,-1.888,-0.014
-6012.373,-2118.021,-1.626,-0.145,-2.370,-0.023
-6012.223,-2118.007,-1.626,1.426,-1.871,-0.022
-6011.917,-2117.857,-1.626,4.361,-0.060,-0.022
-6011.939,-2117.809,-1.627,3.488,0.443,-0.022
-6011.922,-2117.615,-1.626,3.157,2.384,-0.014
-6012.100,-2117.595,-1.626,0.862,2.231,-0.007
-6011.977,-2117.782,-1.626,2.005,-0.018,-0.005
-6012.115,-2117.737,-1.626,0.283,0.452,-0.008
-6012.100,-2118.085,-1.626,0.402,-3.198,-0.007
-6012.004,-2118.211,-1.626,1.320,-4.028,-0.004
-6011.981,-2117.996,-1.625,1.367,-1.217,0.001
-6012.125,-2117.922,-1.625,-0.310,-0.284,0.004
-6012.196,-2117.904,-1.624,-0.996,-0.057,0.012
-6012.279,-2117.826,-1.624,-1.712,0.757,0.012
-6012.239,-2118.125,-1.625,-1.043,-2.435,0.004
-6012.211,-2118.286,-1.625,-0.608,-3.729,0.003
-6012.158,-2118.106,-1.625,0.036,-1.329,-0.002
-6012.459,-2117.866,-1.625,-3.079,1.334,-0.004
-6012.283,-2117.957,-1.625,-0.807,0.202,-0.003
-6012.177,-2118.008,-1.626,0.399,-0.347,-0.005
-6012.131,-2117.876,-1.626,0.817,1.058,-0.005
-6012.279,-2118.095,-1.626,-0.823,-1.358,-0.004
-6012.119,-2118.056,-1.626,0.941,-0.752,-0.007
-6012.393,-2118.193,-1.626,-2.013,-2.053,-0.009
-6012.419,-2118.165,-1.627,-1.987,-1.456,-0.010
-6012.206,-2117.836,-1.627,0.502,2.142,-0.012
-6012.152,-2117.899,-1.627,0.982,1.172,-0.009
-6012.146,-2118.076,-1.626,0.899,-0.818,-0.002
-6012.132,-2118.078,-1.627,0.911,-0.719,-0.009
-6012.253,-2117.828,-1.628,-0.477,1.962,-0.014
-6012.225,-2117.801,-1.628,-0.114,1.952,-0.013
