Index,Time,((robot).imu)->data[10],debug_Y,debug_X
0,0.000000,0,0,0
1,1.652000,0,57,-67.9000015
2,1.677000,0,57,-67.9000015
3,1.703000,0,57,-67.9000015
4,1.730000,0,57,-67.9000015
5,1.759000,0,57,-67.9000015
6,1.786000,0,57,-67.9000015
7,1.813000,0,57,-67.9000015
8,1.846000,0,57,-67.9000015
9,1.873000,0,57,-67.9000015
10,1.899000,0,57,-67.9000015
11,1.927000,0,57,-67.9000015
12,1.952000,0,57,-67.9000015
13,1.981000,0,57,-67.9000015
14,2.006000,0,57,-67.9000015
15,2.033000,0,57,-67.9000015
16,2.061000,0,57,-67.9000015
17,2.089000,0,57,-67.9000015
18,2.115000,0,57,-67.9000015
19,2.143000,0,57,-67.9000015
20,2.170000,0,57,-67.9000015
21,2.197000,0,57,-67.9000015
22,2.226000,0,57,-67.9000015
23,2.253000,0,57,-67.9000015
24,2.281000,0,57,-67.9000015
25,2.307000,0,57,-67.9000015
26,2.338000,0,57,-67.9000015
27,2.362000,0,57,-67.9000015
28,2.389000,0,57,-67.9000015
29,2.416000,0,57,-67.9000015
30,2.443000,0,57,-67.9000015
31,2.471000,0,57,-67.9000015
32,2.499000,0,57,-67.9000015
33,2.526000,0,57,-67.9000015
34,2.560000,0,57,-67.9000015
35,2.586000,0,57,-67.9000015
36,2.613000,0,57,-67.9000015
37,2.640000,0,57,-67.9000015
38,2.669000,0,57,-67.9000015
39,2.693000,0,57,-67.9000015
40,2.721000,0,57,-67.9000015
41,2.748000,0,57,-67.9000015
42,2.776000,0,57,-67.9000015
43,2.803000,0,57,-67.9000015
44,2.828000,0,57,-67.9000015
45,2.854000,0,57,-67.9000015
46,2.880000,0,57,-67.9000015
47,2.905000,0,57,-67.9000015
48,2.930000,0,57,-67.9000015
49,2.955000,0,57,-67.9000015
50,2.981000,0,57,-67.9000015
51,3.009000,0,57,-67.9000015
52,3.038000,0,57,-67.9000015
53,3.063000,0,57,-67.9000015
54,3.088000,0,57,-67.9000015
55,3.112000,0,57,-67.9000015
56,3.145000,0,57,-67.9000015
57,3.172000,0,57,-67.9000015
58,3.198000,0,57,-67.9000015
59,3.229000,0,57,-67.9000015
60,3.259000,0,57,-67.9000015
61,3.287000,0,57,-67.9000015
62,3.315000,0,57,-67.9000015
63,3.342000,0,57,-67.9000015
64,3.369000,0,57,-67.9000015
65,3.397000,0,57,-67.9000015
66,3.424000,0,57,-67.9000015
67,3.449000,0,57,-67.9000015
68,3.474000,0,57,-67.9000015
69,3.500000,0,57,-67.9000015
70,3.526000,0,57,-67.9000015
71,3.556000,0,57,-67.9000015
72,3.589000,0,57,-67.9000015
73,3.613000,0,57,-67.9000015
74,3.642000,0,57,-67.9000015
75,3.671000,0,57,-67.9000015
76,3.701000,0,57,-67.9000015
77,3.728000,0,57,-67.9000015
78,3.757000,-43.8684082,57,-67.9000015
79,3.786000,-43.8574219,57,-67.9000015
80,3.812000,-43.8409424,57,-67.9000015
81,3.840000,-43.8299561,57,-67.9000015
82,3.867000,-43.8079834,57,-67.9000015
83,3.901000,-43.7915039,57,-67.9000015
84,3.929000,-43.7750244,57,-67.9000015
85,3.955000,-43.7640381,57,-67.9000015
86,3.983000,-43.7585449,57,-67.9000015
87,4.012000,-43.7475586,57,-67.9000015
88,4.040000,-43.7420654,57,-67.9000015
89,4.066000,-43.7310791,57,-67.9000015
90,4.094000,-43.7200928,57,-67.9000015
91,4.120000,-43.7091064,57,-67.9000015
92,4.148000,-43.692627,57,-67.9000015
93,4.173000,-43.6816406,57,-67.9000015
94,4.201000,-43.6706543,57,-67.9000015
95,4.229000,-43.659668,57,-67.9000015
96,4.258000,-43.6486816,57,-67.9000015
97,4.283000,-43.6376953,57,-67.9000015
98,4.310000,-43.626709,57,-67.9000015
99,4.339000,-43.6157227,57,-67.9000015
100,4.369000,-43.6047363,57,-67.9000015
101,4.397000,-43.5992432,57,-67.9000015
102,4.425000,-43.5992432,57,-67.9000015
103,4.452000,-43.5827637,57,-67.9000015
104,4.483000,-43.5827637,57,-67.9000015
105,4.510000,-43.5717773,57,-67.9000015
106,4.537000,-43.5662842,57,-67.9000015
107,4.565000,-43.560791,57,-67.9000015
108,4.589000,-43.5552979,57,-67.9000015
109,4.616000,-43.5552979,57,-67.9000015
110,4.641000,-43.5552979,57,-67.9000015
111,4.669000,-43.5552979,57,-67.9000015
112,4.698000,-43.5552979,57,-67.9000015
113,4.724000,-43.5552979,57,-67.9000015
114,4.750000,-43.5498047,57,-67.9000015
115,4.777000,-43.5443115,57,-67.9000015
116,4.801000,-43.5443115,57,-67.9000015
117,4.827000,-43.5443115,57,-67.9000015
118,4.853000,-43.5388184,57,-67.9000015
119,4.879000,-43.5388184,57,-67.9000015
120,4.907000,-43.5388184,57,-67.9000015
121,4.933000,-43.5333252,57,-67.9000015
122,4.959000,-43.527832,57,-67.9000015
123,4.984000,-43.5223389,57,-67.9000015
124,5.013000,-43.5168457,57,-67.9000015
125,5.040000,-43.5058594,57,-67.9000015
126,5.067000,-43.5058594,57,-67.9000015
127,5.099000,-43.5058594,57,-67.9000015
128,5.126000,-43.5003662,57,-67.9000015
129,5.156000,-43.494873,57,-67.9000015
130,5.183000,-43.5003662,57,-67.9000015
131,5.210000,-43.5003662,57,-67.9000015
132,5.243000,-43.494873,57,-67.9000015
133,5.269000,-43.494873,57,-67.9000015
134,5.298000,-43.5058594,57,-67.9000015
135,5.326000,-43.5058594,57,-67.9000015
136,5.353000,-43.5113525,57,-67.9000015
137,5.383000,-43.5113525,57,-67.9000015
138,5.413000,-43.5113525,57,-67.9000015
139,5.440000,-43.5113525,57,-67.9000015
140,5.467000,-43.5058594,57,-67.9000015
141,5.496000,-43.5058594,57,-67.9000015
142,5.525000,-43.5058594,57,-67.9000015
143,5.553000,-43.5003662,57,-67.9000015
144,5.591000,-43.494873,57,-67.9000015
145,5.620000,-43.4893799,57,-67.9000015
146,5.648000,-43.4838867,57,-67.9000015
147,5.675000,-43.4729004,57,-67.9000015
148,5.701000,-43.4729004,57,-67.9000015
149,5.731000,-43.4674072,57,-67.9000015
150,5.757000,-43.4674072,57,-67.9000015
151,5.786000,-43.4674072,57,-67.9000015
152,5.813000,-43.4674072,57,-67.9000015
153,5.841000,-43.4619141,57,-67.9000015
154,5.869000,-43.4674072,57,-67.9000015
155,5.900000,-43.4619141,57,-67.9000015
156,5.926000,-43.4619141,57,-67.9000015
157,5.954000,-43.4564209,57,-67.9000015
158,5.982000,-43.4564209,57,-67.9000015
159,6.008000,-43.4674072,57,-67.9000015
160,6.034000,-43.4674072,57,-67.9000015
161,6.062000,-43.4729004,57,-67.9000015
162,6.093000,-43.4674072,57,-67.9000015
163,6.120000,-43.4619141,57,-67.9000015
164,6.147000,-43.4564209,57,-67.9000015
165,6.173000,-43.4619141,57,-67.9000015
166,6.199000,-43.4619141,57,-67.9000015
167,6.227000,-43.4674072,57,-67.9000015
168,6.253000,-43.4674072,57,-67.9000015
169,6.282000,-43.4619141,57,-67.9000015
170,6.311000,-43.4619141,57,-67.9000015
171,6.338000,-43.4509277,57,-67.9000015
172,6.366000,-43.4509277,57,-67.9000015
173,6.395000,-43.4509277,57,-67.9000015
174,6.422000,-43.4509277,57,-67.9000015
175,6.450000,-43.4564209,57,-67.9000015
176,6.476000,-43.4564209,57,-67.9000015
177,6.505000,-43.4509277,57,-67.9000015
178,6.532000,-43.4454346,57,-67.9000015
179,6.563000,-43.4454346,57,-67.9000015
180,6.592000,-43.4454346,57,-67.9000015
181,6.619000,-43.4344482,57,-67.9000015
182,6.646000,-43.4289551,57,-67.9000015
183,6.675000,-43.4289551,57,-67.9000015
184,6.703000,-43.4289551,57,-67.9000015
185,6.730000,-43.4289551,57,-67.9000015
186,6.759000,-43.4344482,57,-67.9000015
187,6.786000,-43.4344482,57,-67.9000015
188,6.814000,-43.4289551,57,-67.9000015
189,6.840000,-43.4289551,57,-67.9000015
190,6.868000,-43.4289551,57,-67.9000015
191,6.896000,-43.4234619,57,-67.9000015
192,6.924000,-43.4234619,57,-67.9000015
193,6.951000,-43.4234619,57,-67.9000015
194,6.978000,-43.4234619,57,-67.9000015
195,7.006000,-43.4124756,57,-67.9000015
196,7.033000,-43.4124756,57,-67.9000015
197,7.059000,-43.4124756,57,-67.9000015
198,7.092000,-43.4069824,57,-67.9000015
199,7.120000,-43.4124756,57,-67.9000015
200,7.148000,-43.4124756,57,-67.9000015
201,7.176000,-43.4069824,57,-67.9000015
202,7.202000,-43.4069824,57,-67.9000015
203,7.228000,-43.4234619,57,-67.9000015
204,7.255000,-43.4289551,57,-67.9000015
205,7.281000,-43.4344482,57,-67.9000015
206,7.310000,-43.4344482,57,-67.9000015
207,7.338000,-43.4399414,57,-67.9000015
208,7.364000,-43.4399414,57,-67.9000015
209,7.389000,-43.4344482,57,-67.9000015
210,7.417000,-43.4344482,57,-67.9000015
211,7.441000,-43.4289551,57,-67.9000015
212,7.468000,-43.4289551,57,-67.9000015
213,7.496000,-43.4289551,57,-67.9000015
214,7.522000,-43.4289551,57,-67.9000015
215,7.548000,-43.4234619,57,-67.9000015
216,7.574000,-43.4124756,57,-67.9000015
217,7.602000,-43.4124756,57,-67.9000015
218,7.629000,-43.4179687,57,-67.9000015
219,7.657000,-43.4179687,57,-67.9000015
220,7.685000,-43.4124756,57,-67.9000015
221,7.713000,-43.4014893,57,-67.9000015
222,7.740000,-43.3959961,57,-67.9000015
223,7.768000,-43.3905029,57,-67.9000015
224,7.796000,-43.4014893,57,-67.9000015
225,7.823000,-43.4014893,57,-67.9000015
226,7.850000,-43.4069824,57,-67.9000015
227,7.876000,-43.3959961,57,-67.9000015
228,7.904000,-43.3850098,57,-67.9000015
229,7.930000,-43.3740234,57,-67.9000015
230,7.966000,-43.3630371,57,-67.9000015
231,7.993000,-43.3685303,57,-67.9000015
232,8.020000,-43.3740234,57,-67.9000015
233,8.048000,-43.3740234,57,-67.9000015
234,8.077000,-43.3685303,57,-67.9000015
235,8.104000,-43.3685303,57,-67.9000015
236,8.131000,-43.3685303,57,-67.9000015
237,8.157000,-43.3630371,57,-67.9000015
238,8.184000,-43.3630371,57,-67.9000015
239,8.212000,-43.3630371,57,-67.9000015
240,8.238000,-43.3575439,57,-67.9000015
241,8.264000,-43.3630371,57,-67.9000015
242,8.290000,-43.3740234,57,-67.9000015
243,8.318000,-43.3685303,57,-67.9000015
244,8.347000,-43.3740234,57,-67.9000015
245,8.373000,-43.3740234,57,-67.9000015
246,8.401000,-43.3795166,57,-67.9000015
247,8.427000,-43.3795166,57,-67.9000015
248,8.456000,-43.3850098,57,-67.9000015
249,8.483000,-43.3850098,57,-67.9000015
250,8.510000,-43.3905029,57,-67.9000015
251,8.539000,-43.3959961,57,-67.9000015
252,8.566000,-43.3959961,57,-67.9000015
253,8.594000,-43.3959961,57,-67.9000015
254,8.621000,-43.3850098,57,-67.9000015
255,8.649000,-43.3795166,57,-67.9000015
256,8.677000,-43.3795166,57,-67.9000015
257,8.705000,-43.3905029,57,-67.9000015
258,8.730000,-43.3959961,57,-67.9000015
259,8.755000,-43.4124756,57,-67.9000015
260,8.784000,-43.4124756,57,-67.9000015
261,8.810000,-43.4069824,57,-67.9000015
262,8.837000,-43.4014893,57,-67.9000015
263,8.862000,-43.3905029,57,-67.9000015
264,8.890000,-43.3959961,57,-67.9000015
265,8.918000,-43.3959961,57,-67.9000015
266,8.945000,-43.3905029,57,-67.9000015
267,8.972000,-43.3905029,57,-67.9000015
268,8.997000,-43.3905029,57,-67.9000015
269,9.025000,-43.3959961,57,-67.9000015
270,9.052000,-43.3850098,57,-67.9000015
271,9.083000,-43.3905029,57,-67.9000015
272,9.110000,-43.3905029,57,-67.9000015
273,9.138000,-43.3905029,57,-67.9000015
274,9.165000,-43.3850098,57,-67.9000015
275,9.193000,-43.3850098,57,-67.9000015
276,9.219000,-43.3795166,57,-67.9000015
277,9.246000,-43.3795166,57,-67.9000015
278,9.273000,-43.3905029,57,-67.9000015
279,9.301000,-43.3959961,57,-67.9000015
280,9.330000,-43.3959961,57,-67.9000015
281,9.358000,-43.3905029,57,-67.9000015
282,9.386000,-43.3905029,57,-67.9000015
283,9.413000,-43.3905029,57,-67.9000015
284,9.441000,-43.3905029,57,-67.9000015
285,9.470000,-43.3905029,57,-67.9000015
286,9.497000,-43.3850098,57,-67.9000015
287,9.525000,-43.3795166,57,-67.9000015
288,9.551000,-43.3795166,57,-67.9000015
289,9.578000,-43.3795166,57,-67.9000015
290,9.605000,-43.3740234,57,-67.9000015
291,9.632000,-43.3740234,57,-67.9000015
292,9.661000,-43.3685303,57,-67.9000015
293,9.688000,-43.3740234,57,-67.9000015
294,9.717000,-43.3685303,57,-67.9000015
295,9.742000,-43.3740234,57,-67.9000015
296,9.767000,-43.3795166,57,-67.9000015
297,9.794000,-43.3905029,57,-67.9000015
298,9.825000,-43.3905029,57,-67.9000015
299,9.855000,-43.3959961,57,-67.9000015
300,9.882000,-43.3959961,57,-67.9000015
301,9.908000,-43.4014893,57,-67.9000015
302,9.936000,-43.4069824,57,-67.9000015
303,9.961000,-43.4179687,57,-67.9000015
304,9.988000,-43.4124756,57,-67.9000015
305,10.014000,-43.4124756,57,-67.9000015
306,10.041000,-43.4069824,57,-67.9000015
307,10.068000,-43.4124756,57,-67.9000015
308,10.095000,-43.4179687,57,-67.9000015
309,10.123000,-43.4234619,57,-67.9000015
310,10.152000,-43.4234619,57,-67.9000015
311,10.177000,-43.4289551,57,-67.9000015
312,10.204000,-43.4344482,57,-67.9000015
313,10.232000,-43.4399414,57,-67.9000015
314,10.259000,-43.4289551,57,-67.9000015
315,10.285000,-43.4289551,57,-67.9000015
316,10.313000,-43.4289551,57,-67.9000015
317,10.343000,-43.4289551,57,-67.9000015
318,10.371000,-43.4234619,57,-67.9000015
319,10.397000,-43.4289551,57,-67.9000015
320,10.423000,-43.4289551,57,-67.9000015
321,10.448000,-43.4289551,57,-67.9000015
322,10.473000,-43.4344482,57,-67.9000015
323,10.498000,-43.4344482,57,-67.9000015
324,10.525000,-43.4399414,57,-67.9000015
325,10.552000,-43.4399414,57,-67.9000015
326,10.578000,-43.4454346,57,-67.9000015
327,10.605000,-43.4509277,57,-67.9000015
328,10.630000,-43.4454346,57,-67.9000015
329,10.655000,-43.4399414,57,-67.9000015
330,10.683000,-43.4399414,57,-67.9000015
331,10.708000,-43.4399414,57,-67.9000015
332,10.735000,-43.4399414,57,-67.9000015
333,10.762000,-43.4344482,57,-67.9000015
334,10.789000,-43.4344482,57,-67.9000015
335,10.815000,-43.4289551,57,-67.9000015
336,10.844000,-43.4234619,57,-67.9000015
337,10.871000,-43.4179687,57,-67.9000015
338,10.898000,-43.4124756,57,-67.9000015
339,10.925000,-43.4069824,57,-67.9000015
340,10.951000,-43.4014893,57,-67.9000015
341,10.981000,-43.4014893,57,-67.9000015
342,11.011000,-43.4014893,57,-67.9000015
343,11.040000,-43.4069824,57,-67.9000015
344,11.069000,-43.4069824,57,-67.9000015
345,11.095000,-43.4014893,57,-67.9000015
346,11.120000,-43.4014893,57,-67.9000015
347,11.149000,-43.4069824,57,-67.9000015
348,11.176000,-43.4069824,57,-67.9000015
349,11.203000,-43.4069824,57,-67.9000015
350,11.233000,-43.3959961,57,-67.9000015
351,11.261000,-43.4014893,57,-67.9000015
352,11.292000,-43.4014893,57,-67.9000015
353,11.321000,-43.4014893,57,-67.9000015
354,11.352000,-43.3959961,57,-67.9000015
355,11.381000,-43.4014893,57,-67.9000015
356,11.412000,-43.2531738,57,-67.9000015
357,11.446000,-43.1158447,54.2000008,-68.3000031
358,11.475000,-43.0609131,48.0999985,-68.9000015
359,11.503000,-43.0114746,43.4000015,-69.4000015
360,11.533000,-43.1268311,38.0999985,-69.8000031
361,11.559000,-43.1103516,33.7000008,-70
362,11.588000,-43.0718994,29,-70.4000015
363,11.614000,-43.2531738,25.7999992,-70.5999985
364,11.642000,-43.3135986,23.1000004,-70.5
365,11.668000,-43.3135986,19,-70.3000031
366,11.695000,-43.1872559,14.5,-70.3000031
367,11.722000,-43.2037354,11.3999996,-70.9000015
368,11.751000,-43.2312012,5.9000001,-71.5
369,11.779000,-43.1158447,0.800000012,-71.8000031
370,11.806000,-43.0059814,-2.5999999,-72
371,11.834000,-42.8741455,-5.80000019,-71.6999969
372,11.858000,-42.6983643,-10.1999998,-71.5
373,11.886000,-42.6269531,-15.1000004,-71.8000031
374,11.914000,-42.6654053,-20.1000004,-72.4000015
375,11.940000,-42.7203369,-23.7999992,-72.9000015
376,11.967000,-42.7093506,-28.6000004,-73.3000031
377,11.993000,-42.6818848,-33.0999985,-73.5
378,12.021000,-42.5006104,-38,-73.1999969
379,12.049000,-42.3248291,-39,-73.1999969
380,12.077000,-42.2149658,-42.9000015,-73.4000015
381,12.107000,-42.1435547,-48.2999992,-74
382,12.135000,-42.154541,-53.2000008,-74.8000031
383,12.163000,-42.1380615,-58.2999992,-75.3000031
384,12.191000,-42.0227051,-63.5,-75.4000015
385,12.219000,-41.8634033,-69,-75.3000031
386,12.246000,-41.786499,-74.3000031,-75.5999985
387,12.274000,-41.8139648,-79.4000015,-76.0999985
388,12.309000,-41.9842529,-85.4000015,-77
389,12.338000,-41.9842529,-90.8000031,-77.4000015
390,12.367000,-41.786499,-95.5999985,-77.5
391,12.391000,-41.6381836,-99.3000031,-77.3000031
392,12.416000,-41.550293,-104.199997,-77.3000031
393,12.443000,-41.4349365,-109.400002,-77.1999969
394,12.472000,-41.4569092,-114.400002,-77.5
395,12.500000,-41.5997314,-119.5,-77.9000015
396,12.540000,-41.4953613,-126.800003,-78.3000031
397,12.570000,-41.5228271,-132.5,-78.5999985
398,12.601000,-41.550293,-138.300003,-78.5999985
399,12.630000,-41.583252,-143.899994,-78.5
400,12.658000,-41.5997314,-148.699997,-78.4000015
401,12.684000,-41.4678955,-153.800003,-78.5999985
402,12.712000,-41.3745117,-159.100006,-79
403,12.740000,-41.2756348,-164.199997,-79.4000015
404,12.769000,-41.2097168,-169.399994,-79.5999985
405,12.795000,-41.182251,-173.800003,-79.5
406,12.823000,-41.1108398,-177.699997,-79.5
407,12.851000,-41.1602783,-183.100006,-79.9000015
408,12.879000,-41.3195801,-188.100006,-80.4000015
409,12.909000,-41.4404297,-193.300003,-80.9000015
410,12.936000,-41.5393066,-198.300003,-81.4000015
411,12.962000,-41.6711426,-203.100006,-81.6999969
412,12.991000,-41.6271973,-208.199997,-81.5999985
413,13.019000,-41.4129639,-213.699997,-81.3000031
414,13.047000,-41.1932373,-219,-81.5
415,13.076000,-41.1108398,-224.100006,-81.8000031
416,13.105000,-40.9899902,-229.100006,-82.1999969
417,13.132000,-41.0394287,-230.699997,-82.4000015
418,13.161000,-40.9240723,-234.699997,-82.5
419,13.188000,-40.7647705,-239.399994,-82.4000015
420,13.216000,-40.7043457,-244.800003,-82.4000015
421,13.242000,-40.8361816,-250,-82.6999969
422,13.271000,-40.9735107,-255.100006,-82.8000031
423,13.299000,-41.0614014,-260.200012,-83.4000015
424,13.327000,-41.0888672,-265,-83.8000031
425,13.354000,-40.9295654,-269.799988,-83.9000015
426,13.386000,-40.7922363,-277,-84.0999985
427,13.412000,-40.6988525,-280.700012,-84.1999969
428,13.438000,-40.6054687,-286,-84.4000015
429,13.467000,-40.6329346,-291.600006,-84.9000015
430,13.502000,-40.479126,-295.700012,-85
431,13.537000,-40.4571533,-300.299988,-85.3000031
432,13.563000,-40.512085,-305.5,-85.5
433,13.598000,-40.6054687,-313,-85.5999985
434,13.634000,-40.6878662,-318.5,-85.8000031
435,13.667000,-40.7263184,-325.100006,-86.0999985
436,13.691000,-40.8087158,-329.299988,-86.5999985
437,13.719000,-40.8197021,-333.700012,-86.9000015
438,13.752000,-41.6986084,-334.5,-87
439,13.790000,-42.0831299,-333.700012,-86.8000031
440,13.816000,-41.9458008,-332.299988,-86.9000015
441,13.843000,-41.7370605,-332,-86.6999969
442,13.875000,-41.7260742,-332.600006,-86.8000031
443,13.909000,-41.8798828,-333,-86.8000031
444,13.937000,-42.0391846,-333.100006,-86.8000031
445,13.964000,-42.0556641,-333.100006,-86.8000031
446,13.992000,-42.0172119,-333.100006,-86.8000031
447,14.023000,-42.0281982,-333.100006,-86.8000031
448,14.053000,-42.0446777,-333.100006,-86.8000031
449,14.089000,-42.0336914,-333.100006,-86.8000031
450,14.123000,-42.0227051,-332.899994,-86.6999969
451,14.155000,-42.1160889,-331.799988,-86.4000015
452,14.182000,-42.7587891,-331.399994,-86.1999969
453,14.214000,-42.8521729,-324.200012,-86.1999969
454,14.240000,-42.956543,-320.799988,-86.4000015
455,14.269000,-42.9071045,-317.100006,-86.6999969
456,14.298000,-42.6599121,-314.200012,-86.4000015
457,14.326000,-42.2589111,-310.700012,-86
458,14.358000,-42.2424316,-306.200012,-85.8000031
459,14.386000,-42.0941162,-301.299988,-85.3000031
460,14.413000,-41.786499,-295.899994,-84.9000015
461,14.440000,-41.6052246,-290.700012,-85
462,14.468000,-41.5667725,-285.5,-85.5
463,14.495000,-41.5667725,-279.899994,-85.8000031
464,14.523000,-41.5447998,-274.299988,-86.0999985
465,14.556000,-41.6052246,-267.5,-86.1999969
466,14.591000,-41.4129639,-260.799988,-85.8000031
467,14.619000,-41.3360596,-255.199997,-85.9000015
468,14.646000,-41.418457,-249.899994,-86.3000031
469,14.674000,-41.484375,-243.800003,-86.8000031
470,14.707000,-41.4459229,-237.199997,-87.0999985
471,14.736000,-41.2701416,-231.699997,-87.0999985
472,14.763000,-41.0284424,-226.399994,-86.9000015
473,14.792000,-40.7977295,-221,-86.5
474,14.819000,-40.7373047,-215.199997,-86.5
475,14.846000,-40.8691406,-209.300003,-86.8000031
476,14.873000,-41.0229492,-203.800003,-87
477,14.901000,-41.116333,-198.5,-87.0999985
478,14.926000,-41.0668945,-193.399994,-86.9000015
479,14.952000,-41.0449219,-188.300003,-86.9000015
480,14.979000,-41.1053467,-183.100006,-86.5999985
481,15.004000,-41.1657715,-177.800003,-86.4000015
482,15.028000,-41.3031006,-173,-86.3000031
483,15.056000,-41.3690186,-167.600006,-86.1999969
484,15.085000,-41.3250732,-161.699997,-86.1999969
485,15.113000,-41.2591553,-156.300003,-86.1999969
486,15.143000,-41.1877441,-150.5,-86
487,15.170000,-41.1767578,-144.600006,-85.8000031
488,15.199000,-41.1767578,-138.899994,-85.1999969
489,15.227000,-41.1218262,-133.300003,-84.8000031
490,15.255000,-41.1437988,-127.599998,-85.0999985
491,15.284000,-41.2536621,-122.199997,-85.1999969
492,15.312000,-41.2866211,-116.5,-85.4000015
493,15.338000,-41.3525391,-111,-85.4000015
494,15.366000,-41.3031006,-105.699997,-85.1999969
495,15.400000,-41.0449219,-98.5,-84.5
496,15.426000,-40.9735107,-93.5,-84.8000031
497,15.456000,-41.116333,-88.8000031,-85.1999969
498,15.485000,-41.3964844,-87.9000015,-85.5
499,15.513000,-41.5228271,-89.1999969,-85.3000031
500,15.541000,-41.3085937,-90.9000015,-84.8000031
501,15.572000,-41.1383057,-91.4000015,-84.6999969
502,15.600000,-41.1657715,-91.0999985,-84.8000031
503,15.627000,-41.1218262,-90.6999969,-84.8000031
504,15.653000,-41.0394287,-90.5,-84.9000015
505,15.679000,-40.9350586,-90.5999985,-84.8000031
506,15.709000,-40.8581543,-90.5999985,-84.8000031
507,15.737000,-40.8251953,-90.5999985,-84.8000031
508,15.762000,-40.7867432,-90.5999985,-84.8000031
509,15.790000,-40.7318115,-90.5999985,-84.8000031
510,15.816000,-40.6933594,-90.5999985,-84.8000031
511,15.847000,-40.6439209,-90.5999985,-84.8000031
512,15.874000,-40.5999756,-90.5999985,-84.8000031
513,15.904000,-40.5615234,-90.5999985,-84.8000031
514,15.930000,-40.5175781,-90.5999985,-84.8000031
515,15.957000,-40.4736328,-90.5999985,-84.8000031
516,15.982000,-40.4296875,-90.5999985,-84.8000031
517,16.010000,-40.4022217,-90.5999985,-84.8000031
518,16.038000,-40.3637695,-90.5999985,-84.8000031
519,16.065000,-40.3308105,-90.5999985,-84.8000031
520,16.093000,-40.2923584,-90.5999985,-84.8000031
521,16.120000,-40.2593994,-90.5999985,-84.8000031
522,16.149000,-40.2374268,-90.5999985,-84.8000031
523,16.176000,-40.2099609,-90.5999985,-84.8000031
524,16.203000,-40.1824951,-90.5999985,-84.8000031
525,16.230000,-40.1550293,-90.5999985,-84.8000031
526,16.256000,-40.1220703,-90.5999985,-84.8000031
527,16.284000,-40.1055908,-90.5999985,-84.8000031
528,16.311000,-40.078125,-90.5999985,-84.8000031
529,16.341000,-40.045166,-90.5999985,-84.8000031
530,16.369000,-40.012207,-90.5999985,-84.8000031
531,16.397000,-39.9902344,-90.5999985,-84.8000031
532,16.425000,-39.9682617,-90.5999985,-84.8000031
533,16.453000,-39.9517822,-90.5999985,-84.8000031
534,16.478000,-39.9353027,-90.5999985,-84.8000031
535,16.504000,-39.9133301,-90.5999985,-84.8000031
536,16.531000,-39.8913574,-90.5999985,-84.8000031
537,16.557000,-39.8638916,-90.5999985,-84.8000031
538,16.585000,-39.8419189,-90.5999985,-84.8000031
539,16.610000,-39.8254395,-90.5999985,-84.8000031
540,16.637000,-39.8034668,-90.5999985,-84.8000031
541,16.665000,-39.7869873,-90.5999985,-84.8000031
542,16.691000,-39.7650146,-90.5999985,-84.8000031
543,16.720000,-39.7540283,-90.5999985,-84.8000031
544,16.748000,-39.7375488,-90.5999985,-84.8000031
545,16.779000,-39.7210693,-90.5999985,-84.8000031
546,16.808000,-39.6990967,-90.5999985,-84.8000031
547,16.837000,-39.6881104,-90.5999985,-84.8000031
548,16.863000,-39.6716309,-90.5999985,-84.8000031
549,16.891000,-39.6606445,-90.5999985,-84.8000031
550,16.919000,-39.644165,-90.5999985,-84.8000031
551,16.946000,-39.6386719,-90.5999985,-84.8000031
552,16.972000,-39.6331787,-90.5999985,-84.8000031
553,16.998000,-39.6276855,-90.5999985,-84.8000031
554,17.025000,-39.6112061,-90.5999985,-84.8000031
555,17.054000,-39.6002197,-90.5999985,-84.8000031
556,17.082000,-39.5892334,-90.5999985,-84.8000031
557,17.106000,-39.5892334,-90.5999985,-84.8000031
558,17.133000,-39.5837402,-90.5999985,-84.8000031
559,17.159000,-39.5782471,-90.5999985,-84.8000031
560,17.185000,-39.5727539,-90.5999985,-84.8000031
561,17.212000,-39.5672607,-90.5999985,-84.8000031
562,17.242000,-39.5617676,-90.5999985,-84.8000031
563,17.269000,-39.5507812,-90.5999985,-84.8000031
564,17.298000,-39.5397949,-90.5999985,-84.8000031
565,17.331000,-39.5233154,-90.5999985,-84.8000031
566,17.356000,-39.5123291,-90.5999985,-84.8000031
567,17.386000,-39.5068359,-90.5999985,-84.8000031
568,17.413000,-39.5123291,-90.5999985,-84.8000031
569,17.439000,-39.5068359,-90.5999985,-84.8000031
570,17.466000,-39.5013428,-90.5999985,-84.8000031
571,17.492000,-39.4958496,-90.5999985,-84.8000031
572,17.520000,-39.4848633,-90.5999985,-84.8000031
573,17.546000,-39.4793701,-90.5999985,-84.8000031
574,17.574000,-39.473877,-90.5999985,-84.8000031
575,17.603000,-39.473877,-90.5999985,-84.8000031
576,17.632000,-39.473877,-90.5999985,-84.8000031
577,17.659000,-39.473877,-90.5999985,-84.8000031
578,17.684000,-39.473877,-90.5999985,-84.8000031
579,17.713000,-39.4628906,-90.5999985,-84.8000031
580,17.741000,-39.4519043,-90.5999985,-84.8000031
581,17.769000,-39.4464111,-90.5999985,-84.8000031
582,17.795000,-39.4464111,-90.5999985,-84.8000031
583,17.823000,-39.440918,-90.5999985,-84.8000031
584,17.849000,-39.4464111,-90.5999985,-84.8000031
585,17.875000,-39.4519043,-90.5999985,-84.8000031
586,17.903000,-39.4464111,-90.5999985,-84.8000031
587,17.928000,-39.4354248,-90.5999985,-84.8000031
588,17.958000,-39.4244385,-90.5999985,-84.8000031
589,17.984000,-39.407959,-90.5999985,-84.8000031
590,18.011000,-39.4024658,-90.5999985,-84.8000031
591,18.040000,-39.3969727,-90.5999985,-84.8000031
592,18.067000,-39.3969727,-90.5999985,-84.8000031
593,18.097000,-39.3914795,-90.5999985,-84.8000031
594,18.125000,-39.3914795,-90.5999985,-84.8000031
595,18.153000,-39.3914795,-90.5999985,-84.8000031
596,18.178000,-39.3969727,-90.5999985,-84.8000031
597,18.204000,-39.3914795,-90.5999985,-84.8000031
598,18.231000,-39.3859863,-90.5999985,-84.8000031
599,18.257000,-39.3859863,-90.5999985,-84.8000031
600,18.282000,-39.3859863,-90.5999985,-84.8000031
601,18.309000,-39.3914795,-90.5999985,-84.8000031
602,18.336000,-39.3914795,-90.5999985,-84.8000031
603,18.362000,-39.3969727,-90.5999985,-84.8000031
604,18.393000,-39.3859863,-90.5999985,-84.8000031
605,18.420000,-39.3804932,-90.5999985,-84.8000031
606,18.446000,-39.3804932,-90.5999985,-84.8000031
607,18.472000,-39.3859863,-90.5999985,-84.8000031
608,18.499000,-39.3914795,-90.5999985,-84.8000031
609,18.526000,-39.3914795,-90.5999985,-84.8000031
610,18.556000,-39.3914795,-90.5999985,-84.8000031
611,18.585000,-39.3914795,-90.5999985,-84.8000031
612,18.612000,-39.3914795,-90.5999985,-84.8000031
613,18.638000,-39.3969727,-90.5999985,-84.8000031
614,18.664000,-39.3914795,-90.5999985,-84.8000031
615,18.693000,-39.3914795,-90.5999985,-84.8000031
616,18.721000,-39.3969727,-90.5999985,-84.8000031
617,18.751000,-39.3914795,-90.5999985,-84.8000031
618,18.776000,-39.3969727,-90.5999985,-84.8000031
619,18.802000,-39.3914795,-90.5999985,-84.8000031
620,18.831000,-39.3969727,-90.5999985,-84.8000031
621,18.859000,-39.3969727,-90.5999985,-84.8000031
622,18.886000,-39.3914795,-90.5999985,-84.8000031
623,18.913000,-39.3859863,-90.5999985,-84.8000031
624,18.939000,-39.375,-90.5999985,-84.8000031
625,18.966000,-39.375,-90.5999985,-84.8000031
626,18.994000,-39.375,-90.5999985,-84.8000031
627,19.022000,-39.3695068,-90.5999985,-84.8000031
628,19.048000,-39.3640137,-90.5999985,-84.8000031
629,19.081000,-39.375,-90.5999985,-84.8000031
630,19.107000,-39.375,-90.5999985,-84.8000031
631,19.132000,-39.375,-90.5999985,-84.8000031
632,19.160000,-39.375,-90.5999985,-84.8000031
633,19.187000,-39.3804932,-90.5999985,-84.8000031
634,19.214000,-39.3804932,-90.5999985,-84.8000031
635,19.243000,-39.3804932,-90.5999985,-84.8000031
636,19.271000,-39.3804932,-90.5999985,-84.8000031
637,19.297000,-39.3804932,-90.5999985,-84.8000031
638,19.323000,-39.3804932,-90.5999985,-84.8000031
639,19.351000,-39.3804932,-90.5999985,-84.8000031
640,19.375000,-39.3804932,-90.5999985,-84.8000031
641,19.402000,-39.3859863,-90.5999985,-84.8000031
642,19.428000,-39.3859863,-90.5999985,-84.8000031
643,19.455000,-39.3859863,-90.5999985,-84.8000031
644,19.484000,-39.3914795,-90.5999985,-84.8000031
645,19.512000,-39.4024658,-90.5999985,-84.8000031
646,19.540000,-39.4024658,-90.5999985,-84.8000031
647,19.566000,-39.3969727,-90.5999985,-84.8000031
648,19.597000,-39.3969727,-90.5999985,-84.8000031
649,19.626000,-39.3969727,-90.5999985,-84.8000031
650,19.653000,-39.3969727,-90.5999985,-84.8000031
651,19.678000,-39.3914795,-90.5999985,-84.8000031
652,19.707000,-39.3859863,-90.5999985,-84.8000031
653,19.734000,-39.3859863,-90.5999985,-84.8000031
654,19.762000,-39.3859863,-90.5999985,-84.8000031
655,19.791000,-39.3859863,-90.5999985,-84.8000031
656,19.819000,-39.3859863,-90.5999985,-84.8000031
657,19.844000,-39.3804932,-90.5999985,-84.8000031
658,19.878000,-39.375,-90.5999985,-84.8000031
659,19.907000,-39.3695068,-90.5999985,-84.8000031
660,19.936000,-39.375,-90.5999985,-84.8000031
661,19.963000,-39.375,-90.5999985,-84.8000031
662,19.991000,-39.3640137,-90.5999985,-84.8000031
663,20.020000,-39.3640137,-90.5999985,-84.8000031
664,20.048000,-39.3640137,-90.5999985,-84.8000031
665,20.075000,-39.3640137,-90.5999985,-84.8000031
666,20.105000,-39.3695068,-90.5999985,-84.8000031
667,20.132000,-39.375,-90.5999985,-84.8000031
668,20.160000,-39.3695068,-90.5999985,-84.8000031
669,20.186000,-39.3695068,-90.5999985,-84.8000031
670,20.219000,-39.3695068,-90.5999985,-84.8000031
671,20.247000,-39.375,-90.5999985,-84.8000031
672,20.279000,-39.3804932,-90.5999985,-84.8000031
673,20.306000,-39.3969727,-90.5999985,-84.8000031
674,20.335000,-39.3969727,-90.5999985,-84.8000031
675,20.362000,-39.3914795,-90.5999985,-84.8000031
676,20.392000,-39.3859863,-90.5999985,-84.8000031
677,20.418000,-39.3859863,-90.5999985,-84.8000031
678,20.444000,-39.3804932,-90.5999985,-84.8000031
679,20.471000,-39.3804932,-90.5999985,-84.8000031
680,20.500000,-39.3804932,-90.5999985,-84.8000031
681,20.525000,-39.3804932,-90.5999985,-84.8000031
682,20.552000,-39.3859863,-90.5999985,-84.8000031
683,20.578000,-39.3859863,-90.5999985,-84.8000031
684,20.608000,-39.3859863,-90.5999985,-84.8000031
685,20.637000,-39.3859863,-90.5999985,-84.8000031
686,20.667000,-39.375,-90.5999985,-84.8000031
687,20.693000,-39.3640137,-90.5999985,-84.8000031
688,20.721000,-39.3585205,-90.5999985,-84.8000031
689,20.748000,-39.3585205,-90.5999985,-84.8000031
690,20.775000,-39.3530273,-90.5999985,-84.8000031
691,20.802000,-39.3585205,-90.5999985,-84.8000031
692,20.831000,-39.3585205,-90.5999985,-84.8000031
693,20.858000,-39.3585205,-90.5999985,-84.8000031
694,20.884000,-39.3640137,-90.5999985,-84.8000031
695,20.913000,-39.3585205,-90.5999985,-84.8000031
696,20.940000,-39.3585205,-90.5999985,-84.8000031
697,20.966000,-39.3585205,-90.5999985,-84.8000031
698,20.992000,-39.3585205,-90.5999985,-84.8000031
699,21.020000,-39.3640137,-90.5999985,-84.8000031
700,21.047000,-39.3695068,-90.5999985,-84.8000031
701,21.074000,-39.375,-90.5999985,-84.8000031
702,21.102000,-39.3695068,-90.5999985,-84.8000031
703,21.129000,-39.3695068,-90.5999985,-84.8000031
704,21.159000,-39.375,-90.5999985,-84.8000031
705,21.188000,-39.375,-90.5999985,-84.8000031
706,21.217000,-39.3804932,-90.5999985,-84.8000031
707,21.248000,-39.375,-90.5999985,-84.8000031
708,21.276000,-39.3695068,-90.5999985,-84.8000031
709,21.303000,-39.3695068,-90.5999985,-84.8000031
710,21.333000,-39.3640137,-90.5999985,-84.8000031
711,21.360000,-39.3585205,-90.5999985,-84.8000031
712,21.387000,-39.3640137,-90.5999985,-84.8000031
713,21.413000,-39.3640137,-90.5999985,-84.8000031
714,21.441000,-39.3695068,-90.5999985,-84.8000031
715,21.470000,-39.3695068,-90.5999985,-84.8000031
716,21.499000,-39.3695068,-90.5999985,-84.8000031
717,21.526000,-39.3695068,-90.5999985,-84.8000031
718,21.553000,-39.3585205,-90.5999985,-84.8000031
719,21.579000,-39.3585205,-90.5999985,-84.8000031
720,21.607000,-39.3585205,-90.5999985,-84.8000031
721,21.634000,-39.3585205,-90.5999985,-84.8000031
722,21.658000,-39.3585205,-90.5999985,-84.8000031
723,21.684000,-39.3640137,-90.5999985,-84.8000031
724,21.709000,-39.3530273,-90.5999985,-84.8000031
725,21.739000,-39.3530273,-90.5999985,-84.8000031
726,21.766000,-39.3475342,-90.5999985,-84.8000031
727,21.794000,-39.3475342,-90.5999985,-84.8000031
728,21.822000,-39.3475342,-90.5999985,-84.8000031
729,21.851000,-39.3365479,-90.5999985,-84.8000031
730,21.887000,-39.3310547,-90.5999985,-84.8000031
731,21.915000,-39.3365479,-90.5999985,-84.8000031
732,21.943000,-39.3365479,-90.5999985,-84.8000031
733,21.971000,-39.3310547,-90.5999985,-84.8000031
734,21.998000,-39.3255615,-90.5999985,-84.8000031
735,22.025000,-39.3255615,-90.5999985,-84.8000031
736,22.053000,-39.3200684,-90.5999985,-84.8000031
737,22.080000,-39.3200684,-90.5999985,-84.8000031
738,22.107000,-39.3200684,-90.5999985,-84.8000031
739,22.135000,-39.3255615,-90.5999985,-84.8000031
740,22.168000,-39.3200684,-90.5999985,-84.8000031
741,22.196000,-39.3255615,-90.5999985,-84.8000031
742,22.227000,-39.3200684,-90.5999985,-84.8000031
743,22.253000,-39.3200684,-90.5999985,-84.8000031
744,22.281000,-39.3200684,-90.5999985,-84.8000031
745,22.308000,-39.3200684,-90.5999985,-84.8000031
746,22.337000,-39.3695068,-91.1999969,-85.1999969
747,22.363000,-39.7210693,-94.4000015,-85.8000031
748,22.391000,-40.1000977,-99.9000015,-86.0999985
749,22.419000,-40.1220703,-106.400002,-86.1999969
750,22.448000,-40.2593994,-112.800003,-86.4000015
751,22.476000,-40.3692627,-118,-86.4000015
752,22.502000,-40.2923584,-122.199997,-86.3000031
753,22.531000,-40.2099609,-127.5,-86.8000031
754,22.562000,-40.2484131,-132.600006,-87
755,22.590000,-40.2703857,-138,-86.9000015
756,22.617000,-40.2484131,-143.399994,-86.9000015
757,22.646000,-40.177002,-149.100006,-87.0999985
758,22.674000,-39.9627686,-154,-87.4000015
759,22.701000,-39.9462891,-159.100006,-88.0999985
760,22.726000,-39.9517822,-163.800003,-88.1999969
761,22.754000,-39.9737549,-168.800003,-88.4000015
762,22.781000,-40.0067139,-173.699997,-88.1999969
763,22.807000,-40.0506592,-178.699997,-88.4000015
764,22.838000,-40.2044678,-184.800003,-88.8000031
765,22.865000,-40.3527832,-189.600006,-89.1999969
766,22.893000,-40.6219482,-194.399994,-89.9000015
767,22.920000,-40.7922363,-199.100006,-90.1999969
768,22.945000,-40.6219482,-202.800003,-90.0999985
769,22.970000,-40.4571533,-205.800003,-89.9000015
770,22.999000,-40.3637695,-210.100006,-90
771,23.026000,-40.2319336,-215.199997,-90.3000031
772,23.053000,-40.1934814,-219.699997,-90.6999969
773,23.083000,-40.2429199,-224.300003,-91.0999985
774,23.109000,-40.1385498,-229.100006,-90.9000015
775,23.137000,-39.979248,-234.199997,-90.6999969
776,23.163000,-39.9407959,-238.699997,-90.6999969
777,23.189000,-40.078125,-242.300003,-90.8000031
778,23.216000,-40.1879883,-247.399994,-91.0999985
779,23.244000,-40.2868652,-252.300003,-91.5999985
780,23.272000,-40.3637695,-257.600006,-92
781,23.299000,-40.2868652,-262.700012,-92.1999969
782,23.331000,-40.144043,-266.100006,-92.1999969
783,23.362000,-39.8913574,-270.899994,-92
784,23.391000,-39.8474121,-275.5,-92.3000031
785,23.419000,-39.9517822,-280.5,-92.8000031
786,23.445000,-39.9353027,-285.100006,-93.0999985
787,23.474000,-39.8638916,-290.600006,-92.8000031
788,23.501000,-38.8092041,-295.100006,-90.3000031
789,23.529000,-37.3205566,-300.5,-87.6999969
790,23.561000,-36.5240479,-306.100006,-85.4000015
791,23.590000,-35.7440186,-311.399994,-83.4000015
792,23.615000,-34.6069336,-316.399994,-82.0999985
793,23.642000,-34.1070557,-321.399994,-81
794,23.667000,-33.6126709,-325.600006,-80.1999969
795,23.693000,-33.0853271,-330.600006,-78.9000015
796,23.720000,-32.711792,-335.399994,-78
797,23.746000,-32.409668,-340.100006,-77.5
798,23.771000,-32.1899414,-344.799988,-77.4000015
799,23.798000,-32.1734619,-349.5,-77.5999985
800,23.825000,-32.1240234,-354.100006,-77
801,23.851000,-31.9207764,-359.100006,-76.0999985
802,23.880000,-31.7120361,-364.5,-75.3000031
803,23.908000,-31.6955566,-369.899994,-75.0999985
804,23.935000,-31.6625977,-374.899994,-75.0999985
805,23.964000,-31.5802002,-379.399994,-75.3000031
806,23.990000,-31.6131592,-384.399994,-75.4000015
807,24.018000,-31.3494873,-389.700012,-74.8000031
808,24.045000,-31.1627197,-397.399994,-74.1999969
809,24.074000,-31.37146,-406.700012,-74.6999969
810,24.102000,-31.7614746,-416.899994,-74.3000031
811,24.130000,-31.6625977,-427.600006,-73.3000031
812,24.159000,-31.5582275,-438.100006,-73.0999985
813,24.187000,-31.6845703,-447.100006,-73.1999969
814,24.216000,-31.7230225,-457.700012,-73.5999985
815,24.243000,-31.6900635,-466.799988,-73.8000031
816,24.268000,-31.8603516,-476.200012,-74.1999969
817,24.306000,-31.9372559,-489.799988,-74.5999985
818,24.343000,-31.90979,-502.600006,-74.9000015
819,24.372000,-31.9976807,-512.299988,-75.4000015
820,24.400000,-32.2119141,-521.799988,-76
821,24.426000,-32.2998047,-528.900024,-76.0999985
822,24.453000,-32.4316406,-537.400024,-76.4000015
823,24.482000,-33.0084229,-547.200012,-77.0999985
824,24.520000,-33.4423828,-560.900024,-77.4000015
825,24.571000,-34.1619873,-581.400024,-78.4000015
826,24.603000,-34.4421387,-591.599976,-78.5
827,24.631000,-34.5025635,-601.900024,-78.5
828,24.658000,-34.9365234,-611.299988,-79.3000031
829,24.683000,-35.3979492,-621.599976,-80
830,24.713000,-35.6176758,-631.900024,-80.4000015
831,24.740000,-35.9197998,-642.599976,-81.0999985
832,24.768000,-36.3043213,-652.200012,-81.5999985
833,24.795000,-36.5130615,-661.700012,-82
834,24.822000,-36.6174316,-672.5,-83
835,24.851000,-37.0513916,-684.599976,-84
836,24.880000,-37.600708,-694.799988,-84.9000015
837,24.910000,-38.0841064,-704.700012,-85.6999969
838,24.937000,-38.3203125,-714.900024,-86
839,24.966000,-38.6553955,-725.400024,-86.8000031
840,24.994000,-39.039917,-736,-87.6999969
841,25.027000,-39.6002197,-748.5,-88.1999969
842,25.057000,-40.3088379,-759.900024,-89.3000031
843,25.090000,-41.0888672,-771.700012,-89.9000015
844,25.122000,-41.4569092,-785.200012,-90.3000031
845,25.151000,-42.1655273,-796.099976,-90.9000015
846,25.185000,-42.9071045,-813.099976,-91.5
847,25.228000,-44.1046143,-826.900024,-92.3000031
848,25.272000,-44.7747803,-835.299988,-92.5
849,25.300000,-45.3460693,-844.299988,-92.5999985
850,25.339000,-45.8734131,-859.099976,-93.0999985
851,25.369000,-46.4611816,-870.900024,-93.6999969
852,25.400000,-46.9775391,-881.799988,-93.8000031
853,25.427000,-47.4938965,-892.400024,-93.8000031
854,25.457000,-47.9333496,-902.400024,-93.8000031
855,25.485000,-48.5266113,-912.599976,-94.0999985
856,25.513000,-48.9715576,-922.200012,-93.8000031
857,25.550000,-49.7296143,-935.299988,-94
858,25.584000,-50.3942871,-947.299988,-93.9000015
859,25.610000,-50.7733154,-956.900024,-94.0999985
860,25.640000,-51.3665771,-967.400024,-94.6999969
861,25.666000,-51.8334961,-975.799988,-95.3000031
862,25.693000,-52.2015381,-981.400024,-95.8000031
863,25.723000,-52.7069092,-983.400024,-95.6999969
864,25.749000,-53.1298828,-987.200012,-95.9000015
865,25.773000,-53.7945557,-987.200012,-95.9000015
866,25.800000,-54.3658447,-988.5,-96.0999985
867,25.828000,-54.7009277,-991.200012,-96.3000031
868,25.856000,-54.9755859,-995.400024,-96.9000015
869,25.883000,-54.8931885,-999.400024,-96.9000015
870,25.907000,-54.9481201,-1000.40002,-97.0999985
871,25.932000,-55.3546143,-1002.5,-97.5999985
872,25.959000,-55.81604,-1006.09998,-98.5
873,25.985000,-56.2609863,-1008.20001,-99
874,26.010000,-56.7443848,-1009.40002,-99
875,26.037000,-56.9915771,-1009.70001,-99
876,26.066000,-57.0904541,-1010.40002,-98.8000031
877,26.098000,-57.3266602,-1014.5,-98.8000031
878,26.126000,-57.6617432,-1018.90002,-99
879,26.160000,-57.925415,-1022.59998,-99.5999985
880,26.187000,-58.057251,-1026.40002,-99.9000015
881,26.214000,-58.0627441,-1030.90002,-99.9000015
882,26.241000,-57.9968262,-1037.19995,-99.5
883,26.278000,-58.0517578,-1042.5,-99.4000015
884,26.305000,-58.2769775,-1047.59998,-99.6999969
885,26.333000,-58.6230469,-1052.59998,-99.9000015
886,26.359000,-58.9526367,-1056.90002,-100.300003
887,26.385000,-59.463501,-1057.5,-100.599998
888,26.410000,-59.9743652,-1057.5,-100.599998
889,26.440000,-60.0292969,-1056.09998,-100.400002
890,26.467000,-60.0128174,-1055,-100.099998
891,26.494000,-60.0183105,-1055.19995,-100.099998
892,26.523000,-60.1940918,-1055.80005,-100.099998
893,26.549000,-60.4577637,-1056.09998,-100.199997
894,26.578000,-60.6829834,-1056.09998,-100.199997
895,26.601000,-60.8752441,-1056.09998,-100.199997
896,26.631000,-60.9796143,-1056.09998,-100.199997
897,26.658000,-61.0894775,-1056.09998,-100.199997
898,26.685000,-61.1938477,-1054.90002,-100.300003
899,26.712000,-61.5618896,-1054.90002,-100.300003
900,26.747000,-61.809082,-1054.09998,-100.300003
901,26.784000,-61.7211914,-1047.09998,-100.900002
902,26.814000,-61.8255615,-1041.5,-101.199997
903,26.842000,-61.9299316,-1036.19995,-101.199997
904,26.868000,-61.9024658,-1030.90002,-100.800003
905,26.897000,-62.0013428,-1026,-100.5
906,26.930000,-62.1221924,-1018.79999,-100.300003
907,26.961000,-62.3034668,-1015.29999,-100.400002
908,26.995000,-62.7044678,-1010.29999,-100.5
909,27.022000,-62.8637695,-1004.5,-99.6999969
910,27.051000,-62.8088379,-1001.70001,-99.3000031
911,27.081000,-62.7539062,-998.900024,-98.9000015
912,27.109000,-62.7593994,-995.200012,-98.4000015
913,27.136000,-62.7099609,-992.599976,-98
914,27.164000,-62.8857422,-990.400024,-97.6999969
915,27.191000,-62.9571533,-986.099976,-97.0999985
916,27.219000,-62.9846191,-981.400024,-96.5
917,27.245000,-62.979126,-976.5,-96.0999985
918,27.271000,-63.1054687,-971.700012,-95.6999969
919,27.299000,-63.2592773,-968.200012,-95.1999969
920,27.326000,-63.3306885,-968.200012,-95.1999969
921,27.356000,-63.314209,-961.599976,-94.5
922,27.383000,-63.4680176,-951.700012,-94.5999985
923,27.412000,-63.6602783,-940.5,-94.3000031
924,27.439000,-63.4790039,-927.599976,-93.9000015
925,27.471000,-63.4735107,-916.700012,-94.3000031
926,27.500000,-63.3746338,-905.700012,-94.1999969
927,27.531000,-63.1768799,-894.099976,-94.8000031
928,27.558000,-63.3746338,-883.299988,-95.5
929,27.591000,-63.3032227,-871.599976,-95.3000031
930,27.618000,-63.2537842,-859.5,-95.8000031
931,27.646000,-63.5064697,-848.900024,-96.5
932,27.673000,-63.4680176,-837.700012,-96.4000015
933,27.700000,-63.1933594,-827.099976,-96.5
934,27.728000,-63.248291,-816,-97.0999985
935,27.755000,-63.3966064,-805.5,-97.5
936,27.783000,-63.3416748,-799.900024,-97.5
937,27.810000,-63.1768799,-791.700012,-97.4000015
938,27.842000,-62.8198242,-779.200012,-97.0999985
939,27.869000,-62.0562744,-728,-96.1999969
940,28.002000,-61.4300537,-715.599976,-95.1999969
941,28.033000,-60.9356689,-708.900024,-95.3000031
942,28.062000,-60.6719971,-703.200012,-95.0999985
943,28.091000,-60.1226807,-693.200012,-94.5999985
944,28.120000,-59.8590088,-682.200012,-94.4000015
945,28.146000,-59.6118164,-671.900024,-94.1999969
946,28.172000,-59.0240479,-661.200012,-93.5999985
947,28.199000,-58.7219238,-651.599976,-93
948,28.226000,-58.3374023,-641.299988,-92.9000015
949,28.251000,-57.9418945,-631.200012,-92.6999969
950,28.277000,-57.5354004,-621.400024,-92.3000031
951,28.305000,-57.0135498,-610.299988,-91.9000015
952,28.334000,-56.6894531,-599.5,-92.0999985
953,28.368000,-56.3708496,-585.200012,-92.4000015
954,28.397000,-55.4919434,-575,-91.9000015
955,28.425000,-54.9536133,-568.299988,-92
956,28.470000,-54.4317627,-554.299988,-91.8000031
957,28.499000,-53.8769531,-544,-91.3000031
958,28.527000,-53.4320068,-533.299988,-91.8000031
959,28.554000,-53.0529785,-522.200012,-91.4000015
960,28.583000,-52.3608398,-512.200012,-90.8000031
961,28.610000,-51.9158936,-501.5,-91.0999985
962,28.637000,-50.8831787,-488.5,-91
963,28.689000,-50.1416016,-470.799988,-90.6999969
964,28.720000,-49.7625732,-459,-91.0999985
965,28.748000,-49.2791748,-448.100006,-91.5
966,28.775000,-48.6749268,-438.200012,-91.8000031
967,28.803000,-48.0212402,-427.5,-91.5
968,28.831000,-47.3895264,-417,-91.9000015
969,28.861000,-46.84021,-405.200012,-92
970,28.887000,-46.1755371,-395,-91.6999969
971,28.914000,-45.8184814,-386.600006,-92.3000031
972,28.942000,-45.5493164,-379,-92.6999969
973,28.970000,-44.934082,-370,-92.4000015
974,28.997000,-44.3353271,-359.899994,-92.6999969
975,29.023000,-44.1760254,-348.700012,-93.6999969
976,29.052000,-43.8079834,-337.5,-93.8000031
977,29.081000,-43.1707764,-326.399994,-94.0999985
978,29.112000,-42.9620361,-313.899994,-94.8000031
979,29.142000,-42.5500488,-303.100006,-94.8000031
980,29.168000,-42.0611572,-292.5,-94.3000031
981,29.195000,-41.6052246,-281.5,-94.5
982,29.222000,-41.1877441,-271.100006,-94.9000015
983,29.248000,-40.7592773,-260.600006,-95.0999985
984,29.280000,-40.3582764,-248.800003,-95.5
985,29.306000,-39.8803711,-237.800003,-95.6999969
986,29.334000,-39.4519043,-226.100006,-95.9000015
987,29.361000,-38.9630127,-216.300003,-95.8000031
988,29.389000,-38.4301758,-205.5,-95.1999969
989,29.414000,-38.1060791,-195.199997,-95.5999985
990,29.438000,-37.8204346,-185.600006,-95.6999969
991,29.467000,-37.3535156,-173.899994,-95.6999969
992,29.494000,-37.1282959,-167.899994,-95.9000015
993,29.523000,-36.9525146,-159.199997,-95.5
994,29.549000,-36.5405273,-148.899994,-94.9000015
995,29.577000,-36.3647461,-138.899994,-94.5999985
996,29.604000,-36.2713623,-128.5,-94.8000031
997,29.629000,-35.9967041,-117.599998,-94.3000031
998,29.657000,-35.6341553,-107.400002,-94.1999969
999,29.684000,-35.5792236,-96,-94.5
1000,29.713000,-35.5462646,-84.9000015,-94.9000015
1001,29.741000,-35.4199219,-73.4000015,-95.0999985
1002,29.767000,-35.1672363,-63.0999985,-94.6999969
1003,29.796000,-34.8431396,-52.4000015,-94.5999985
1004,29.821000,-34.6234131,-43.0999985,-94.5
1005,29.849000,-34.3377686,-32.2999992,-94.1999969
1006,29.874000,-34.1345215,-21.2000008,-93.9000015
1007,29.903000,-34.0026855,-11.5,-94
1008,29.929000,-33.8104248,0.200000003,-93.5
1009,29.955000,-33.5137939,9,-93.1999969
1010,29.979000,-33.2666016,19.2999992,-93.3000031
1011,30.008000,-33.1622314,27.7999992,-93
1012,30.036000,-32.8106689,32.0999985,-92.8000031
1013,30.063000,-32.5964355,32,-92.8000031
1014,30.092000,-32.4316406,29.6000004,-93.3000031
1015,30.120000,-32.4371338,29,-93.5
1016,30.147000,-32.277832,29.5,-93.4000015
1017,30.173000,-32.1185303,29.7999992,-93.5
1018,30.201000,-31.9207764,29.7000008,-93.5
1019,30.230000,-31.7120361,29.6000004,-93.5999985
1020,30.257000,-31.5307617,29.7000008,-93.5999985
1021,30.283000,-31.338501,29.7000008,-93.5999985
1022,30.308000,-31.1627197,29.7000008,-93.5999985
1023,30.336000,-30.9979248,29.7000008,-93.5999985
1024,30.361000,-30.8496094,29.7000008,-93.5999985
1025,30.390000,-30.7122803,29.7000008,-93.5999985
1026,30.417000,-30.5200195,29.7000008,-93.5999985
1027,30.444000,-30.3771973,29.7000008,-93.6999969
1028,30.473000,-30.2398682,29.6000004,-93.6999969
1029,30.501000,-30.1190186,29.7000008,-93.6999969
1030,30.529000,-29.9761963,29.6000004,-93.6999969
1031,30.555000,-29.866333,28.2999992,-93.9000015
1032,30.586000,-29.833374,23.1000004,-93.6999969
1033,30.612000,-29.7784424,17.2999992,-93.5
1034,30.642000,-29.5751953,10.8000002,-93.5
1035,30.669000,-29.5477295,5.9000001,-93.6999969
1036,30.696000,-29.7070313,1.39999998,-94.3000031
1037,30.724000,-29.9267578,-3,-95
1038,30.752000,-29.8883057,-7.80000019,-95.3000031
1039,30.778000,-29.7784424,-12.6999998,-95.5999985
1040,30.806000,-29.6520996,-18.3999996,-95.9000015
1041,30.833000,-29.6136475,-23.6000004,-96.1999969
1042,30.863000,-29.6246338,-29.5,-96.4000015
1043,30.891000,-29.5202637,-34.5,-96.6999969
1044,30.917000,-29.4543457,-39.2000008,-97.0999985
1045,30.942000,-29.229126,-43.7999992,-97.5
1046,30.969000,-29.1247559,-49.4000015,-97.8000031
1047,30.996000,-29.1192627,-54.9000015,-98
1048,31.024000,-29.2456055,-60.2000008,-98.0999985
1049,31.053000,-29.2730713,-65.3000031,-97.8000031
1050,31.081000,-29.2840576,-70.8000031,-98
1051,31.107000,-29.3170166,-75.0999985,-98.4000015
1052,31.134000,-29.3005371,-78.4000015,-98.6999969
1053,31.164000,-29.3499756,-83.4000015,-99
1054,31.194000,-29.3884277,-89.0999985,-99
1055,31.224000,-29.3334961,-94.6999969,-98.9000015
1056,31.252000,-29.2510986,-99.5,-98.8000031
1057,31.280000,-29.1522217,-104.599998,-99
1058,31.307000,-29.0808105,-109.400002,-99.4000015
1059,31.335000,-29.2675781,-114.699997,-100.099998
1060,31.362000,-29.3609619,-119.300003,-100.300003
1061,31.391000,-29.3774414,-124.900002,-100.400002
1062,31.420000,-29.3829346,-129.800003,-100.300003
1063,31.445000,-29.2895508,-134.899994,-100.400002
1064,31.473000,-29.2071533,-140.5,-101
1065,31.501000,-29.3334961,-145.699997,-102.099998
1066,31.529000,-29.4488525,-151.199997,-102.699997
1067,31.557000,-29.3719482,-155.899994,-102.800003
1068,31.584000,-29.229126,-161.5,-102.900002
1069,31.612000,-29.0148926,-168.300003,-103.099998
1070,31.639000,-28.7182617,-177.100006,-103.199997
1071,31.665000,-28.460083,-186,-104
1072,31.693000,-28.3117676,-195.699997,-104.800003
1073,31.719000,-28.2128906,-205.100006,-105.5
1074,31.745000,-28.3392334,-215.5,-106.699997
1075,31.775000,-28.3172607,-226.300003,-107.300003
1076,31.804000,-28.3502197,-236.399994,-108
1077,31.840000,-28.3282471,-249.399994,-108.300003
1078,31.868000,-28.1414795,-259.5,-108.400002
1079,31.897000,-28.0426025,-270.5,-108.5
1080,31.926000,-27.9656982,-275.899994,-108.5
1081,31.954000,-28.0645752,-286,-108.900002
1082,31.982000,-28.3117676,-296.299988,-109.400002
1083,32.009000,-28.3172607,-306.200012,-108.900002
1084,32.037000,-28.3227539,-316.399994,-109.400002
1085,32.064000,-28.5699463,-326.799988,-109.900002
1086,32.092000,-28.5864258,-336.799988,-109.900002
1087,32.119000,-28.6083984,-344.200012,-110.199997
1088,32.146000,-28.9050293,-354.200012,-110.599998
1089,32.171000,-29.0039063,-362.700012,-110.599998
1090,32.199000,-28.7567139,-372.700012,-110.199997
1091,32.224000,-28.6138916,-381.299988,-110.400002
1092,32.251000,-28.7017822,-391.100006,-110.900002
1093,32.278000,-28.729248,-400.399994,-111.400002
1094,32.305000,-28.8006592,-410.399994,-111.900002
1095,32.334000,-28.9544678,-420.200012,-112.5
1096,32.358000,-29.0808105,-428.600006,-113
1097,32.384000,-29.1522217,-438.799988,-113.5
1098,32.411000,-29.0533447,-448.100006,-113.900002
1099,32.442000,-29.3444824,-457.5,-114.5
1100,32.468000,-29.7235107,-467,-114.900002
1101,32.498000,-29.8114014,-477.600006,-114.400002
1102,32.528000,-29.9047852,-483.799988,-114.199997
1103,32.556000,-30.201416,-493,-114.599998
1104,32.583000,-30.3497314,-501.200012,-114.699997
1105,32.613000,-30.6243896,-512.599976,-115.300003
1106,32.641000,-31.0528564,-521.599976,-115.900002
1107,32.669000,-31.338501,-532.599976,-116.300003
1108,32.700000,-31.3824463,-542.799988,-116.599998
1109,32.800000,-32.5469971,-579.400024,-118.699997
1110,32.835000,-32.8820801,-591.900024,-118.900002
1111,32.862000,-33.0303955,-602.200012,-119.5
1112,32.889000,-33.2611084,-612.5,-119.900002
1113,32.918000,-33.4533691,-622.599976,-120.599998
1114,32.947000,-34.0301514,-632.5,-121.800003
1115,32.973000,-34.7113037,-642.700012,-122.400002
1116,33.002000,-34.7662354,-651.799988,-122.300003
1117,33.030000,-35.0079346,-661.400024,-122.900002
1118,33.057000,-35.5133057,-670.700012,-123.699997
1119,33.087000,-35.9088135,-682.5,-123.800003
1120,33.116000,-36.5130615,-692.599976,-124.699997
1121,33.144000,-37.2601318,-702.900024,-125.199997
1122,33.172000,-37.5238037,-713.599976,-125.199997
1123,33.200000,-37.96875,-724,-125.800003
1124,33.231000,-38.6279297,-737,-126.300003
1125,33.263000,-39.3695068,-742.799988,-126.400002
1126,33.291000,-39.9572754,-751.900024,-126.599998
1127,33.318000,-40.5450439,-761.299988,-126.599998
1128,33.345000,-41.2591553,-786.599976,-126.5
1129,33.421000,-41.9403076,-798.099976,-127.099998
1130,33.450000,-42.9510498,-812.200012,-128.300003
1131,33.487000,-43.3520508,-823.200012,-128.5
1132,33.516000,-43.6706543,-833.599976,-129.300003
1133,33.541000,-44.2419434,-843.5,-130.300003
1134,33.567000,-44.6429443,-853,-130.899994
1135,33.597000,-45.3076172,-864.099976,-131.399994
1136,33.626000,-46.0162354,-874.5,-132
1137,33.653000,-46.5435791,-884.599976,-131.899994
1138,33.678000,-46.807251,-893.799988,-131.699997
1139,33.708000,-47.3071289,-904.599976,-131.300003
1140,33.735000,-47.8289795,-915.099976,-130.800003
1141,33.768000,-48.5925293,-926.200012,-130.899994
1142,33.796000,-49.3670654,-935,-130.699997
1143,33.824000,-49.822998,-944.700012,-130.399994
1144,33.856000,-50.322876,-956.700012,-129.899994
1145,33.885000,-50.559082,-965.200012,-129.199997
1146,33.910000,-50.9326172,-974.5,-129.399994
1147,33.937000,-51.4160156,-984.400024,-130.399994
1148,33.965000,-51.8994141,-993.700012,-131.199997
1149,33.991000,-52.2180176,-999.299988,-131.5
1150,34.017000,-53.1518555,-999.299988,-131.5
1151,34.045000,-54.2175293,-999.299988,-131.5
1152,34.071000,-54.5306396,-999.700012,-131.600006
1153,34.101000,-54.140625,-1001,-131.399994
1154,34.128000,-54.0142822,-1004.59998,-131.5
1155,34.155000,-54.3054199,-1007.5,-131.699997
1156,34.182000,-54.7283936,-1009.40002,-131.699997
1157,34.210000,-55.1513672,-1009.40002,-131.699997
1158,34.237000,-55.6018066,-1009.40002,-131.699997
1159,34.267000,-55.7720947,-1011.5,-132.100006
1160,34.295000,-55.8544922,-1016.90002,-132.399994
1161,34.322000,-55.8874512,-1021.79999,-132.600006
1162,34.350000,-55.8764648,-1025.90002,-132.199997
1163,34.374000,-55.8709717,-1030.09998,-132.100006
1164,34.399000,-56.0687256,-1032.59998,-132.300003
1165,34.428000,-56.2225342,-1032.69995,-132.300003
1166,34.457000,-56.25,-1033,-132.300003
1167,34.488000,-56.4587402,-1035,-132.600006
1168,34.517000,-56.6290283,-1039.69995,-132.699997
1169,34.547000,-56.854248,-1041.69995,-132.699997
1170,34.575000,-57.3486328,-1041.69995,-132.699997
1171,34.608000,-57.6617432,-1040.5,-132.800003
1172,34.635000,-57.8375244,-1039.59998,-132.800003
1173,34.664000,-58.0023193,-1039.90002,-132.800003
1174,34.689000,-58.09021,-1040.19995,-132.800003
1175,34.719000,-58.2165527,-1040.19995,-132.800003
1176,34.745000,-58.3483887,-1040.19995,-132.800003
1177,34.774000,-58.5241699,-1040.19995,-132.800003
1178,34.803000,-58.6395264,-1040.19995,-132.800003
1179,34.833000,-58.7329102,-1040.19995,-132.800003
1180,34.862000,-58.8427734,-1040.19995,-132.800003
1181,34.888000,-58.9306641,-1040.19995,-132.800003
1182,34.914000,-59.029541,-1040.19995,-132.800003
1183,34.940000,-59.2602539,-1038.80005,-133.100006
1184,34.968000,-59.9249268,-1038.19995,-133.100006
1185,34.998000,-60.0018311,-1033.09998,-133.100006
1186,35.028000,-59.9468994,-1027.40002,-133.399994
1187,35.056000,-59.9743652,-1021.79999,-133.600006
1188,35.088000,-59.7161865,-1018.79999,-133.300003
1189,35.114000,-59.5788574,-1016.90002,-133
1190,35.142000,-59.7875977,-1012.70001,-133.199997
1191,35.169000,-59.9853516,-1006.90002,-133.100006
1192,35.197000,-60.0128174,-1004.5,-132.800003
1193,35.226000,-60.0952148,-1000.09998,-132.199997
1194,35.253000,-60.0897217,-995.5,-131.199997
1195,35.281000,-60.0238037,-994.400024,-131.199997
1196,35.310000,-60.100708,-991.599976,-131.199997
1197,35.336000,-60.2435303,-991.599976,-131.199997
1198,35.363000,-60.4138184,-990.400024,-131.199997
1199,35.393000,-60.3643799,-985.599976,-130.600006
1200,35.418000,-60.3259277,-981.099976,-130.300003
1201,35.444000,-60.4302979,-980.700012,-130.300003
1202,35.471000,-60.7214355,-980.599976,-130.300003
1203,35.498000,-60.9466553,-977.200012,-130.100006
1204,35.526000,-61.1828613,-972.400024,-129.800003
1205,35.551000,-61.4135742,-967,-129.5
1206,35.577000,-61.4959717,-962.400024,-129.100006
1207,35.602000,-61.3970947,-957.599976,-128.899994
1208,35.631000,-61.4520264,-953.099976,-128.699997
1209,35.659000,-61.572876,-948,-128.800003
1210,35.685000,-61.6882324,-942.400024,-129
1211,35.713000,-61.875,-937.200012,-129.300003
1212,35.741000,-61.9793701,-931.200012,-129.5
1213,35.771000,-61.9903564,-927.5,-129.5
1214,35.800000,-62.0507812,-923,-129.5
1215,35.838000,-62.2924805,-916.200012,-129.199997
1216,35.865000,-62.5177002,-910.799988,-129.199997
1217,35.896000,-62.6715088,-904.299988,-129.199997
1218,35.924000,-62.677002,-900.5,-129.399994
1219,35.951000,-62.6055908,-896.299988,-129.699997
1220,35.978000,-62.4957275,-893.099976,-129.899994
1221,36.007000,-62.3913574,-889.200012,-130
1222,36.035000,-62.1881104,-884.200012,-129.699997
1223,36.065000,-61.9299316,-878.799988,-129.300003
1224,36.090000,-61.8145752,-873.5,-129.300003
1225,36.119000,-61.9628906,-868,-129.699997
1226,36.145000,-62.5561523,-860,-130.399994
1227,36.172000,-63.3251953,-850.099976,-130.699997
1228,36.199000,-63.0285645,-839.099976,-131
1229,36.227000,-62.8857422,-827.5,-131.800003
1230,36.253000,-62.7758789,-817.099976,-131.899994
1231,36.282000,-62.3968506,-805.599976,-131.100006
1232,36.310000,-62.3803711,-794.599976,-130.899994
1233,36.341000,-62.5177002,-782.400024,-130.899994
1234,36.369000,-62.0727539,-771.200012,-130.399994
1235,36.402000,-62.0123291,-757.700012,-130.800003
1236,36.428000,-61.7816162,-747,-131
1237,36.456000,-61.4355469,-736.200012,-130.600006
1238,36.492000,-61.1004639,-722.099976,-130.199997
1239,36.529000,-60.9741211,-707.099976,-130.699997
1240,36.556000,-60.6170654,-696.700012,-131
1241,36.585000,-60.0292969,-685.099976,-130.899994
1242,36.613000,-59.7711182,-675.099976,-130.899994
1243,36.642000,-59.463501,-663.5,-131.100006
1244,36.673000,-58.9251709,-651.599976,-130.600006
1245,36.701000,-58.5351562,-640,-130.699997
1246,36.729000,-58.3648682,-630,-130.899994
1247,36.755000,-57.6452637,-619.900024,-130.399994
1248,36.783000,-57.1179199,-609.400024,-130.399994
1249,36.810000,-56.9366455,-605.900024,-130.600006
1250,36.839000,-56.5795898,-597.200012,-130.5
1251,36.865000,-55.9259033,-588.599976,-130.300003
1252,36.892000,-55.4260254,-577.400024,-130.699997
1253,36.919000,-55.1074219,-567,-131.100006
1254,36.947000,-54.4262695,-562.400024,-131
1255,36.976000,-53.9758301,-557.299988,-131.199997
1256,37.005000,-53.5913086,-549.200012,-131.300003
1257,37.033000,-53.0969238,-537.799988,-131.100006
1258,37.061000,-52.3168945,-527.700012,-130.699997
1259,37.088000,-51.7401123,-520.700012,-130.399994
1260,37.116000,-51.5093994,-512.299988,-130.699997
1261,37.144000,-51.2731934,-501.799988,-130.800003
1262,37.169000,-50.7623291,-491.799988,-130.399994
1263,37.197000,-50.1416016,-480.799988,-131.100006
1264,37.224000,-49.7515869,-470.399994,-131.300003
1265,37.252000,-48.9660645,-459.5,-131
1266,37.292000,-48.3947754,-444.200012,-131.199997
1267,37.319000,-48.3013916,-434,-131.399994
1268,37.344000,-47.6422119,-423.899994,-130.899994
1269,37.373000,-46.9445801,-412.600006,-130.699997
1270,37.400000,-46.5545654,-401.600006,-131
1271,37.426000,-46.1206055,-392.200012,-130.699997
1272,37.455000,-45.43396,-381.299988,-130.5
1273,37.482000,-45,-373.399994,-130.800003
1274,37.511000,-44.5275879,-364.600006,-131.199997
1275,37.538000,-43.9233398,-360.600006,-131.300003
1276,37.565000,-43.3135986,-354.899994,-131.199997
1277,37.594000,-42.824707,-345.799988,-131.399994
1278,37.623000,-42.456665,-334.200012,-131.5
1279,37.653000,-41.8139648,-322.899994,-131
1280,37.677000,-41.3635254,-312.799988,-131.100006
1281,37.706000,-41.1932373,-301.799988,-131.699997
1282,37.734000,-40.7318115,-290.600006,-131.300003
1283,37.761000,-40.2813721,-279.5,-131.199997
1284,37.789000,-40.1879883,-268.899994,-131.800003
1285,37.817000,-39.8968506,-258,-131.800003
1286,37.843000,-39.3695068,-248.100006,-131.800003
1287,37.869000,-39.0234375,-237.899994,-132.199997
1288,37.896000,-38.7268066,-227.600006,-132.600006
1289,37.921000,-38.3422852,-217.199997,-132.5
1290,37.947000,-37.96875,-206.899994,-132.699997
1291,37.976000,-37.6776123,-195.699997,-133.199997
1292,38.003000,-37.3809814,-183.800003,-133.600006
1293,38.032000,-37.0074463,-173.399994,-133.600006
1294,38.057000,-36.5460205,-163.100006,-133.199997
1295,38.086000,-36.2384033,-151.800003,-133.300003
1296,38.111000,-36.0406494,-141.399994,-133.600006
1297,38.139000,-35.6671143,-130.399994,-133.100006
1298,38.165000,-35.3155518,-119.900002,-133.5
1299,38.193000,-35.2276611,-108.900002,-134.100006
1300,38.219000,-34.9420166,-98.6999969,-133.600006
1301,38.246000,-34.5684814,-91.1999969,-133.300003
1302,38.273000,-34.6508789,-83.5,-133.600006
1303,38.301000,-34.755249,-74,-133.5
1304,38.329000,-34.519043,-67.8000031,-133.199997
1305,38.356000,-34.354248,-57.5,-133.600006
1306,38.385000,-34.4311523,-46.4000015,-133.899994
1307,38.413000,-34.2663574,-35.7000008,-133.399994
1308,38.440000,-34.1894531,-24.6000004,-133.100006
1309,38.466000,-34.1564941,-14.3999996,-133
1310,38.493000,-34.0246582,-3.20000005,-132.800003
1311,38.521000,-33.815918,6.5999999,-132.699997
1312,38.549000,-33.6236572,18.2999992,-132.199997
1313,38.575000,-33.4753418,28.1000004,-131.899994
1314,38.605000,-33.3050537,39.2000008,-131.5
1315,38.633000,-32.9150391,50.0999985,-130.699997
1316,38.659000,-32.6678467,60.5999985,-130.800003
1317,38.684000,-32.6623535,65.5999985,-130.800003
1318,38.712000,-32.4865723,74.9000015,-130.5
1319,38.739000,-32.2503662,85.3000031,-130.300003
1320,38.765000,-32.3162842,95.8000031,-130.800003
1321,38.792000,-32.3492432,106.800003,-130.699997
1322,38.819000,-32.041626,117.699997,-130.300003
1323,38.849000,-31.9812012,129.199997,-130.699997
1324,38.879000,-32.1240234,141,-131
1325,38.907000,-32.1459961,152.100006,-131
1326,38.932000,-32.2723389,162.399994,-131.199997
1327,38.961000,-32.3217773,173.399994,-131.199997
1328,38.989000,-32.2833252,184.300003,-131.199997
1329,39.019000,-32.1514893,193.100006,-130.899994
1330,39.045000,-32.1624756,194.800003,-130.800003
1331,39.069000,-31.9537354,195.300003,-130.5
1332,39.096000,-31.8493652,192.899994,-131
1333,39.124000,-32.0196533,191.600006,-131.600006
1334,39.153000,-32.1899414,191.800003,-131.699997
1335,39.179000,-32.041626,192.5,-131.5
1336,39.207000,-32.0141602,192.399994,-131.5
1337,39.235000,-31.9647217,192.199997,-131.5
1338,39.263000,-31.9152832,192.300003,-131.600006
1339,39.293000,-31.8493652,192.300003,-131.600006
1340,39.321000,-31.7834473,192.300003,-131.600006
1341,39.350000,-31.7449951,190.399994,-131.600006
1342,39.378000,-31.8768311,185.699997,-132.100006
1343,39.406000,-32.0471191,179.199997,-132.800003
1344,39.433000,-32.0031738,173.600006,-133.100006
1345,39.460000,-31.8878174,169.600006,-133.199997
1346,39.488000,-31.9592285,165.600006,-133.199997
1347,39.519000,-32.0361328,160.100006,-133.199997
1348,39.545000,-32.1405029,156.699997,-133.399994
1349,39.573000,-32.1240234,151.300003,-133.600006
1350,39.603000,-32.008667,146.300003,-134.199997
1351,39.631000,-31.942749,141.399994,-134.5
1352,39.657000,-31.8603516,136.699997,-134.600006
1353,39.685000,-31.7944336,133.300003,-134.5
1354,39.711000,-31.7230225,133.100006,-134.399994
1355,39.740000,-31.6955566,129.600006,-134.699997
1356,39.767000,-32.074585,122.599998,-135.399994
1357,39.797000,-32.3492432,111.400002,-135.899994
1358,39.828000,-32.0141602,100.5,-135.199997
1359,39.855000,-31.7834473,88.8000031,-135.600006
1360,39.884000,-31.8054199,79.1999969,-136.300003
1361,39.912000,-31.7669678,70.0999985,-137.100006
1362,39.942000,-31.90979,59.2999992,-138.399994
1363,39.971000,-32.0141602,49.2999992,-139.300003
1364,39.996000,-31.7834473,39.5,-139.699997
1365,40.025000,-31.607666,29.1000004,-140.399994
1366,40.052000,-31.6900635,19.1000004,-141.300003
1367,40.078000,-31.7175293,9.19999981,-141.699997
1368,40.108000,-31.6625977,-1,-141.899994
1369,40.135000,-31.4868164,-10.3000002,-141.800003
1370,40.160000,-31.2615967,-19.3999996,-142.100006
1371,40.186000,-31.1077881,-28.3999996,-142.300003
1372,40.214000,-30.9539795,-39,-142.800003
1373,40.242000,-30.9320068,-49.5,-143.5
1374,40.269000,-31.2451172,-59.2000008,-144.600006
1375,40.295000,-31.2121582,-70.6999969,-144.699997
1376,40.322000,-30.8551025,-80.6999969,-145.100006
1377,40.350000,-30.7672119,-91.4000015,-146.100006
1378,40.378000,-30.6903076,-101.800003,-146.800003
1379,40.405000,-30.4431152,-111.300003,-147.199997
1380,40.431000,-30.4760742,-121.699997,-148.199997
1381,40.459000,-30.5310059,-131,-149
1382,40.487000,-30.2233887,-140.899994,-149.5
1383,40.513000,-30.0915527,-150.5,-150.199997
1384,40.541000,-30.0036621,-161.100006,-151.300003
1385,40.576000,-29.8278809,-173.600006,-152.300003
1386,40.604000,-29.833374,-184.100006,-152.899994
1387,40.631000,-29.7290039,-194.5,-153.399994
1388,40.659000,-29.6575928,-204.899994,-154.100006
1389,40.687000,-29.5751953,-215.399994,-154.699997
1390,40.716000,-29.4708252,-226.5,-155
1391,40.745000,-29.7125244,-236.899994,-155.899994
1392,40.775000,-29.9267578,-247.5,-156.5
1393,40.801000,-29.7509766,-257.5,-156.399994
1394,40.829000,-29.6411133,-271.899994,-157.600006
1395,40.869000,-29.7070313,-282,-158
1396,40.898000,-29.5422363,-292.799988,-158.100006
1397,40.924000,-29.6136475,-301,-158.800003
1398,40.952000,-29.6356201,-311.200012,-159.199997
1399,40.980000,-29.2181396,-320.700012,-159.300003
1400,41.007000,-29.0917969,-330.700012,-160
1401,41.036000,-29.1522217,-340.700012,-160.899994
1402,41.073000,-29.1577148,-352.700012,-161.899994
1403,41.100000,-29.1467285,-362,-162.399994
1404,41.128000,-29.0423584,-372.200012,-163.100006
1405,41.155000,-28.9874268,-381.700012,-163.800003
1406,41.181000,-28.7731934,-390.5,-163.800003
1407,41.209000,-28.7347412,-400.100006,-164.100006
1408,41.237000,-28.9819336,-409.299988,-164.899994
1409,41.269000,-29.1796875,-414,-165.300003
1410,41.297000,-28.9544678,-416,-165.600006
1411,41.325000,-29.0148926,-425,-166.100006
1412,41.352000,-30.2563477,-433.600006,-166.800003
1413,41.476000,-30.201416,-465.600006,-167.600006
1414,41.505000,-30.3442383,-475.5,-168.199997
1415,41.534000,-30.6463623,-485.200012,-168.5
1416,41.564000,-30.8441162,-496,-168.5
1417,41.591000,-30.9155273,-500,-168.399994
1418,41.623000,-31.0693359,-509.5,-168.399994
1419,41.651000,-31.0638428,-519,-168.600006
1420,41.676000,-31.239624,-527.700012,-169
1421,41.704000,-31.2670898,-538.400024,-169.5
1422,41.733000,-31.7120361,-543.099976,-170.100006
1423,41.764000,-32.1624756,-548.799988,-170.100006
1424,41.799000,-32.2009277,-560,-170.100006
1425,41.825000,-32.6513672,-568.799988,-170.699997
1426,41.854000,-33.0413818,-577.400024,-171.199997
1427,41.885000,-33.8104248,-586.700012,-172
1428,41.925000,-34.486084,-603.700012,-173.800003
1429,41.959000,-34.6618652,-613.400024,-173.899994
1430,41.994000,-35.0738525,-624.700012,-174.199997
1431,42.035000,-35.9527588,-632.599976,-173.899994
1432,42.063000,-36.2438965,-636.400024,-173.899994
1433,42.094000,-36.661377,-645.400024,-173.300003
1434,42.122000,-36.963501,-655.200012,-173.300003
1435,42.150000,-37.3370361,-664.900024,-172.699997
1436,42.175000,-37.6062012,-673.700012,-172.199997
1437,42.203000,-38.1115723,-683.599976,-171.899994
1438,42.231000,-38.8421631,-692.799988,-171.699997
1439,42.258000,-39.1497803,-702.299988,-171
1440,42.285000,-39.1223145,-712.5,-170.600006
1441,42.316000,-39.5947266,-723.400024,-170.800003
1442,42.345000,-40.1385498,-734.099976,-171
1443,42.373000,-40.748291,-744.099976,-171.100006
1444,42.402000,-41.5338135,-754.400024,-172
1445,42.428000,-42.0556641,-764.799988,-172.5
1446,42.454000,-42.2808838,-773.299988,-172.899994
1447,42.484000,-42.8411865,-780.400024,-173.5
1448,42.511000,-43.5113525,-788.5,-174.100006
1449,42.540000,-44.0991211,-798.700012,-174.5
1450,42.566000,-44.6813965,-808.299988,-174.699997
1451,42.592000,-45.2142334,-817.700012,-174.5
1452,42.621000,-45.6097412,-828.400024,-174.600006
1453,42.651000,-46.0931396,-839.099976,-174.899994
1454,42.677000,-46.4666748,-848.799988,-175
1455,42.704000,-47.0050049,-858.200012,-175.5
1456,42.729000,-47.779541,-867.799988,-175.899994
1457,42.759000,-48.0706787,-878.599976,-175.300003
1458,42.785000,-48.5760498,-888.900024,-175.300003
1459,42.813000,-49.1583252,-898.299988,-175.800003
1460,42.841000,-49.5593262,-907.900024,-175.800003
1461,42.870000,-50.0756836,-918.900024,-175.600006
1462,42.898000,-50.7843018,-928.099976,-176
1463,42.925000,-50.9765625,-936.799988,-176.300003
1464,42.954000,-51.0424805,-945.599976,-176.699997
1465,42.982000,-51.4324951,-947.5,-176.899994
1466,43.010000,-51.8719482,-947.5,-176.899994
1467,43.039000,-52.2070312,-947.5,-176.899994
1468,43.070000,-52.6794434,-947.5,-176.899994
1469,43.100000,-52.7233887,-947.5,-176.899994
1470,43.128000,-52.9980469,-954.599976,-177.899994
1471,43.157000,-53.338623,-958.900024,-178.100006
1472,43.183000,-53.4979248,-958.900024,-178.100006
1473,43.210000,-53.8549805,-958.900024,-178.100006
1474,43.246000,-53.9318848,-963,-177.800003
1475,43.277000,-54.3273926,-969.5,-178.100006
1476,43.307000,-54.8382568,-974.200012,-178.5
1477,43.337000,-54.9865723,-977.599976,-178.600006
1478,43.363000,-54.8492432,-981.299988,-178.699997
1479,43.389000,-55.0085449,-986.099976,-179.5
1480,43.414000,-55.2722168,-992.299988,-180.199997
1481,43.440000,-55.6512451,-997,-180.399994
1482,43.466000,-56.1071777,-1000.5,-180.399994
1483,43.494000,-56.651001,-1004.90002,-180.800003
1484,43.529000,-57.2442627,-1009.09998,-181.100006
1485,43.557000,-57.4475098,-1013.5,-181.300003
1486,43.585000,-57.5024414,-1018.29999,-181.399994
1487,43.613000,-57.4365234,-1023.79999,-181.699997
1488,43.643000,-57.4804687,-1030,-181.699997
1489,43.669000,-57.4639893,-1034.19995,-181.5
1490,43.697000,-57.354126,-1039,-181.300003
1491,43.731000,-57.4584961,-1042.09998,-181.699997
1492,43.757000,-57.6672363,-1041.80005,-182.100006
1493,43.783000,-57.6342773,-1040.5,-182.100006
1494,43.811000,-57.5463867,-1039.30005,-182.199997
1495,43.840000,-57.3706055,-1039.30005,-182.100006
1496,43.867000,-57.2442627,-1039.69995,-182.199997
1497,43.898000,-57.2442627,-1039.90002,-182.199997
1498,43.929000,-57.2058105,-1039.90002,-182.199997
1499,43.971000,-57.0629883,-1039.90002,-182.199997
1500,43.999000,-56.9696045,-1039.90002,-182.199997
1501,44.034000,-56.9146729,-1039.90002,-182.199997
1502,44.062000,-56.8597412,-1039.90002,-182.199997
1503,44.090000,-56.7938232,-1039.90002,-182.199997
1504,44.114000,-56.7443848,-1039.90002,-182.199997
1505,44.142000,-56.6894531,-1039.90002,-182.199997
1506,44.167000,-56.6400146,-1039.90002,-182.199997
1507,44.195000,-56.585083,-1039.90002,-182.199997
1508,44.222000,-56.5301514,-1039.90002,-182.199997
1509,44.250000,-56.4807129,-1039.90002,-182.199997
1510,44.278000,-56.4532471,-1039.90002,-182.199997
1511,44.306000,-56.4147949,-1039.90002,-182.199997
1512,44.332000,-56.3818359,-1039.90002,-182.199997
1513,44.358000,-56.3378906,-1039.90002,-182.199997
1514,44.388000,-56.2994385,-1039.90002,-182.199997
1515,44.413000,-56.25,-1039.90002,-182.199997
1516,44.445000,-56.2115479,-1039.90002,-182.199997
1517,44.475000,-56.151123,-1039.90002,-182.199997
1518,44.509000,-56.0357666,-1039.90002,-181.899994
1519,44.539000,-55.0854492,-1039.90002,-179.300003
1520,44.566000,-53.7286377,-1039.69995,-176.899994
1521,44.594000,-53.0639648,-1039.5,-176
1522,44.629000,-51.9104004,-1039.40002,-174.800003
1523,44.658000,-51.2512207,-1039.30005,-173.800003
1524,44.683000,-50.7568359,-1039.19995,-172.800003
1525,44.713000,-50.3118896,-1039,-171.399994
1526,44.741000,-49.822998,-1038.90002,-170.300003
1527,44.772000,-49.5043945,-1038.80005,-169.5
1528,44.804000,-49.251709,-1038.80005,-168.600006
1529,44.832000,-48.9935303,-1038.69995,-167.899994
1530,44.862000,-48.8562012,-1038.59998,-167.399994
1531,44.892000,-48.2354736,-1038.40002,-164.399994
1532,44.919000,-46.708374,-1037.90002,-160.899994
1533,44.945000,-45.6207275,-1037.59998,-158.800003
1534,44.975000,-45.0109863,-1037.5,-156.899994
1535,45.004000,-44.2749023,-1037.40002,-154.800003
1536,45.035000,-43.6376953,-1037.19995,-153
1537,45.064000,-43.2696533,-1037.09998,-151.800003
1538,45.090000,-42.9071045,-1037,-150.600006
1539,45.118000,-42.7203369,-1036.90002,-149.5
1540,45.144000,-42.4951172,-1036.90002,-148.699997
1541,45.168000,-42.3468018,-1036.80005,-148
1542,45.195000,-42.1435547,-1036.69995,-147.300003
1543,45.223000,-42.0556641,-1036.69995,-146.699997
1544,45.257000,-41.9787598,-1036.59998,-146.100006
1545,45.284000,-41.9512939,-1036.59998,-145.699997
1546,45.311000,-41.7205811,-1036.5,-144.199997
1547,45.341000,-40.2703857,-1036.09998,-140.100006
1548,45.370000,-38.6773682,-1035.80005,-137.600006
1549,45.403000,-37.9138184,-1035.59998,-135.800003
1550,45.436000,-37.0349121,-1035.40002,-134.100006
1551,45.468000,-36.2658691,-1035.30005,-132.699997
1552,45.496000,-35.5792236,-1035.09998,-131.300003
1553,45.530000,-34.7991943,-1035,-130.100006
1554,45.556000,-34.1729736,-1034.90002,-128.199997
1555,45.601000,-30.7122803,-1034.5,-123.199997
1556,45.629000,-29.5532227,-1034.69995,-121
1557,45.655000,-27.855835,-1034.5,-118.699997
1558,45.680000,-26.383667,-1034.19995,-116.599998
1559,45.710000,-25.1531982,-1034,-115
1560,45.737000,-23.9501953,-1033.90002,-113.300003
1561,45.781000,-22.4835205,-1033.80005,-111.400002
1562,45.810000,-12.2277832,-1033.09998,-102.699997
1563,45.980000,-11.1401367,-1032.40002,-95.8000031
1564,46.009000,-8.9263916,-1031.90002,-91.8000031
1565,46.038000,-6.41601563,-1031.5,-88.5999985
1566,46.065000,-4.7076416,-1031.30005,-85.9000015
1567,46.092000,-2.95532227,-1031.09998,-83.4000015
1568,46.121000,-1.45019531,-1031,-82
1569,46.150000,-0.0109863281,-1030.90002,-80.1999969
1570,46.177000,3.91113281,-1030.59998,-75.5999985
1571,46.213000,7.734375,-1030.30005,-70
1572,46.250000,11.5795898,-1030,-67
1573,46.279000,14.1394043,-1029.59998,-64.5
1574,46.307000,17.6879883,-1029.5,-62.0999985
1575,46.335000,20.8795166,-1029.40002,-60.7000008
1576,46.365000,24.7247314,-1029.09998,-58.5
1577,46.393000,28.927002,-1028.90002,-55.4000015
1578,46.420000,31.9262695,-1028.69995,-53
1579,46.450000,35.2386475,-1028.40002,-49.7000008
1580,46.480000,38.2049561,-1028.09998,-47
1581,46.509000,41.0394287,-1027.80005,-43.4000015
1582,46.539000,45.302124,-1027.40002,-37.7999992
1583,46.567000,50.0097656,-1027,-33.2999992
1584,46.608000,52.4212646,-1026.90002,-31
1585,46.633000,55.211792,-1026.69995,-28
1586,46.661000,57.5354004,-1026.5,-26.2999992
1587,46.688000,60.1556396,-1026.30005,-24.2999992
1588,46.715000,86.8688965,-1025.90002,-19.8999996
1589,46.945000,89.6374512,-1024.30005,6.5
1590,46.974000,93.2684326,-1024.09998,8
1591,47.011000,96.229248,-1023.90002,10.6000004
1592,47.051000,100.71167,-1023.5,16.2999992
1593,47.082000,103.238525,-1023.20001,20.1000004
1594,47.108000,105.974121,-1022.90002,22.7999992
1595,47.136000,108.045044,-1022.79999,25.1000004
1596,47.163000,109.846802,-1022.70001,26.7000008
1597,47.192000,111.714478,-1022.5,28.2999992
1598,47.222000,113.05481,-1022.40002,30.2000008
1599,47.250000,114.900513,-1022.20001,31.6000004
1600,47.280000,116.262817,-1022.20001,33
1601,47.310000,117.548218,-1022.09998,34.0999985
1602,47.337000,118.569946,-1022,34.9000015
1603,47.364000,119.73999,-1021.70001,38.5
1604,47.391000,122.794189,-1021.40002,42.0999985
1605,47.419000,124.634399,-1021.09998,44.5999985
1606,47.443000,126.293335,-1020.90002,46.2999992
1607,47.471000,127.738037,-1020.70001,48.5
1608,47.500000,129.138794,-1020.59998,50.2999992
1609,47.528000,130.797729,-1020.59998,51.7999992
1610,47.559000,132.099609,-1020.5,53.0999985
1611,47.586000,133.319092,-1020.40002,54.5
1612,47.618000,134.412231,-1020.29999,55.5999985
1613,47.644000,135.961304,-1020.09998,59.2000008
1614,47.673000,138.779297,-1019.79999,63.7000008
1615,47.701000,140.839233,-1019.70001,66
1616,47.729000,142.025757,-1019.59998,67.9000015
1617,47.756000,143.580322,-1019.5,70
1618,47.788000,145.151367,-1019.29999,71.9000015
1619,47.815000,146.277466,-1019.20001,73.0999985
1620,47.845000,147.277222,-1019.09998,74.4000015
1621,47.875000,148.29895,-1019,75.5999985
1622,47.901000,149.067993,-1018.79999,77.1999969
1623,47.926000,150.836792,-1018.40002,80.9000015
1624,47.952000,153.110962,-1018,84.1999969
1625,47.981000,154.720459,-1017.59998,86.5999985
1626,48.009000,155.775146,-1017.59998,88.4000015
1627,48.039000,157.06604,-1017.70001,90.4000015
1628,48.066000,158.010864,-1017.59998,92.0999985
1629,48.094000,158.944702,-1017.5,93.6999969
1630,48.122000,160.328979,-1017.20001,97.5999985
1631,48.155000,162.756958,-1016.79999,102.800003
1632,48.182000,164.42688,-1016.59998,105.099998
1633,48.212000,165.509033,-1016.40002,107.400002
1634,48.240000,166.629639,-1016.20001,110.099998
1635,48.270000,167.634888,-1016.09998,112.099998
1636,48.298000,168.52478,-1016,113.599998
1637,48.330000,169.299316,-1015.79999,115.300003
1638,48.358000,169.903564,-1015.70001,116.599998
1639,48.384000,170.386963,-1015.70001,117.599998
1640,48.411000,170.793457,-1015.59998,119.099998
1641,48.436000,172.023926,-1015.20001,123
1642,48.465000,174.210205,-1014.79999,126.699997
1643,48.494000,175.539551,-1014.5,128.5
1644,48.524000,176.517334,-1014.5,131.100006
1645,48.552000,-165.426636,-1014.09998,135.100006
1646,50.479000,-165.684814,-1137.5,187.100006
1647,50.512000,-165.761719,-1143,186.5
1648,50.541000,-165.701294,-1148.69995,186.199997
1649,50.821000,-166.453857,-1202.90002,183.600006
1650,50.851000,-166.536255,-1209,183.300003
1651,50.882000,-166.525269,-1214.80005,183.100006
1652,50.912000,-166.613159,-1220.80005,182.600006
1653,50.975000,-166.744995,-1233.5,181.899994
1654,51.005000,-166.90979,-1238.80005,181.899994
1655,51.056000,-167.107544,-1241.5,181.699997
1656,51.136000,-167.365723,-1241.5,181.699997
1657,51.162000,-167.327271,-1241.59998,181.699997
1658,51.198000,-167.063599,-1247,182.800003
1659,51.227000,-166.827393,-1251.09998,183.5
1660,51.286000,-166.843872,-1251.90002,183.600006
1661,51.313000,-166.915283,-1255.5,183.399994
1662,51.342000,-167.250366,-1260.19995,183.199997
1663,51.369000,-167.288818,-1264.69995,183.800003
1664,51.400000,-167.151489,-1264.69995,183.800003
1665,51.426000,-167.250366,-1268.40002,184
1666,51.453000,-167.431641,-1268.90002,184
1667,51.484000,-167.508545,-1272.90002,183.699997
1668,51.524000,-167.563477,-1279.5,183.399994
1669,51.554000,-167.475586,-1285.59998,183.600006
1670,51.580000,-167.415161,-1291.40002,183.899994
1671,51.610000,-167.365723,-1299,184.300003
1672,51.648000,-167.44812,-1303.80005,184
1673,51.674000,-167.590942,-1308.90002,183.699997
1674,51.702000,-167.574463,-1314,183.600006
1675,51.731000,-167.651367,-1320.59998,183.399994
1676,51.761000,-167.799683,-1326.30005,183.199997
1677,51.792000,-167.937012,-1333.69995,183.600006
1678,51.839000,-168.21167,-1341.69995,183.399994
1679,52.064000,-168.228149,-1387.5,182.5
1680,52.104000,-168.272095,-1394.40002,182.100006
1681,52.132000,-168.327026,-1400,181.800003
1682,52.160000,-168.414917,-1405.69995,181.800003
1683,52.188000,-168.343506,-1411.40002,182.100006
1684,52.215000,-168.33252,-1416.59998,182
1685,52.243000,-168.354492,-1422,181.600006
1686,52.272000,-168.458862,-1427.69995,181
1687,52.299000,-168.574219,-1432.90002,180.600006
1688,52.328000,-168.585205,-1438.30005,180.5
1689,52.357000,-168.387451,-1443.80005,180.699997
1690,52.385000,-168.162231,-1449.30005,180.800003
1691,52.415000,-168.178711,-1455.40002,180.399994
1692,52.442000,-168.19519,-1461,180
1693,52.478000,-168.250122,-1467.69995,179.699997
1694,52.513000,-168.118286,-1474.40002,179.699997
1695,52.543000,-167.947998,-1480.40002,179.800003
1696,52.569000,-167.920532,-1485.80005,179.699997
1697,52.600000,-168.09082,-1491.40002,179.5
1698,52.632000,-168.239136,-1497.5,179.300003
1699,52.660000,-168.255615,-1502.80005,179.100006
1700,52.690000,-168.129272,-1508.5,179.100006
1701,52.716000,-168.096313,-1513.80005,178.899994
1702,52.748000,-168.063354,-1520.19995,178.899994
1703,52.777000,-168.057861,-1525.69995,178.800003
1704,52.804000,-168.063354,-1531.5,178.600006
1705,52.840000,-167.98645,-1538.09998,178.399994
1706,52.866000,-167.915039,-1543.09998,178.100006
1707,52.899000,-167.969971,-1549.80005,177.800003
1708,52.924000,-168.013916,-1554.5,177.800003
1709,52.949000,-168.046875,-1559.59998,178.100006
1710,52.976000,-168.096313,-1564.69995,178.300003
1711,53.003000,-168.1073,-1570.40002,178.199997
1712,53.034000,-168.140259,-1576.30005,177.800003
1713,53.065000,-168.277588,-1581.90002,177.199997
1714,53.093000,-168.387451,-1587.09998,176.899994
1715,53.121000,-168.376465,-1592.90002,176.800003
1716,53.153000,-168.294067,-1598.80005,177.300003
1717,53.180000,-168.068848,-1604.30005,177.300003
1718,53.208000,-168.079834,-1609.80005,176.800003
1719,53.244000,-168.222656,-1616.30005,176.300003
1720,53.274000,-168.33252,-1621.80005,176
1721,53.302000,-168.431396,-1627,176.100006
1722,53.332000,-168.376465,-1632.69995,176.399994
1723,53.360000,-168.228149,-1638.19995,176.699997
1724,53.391000,-168.244629,-1641.69995,176.800003
1725,53.416000,-168.321533,-1647.30005,176.600006
1726,53.449000,-168.453369,-1653.09998,176.100006
1727,53.477000,-168.508301,-1658.40002,175.899994
1728,53.505000,-168.381958,-1663.90002,176
1729,53.533000,-168.261108,-1669.09998,176.199997
1730,53.561000,-168.112793,-1675.09998,176.600006
1731,53.589000,-168.096313,-1679.80005,176.800003
1732,53.616000,-168.068848,-1684.90002,177
1733,53.646000,-168.057861,-1690.19995,177
1734,53.673000,-167.926025,-1695.69995,177.199997
1735,53.701000,-167.854614,-1701.40002,177.300003
1736,53.730000,-167.832642,-1707.59998,177.699997
1737,53.762000,-167.827148,-1713.59998,178.100006
1738,53.793000,-167.827148,-1719.5,178.300003
1739,53.819000,-167.739258,-1724.59998,178.300003
1740,53.849000,-167.684326,-1730.30005,178
1741,53.876000,-167.67334,-1735.90002,177.800003
1742,53.906000,-167.651367,-1741.90002,178.100006
1743,53.934000,-167.596436,-1747.30005,178.600006
1744,53.963000,-167.442627,-1753.5,179.399994
1745,53.989000,-167.294312,-1758.59998,179.800003
1746,54.017000,-167.217407,-1763.69995,179.800003
1747,54.045000,-167.250366,-1769,179.5
1748,54.073000,-167.261353,-1773,179.399994
1749,54.104000,-167.327271,-1777.5,179.300003
1750,54.133000,-167.283325,-1782.30005,179.800003
1751,54.161000,-167.102051,-1788.5,180.5
1752,54.190000,-167.162476,-1797,180.5
1753,54.221000,-167.794189,-1807.40002,179.899994
1754,54.250000,-168.151245,-1818.40002,180.899994
1755,54.278000,-167.805176,-1829.5,182.100006
1756,54.307000,-167.623901,-1845.69995,182.399994
1757,54.350000,-167.585449,-1857.09998,182.399994
1758,54.381000,-167.700806,-1869,182.100006
1759,54.409000,-167.772217,-1878.90002,182.600006
1760,54.437000,-167.459106,-1899.09998,184
1761,54.496000,-167.376709,-1914.30005,184.600006
1762,54.530000,-167.409668,-1926.40002,184.300003
1763,54.559000,-167.178955,-1939.30005,184.699997
1764,54.628000,-167.129517,-1963.80005,184.699997
1765,54.656000,-166.942749,-1974.5,185
1766,54.681000,-166.728516,-1984.5,184.899994
1767,54.712000,-166.832886,-1995.09998,184.300003
1768,54.741000,-166.783447,-2007.5,184.600006
1769,54.771000,-166.563721,-2018.30005,184.699997
1770,54.801000,-166.640625,-2029.69995,184.199997
1771,54.829000,-166.618652,-2040.80005,184.5
1772,54.857000,-166.437378,-2051.3999,185
1773,54.887000,-166.503296,-2063.80005,185.100006
1774,54.915000,-166.547241,-2074.8999,185.100006
1775,54.942000,-166.437378,-2085.1001,184.899994
1776,54.969000,-166.59668,-2096.1001,184.5
1777,55.002000,-166.591187,-2110.6001,184.300003
1778,55.034000,-166.574707,-2122.19995,184.100006
1779,55.063000,-166.49231,-2133.1001,184.399994
1780,55.095000,-166.404419,-2145.30005,184.5
1781,55.121000,-166.322021,-2156.5,184.5
1782,55.150000,-166.179199,-2167.69995,184.699997
1783,55.176000,-166.074829,-2177.80005,184.600006
1784,55.203000,-166.228638,-2187.69995,184.399994
1785,55.229000,-166.217651,-2198.69995,185.199997
1786,55.257000,-165.877075,-2209.3999,186
1787,55.286000,-165.866089,-2220.30005,186
1788,55.313000,-165.915527,-2231.30005,186.199997
1789,55.342000,-165.849609,-2241.8999,186
1790,55.369000,-166.036377,-2251.19995,185.399994
1791,55.396000,-166.300049,-2256.8999,184.699997
1792,55.459000,-165.926514,-2260.5,185.199997
1793,55.492000,-165.83313,-2266.30005,185.699997
1794,55.685000,-165.986938,-2299.8999,184.899994
1795,55.718000,-166.019897,-2306.5,185.199997
1796,55.746000,-166.008911,-2312.5,185.100006
1797,55.781000,-166.096802,-2318.1001,184.800003
1798,55.809000,-166.173706,-2323.5,184.600006
1799,55.835000,-166.201172,-2328.69995,184.5
1800,55.864000,-166.179199,-2334.5,184.899994
1801,55.893000,-165.986938,-2340,185.300003
1802,55.930000,-165.81665,-2346.80005,185.600006
1803,55.958000,-165.739746,-2348.5,185.600006
1804,55.985000,-165.651855,-2348.5,185.600006
1805,56.026000,-165.415649,-2345.69995,185.600006
1806,56.055000,-165.355225,-2345.19995,185.600006
1807,56.082000,-165.261841,-2345.69995,185.600006
1808,56.108000,-165.256348,-2346.1001,185.600006
1809,56.138000,-165.311279,-2346.19995,185.600006
1810,56.167000,-165.305786,-2346.19995,185.600006
1811,56.197000,-165.201416,-2346.19995,185.600006
1812,56.225000,-165.157471,-2346.1001,185.600006
1813,56.254000,-165.102539,-2344.80005,185.800003
1814,56.281000,-164.943237,-2344.80005,185.800003
1815,56.310000,-164.800415,-2341.1001,186
1816,56.338000,-164.816895,-2335,185.899994
1817,56.368000,-164.981689,-2331.69995,185.699997
1818,56.396000,-164.943237,-2328,185.800003
1819,56.425000,-164.970703,-2324,186.199997
1820,56.452000,-165.025635,-2318.69995,186.699997
1821,56.479000,-165.17395,-2313.69995,187
1822,56.505000,-165.223389,-2308.30005,187.300003
1823,56.535000,-165.151978,-2303,187.399994
1824,56.564000,-165.080566,-2297.5,187.300003
1825,56.592000,-165.036621,-2292.19995,187.800003
1826,56.619000,-164.910278,-2287.19995,188.199997
1827,56.645000,-164.932251,-2282.1001,188.5
1828,56.672000,-164.954224,-2276.5,188.800003
1829,56.700000,-164.981689,-2271,188.699997
1830,56.729000,-165.119019,-2265.19995,188.699997
1831,56.759000,-165.162964,-2259.5,189
1832,56.787000,-165.025635,-2253.80005,189.699997
1833,56.814000,-164.800415,-2247.69995,190.300003
1834,56.841000,-164.882812,-2237.1001,190.100006
1835,56.867000,-165.091553,-2226,190.300003
1836,56.895000,-165.053101,-2215.3999,190.899994
1837,56.923000,-165.031128,-2205.19995,191.199997
1838,56.960000,-165.168457,-2191,191.100006
1839,56.986000,-165.113525,-2180.8999,191.5
1840,57.014000,-165.036621,-2169.8999,191.800003
1841,57.041000,-165.047607,-2159.69995,192
1842,57.086000,-164.932251,-2142.30005,193
1843,57.113000,-164.915771,-2131.5,193.5
1844,57.142000,-165.020142,-2121,194.100006
1845,57.170000,-164.888306,-2110.19995,195.100006
1846,57.198000,-164.838867,-2099.30005,195.699997
1847,57.227000,-164.833374,-2085.30005,196.5
1848,57.261000,-164.943237,-2075.19995,197
1849,57.292000,-164.888306,-2063.3999,198
1850,57.321000,-164.674072,-2052.19995,198.699997
1851,57.352000,-164.800415,-2041.09998,198.699997
1852,57.380000,-164.750977,-2030.5,199.5
1853,57.408000,-164.6521,-2019.69995,199.699997
1854,57.434000,-164.943237,-2009.09998,199.5
1855,57.462000,-165.025635,-1999.19995,200
1856,57.491000,-164.871826,-1988.90002,200.800003
1857,57.524000,-165.009155,-1983,201.100006
1858,57.551000,-164.987183,-1974.5,201.899994
1859,57.581000,-164.855347,-1964.90002,202.699997
1860,57.611000,-164.866333,-1953.69995,203.300003
1861,57.640000,-164.877319,-1943.30005,203.699997
1862,57.666000,-164.789429,-1933.40002,204.199997
1863,57.736000,-164.767456,-1906.19995,205.699997
1864,57.762000,-164.822388,-1899.5,205.899994
1865,57.789000,-164.838867,-1891,206.300003
1866,57.818000,-164.789429,-1881.19995,206.600006
1867,57.855000,-164.838867,-1868,207.100006
1868,57.882000,-164.794922,-1857.40002,207.5
1869,57.911000,-164.959717,-1846.80005,207.5
1870,57.937000,-165.130005,-1837,207.800003
1871,57.968000,-164.866333,-1826.69995,208.699997
1872,57.994000,-164.943237,-1820.80005,208.5
1873,58.024000,-165.195923,-1814.5,208.399994
1874,58.052000,-165.272827,-1806.59998,208.300003
1875,58.079000,-165.316772,-1796.69995,208.199997
1876,58.106000,-165.415649,-1785.40002,207.899994
1877,58.135000,-165.316772,-1776,208
1878,58.161000,-165.311279,-1765.40002,207.899994
1879,58.187000,-165.415649,-1755.5,207.800003
1880,58.214000,-165.338745,-1746,208.199997
1881,58.242000,-165.388184,-1736.09998,208.699997
1882,58.272000,-165.228882,-1726.40002,209.5
1883,58.300000,-165.130005,-1719.19995,209.699997
1884,58.326000,-165.261841,-1710.59998,210
1885,58.354000,-165.201416,-1698.80005,211
1886,58.380000,-165.135498,-1689.5,211.600006
1887,58.409000,-165.393677,-1678.90002,211.699997
1888,58.437000,-165.338745,-1668.09998,212.5
1889,58.465000,-165.256348,-1657.90002,212.800003
1890,58.494000,-165.558472,-1646.09998,212.5
1891,58.525000,-165.800171,-1634.80005,212.800003
1892,58.551000,-165.893555,-1630.90002,213.199997
1893,58.584000,-166.047363,-1620.90002,213.699997
1894,58.613000,-166.151733,-1617.19995,213.800003
1895,58.640000,-166.151733,-1608.69995,214.199997
1896,58.666000,-166.212158,-1598.69995,214.600006
1897,58.694000,-166.322021,-1595.90002,214.699997
1898,58.722000,-166.343994,-1587.80005,215.300003
1899,58.750000,-166.25061,-1583.59998,215.600006
1900,58.778000,-166.228638,-1575.40002,216
1901,58.806000,-166.393433,-1565,216
1902,58.835000,-166.360474,-1554.30005,216.600006
1903,58.861000,-166.283569,-1549.40002,216.699997
1904,58.892000,-166.365967,-1543.80005,216.399994
1905,58.919000,-166.404419,-1536.30005,216.699997
1906,58.947000,-166.04187,-1531,217.399994
1907,58.973000,-166.26709,-1530.69995,216.699997
1908,59.001000,-166.728516,-1532.80005,216.899994
1909,59.029000,-166.882324,-1535.19995,217.300003
1910,59.057000,-167.01416,-1535.19995,217.5
1911,59.088000,-166.915283,-1534.19995,217.300003
1912,59.117000,-166.904297,-1533.80005,217.100006
1913,59.146000,-166.887817,-1533.90002,217
1914,59.172000,-166.959229,-1534,217
1915,59.199000,-166.997681,-1534,217
1916,59.226000,-166.992187,-1534,217
1917,59.258000,-167.008667,-1534,217.100006
1918,59.286000,-167.036133,-1534,217
1919,59.313000,-167.052612,-1534,217
1920,59.343000,-167.13501,-1534,217.100006
1921,59.490000,-167.151489,-1534,217.100006
1922,59.519000,-167.156982,-1534,217.100006
1923,59.551000,-167.167969,-1534,217.100006
1924,59.578000,-167.173462,-1534,217.100006
1925,59.609000,-167.195435,-1534,217.100006
1926,59.637000,-167.23938,-1534.09998,217.100006
1927,59.823000,-167.244873,-1534.09998,217.199997
1928,59.851000,-167.255859,-1534.09998,217.199997
1929,59.877000,-167.250366,-1534.09998,217.199997
1930,59.905000,-167.23938,-1534.09998,217.199997
1931,59.931000,-167.233887,-1534.09998,217.199997
1932,59.963000,-167.233887,-1534.09998,217.300003
1933,59.989000,-167.233887,-1534.09998,217.300003
1934,60.016000,-167.233887,-1534.09998,217.300003
1935,60.052000,-167.23938,-1534.09998,217.300003
1936,60.083000,-167.23938,-1534.09998,217.399994
1937,60.112000,-167.233887,-1534.09998,217.399994
1938,60.139000,-167.233887,-1534.09998,217.399994
1939,60.166000,-167.233887,-1534.09998,217.399994
1940,60.193000,-167.228394,-1534.09998,217.5
1941,60.220000,-167.2229,-1534.09998,217.5
1942,60.248000,-167.217407,-1534.09998,217.5
1943,60.278000,-167.217407,-1534.09998,217.5
1944,60.306000,-167.217407,-1534.09998,217.600006
1945,60.333000,-167.217407,-1534.09998,217.600006
1946,60.362000,-167.217407,-1534.09998,217.600006
1947,60.392000,-167.217407,-1534.09998,217.699997
1948,60.422000,-167.217407,-1534.09998,217.699997
1949,60.450000,-167.211914,-1534.09998,217.699997
1950,60.476000,-167.206421,-1534.09998,217.699997
1951,60.505000,-167.195435,-1534.09998,217.800003
1952,60.533000,-167.189941,-1534.09998,217.800003
1953,60.561000,-167.184448,-1534.09998,217.800003
1954,60.587000,-167.178955,-1534.09998,217.800003
1955,60.614000,-167.167969,-1534.09998,217.899994
1956,60.642000,-167.173462,-1534.09998,217.899994
1957,60.668000,-167.162476,-1534.09998,217.899994
1958,60.697000,-167.156982,-1534.09998,218
1959,60.726000,-167.151489,-1534.09998,218
1960,60.757000,-167.145996,-1534.09998,218
1961,60.785000,-167.13501,-1534.09998,218.100006
1962,60.816000,-167.129517,-1534.09998,218.100006
1963,60.849000,-167.11853,-1534.09998,218.100006
1964,60.876000,-167.113037,-1534.09998,218.100006
1965,60.904000,-167.113037,-1534.09998,218.100006
1966,60.932000,-167.113037,-1534.09998,218.199997
1967,60.959000,-167.107544,-1534.09998,218.199997
1968,60.985000,-167.091064,-1534.09998,218.199997
1969,61.013000,-167.091064,-1534.09998,218.199997
1970,61.040000,-167.085571,-1534.09998,218.300003
1971,61.068000,-167.074585,-1534.09998,218.300003
1972,61.095000,-167.074585,-1534.09998,218.300003
1973,61.124000,-167.069092,-1534.09998,218.399994
1974,61.152000,-167.063599,-1534.09998,218.399994
1975,61.181000,-167.069092,-1534.09998,218.399994
1976,61.210000,-167.058105,-1534.09998,218.399994
1977,61.239000,-167.052612,-1534.09998,218.5
1978,61.280000,-167.041626,-1534.09998,218.5
1979,61.308000,-167.041626,-1534.09998,218.5
1980,61.337000,-167.041626,-1534.09998,218.600006
1981,61.364000,-167.025146,-1534.09998,218.600006
1982,61.392000,-167.01416,-1534.09998,218.699997
1983,61.420000,-167.019653,-1534.09998,218.699997
1984,61.447000,-167.019653,-1534.09998,218.699997
1985,61.476000,-167.01416,-1534.09998,218.800003
1986,61.508000,-167.01416,-1534.09998,218.800003
1987,61.536000,-167.01416,-1534.09998,218.800003
1988,61.564000,-167.01416,-1534.09998,218.800003
1989,61.590000,-167.008667,-1534.09998,218.899994
1990,61.620000,-167.01416,-1534.09998,218.899994
1991,61.648000,-167.01416,-1534.09998,218.899994
1992,61.674000,-167.019653,-1534.09998,219
1993,61.702000,-167.019653,-1534.09998,219
1994,61.730000,-167.01416,-1534.09998,219
1995,61.757000,-167.01416,-1534.09998,219.100006
1996,61.785000,-167.008667,-1534,219.100006
1997,61.810000,-167.003174,-1534,219.100006
1998,61.840000,-166.997681,-1534,219.100006
1999,61.868000,-166.992187,-1534,219.199997
2000,61.895000,-166.986694,-1534,219.199997
2001,61.922000,-166.986694,-1534,219.199997
2002,61.948000,-166.981201,-1534,219.300003
2003,61.979000,-166.975708,-1534,219.300003
2004,62.008000,-166.964722,-1534,219.399994
2005,62.039000,-166.931763,-1534,219.399994
2006,62.065000,-166.937256,-1534,219.399994
2007,62.092000,-166.948242,-1534,219.399994
2008,62.120000,-166.964722,-1534,219.399994
2009,62.148000,-166.975708,-1534,219.399994
2010,62.176000,-166.975708,-1534,219.399994
2011,62.206000,-166.964722,-1534,219.5
2012,62.234000,-166.959229,-1534,219.5
2013,62.261000,-166.959229,-1534,219.5
2014,62.290000,-166.937256,-1534,219.600006
2015,62.318000,-166.92627,-1534,219.600006
2016,62.346000,-166.915283,-1534,219.600006
2017,62.374000,-166.904297,-1534,219.699997
2018,62.401000,-166.887817,-1534,219.699997
2019,62.431000,-166.876831,-1534,219.699997
2020,62.457000,-166.876831,-1534,219.800003
2021,62.485000,-166.871338,-1534,219.800003
2022,62.512000,-166.854858,-1534,219.800003
2023,62.541000,-166.838379,-1534,219.899994
2024,62.570000,-166.832886,-1533.90002,219.899994
2025,62.596000,-166.821899,-1533.90002,219.899994
2026,62.623000,-166.810913,-1533.90002,219.899994
2027,62.650000,-166.799927,-1533.90002,220
2028,62.676000,-166.78894,-1533.90002,220
2029,62.706000,-166.772461,-1533.90002,220
2030,62.734000,-166.755981,-1533.90002,220
2031,62.761000,-166.744995,-1533.90002,220.100006
2032,62.788000,-166.734009,-1533.90002,220.100006
2033,62.817000,-166.723022,-1533.90002,220.100006
2034,62.845000,-166.712036,-1533.90002,220.199997
2035,62.877000,-166.695557,-1533.90002,220.199997
2036,62.906000,-166.68457,-1533.90002,220.199997
2037,62.933000,-166.679077,-1533.90002,220.199997
2038,62.961000,-166.668091,-1533.90002,220.300003
2039,62.990000,-166.662598,-1533.90002,220.300003
2040,63.018000,-166.640625,-1533.90002,220.399994
2041,63.046000,-166.591187,-1533.90002,220.5
2042,63.073000,-166.574707,-1533.90002,220.5
2043,63.100000,-166.574707,-1533.90002,220.5
2044,63.129000,-166.574707,-1533.90002,220.5
2045,63.159000,-166.569214,-1533.90002,220.5
2046,63.186000,-166.563721,-1533.90002,220.5
2047,63.217000,-166.547241,-1533.90002,220.5
2048,63.244000,-166.530762,-1533.90002,220.600006
2049,63.275000,-166.514282,-1533.90002,220.600006
2050,63.303000,-166.497803,-1533.90002,220.600006
2051,63.332000,-166.481323,-1533.90002,220.699997
2052,63.358000,-166.459351,-1533.90002,220.699997
2053,63.386000,-166.437378,-1533.90002,220.699997
2054,63.414000,-166.426392,-1533.90002,220.800003
2055,63.442000,-166.409912,-1533.90002,220.800003
2056,63.469000,-166.387939,-1533.90002,220.800003
2057,63.496000,-166.37146,-1533.90002,220.800003
2058,63.526000,-166.360474,-1533.90002,220.899994
2059,63.555000,-166.35498,-1533.90002,220.899994
2060,63.583000,-166.35498,-1533.90002,220.899994
2061,63.612000,-166.343994,-1533.90002,220.899994
2062,63.639000,-166.327515,-1533.90002,221
2063,63.667000,-166.316528,-1533.90002,221
2064,63.696000,-166.311035,-1533.90002,221
2065,63.722000,-166.305542,-1533.90002,221
2066,63.752000,-166.300049,-1533.90002,221.100006
2067,63.784000,-166.283569,-1533.90002,221.100006
2068,63.812000,-166.26709,-1533.90002,221.100006
2069,63.842000,-166.261597,-1533.90002,221.199997
2070,63.870000,-166.256104,-1533.90002,221.199997
2071,63.898000,-166.245117,-1533.90002,221.199997
2072,63.925000,-166.234131,-1533.90002,221.300003
2073,63.954000,-166.223145,-1533.90002,221.300003
2074,63.982000,-166.217651,-1533.90002,221.300003
2075,64.009000,-166.206665,-1533.90002,221.300003
2076,64.035000,-166.201172,-1533.90002,221.399994
2077,64.061000,-166.190186,-1533.90002,221.399994
2078,64.089000,-166.179199,-1533.90002,221.399994
2079,64.115000,-166.179199,-1533.90002,221.5
2080,64.143000,-166.173706,-1533.90002,221.5
2081,64.170000,-166.168213,-1533.90002,221.5
2082,64.197000,-166.16272,-1533.80005,221.600006
2083,64.225000,-166.157227,-1533.80005,221.600006
2084,64.253000,-166.151733,-1533.80005,221.600006
2085,64.283000,-166.14624,-1533.80005,221.600006
2086,64.310000,-166.14624,-1533.80005,221.699997
2087,64.340000,-166.140747,-1533.80005,221.699997
2088,64.365000,-166.135254,-1533.80005,221.699997
2089,64.390000,-166.140747,-1533.80005,221.800003
2090,64.418000,-166.135254,-1533.80005,221.800003
2091,64.445000,-166.129761,-1533.80005,221.800003
2092,64.472000,-166.118774,-1533.80005,221.899994
2093,64.499000,-166.091309,-1533.80005,221.899994
2094,64.527000,-166.102295,-1533.80005,221.899994
2095,64.556000,-166.113281,-1533.80005,221.899994
2096,64.584000,-166.118774,-1533.80005,221.899994
2097,64.613000,-166.124268,-1533.80005,221.899994
2098,64.641000,-166.113281,-1533.80005,222
2099,64.667000,-166.085815,-1533.80005,222.100006
2100,64.697000,-166.080322,-1533.80005,222.100006
2101,64.726000,-166.074829,-1533.80005,222.100006
2102,64.752000,-166.074829,-1533.80005,222.100006
2103,64.780000,-166.069336,-1533.80005,222.199997
2104,64.807000,-166.063843,-1533.80005,222.199997
2105,64.839000,-166.05835,-1533.80005,222.300003
2106,64.867000,-166.030884,-1533.80005,222.300003
2107,64.901000,-166.036377,-1533.80005,222.300003
2108,64.938000,-166.052856,-1533.80005,222.300003
2109,64.966000,-166.063843,-1533.80005,222.300003
2110,64.995000,-166.069336,-1533.80005,222.300003
2111,65.024000,-166.074829,-1533.80005,222.399994
2112,65.051000,-166.05835,-1533.80005,222.399994
2113,65.079000,-166.047363,-1533.80005,222.5
2114,65.107000,-166.036377,-1533.80005,222.5
2115,65.134000,-166.030884,-1533.80005,222.5
2116,65.165000,-166.019897,-1533.80005,222.600006
2117,65.193000,-166.014404,-1533.80005,222.600006
2118,65.222000,-166.003418,-1533.80005,222.600006
2119,65.253000,-166.003418,-1533.80005,222.600006
2120,65.282000,-166.008911,-1533.80005,222.600006
2121,65.311000,-166.014404,-1533.80005,222.699997
2122,65.343000,-166.008911,-1533.69995,222.699997
2123,65.371000,-165.992432,-1533.69995,222.699997
2124,65.399000,-165.986938,-1533.69995,222.800003
2125,65.425000,-165.975952,-1533.69995,222.800003
2126,65.455000,-165.964966,-1533.69995,222.800003
2127,65.483000,-165.959473,-1533.69995,222.899994
2128,65.511000,-165.948486,-1533.69995,222.899994
2129,65.536000,-165.9375,-1533.69995,222.899994
2130,65.564000,-165.926514,-1533.69995,223
2131,65.594000,-165.921021,-1533.69995,223
2132,65.622000,-165.926514,-1533.69995,223
2133,65.649000,-165.926514,-1533.69995,223
2134,65.676000,-165.921021,-1533.69995,223
2135,65.707000,-165.899048,-1533.69995,223.100006
2136,65.735000,-165.888062,-1533.69995,223.100006
2137,65.764000,-165.866089,-1533.69995,223.100006
2138,65.795000,-165.855103,-1533.69995,223.199997
2139,65.823000,-165.838623,-1533.69995,223.199997
2140,65.852000,-165.81665,-1533.69995,223.199997
2141,65.881000,-165.794678,-1533.69995,223.300003
2142,65.912000,-165.783691,-1533.69995,223.300003
2143,65.940000,-165.767212,-1533.69995,223.300003
2144,65.969000,-165.756226,-1533.69995,223.300003
2145,65.997000,-165.756226,-1533.59998,223.399994
2146,66.030000,-165.734253,-1533.59998,223.399994
2147,66.057000,-165.723267,-1533.59998,223.5
2148,66.087000,-165.71228,-1533.59998,223.5
2149,66.116000,-165.701294,-1533.59998,223.5
2150,66.143000,-165.684814,-1533.59998,223.5
2151,66.169000,-165.673828,-1533.59998,223.600006
2152,66.196000,-165.662842,-1533.59998,223.600006
2153,66.222000,-165.646362,-1533.59998,223.600006
2154,66.249000,-165.62439,-1533.59998,223.699997
2155,66.277000,-165.585937,-1533.59998,223.699997
2156,66.304000,-165.580444,-1533.59998,223.800003
2157,66.333000,-165.574951,-1533.59998,223.800003
2158,66.363000,-165.569458,-1533.59998,223.800003
2159,66.391000,-165.558472,-1533.59998,223.800003
2160,66.418000,-165.531006,-1533.59998,223.899994
2161,66.445000,-165.509033,-1533.59998,223.899994
2162,66.475000,-165.498047,-1533.59998,223.899994
2163,66.505000,-165.492554,-1533.59998,223.899994
2164,66.536000,-165.487061,-1533.59998,224
2165,66.563000,-165.470581,-1533.59998,224
2166,66.593000,-165.459595,-1533.59998,224.100006
2167,66.621000,-165.454102,-1533.59998,224.100006
2168,66.648000,-165.437622,-1533.59998,224.100006
2169,66.675000,-165.426636,-1533.59998,224.100006
2170,66.702000,-165.421143,-1533.59998,224.199997
2171,66.727000,-165.410156,-1533.59998,224.199997
2172,66.758000,-165.404663,-1533.59998,224.199997
2173,66.784000,-165.393677,-1533.59998,224.300003
2174,66.811000,-165.38269,-1533.59998,224.300003
2175,66.840000,-165.371704,-1533.59998,224.300003
2176,66.869000,-165.366211,-1533.59998,224.399994
2177,66.897000,-165.355225,-1533.59998,224.399994
2178,66.923000,-165.344238,-1533.59998,224.399994
2179,66.950000,-165.338745,-1533.59998,224.5
2180,66.979000,-165.327759,-1533.59998,224.5
2181,67.008000,-165.322266,-1533.59998,224.600006
2182,67.039000,-165.316772,-1533.59998,224.600006
2183,67.076000,-165.311279,-1533.59998,224.600006
2184,67.104000,-165.305786,-1533.59998,224.699997
2185,67.133000,-165.305786,-1533.59998,224.699997
2186,67.159000,-165.300293,-1533.59998,224.699997
2187,67.185000,-165.289307,-1533.59998,224.800003
2188,67.213000,-165.289307,-1533.59998,224.800003
2189,67.238000,-165.283813,-1533.59998,224.899994
2190,67.266000,-165.272827,-1533.59998,224.899994
2191,67.299000,-165.267334,-1533.59998,224.899994
2192,67.325000,-165.267334,-1533.59998,225
2193,67.354000,-165.250854,-1533.59998,225
2194,67.382000,-165.239868,-1533.59998,225.100006
2195,67.410000,-165.228882,-1533.59998,225.100006
2196,67.438000,-165.228882,-1533.59998,225.100006
2197,67.466000,-165.223389,-1533.59998,225.199997
2198,67.494000,-165.217896,-1533.59998,225.199997
2199,67.524000,-165.212402,-1533.5,225.199997
2200,67.553000,-165.206909,-1533.5,225.300003
2201,67.580000,-165.212402,-1533.5,225.300003
2202,67.607000,-165.217896,-1533.5,225.300003
2203,67.633000,-165.228882,-1533.5,225.300003
2204,67.659000,-165.212402,-1533.5,225.399994
2205,67.688000,-165.206909,-1533.5,225.5
2206,67.715000,-165.179443,-1533.5,225.5
2207,67.744000,-165.179443,-1533.5,225.5
2208,67.772000,-165.184937,-1533.5,225.5
2209,67.802000,-165.19043,-1533.5,225.600006
2210,67.831000,-165.19043,-1533.5,225.600006
2211,67.865000,-165.19043,-1533.5,225.600006
2212,67.892000,-165.17395,-1533.5,225.699997
2213,67.921000,-165.162964,-1533.5,225.800003
2214,67.956000,-165.162964,-1533.5,225.800003
2215,67.982000,-165.17395,-1533.5,225.800003
2216,68.011000,-165.179443,-1533.5,225.800003
2217,68.038000,-165.17395,-1533.5,225.899994
2218,68.066000,-165.162964,-1533.5,225.899994
2219,68.092000,-165.151978,-1533.5,225.899994
2220,68.122000,-165.135498,-1533.5,226
2221,68.150000,-165.130005,-1533.5,226
2222,68.176000,-165.119019,-1533.5,226.100006
2223,68.203000,-165.108032,-1533.5,226.100006
2224,68.229000,-165.108032,-1533.5,226.100006
2225,68.258000,-165.097046,-1533.5,226.199997
2226,68.290000,-165.08606,-1533.5,226.199997
2227,68.320000,-165.075073,-1533.5,226.300003
2228,68.348000,-165.06958,-1533.5,226.300003
2229,68.375000,-165.058594,-1533.40002,226.300003
2230,68.406000,-165.047607,-1533.40002,226.399994
2231,68.433000,-165.042114,-1533.40002,226.399994
2232,68.461000,-165.031128,-1533.40002,226.5
2233,68.488000,-165.025635,-1533.40002,226.5
2234,68.520000,-165.014648,-1533.40002,226.600006
2235,68.549000,-165.003662,-1533.40002,226.600006
2236,68.578000,-164.992676,-1533.40002,226.600006
2237,68.606000,-164.976196,-1533.40002,226.699997
2238,68.635000,-164.959717,-1533.40002,226.699997
2239,68.667000,-164.943237,-1533.40002,226.699997
2240,68.693000,-164.932251,-1533.40002,226.800003
2241,68.719000,-164.921265,-1533.40002,226.800003
2242,68.748000,-164.904785,-1533.40002,226.800003
2243,68.775000,-164.888306,-1533.40002,226.899994
2244,68.803000,-164.877319,-1533.40002,226.899994
2245,68.829000,-164.866333,-1533.40002,226.899994
2246,68.857000,-164.855347,-1533.40002,227
2247,68.886000,-164.838867,-1533.40002,227
2248,68.914000,-164.827881,-1533.40002,227
2249,68.941000,-164.811401,-1533.40002,227.100006
2250,68.971000,-164.800415,-1533.40002,227.100006
2251,69.000000,-164.789429,-1533.40002,227.199997
2252,69.030000,-164.778442,-1533.40002,227.199997
2253,69.057000,-164.767456,-1533.40002,227.199997
2254,69.087000,-164.75647,-1533.30005,227.199997
2255,69.116000,-164.745483,-1533.30005,227.300003
2256,69.145000,-164.729004,-1533.30005,227.300003
2257,69.172000,-164.718018,-1533.30005,227.300003
2258,69.200000,-164.685059,-1533.30005,227.5
2259,69.229000,-164.668579,-1533.30005,227.5
2260,69.255000,-164.668579,-1533.30005,227.5
2261,69.282000,-164.668579,-1533.30005,227.5
2262,69.310000,-164.668579,-1533.30005,227.5
2263,69.336000,-164.663086,-1533.30005,227.5
2264,69.364000,-164.646606,-1533.30005,227.5
2265,69.392000,-164.630127,-1533.30005,227.600006
2266,69.421000,-164.613647,-1533.30005,227.600006
2267,69.449000,-164.602661,-1533.30005,227.699997
2268,69.476000,-164.586182,-1533.30005,227.699997
2269,69.504000,-164.575195,-1533.30005,227.699997
2270,69.531000,-164.553223,-1533.30005,227.800003
2271,69.560000,-164.547729,-1533.30005,227.800003
2272,69.588000,-164.536743,-1533.30005,227.800003
2273,69.616000,-164.520264,-1533.30005,227.899994
2274,69.644000,-164.520264,-1533.30005,227.899994
2275,69.668000,-164.509277,-1533.30005,228
2276,69.698000,-164.498291,-1533.30005,228
2277,69.725000,-164.481812,-1533.30005,228
2278,69.751000,-164.476318,-1533.30005,228.100006
2279,69.778000,-164.465332,-1533.30005,228.100006
2280,69.806000,-164.454346,-1533.30005,228.100006
2281,69.833000,-164.443359,-1533.30005,228.199997
2282,69.860000,-164.432373,-1533.30005,228.199997
2283,69.886000,-164.421387,-1533.30005,228.300003
2284,69.914000,-164.415894,-1533.30005,228.300003
2285,69.942000,-164.399414,-1533.30005,228.300003
2286,69.970000,-164.388428,-1533.30005,228.300003
2287,69.997000,-164.371948,-1533.30005,228.399994
2288,70.030000,-164.360962,-1533.30005,228.399994
2289,70.056000,-164.355469,-1533.30005,228.399994
2290,70.083000,-164.349976,-1533.30005,228.5
2291,70.112000,-164.338989,-1533.30005,228.5
2292,70.140000,-164.328003,-1533.30005,228.5
2293,70.167000,-164.32251,-1533.30005,228.600006
2294,70.195000,-164.30603,-1533.30005,228.600006
2295,70.223000,-164.300537,-1533.30005,228.699997
2296,70.254000,-164.295044,-1533.30005,228.699997
2297,70.282000,-164.284058,-1533.30005,228.699997
2298,70.310000,-164.284058,-1533.30005,228.800003
2299,70.338000,-164.284058,-1533.30005,228.800003
2300,70.366000,-164.284058,-1533.30005,228.800003
2301,70.398000,-164.278564,-1533.30005,228.899994
2302,70.423000,-164.267578,-1533.30005,228.899994
2303,70.453000,-164.251099,-1533.30005,228.899994
2304,70.480000,-164.245605,-1533.30005,229
2305,70.507000,-164.234619,-1533.30005,229
2306,70.537000,-164.207153,-1533.30005,229.100006
2307,70.572000,-164.20166,-1533.30005,229.100006
2308,70.601000,-164.212646,-1533.30005,229.100006
2309,70.629000,-164.223633,-1533.30005,229.199997
2310,70.658000,-164.21814,-1533.30005,229.199997
2311,70.685000,-164.207153,-1533.30005,229.199997
2312,70.709000,-164.196167,-1533.30005,229.300003
2313,70.737000,-164.190674,-1533.30005,229.300003
2314,70.764000,-164.185181,-1533.30005,229.399994
2315,70.795000,-164.174194,-1533.30005,229.399994
2316,70.824000,-164.174194,-1533.30005,229.399994
2317,70.851000,-164.179687,-1533.30005,229.399994
2318,70.879000,-164.185181,-1533.30005,229.399994
2319,70.907000,-164.174194,-1533.30005,229.5
2320,70.933000,-164.163208,-1533.30005,229.5
2321,70.960000,-164.152222,-1533.30005,229.5
2322,70.987000,-164.146729,-1533.30005,229.600006
2323,71.021000,-164.130249,-1533.30005,229.600006
2324,71.051000,-164.119263,-1533.19995,229.699997
2325,71.079000,-164.11377,-1533.19995,229.699997
2326,71.107000,-164.108276,-1533.19995,229.800003
2327,71.136000,-164.09729,-1533.19995,229.800003
2328,71.164000,-164.086304,-1533.19995,229.800003
2329,71.192000,-164.080811,-1533.19995,229.899994
2330,71.220000,-164.064331,-1533.19995,229.899994
2331,71.247000,-164.053345,-1533.19995,229.899994
2332,71.275000,-164.047852,-1533.19995,230
2333,71.302000,-164.042358,-1533.19995,230
2334,71.327000,-164.031372,-1533.19995,230
2335,71.355000,-164.025879,-1533.19995,230.100006
2336,71.382000,-164.020386,-1533.19995,230.100006
2337,71.411000,-164.009399,-1533.19995,230.199997
2338,71.444000,-163.987427,-1533.19995,230.199997
2339,71.472000,-163.97644,-1533.19995,230.300003
2340,71.503000,-163.970947,-1533.19995,230.300003
2341,71.532000,-163.954468,-1533.19995,230.300003
2342,71.560000,-163.932495,-1533.19995,230.300003
2343,71.587000,-163.916016,-1533.19995,230.399994
2344,71.619000,-163.899536,-1533.19995,230.399994
2345,71.648000,-163.883057,-1533.19995,230.5
2346,71.673000,-163.87207,-1533.09998,230.5
2347,71.700000,-163.855591,-1533.09998,230.5
2348,71.728000,-163.839111,-1533.09998,230.600006
2349,71.758000,-163.822632,-1533.09998,230.600006
2350,71.788000,-163.795166,-1533.09998,230.600006
2351,71.816000,-163.778687,-1533.09998,230.699997
2352,71.846000,-163.762207,-1533.09998,230.699997
2353,71.874000,-163.729248,-1533.09998,230.800003
2354,71.907000,-163.718262,-1533.09998,230.800003
2355,71.934000,-163.707275,-1533.09998,230.800003
2356,71.962000,-163.707275,-1533.09998,230.800003
2357,71.989000,-163.701782,-1533.09998,230.800003
2358,72.021000,-163.668823,-1533.09998,231
2359,72.049000,-163.630371,-1533.09998,231
2360,72.080000,-163.619385,-1533.09998,231
2361,72.107000,-163.613892,-1533.09998,231
2362,72.134000,-163.613892,-1533.09998,231
2363,72.160000,-163.608398,-1533.09998,231.100006
2364,72.187000,-163.591919,-1533.09998,231.100006
2365,72.217000,-163.575439,-1533.09998,231.100006
2366,72.245000,-163.564453,-1533.09998,231.199997
2367,72.273000,-163.547974,-1533.09998,231.199997
2368,72.299000,-163.526001,-1533.09998,231.199997
2369,72.330000,-163.509521,-1533.09998,231.300003
2370,72.361000,-163.493042,-1533.09998,231.300003
2371,72.391000,-163.476562,-1533.09998,231.399994
2372,72.419000,-163.465576,-1533.09998,231.399994
2373,72.449000,-163.443604,-1533.09998,231.399994
2374,72.481000,-163.427124,-1533.09998,231.5
2375,72.509000,-163.410645,-1533.09998,231.5
2376,72.537000,-163.394165,-1533.09998,231.5
2377,72.567000,-163.383179,-1533.09998,231.600006
2378,72.596000,-163.366699,-1533.09998,231.600006
2379,72.626000,-163.355713,-1533.09998,231.600006
2380,72.653000,-163.344727,-1533.09998,231.699997
2381,72.680000,-163.33374,-1533.09998,231.699997
2382,72.707000,-163.322754,-1533.09998,231.699997
2383,72.734000,-163.317261,-1533.09998,231.800003
2384,72.761000,-163.311768,-1533.09998,231.800003
2385,72.787000,-163.306274,-1533.09998,231.800003
2386,72.816000,-163.295288,-1533.09998,231.899994
2387,72.845000,-163.284302,-1533.09998,231.899994
2388,72.873000,-163.278809,-1533.09998,231.899994
2389,72.900000,-163.267822,-1533.09998,232
2390,72.928000,-163.251343,-1533.09998,232
2391,72.965000,-163.234863,-1533.09998,232
2392,72.993000,-163.218384,-1533.09998,232.100006
2393,73.019000,-163.201904,-1533.09998,232.100006
2394,73.048000,-163.196411,-1533.09998,232.100006
2395,73.076000,-163.190918,-1533.09998,232.199997
2396,73.103000,-163.179932,-1533.09998,232.199997
2397,73.130000,-163.174438,-1533.09998,232.199997
2398,73.159000,-163.163452,-1533.09998,232.300003
2399,73.185000,-163.163452,-1533.09998,232.300003
2400,73.212000,-163.157959,-1533.09998,232.300003
2401,73.243000,-163.146973,-1533.09998,232.399994
2402,73.273000,-163.135986,-1533.09998,232.399994
2403,73.300000,-163.108521,-1533.09998,232.5
2404,73.330000,-163.092041,-1533.09998,232.600006
2405,73.360000,-163.070068,-1533,232.699997
2406,73.388000,-163.075562,-1533,232.699997
2407,73.416000,-163.086548,-1533,232.699997
2408,73.447000,-163.097534,-1533,232.699997
2409,73.482000,-163.103027,-1533,232.699997
2410,73.509000,-163.092041,-1533,232.800003
2411,73.539000,-163.081055,-1533,232.800003
2412,73.574000,-163.075562,-1533,232.899994
2413,73.609000,-163.059082,-1533,232.899994
2414,73.642000,-163.037109,-1533,233
2415,73.669000,-163.026123,-1533,233
2416,73.700000,-163.02063,-1533,233.100006
2417,73.732000,-163.026123,-1533,233.100006
2418,73.766000,-163.031616,-1533,233.100006
2419,73.796000,-163.02063,-1533,233.100006
2420,73.825000,-163.009644,-1533,233.199997
2421,73.857000,-162.993164,-1533,233.199997
2422,73.891000,-162.993164,-1532.90002,233.300003
2423,73.916000,-162.987671,-1532.90002,233.300003
2424,73.943000,-162.982178,-1532.90002,233.399994
2425,73.971000,-162.976685,-1532.90002,233.399994
2426,73.999000,-162.965698,-1532.90002,233.5
2427,74.032000,-162.954712,-1532.90002,233.5
2428,74.058000,-162.960205,-1532.90002,233.5
2429,74.085000,-162.976685,-1532.90002,233.5
2430,74.115000,-162.993164,-1532.90002,233.5
2431,74.146000,-162.987671,-1532.90002,233.600006
2432,74.175000,-162.976685,-1532.90002,233.600006
2433,74.201000,-162.971191,-1532.90002,233.699997
2434,74.230000,-162.965698,-1532.90002,233.699997
2435,74.262000,-162.965698,-1532.90002,233.699997
2436,74.287000,-162.960205,-1532.90002,233.800003
2437,74.314000,-162.949219,-1532.90002,233.800003
2438,74.341000,-162.943726,-1532.90002,233.899994
2439,74.377000,-162.938232,-1532.80005,233.899994
2440,74.408000,-162.932739,-1532.80005,233.899994
2441,74.438000,-162.91626,-1532.80005,234
2442,74.465000,-162.905273,-1532.80005,234
2443,74.493000,-162.894287,-1532.80005,234
2444,74.530000,-162.883301,-1532.80005,234.100006
2445,74.568000,-162.877808,-1532.80005,234.100006
2446,74.594000,-162.866821,-1532.80005,234.199997
2447,74.622000,-162.855835,-1532.80005,234.199997
2448,74.650000,-162.839355,-1532.80005,234.300003
2449,74.680000,-162.828369,-1532.80005,234.300003
2450,74.709000,-162.81189,-1532.80005,234.399994
2451,74.738000,-162.789917,-1532.80005,234.399994
2452,74.771000,-162.773437,-1532.80005,234.5
2453,74.797000,-162.767944,-1532.80005,234.5
2454,74.823000,-162.762451,-1532.80005,234.5
2455,74.852000,-162.745972,-1532.80005,234.600006
2456,74.879000,-162.745972,-1532.80005,234.600006
2457,74.908000,-162.751465,-1532.80005,234.600006
2458,74.935000,-162.740479,-1532.80005,234.699997
2459,74.963000,-162.723999,-1532.80005,234.699997
2460,74.992000,-162.713013,-1532.80005,234.699997
2461,75.019000,-162.702026,-1532.80005,234.800003
2462,75.045000,-162.69104,-1532.80005,234.800003
2463,75.073000,-162.685547,-1532.80005,234.800003
2464,75.098000,-162.674561,-1532.80005,234.899994
2465,75.125000,-162.652588,-1532.80005,234.899994
2466,75.153000,-162.636108,-1532.80005,234.899994
2467,75.179000,-162.641602,-1532.80005,235
2468,75.210000,-162.647095,-1532.80005,235
2469,75.236000,-162.647095,-1532.80005,235
2470,75.263000,-162.630615,-1532.80005,235
2471,75.290000,-162.619629,-1532.80005,235.100006
2472,75.318000,-162.608643,-1532.80005,235.100006
2473,75.348000,-162.597656,-1532.80005,235.100006
2474,75.376000,-162.597656,-1532.80005,235.199997
2475,75.405000,-162.58667,-1532.80005,235.199997
2476,75.434000,-162.575684,-1532.80005,235.199997
2477,75.462000,-162.57019,-1532.80005,235.300003
2478,75.492000,-162.559204,-1532.80005,235.300003
2479,75.519000,-162.553711,-1532.80005,235.399994
2480,75.546000,-162.542725,-1532.80005,235.399994
2481,75.573000,-162.537231,-1532.80005,235.399994
2482,75.603000,-162.526245,-1532.80005,235.5
2483,75.630000,-162.526245,-1532.80005,235.5
2484,75.659000,-162.520752,-1532.80005,235.5
2485,75.689000,-162.515259,-1532.80005,235.600006
2486,75.716000,-162.515259,-1532.80005,235.600006
2487,75.743000,-162.515259,-1532.69995,235.600006
2488,75.772000,-162.509766,-1532.69995,235.699997
2489,75.800000,-162.509766,-1532.69995,235.699997
2490,75.827000,-162.504272,-1532.69995,235.699997
2491,75.854000,-162.493286,-1532.69995,235.800003
2492,75.882000,-162.487793,-1532.69995,235.800003
2493,75.913000,-162.476807,-1532.69995,235.800003
2494,75.943000,-162.471313,-1532.69995,235.899994
2495,75.971000,-162.460327,-1532.69995,235.899994
2496,75.999000,-162.454834,-1532.69995,235.899994
2497,76.027000,-162.449341,-1532.69995,236
2498,76.051000,-162.432861,-1532.69995,236.100006
2499,76.082000,-162.421875,-1532.80005,236.100006
2500,76.116000,-162.427368,-1532.80005,236.100006
2501,76.145000,-162.443848,-1532.80005,236.100006
2502,76.173000,-162.443848,-1532.69995,236.199997
2503,76.201000,-162.427368,-1532.69995,236.199997
2504,76.229000,-162.421875,-1532.69995,236.300003
2505,76.266000,-162.410889,-1532.69995,236.300003
2506,76.292000,-162.405396,-1532.69995,236.399994
2507,76.318000,-162.399902,-1532.69995,236.399994
2508,76.345000,-162.394409,-1532.69995,236.399994
2509,76.373000,-162.405396,-1532.69995,236.399994
2510,76.404000,-162.416382,-1532.69995,236.399994
2511,76.430000,-162.416382,-1532.69995,236.5
2512,76.460000,-162.410889,-1532.69995,236.5
2513,76.486000,-162.399902,-1532.69995,236.5
2514,76.515000,-162.399902,-1532.69995,236.600006
2515,76.544000,-162.394409,-1532.69995,236.600006
2516,76.570000,-162.388916,-1532.69995,236.699997
2517,76.604000,-162.383423,-1532.69995,236.699997
2518,76.631000,-162.372437,-1532.69995,236.800003
2519,76.659000,-162.366943,-1532.69995,236.800003
2520,76.685000,-162.333984,-1532.69995,236.899994
2521,76.715000,-162.328491,-1532.69995,236.899994
2522,76.742000,-162.322998,-1532.69995,236.899994
2523,76.773000,-162.333984,-1532.69995,236.899994
2524,76.801000,-162.344971,-1532.69995,236.899994
2525,76.830000,-162.350464,-1532.69995,237
2526,76.858000,-162.344971,-1532.69995,237
2527,76.886000,-162.333984,-1532.69995,237
2528,76.916000,-162.322998,-1532.69995,237.100006
2529,76.945000,-162.312012,-1532.69995,237.100006
2530,76.974000,-162.301025,-1532.69995,237.199997
2531,77.006000,-162.301025,-1532.69995,237.199997
2532,77.032000,-162.295532,-1532.69995,237.300003
2533,77.060000,-162.290039,-1532.69995,237.300003
2534,77.086000,-162.279053,-1532.69995,237.300003
2535,77.116000,-162.279053,-1532.69995,237.399994
2536,77.143000,-162.27356,-1532.69995,237.399994
2537,77.171000,-162.268066,-1532.69995,237.5
2538,77.197000,-162.262573,-1532.59998,237.5
2539,77.224000,-162.251587,-1532.59998,237.5
2540,77.251000,-162.246094,-1532.59998,237.600006
2541,77.280000,-162.235107,-1532.59998,237.600006
2542,77.311000,-162.229614,-1532.59998,237.699997
2543,77.341000,-162.218628,-1532.59998,237.699997
2544,77.370000,-162.213135,-1532.59998,237.699997
2545,77.398000,-162.202148,-1532.59998,237.800003
2546,77.426000,-162.185669,-1532.59998,237.800003
2547,77.455000,-162.174683,-1532.59998,237.899994
2548,77.491000,-162.141724,-1532.59998,238
2549,77.525000,-162.119751,-1532.59998,238
2550,77.556000,-162.130737,-1532.59998,238
2551,77.586000,-162.13623,-1532.59998,238
2552,77.614000,-162.147217,-1532.59998,238
2553,77.641000,-162.147217,-1532.59998,238
2554,77.668000,-162.125244,-1532.59998,238.100006
2555,77.696000,-162.108765,-1532.59998,238.100006
2556,77.724000,-162.097778,-1532.59998,238.199997
2557,77.753000,-162.086792,-1532.59998,238.199997
2558,77.786000,-162.075806,-1532.59998,238.300003
2559,77.821000,-162.059326,-1532.59998,238.300003
2560,77.854000,-162.042847,-1532.59998,238.399994
2561,77.883000,-162.03186,-1532.59998,238.399994
2562,77.910000,-162.015381,-1532.59998,238.399994
2563,77.938000,-161.998901,-1532.59998,238.5
2564,77.968000,-161.987915,-1532.59998,238.5
2565,77.996000,-161.976929,-1532.59998,238.600006
2566,78.027000,-161.960449,-1532.59998,238.600006
2567,78.056000,-161.954956,-1532.59998,238.600006
2568,78.092000,-161.92749,-1532.59998,238.699997
2569,78.121000,-161.905518,-1532.59998,238.699997
2570,78.149000,-161.900024,-1532.59998,238.800003
2571,78.175000,-161.889038,-1532.59998,238.800003
2572,78.203000,-161.878052,-1532.59998,238.800003
2573,78.231000,-161.872559,-1532.59998,238.899994
2574,78.259000,-161.861572,-1532.59998,238.899994
2575,78.288000,-161.850586,-1532.59998,238.899994
2576,78.316000,-161.834106,-1532.59998,239
2577,78.346000,-161.82312,-1532.59998,239
2578,78.379000,-161.806641,-1532.59998,239.100006
2579,78.409000,-161.801147,-1532.59998,239.100006
2580,78.440000,-161.790161,-1532.59998,239.100006
2581,78.469000,-161.773682,-1532.59998,239.199997
2582,78.498000,-161.757202,-1532.59998,239.199997
2583,78.529000,-161.751709,-1532.59998,239.199997
2584,78.556000,-161.740723,-1532.59998,239.300003
2585,78.584000,-161.724243,-1532.59998,239.300003
2586,78.612000,-161.713257,-1532.59998,239.300003
2587,78.640000,-161.702271,-1532.59998,239.399994
2588,78.667000,-161.696777,-1532.59998,239.399994
2589,78.695000,-161.691284,-1532.59998,239.5
2590,78.724000,-161.674805,-1532.59998,239.5
2591,78.754000,-161.658325,-1532.59998,239.5
2592,78.781000,-161.625366,-1532.59998,239.600006
2593,78.810000,-161.61438,-1532.59998,239.600006
2594,78.836000,-161.61438,-1532.59998,239.699997
2595,78.865000,-161.61438,-1532.59998,239.699997
2596,78.892000,-161.608887,-1532.59998,239.699997
2597,78.923000,-161.5979,-1532.59998,239.800003
2598,78.950000,-161.586914,-1532.59998,239.800003
2599,78.979000,-161.570435,-1532.59998,239.800003
2600,79.004000,-161.559448,-1532.59998,239.899994
2601,79.035000,-161.548462,-1532.59998,239.899994
2602,79.063000,-161.537476,-1532.59998,240
2603,79.094000,-161.526489,-1532.59998,240
2604,79.120000,-161.51001,-1532.59998,240.100006
2605,79.149000,-161.499023,-1532.59998,240.100006
2606,79.174000,-161.488037,-1532.59998,240.100006
2607,79.201000,-161.477051,-1532.59998,240.199997
2608,79.230000,-161.477051,-1532.59998,240.199997
2609,79.258000,-161.482544,-1532.59998,240.199997
2610,79.286000,-161.488037,-1532.59998,240.199997
2611,79.313000,-161.477051,-1532.59998,240.300003
2612,79.341000,-161.460571,-1532.59998,240.300003
2613,79.369000,-161.449585,-1532.59998,240.399994
2614,79.397000,-161.438599,-1532.59998,240.399994
2615,79.425000,-161.427612,-1532.5,240.5
2616,79.453000,-161.40564,-1532.5,240.5
2617,79.481000,-161.400146,-1532.5,240.600006
2618,79.510000,-161.38916,-1532.5,240.600006
2619,79.540000,-161.400146,-1532.5,240.600006
2620,79.569000,-161.40564,-1532.5,240.600006
2621,79.597000,-161.400146,-1532.5,240.600006
2622,79.624000,-161.367187,-1532.5,240.699997
2623,79.653000,-161.361694,-1532.5,240.699997
2624,79.679000,-161.334229,-1532.5,240.800003
2625,79.707000,-161.323242,-1532.5,240.800003
2626,79.738000,-161.306763,-1532.5,240.899994
2627,79.769000,-161.28479,-1532.5,240.899994
2628,79.799000,-161.273804,-1532.5,240.899994
2629,79.829000,-161.268311,-1532.5,241
2630,79.856000,-161.251831,-1532.5,241
2631,79.886000,-161.224365,-1532.5,241.100006
2632,79.913000,-161.207886,-1532.5,241.100006
2633,79.939000,-161.185913,-1532.5,241.100006
2634,79.967000,-161.174927,-1532.5,241.199997
2635,79.992000,-161.158447,-1532.5,241.199997
2636,80.019000,-161.141968,-1532.5,241.300003
2637,80.048000,-161.119995,-1532.5,241.300003
2638,80.076000,-161.103516,-1532.5,241.300003
2639,80.103000,-161.087036,-1532.5,241.399994
2640,80.132000,-161.070557,-1532.5,241.399994
2641,80.159000,-161.048584,-1532.5,241.5
2642,80.186000,-161.004639,-1532.5,241.600006
2643,80.215000,-160.999146,-1532.5,241.600006
2644,80.243000,-161.004639,-1532.5,241.600006
2645,80.273000,-161.004639,-1532.5,241.600006
2646,80.301000,-161.010132,-1532.5,241.600006
2647,80.330000,-160.993652,-1532.5,241.699997
2648,80.358000,-160.97168,-1532.5,241.699997
2649,80.388000,-160.960693,-1532.5,241.800003
2650,80.415000,-160.938721,-1532.5,241.800003
2651,80.444000,-160.922241,-1532.5,241.800003
2652,80.470000,-160.905762,-1532.5,241.899994
2653,80.499000,-160.894775,-1532.5,241.899994
2654,80.526000,-160.872803,-1532.5,242
2655,80.554000,-160.85083,-1532.5,242
2656,80.582000,-160.834351,-1532.5,242
2657,80.610000,-160.817871,-1532.5,242.100006
2658,80.637000,-160.795898,-1532.5,242.100006
2659,80.668000,-160.779419,-1532.5,242.199997
2660,80.697000,-160.757446,-1532.5,242.199997
2661,80.727000,-160.74646,-1532.40002,242.300003
2662,80.756000,-160.735474,-1532.40002,242.300003
2663,80.787000,-160.724487,-1532.40002,242.300003
2664,80.814000,-160.708008,-1532.40002,242.399994
2665,80.840000,-160.691528,-1532.40002,242.399994
2666,80.867000,-160.675049,-1532.40002,242.399994
2667,80.898000,-160.658569,-1532.40002,242.5
2668,80.926000,-160.636597,-1532.40002,242.5
2669,80.953000,-160.631104,-1532.40002,242.5
2670,80.980000,-160.620117,-1532.40002,242.600006
2671,81.006000,-160.603638,-1532.40002,242.600006
2672,81.031000,-160.587158,-1532.40002,242.600006
2673,81.058000,-160.581665,-1532.40002,242.699997
2674,81.088000,-160.570679,-1532.40002,242.699997
2675,81.115000,-160.565186,-1532.40002,242.699997
2676,81.148000,-160.554199,-1532.40002,242.800003
2677,81.173000,-160.53772,-1532.40002,242.800003
2678,81.204000,-160.526733,-1532.40002,242.800003
2679,81.232000,-160.52124,-1532.40002,242.899994
2680,81.259000,-160.510254,-1532.40002,242.899994
2681,81.289000,-160.499268,-1532.40002,243
2682,81.318000,-160.493774,-1532.40002,243
2683,81.350000,-160.471802,-1532.40002,243.100006
2684,81.377000,-160.466309,-1532.40002,243.100006
2685,81.405000,-160.460815,-1532.40002,243.100006
2686,81.433000,-160.460815,-1532.40002,243.100006
2687,81.460000,-160.460815,-1532.40002,243.199997
2688,81.487000,-160.449829,-1532.40002,243.199997
2689,81.519000,-160.444336,-1532.40002,243.300003
2690,81.545000,-160.444336,-1532.40002,243.300003
2691,81.573000,-160.43335,-1532.40002,243.300003
2692,81.600000,-160.427856,-1532.40002,243.399994
2693,81.630000,-160.422363,-1532.40002,243.399994
2694,81.656000,-160.411377,-1532.40002,243.399994
2695,81.684000,-160.400391,-1532.40002,243.5
2696,81.723000,-160.394897,-1532.40002,243.5
2697,81.753000,-160.383911,-1532.40002,243.600006
2698,81.783000,-160.372925,-1532.40002,243.600006
2699,81.812000,-160.367432,-1532.40002,243.699997
2700,81.839000,-160.356445,-1532.40002,243.699997
2701,81.865000,-160.361938,-1532.40002,243.699997
2702,81.896000,-160.367432,-1532.40002,243.800003
2703,81.924000,-160.378418,-1532.40002,243.800003
2704,81.953000,-160.372925,-1532.40002,243.800003
2705,81.982000,-160.361938,-1532.40002,243.800003
2706,82.008000,-160.367432,-1532.40002,243.899994
2707,82.035000,-160.367432,-1532.40002,243.899994
2708,82.061000,-160.361938,-1532.40002,244
2709,82.089000,-160.356445,-1532.40002,244
2710,82.116000,-160.356445,-1532.40002,244
2711,82.142000,-160.356445,-1532.40002,244.100006
2712,82.168000,-160.350952,-1532.40002,244.100006
2713,82.194000,-160.345459,-1532.40002,244.100006
2714,82.223000,-160.328979,-1532.40002,244.199997
2715,82.250000,-160.323486,-1532.40002,244.199997
2716,82.280000,-160.3125,-1532.40002,244.300003
2717,82.308000,-160.307007,-1532.40002,244.300003
2718,82.336000,-160.296021,-1532.40002,244.300003
2719,82.364000,-160.290527,-1532.40002,244.399994
2720,82.394000,-160.279541,-1532.30005,244.399994
2721,82.421000,-160.268555,-1532.30005,244.399994
2722,82.448000,-160.274048,-1532.30005,244.399994
2723,82.474000,-160.279541,-1532.30005,244.5
2724,82.500000,-160.274048,-1532.30005,244.5
2725,82.527000,-160.257568,-1532.30005,244.5
2726,82.554000,-160.246582,-1532.30005,244.600006
2727,82.583000,-160.246582,-1532.30005,244.600006
2728,82.611000,-160.263062,-1532.30005,244.600006
2729,82.638000,-160.279541,-1532.30005,244.600006
2730,82.669000,-160.274048,-1532.30005,244.600006
2731,82.697000,-160.279541,-1532.30005,244.600006
2732,82.725000,-160.296021,-1532.30005,244.600006
2733,82.751000,-160.317993,-1532.30005,244.600006
2734,82.781000,-160.339966,-1532.30005,244.600006
2735,82.807000,-160.345459,-1532.30005,244.600006
2736,82.834000,-160.345459,-1532.30005,244.600006
2737,82.861000,-160.350952,-1532.30005,244.600006
2738,82.889000,-160.356445,-1532.30005,244.600006
2739,82.916000,-160.350952,-1532.30005,244.600006
2740,82.943000,-160.356445,-1532.30005,244.600006
2741,82.970000,-160.356445,-1532.30005,244.600006
2742,82.998000,-160.356445,-1532.30005,244.600006
2743,83.029000,-160.361938,-1532.30005,244.600006
2744,83.057000,-160.367432,-1532.30005,244.600006
2745,83.085000,-160.372925,-1532.30005,244.600006
2746,83.115000,-160.361938,-1532.30005,244.600006
2747,83.146000,-160.345459,-1532.30005,244.600006
2748,83.172000,-160.345459,-1532.30005,244.600006
2749,83.199000,-160.328979,-1532.30005,244.600006
2750,83.229000,-160.3125,-1532.30005,244.699997
2751,83.257000,-160.296021,-1532.30005,244.699997
2752,83.286000,-160.274048,-1532.30005,244.699997
2753,83.315000,-160.257568,-1532.30005,244.800003
2754,83.344000,-160.241089,-1532.30005,244.800003
2755,83.373000,-160.230103,-1532.30005,244.800003
2756,83.400000,-160.20813,-1532.30005,244.899994
2757,83.429000,-160.20813,-1532.30005,244.899994
2758,83.462000,-160.20813,-1532.30005,244.899994
2759,83.493000,-160.197144,-1532.30005,244.899994
2760,83.525000,-160.175171,-1532.30005,245
2761,83.558000,-160.169678,-1532.30005,245
2762,83.586000,-160.158691,-1532.30005,245
2763,83.614000,-160.147705,-1532.30005,245.100006
2764,83.642000,-160.136719,-1532.30005,245.100006
2765,83.668000,-160.131226,-1532.30005,245.100006
2766,83.695000,-160.114746,-1532.30005,245.199997
2767,83.725000,-160.10376,-1532.30005,245.199997
2768,83.754000,-160.08728,-1532.30005,245.199997
2769,83.786000,-160.070801,-1532.30005,245.300003
2770,83.813000,-160.059814,-1532.30005,245.300003
2771,83.843000,-160.043335,-1532.30005,245.300003
2772,83.874000,-160.032349,-1532.30005,245.399994
2773,83.902000,-160.032349,-1532.30005,245.399994
2774,83.929000,-160.026855,-1532.30005,245.399994
2775,83.957000,-160.010376,-1532.30005,245.5
2776,83.983000,-160.010376,-1532.30005,245.5
2777,84.012000,-160.004883,-1532.30005,245.5
2778,84.040000,-159.993896,-1532.30005,245.600006
2779,84.071000,-159.977417,-1532.30005,245.600006
2780,84.100000,-159.955444,-1532.30005,245.699997
2781,84.127000,-159.949951,-1532.30005,245.699997
2782,84.154000,-159.949951,-1532.30005,245.699997
2783,84.180000,-159.938965,-1532.30005,245.699997
2784,84.208000,-159.927979,-1532.30005,245.800003
2785,84.236000,-159.927979,-1532.19995,245.800003
2786,84.268000,-159.916992,-1532.30005,245.899994
2787,84.296000,-159.900513,-1532.19995,245.899994
2788,84.326000,-159.884033,-1532.19995,245.899994
2789,84.354000,-159.867554,-1532.19995,246
2790,84.384000,-159.862061,-1532.19995,246
2791,84.412000,-159.873047,-1532.19995,246
2792,84.439000,-159.87854,-1532.19995,246.100006
2793,84.468000,-159.873047,-1532.19995,246.100006
2794,84.497000,-159.862061,-1532.19995,246.100006
2795,84.527000,-159.856567,-1532.19995,246.199997
2796,84.557000,-159.845581,-1532.19995,246.199997
2797,84.583000,-159.834595,-1532.19995,246.199997
2798,84.610000,-159.829102,-1532.19995,246.300003
2799,84.638000,-159.823608,-1532.19995,246.300003
2800,84.669000,-159.812622,-1532.19995,246.399994
2801,84.697000,-159.807129,-1532.19995,246.399994
2802,84.724000,-159.796143,-1532.19995,246.399994
2803,84.753000,-159.790649,-1532.19995,246.5
2804,84.782000,-159.779663,-1532.19995,246.5
2805,84.812000,-159.768677,-1532.19995,246.5
2806,84.845000,-159.75769,-1532.19995,246.600006
2807,84.874000,-159.752197,-1532.19995,246.600006
2808,84.901000,-159.741211,-1532.19995,246.699997
2809,84.926000,-159.730225,-1532.19995,246.699997
2810,84.957000,-159.713745,-1532.19995,246.800003
2811,84.984000,-159.702759,-1532.19995,246.800003
2812,85.011000,-159.691772,-1532.19995,246.800003
2813,85.041000,-159.680786,-1532.19995,246.899994
2814,85.078000,-159.6698,-1532.09998,246.899994
2815,85.107000,-159.658813,-1532.09998,247
2816,85.137000,-159.642334,-1532.09998,247
2817,85.167000,-159.631348,-1532.09998,247.100006
2818,85.195000,-159.598389,-1532.09998,247.100006
2819,85.224000,-159.598389,-1532.09998,247.100006
2820,85.251000,-159.581909,-1532.09998,247.199997
2821,85.279000,-159.56543,-1532.09998,247.199997
2822,85.307000,-159.554443,-1532.09998,247.300003
2823,85.337000,-159.537964,-1532.09998,247.300003
2824,85.365000,-159.526978,-1532.09998,247.300003
2825,85.391000,-159.510498,-1532.09998,247.399994
2826,85.420000,-159.499512,-1532.09998,247.399994
2827,85.449000,-159.483032,-1532.09998,247.5
2828,85.479000,-159.455566,-1532.09998,247.5
2829,85.508000,-159.44458,-1532.09998,247.600006
2830,85.540000,-159.439087,-1532.09998,247.600006
2831,85.577000,-159.428101,-1532.09998,247.600006
2832,85.606000,-159.406128,-1532,247.600006
2833,85.638000,-159.395142,-1532,247.699997
2834,85.665000,-159.384155,-1532,247.699997
2835,85.693000,-159.367676,-1532,247.800003
2836,85.723000,-159.351196,-1532,247.800003
2837,85.752000,-159.345703,-1532,247.800003
2838,85.780000,-159.334717,-1532,247.899994
2839,85.808000,-159.312744,-1532,247.899994
2840,85.838000,-159.301758,-1532,248
2841,85.866000,-159.290771,-1532,248
2842,85.891000,-159.274292,-1532,248
2843,85.920000,-159.257812,-1532,248.100006
2844,85.947000,-159.246826,-1532,248.100006
2845,85.977000,-159.230347,-1532,248.100006
2846,86.005000,-159.21936,-1532,248.199997
2847,86.034000,-159.208374,-1532,248.199997
2848,86.061000,-159.191895,-1532,248.199997
2849,86.089000,-159.186401,-1532,248.300003
2850,86.114000,-159.169922,-1532,248.300003
2851,86.142000,-159.158936,-1532,248.399994
2852,86.170000,-159.153442,-1532,248.399994
2853,86.197000,-159.147949,-1532,248.399994
2854,86.224000,-159.142456,-1532,248.5
2855,86.251000,-159.13147,-1532,248.5
2856,86.277000,-159.11499,-1532,248.5
2857,86.306000,-159.109497,-1532,248.600006
2858,86.331000,-159.098511,-1532,248.600006
2859,86.358000,-159.087524,-1532,248.600006
2860,86.385000,-159.076538,-1532,248.699997
2861,86.413000,-159.065552,-1532,248.699997
2862,86.441000,-159.054565,-1532,248.699997
2863,86.469000,-159.043579,-1531.90002,248.800003
2864,86.494000,-159.021606,-1531.90002,248.800003
2865,86.524000,-159.016113,-1531.90002,248.899994
2866,86.552000,-159.016113,-1531.90002,248.899994
2867,86.580000,-159.021606,-1531.90002,248.899994
2868,86.605000,-159.032593,-1531.90002,248.899994
2869,86.634000,-159.0271,-1531.90002,248.899994
2870,86.664000,-159.016113,-1531.90002,249
2871,86.691000,-159.005127,-1531.90002,249
2872,86.719000,-159.005127,-1531.90002,249
2873,86.750000,-158.999634,-1531.90002,249.100006
2874,86.778000,-158.994141,-1531.90002,249.100006
2875,86.806000,-158.977661,-1531.90002,249.199997
2876,86.843000,-158.939209,-1531.90002,249.199997
2877,86.871000,-158.933716,-1531.90002,249.199997
2878,86.900000,-158.922729,-1531.90002,249.300003
2879,86.926000,-158.911743,-1531.90002,249.300003
2880,86.953000,-158.900757,-1531.90002,249.399994
2881,86.984000,-158.889771,-1531.90002,249.399994
2882,87.010000,-158.878784,-1531.90002,249.399994
2883,87.038000,-158.873291,-1531.90002,249.5
2884,87.066000,-158.867798,-1531.90002,249.5
2885,87.093000,-158.862305,-1531.90002,249.5
2886,87.120000,-158.856812,-1531.90002,249.600006
2887,87.149000,-158.845825,-1531.90002,249.600006
2888,87.175000,-158.834839,-1531.90002,249.600006
2889,87.205000,-158.829346,-1531.90002,249.699997
2890,87.233000,-158.829346,-1531.90002,249.699997
2891,87.262000,-158.818359,-1531.90002,249.699997
2892,87.289000,-158.812866,-1531.90002,249.800003
2893,87.318000,-158.812866,-1531.90002,249.800003
2894,87.347000,-158.807373,-1531.90002,249.800003
2895,87.376000,-158.80188,-1531.90002,249.899994
2896,87.402000,-158.80188,-1531.90002,249.899994
2897,87.428000,-158.790894,-1531.90002,249.899994
2898,87.458000,-158.790894,-1531.90002,250
2899,87.485000,-158.7854,-1531.90002,250
2900,87.525000,-158.774414,-1531.90002,250.100006
2901,87.553000,-158.752441,-1531.90002,250.100006
2902,87.585000,-158.741455,-1531.90002,250.100006
2903,87.620000,-158.735962,-1531.90002,250.199997
2904,87.650000,-158.730469,-1531.90002,250.199997
2905,87.678000,-158.724976,-1531.90002,250.300003
2906,87.706000,-158.708496,-1531.90002,250.300003
2907,87.734000,-158.69751,-1531.90002,250.300003
2908,87.762000,-158.692017,-1531.90002,250.399994
2909,87.795000,-158.68103,-1531.90002,250.399994
2910,87.823000,-158.664551,-1531.90002,250.399994
2911,87.851000,-158.670044,-1531.90002,250.5
2912,87.879000,-158.670044,-1531.80005,250.5
2913,87.908000,-158.664551,-1531.80005,250.5
2914,87.934000,-158.648071,-1531.80005,250.5
2915,87.961000,-158.609619,-1531.80005,250.600006
2916,87.989000,-158.59314,-1531.80005,250.600006
2917,88.018000,-158.582153,-1531.80005,250.699997
2918,88.047000,-158.565674,-1531.80005,250.699997
2919,88.076000,-158.554687,-1531.80005,250.699997
2920,88.107000,-158.543701,-1531.80005,250.800003
2921,88.134000,-158.538208,-1531.80005,250.800003
2922,88.163000,-158.532715,-1531.80005,250.800003
2923,88.192000,-158.516235,-1531.80005,250.800003
2924,88.219000,-158.505249,-1531.80005,250.899994
2925,88.247000,-158.48877,-1531.80005,250.899994
2926,88.274000,-158.47229,-1531.80005,250.899994
2927,88.301000,-158.455811,-1531.80005,251
2928,88.329000,-158.444824,-1531.80005,251
2929,88.357000,-158.406372,-1531.80005,251.100006
2930,88.384000,-158.384399,-1531.80005,251.100006
2931,88.412000,-158.378906,-1531.80005,251.199997
2932,88.440000,-158.378906,-1531.80005,251.199997
2933,88.468000,-158.384399,-1531.80005,251.199997
2934,88.497000,-158.384399,-1531.80005,251.199997
2935,88.527000,-158.356934,-1531.80005,251.199997
2936,88.556000,-158.340454,-1531.80005,251.300003
2937,88.584000,-158.329468,-1531.69995,251.300003
2938,88.613000,-158.312988,-1531.69995,251.399994
2939,88.641000,-158.296509,-1531.69995,251.399994
2940,88.669000,-158.274536,-1531.69995,251.399994
2941,88.696000,-158.252563,-1531.69995,251.5
2942,88.722000,-158.241577,-1531.69995,251.5
2943,88.747000,-158.225098,-1531.69995,251.600006
2944,88.778000,-158.214111,-1531.69995,251.600006
2945,88.803000,-158.219604,-1531.69995,251.600006
2946,88.834000,-158.225098,-1531.69995,251.600006
2947,88.863000,-158.208618,-1531.69995,251.699997
2948,88.891000,-158.186646,-1531.69995,251.699997
2949,88.918000,-158.175659,-1531.69995,251.699997
2950,88.948000,-158.15918,-1531.69995,251.800003
2951,88.975000,-158.148193,-1531.69995,251.800003
2952,89.005000,-158.126221,-1531.69995,251.899994
2953,89.034000,-158.120728,-1531.69995,251.899994
2954,89.063000,-158.104248,-1531.69995,251.899994
2955,89.090000,-158.087769,-1531.69995,252
2956,89.120000,-158.076782,-1531.69995,252
2957,89.148000,-158.071289,-1531.69995,252
2958,89.173000,-158.049316,-1531.69995,252.100006
2959,89.209000,-158.027344,-1531.69995,252.100006
2960,89.234000,-158.016357,-1531.69995,252.100006
2961,89.265000,-157.999878,-1531.69995,252.199997
2962,89.291000,-157.983398,-1531.69995,252.199997
2963,89.320000,-157.966919,-1531.69995,252.300003
2964,89.346000,-157.950439,-1531.69995,252.300003
2965,89.371000,-157.939453,-1531.69995,252.300003
2966,89.400000,-157.928467,-1531.59998,252.399994
2967,89.428000,-157.91748,-1531.59998,252.399994
2968,89.456000,-157.906494,-1531.59998,252.399994
2969,89.484000,-157.895508,-1531.59998,252.5
2970,89.512000,-157.873535,-1531.59998,252.5
2971,89.544000,-157.857056,-1531.59998,252.5
2972,89.575000,-157.846069,-1531.59998,252.600006
2973,89.607000,-157.82959,-1531.59998,252.600006
2974,89.636000,-157.824097,-1531.59998,252.600006
2975,89.664000,-157.807617,-1531.59998,252.699997
2976,89.693000,-157.796631,-1531.59998,252.699997
2977,89.724000,-157.791138,-1531.59998,252.800003
2978,89.752000,-157.780151,-1531.59998,252.800003
2979,89.782000,-157.758179,-1531.59998,252.899994
2980,89.814000,-157.747192,-1531.59998,252.899994
2981,89.843000,-157.747192,-1531.59998,252.899994
2982,89.871000,-157.752686,-1531.59998,252.899994
2983,89.900000,-157.752686,-1531.59998,252.899994
2984,89.929000,-157.736206,-1531.59998,253
2985,89.958000,-157.719727,-1531.59998,253
2986,89.986000,-157.714233,-1531.59998,253
2987,90.014000,-157.70874,-1531.59998,253.100006
2988,90.044000,-157.692261,-1531.59998,253.100006
2989,90.073000,-157.675781,-1531.59998,253.100006
2990,90.102000,-157.670288,-1531.59998,253.199997
2991,90.138000,-157.653809,-1531.59998,253.199997
2992,90.166000,-157.637329,-1531.59998,253.300003
2993,90.195000,-157.626343,-1531.59998,253.300003
2994,90.224000,-157.60437,-1531.59998,253.300003
2995,90.254000,-157.582397,-1531.59998,253.399994
2996,90.282000,-157.565918,-1531.59998,253.399994
2997,90.312000,-157.554932,-1531.59998,253.399994
2998,90.342000,-157.543945,-1531.59998,253.5
2999,90.368000,-157.527466,-1531.59998,253.5
3000,90.394000,-157.521973,-1531.59998,253.5
3001,90.420000,-157.510986,-1531.59998,253.600006
3002,90.449000,-157.505493,-1531.59998,253.600006
3003,90.476000,-157.494507,-1531.59998,253.699997
3004,90.508000,-157.478027,-1531.59998,253.699997
3005,90.546000,-157.467041,-1531.59998,253.699997
3006,90.573000,-157.450562,-1531.59998,253.800003
3007,90.602000,-157.434082,-1531.59998,253.800003
3008,90.630000,-157.412109,-1531.59998,253.899994
3009,90.655000,-157.406616,-1531.59998,253.899994
3010,90.682000,-157.39563,-1531.5,253.899994
3011,90.710000,-157.384644,-1531.5,254
3012,90.739000,-157.373657,-1531.5,254
3013,90.769000,-157.368164,-1531.5,254
3014,90.795000,-157.362671,-1531.5,254
3015,90.823000,-157.362671,-1531.5,254
3016,90.851000,-157.362671,-1531.5,254.100006
3017,90.879000,-157.346191,-1531.5,254.100006
3018,90.906000,-157.335205,-1531.5,254.199997
3019,90.932000,-157.324219,-1531.5,254.199997
3020,90.961000,-157.307739,-1531.5,254.199997
3021,90.989000,-157.296753,-1531.5,254.300003
3022,91.019000,-157.280273,-1531.5,254.300003
3023,91.047000,-157.269287,-1531.5,254.399994
3024,91.078000,-157.252808,-1531.5,254.399994
3025,91.113000,-157.236328,-1531.5,254.5
3026,91.143000,-157.225342,-1531.5,254.5
3027,91.170000,-157.219849,-1531.5,254.5
3028,91.198000,-157.230835,-1531.5,254.5
3029,91.228000,-157.230835,-1531.5,254.5
3030,91.256000,-157.214355,-1531.40002,254.600006
3031,91.286000,-157.197876,-1531.40002,254.600006
3032,91.314000,-157.17041,-1531.40002,254.699997
3033,91.339000,-157.153931,-1531.40002,254.699997
3034,91.367000,-157.142944,-1531.40002,254.800003
3035,91.394000,-157.126465,-1531.40002,254.800003
3036,91.420000,-157.120972,-1531.40002,254.800003
3037,91.445000,-157.104492,-1531.40002,254.899994
3038,91.473000,-157.088013,-1531.40002,254.899994
3039,91.501000,-157.077026,-1531.40002,254.899994
3040,91.529000,-157.06604,-1531.40002,255
3041,91.560000,-157.049561,-1531.40002,255
3042,91.589000,-157.033081,-1531.40002,255.100006
3043,91.620000,-157.022095,-1531.40002,255.100006
3044,91.647000,-157.011108,-1531.40002,255.100006
3045,91.674000,-156.994629,-1531.40002,255.199997
3046,91.703000,-156.978149,-1531.40002,255.199997
3047,91.733000,-156.96167,-1531.40002,255.300003
3048,91.762000,-156.950684,-1531.40002,255.300003
3049,91.795000,-156.939697,-1531.40002,255.300003
3050,91.821000,-156.934204,-1531.40002,255.399994
3051,91.853000,-156.917725,-1531.30005,255.399994
3052,91.884000,-156.901245,-1531.30005,255.5
3053,91.911000,-156.890259,-1531.30005,255.5
3054,91.940000,-156.879272,-1531.30005,255.5
3055,91.966000,-156.879272,-1531.30005,255.5
3056,91.993000,-156.884766,-1531.30005,255.5
3057,92.021000,-156.884766,-1531.30005,255.600006
3058,92.047000,-156.879272,-1531.30005,255.600006
3059,92.075000,-156.868286,-1531.30005,255.600006
3060,92.102000,-156.851807,-1531.30005,255.699997
3061,92.130000,-156.846313,-1531.30005,255.699997
3062,92.157000,-156.829834,-1531.30005,255.699997
3063,92.184000,-156.824341,-1531.30005,255.800003
3064,92.215000,-156.813354,-1531.30005,255.800003
3065,92.243000,-156.807861,-1531.30005,255.800003
3066,92.272000,-156.796875,-1531.30005,255.899994
3067,92.299000,-156.791382,-1531.30005,255.899994
3068,92.329000,-156.780396,-1531.30005,255.899994
3069,92.357000,-156.774902,-1531.30005,256
3070,92.386000,-156.763916,-1531.30005,256
3071,92.414000,-156.758423,-1531.30005,256.100006
3072,92.442000,-156.75293,-1531.30005,256.100006
3073,92.467000,-156.747437,-1531.30005,256.100006
3074,92.495000,-156.741943,-1531.30005,256.200012
3075,92.523000,-156.73645,-1531.30005,256.200012
3076,92.552000,-156.725464,-1531.30005,256.200012
3077,92.579000,-156.719971,-1531.30005,256.299988
3078,92.605000,-156.719971,-1531.30005,256.299988
3079,92.636000,-156.725464,-1531.30005,256.299988
3080,92.663000,-156.719971,-1531.19995,256.399994
3081,92.690000,-156.708984,-1531.19995,256.399994
3082,92.720000,-156.697998,-1531.19995,256.5
3083,92.747000,-156.697998,-1531.19995,256.5
3084,92.779000,-156.697998,-1531.19995,256.5
3085,92.804000,-156.703491,-1531.19995,256.5
3086,92.834000,-156.692505,-1531.19995,256.600006
3087,92.863000,-156.687012,-1531.19995,256.600006
3088,92.893000,-156.681519,-1531.19995,256.700012
3089,92.920000,-156.676025,-1531.19995,256.700012
3090,92.946000,-156.670532,-1531.19995,256.700012
3091,92.974000,-156.659546,-1531.19995,256.799988
3092,93.002000,-156.654053,-1531.19995,256.799988
3093,93.031000,-156.64856,-1531.19995,256.799988
3094,93.059000,-156.643066,-1531.19995,256.899994
3095,93.088000,-156.643066,-1531.19995,256.899994
3096,93.117000,-156.643066,-1531.19995,256.899994
3097,93.145000,-156.643066,-1531.19995,257
3098,93.170000,-156.643066,-1531.19995,257
3099,93.205000,-156.637573,-1531.19995,257
3100,93.235000,-156.63208,-1531.19995,257.100006
3101,93.263000,-156.626587,-1531.19995,257.100006
3102,93.294000,-156.621094,-1531.19995,257.200012
3103,93.333000,-156.615601,-1531.19995,257.200012
3104,93.361000,-156.610107,-1531.19995,257.200012
3105,93.389000,-156.610107,-1531.19995,257.299988
3106,93.414000,-156.599121,-1531.19995,257.299988
3107,93.443000,-156.593628,-1531.19995,257.299988
3108,93.472000,-156.588135,-1531.19995,257.399994
3109,93.502000,-156.566162,-1531.19995,257.399994
3110,93.529000,-156.560669,-1531.19995,257.5
3111,93.556000,-156.566162,-1531.19995,257.5
3112,93.587000,-156.560669,-1531.19995,257.5
3113,93.615000,-156.555176,-1531.19995,257.5
3114,93.643000,-156.538696,-1531.19995,257.600006
3115,93.672000,-156.533203,-1531.19995,257.600006
3116,93.700000,-156.52771,-1531.19995,257.600006
3117,93.729000,-156.516724,-1531.19995,257.700012
3118,93.757000,-156.494751,-1531.19995,257.700012
3119,93.791000,-156.483765,-1531.19995,257.799988
3120,93.827000,-156.467285,-1531.19995,257.799988
3121,93.858000,-156.456299,-1531.19995,257.899994
3122,93.888000,-156.439819,-1531.09998,257.899994
3123,93.917000,-156.434326,-1531.09998,257.899994
3124,93.943000,-156.434326,-1531.09998,257.899994
3125,93.972000,-156.434326,-1531.09998,257.899994
3126,94.001000,-156.412354,-1531.09998,258
3127,94.027000,-156.401367,-1531.09998,258
3128,94.056000,-156.384888,-1531.09998,258.100006
3129,94.085000,-156.379395,-1531.09998,258.100006
3130,94.115000,-156.368408,-1531.09998,258.100006
3131,94.141000,-156.346436,-1531.09998,258.200012
3132,94.170000,-156.329956,-1531.09998,258.200012
3133,94.199000,-156.313477,-1531.09998,258.299988
3134,94.228000,-156.296997,-1531.09998,258.299988
3135,94.253000,-156.291504,-1531.09998,258.299988
3136,94.282000,-156.275024,-1531.09998,258.299988
3137,94.310000,-156.269531,-1531.09998,258.399994
3138,94.340000,-156.258545,-1531.09998,258.399994
3139,94.368000,-156.236572,-1531.09998,258.5
3140,94.397000,-156.231079,-1531.09998,258.5
3141,94.425000,-156.231079,-1531.09998,258.5
3142,94.454000,-156.225586,-1531.09998,258.5
3143,94.483000,-156.209106,-1531.09998,258.5
3144,94.513000,-156.19812,-1531.09998,258.600006
3145,94.540000,-156.192627,-1531.09998,258.600006
3146,94.566000,-156.192627,-1531,258.600006
3147,94.595000,-156.19812,-1531,258.600006
3148,94.622000,-156.192627,-1531,258.600006
3149,94.647000,-156.192627,-1531,258.600006
3150,94.673000,-156.203613,-1531,258.600006
3151,94.701000,-156.203613,-1531,258.600006
3152,94.729000,-156.209106,-1531,258.600006
3153,94.758000,-156.2146,-1531,258.600006
3154,94.787000,-156.2146,-1531,258.600006
3155,94.817000,-156.220093,-1531,258.600006
3156,94.845000,-156.225586,-1531,258.600006
3157,94.873000,-156.225586,-1531,258.600006
3158,94.904000,-156.225586,-1531,258.600006
3159,94.931000,-156.225586,-1531,258.600006
3160,94.960000,-156.220093,-1531,258.600006
3161,94.989000,-156.220093,-1531,258.600006
3162,95.021000,-156.2146,-1531,258.600006
3163,95.047000,-156.19812,-1531,258.600006
3164,95.076000,-156.19812,-1531,258.600006
3165,95.103000,-156.187134,-1531,258.600006
3166,95.130000,-156.187134,-1531,258.600006
3167,95.156000,-156.19812,-1531,258.600006
3168,95.181000,-156.220093,-1531,258.600006
3169,95.208000,-156.231079,-1531,258.600006
3170,95.234000,-156.220093,-1531,258.600006
3171,95.262000,-156.2146,-1531,258.600006
3172,95.293000,-156.209106,-1531,258.600006
3173,95.323000,-156.209106,-1531,258.600006
3174,95.351000,-156.209106,-1531,258.600006
3175,95.380000,-156.203613,-1531,258.600006
3176,95.409000,-156.203613,-1531,258.600006
3177,95.435000,-156.19812,-1531,258.600006
3178,95.464000,-156.187134,-1531,258.600006
3179,95.493000,-156.181641,-1531,258.600006
3180,95.524000,-156.170654,-1531,258.600006
3181,95.552000,-156.165161,-1531,258.600006
3182,95.580000,-156.159668,-1531,258.600006
3183,95.609000,-156.159668,-1531,258.600006
3184,95.636000,-156.159668,-1531,258.600006
3185,95.662000,-156.154175,-1531,258.600006
3186,95.687000,-156.148682,-1531,258.600006
3187,95.716000,-156.148682,-1531,258.600006
3188,95.745000,-156.148682,-1531,258.600006
3189,95.772000,-156.143188,-1531,258.600006
3190,95.799000,-156.132202,-1531,258.600006
3191,95.825000,-156.121216,-1531,258.600006
3192,95.852000,-156.09375,-1531,258.700012
3193,95.880000,-156.066284,-1531,258.700012
3194,95.907000,-156.022339,-1531,258.700012
3195,95.932000,-155.994873,-1531,258.799988
3196,95.961000,-155.961914,-1531,258.799988
3197,95.986000,-155.923462,-1531,258.799988
3198,96.019000,-155.890503,-1531,258.899994
3199,96.046000,-155.863037,-1531,258.899994
3200,96.074000,-155.841064,-1531,258.899994
3201,96.099000,-155.813599,-1531,259
3202,96.129000,-155.786133,-1531,259
3203,96.155000,-155.758667,-1531,259
3204,96.182000,-155.736694,-1531,259.100006
3205,96.209000,-155.709229,-1531,259.100006
3206,96.238000,-155.67627,-1531,259.200012
3207,96.265000,-155.65979,-1531,259.200012
3208,96.294000,-155.654297,-1531,259.200012
3209,96.323000,-155.643311,-1531,259.200012
3210,96.352000,-155.615845,-1531,259.299988
3211,96.381000,-155.593872,-1531,259.299988
3212,96.410000,-155.560913,-1531,259.399994
3213,96.439000,-155.533447,-1531,259.399994
3214,96.467000,-155.505981,-1531,259.399994
3215,96.498000,-155.478516,-1531,259.5
3216,96.529000,-155.456543,-1531,259.5
3217,96.555000,-155.440063,-1531,259.5
3218,96.582000,-155.43457,-1531,259.5
3219,96.609000,-155.423584,-1531,259.600006
3220,96.638000,-155.407104,-1531,259.600006
3221,96.665000,-155.385132,-1531,259.600006
3222,96.690000,-155.363159,-1531,259.700012
3223,96.720000,-155.341187,-1530.90002,259.700012
3224,96.749000,-155.324707,-1530.90002,259.799988
3225,96.776000,-155.302734,-1530.90002,259.799988
3226,96.805000,-155.280762,-1530.90002,259.799988
3227,96.834000,-155.258789,-1530.90002,259.899994
3228,96.865000,-155.236816,-1530.90002,259.899994
3229,96.894000,-155.220337,-1530.90002,260
3230,96.924000,-155.203857,-1530.90002,260
3231,96.952000,-155.176392,-1530.90002,260
3232,96.981000,-155.154419,-1530.90002,260.100006
3233,97.011000,-155.132446,-1530.90002,260.100006
3234,97.042000,-155.10498,-1530.90002,260.200012
3235,97.079000,-155.083008,-1530.90002,260.200012
3236,97.106000,-155.066528,-1530.90002,260.200012
3237,97.136000,-155.044556,-1530.90002,260.299988
3238,97.164000,-155.028076,-1530.90002,260.299988
3239,97.191000,-155.006104,-1530.90002,260.399994
3240,97.219000,-154.984131,-1530.80005,260.399994
3241,97.249000,-154.956665,-1530.80005,260.399994
3242,97.282000,-154.940186,-1530.80005,260.5
3243,97.309000,-154.923706,-1530.80005,260.5
3244,97.340000,-154.890747,-1530.80005,260.600006
3245,97.368000,-154.868774,-1530.80005,260.600006
3246,97.397000,-154.857788,-1530.80005,260.600006
3247,97.423000,-154.852295,-1530.80005,260.600006
3248,97.451000,-154.835815,-1530.80005,260.700012
3249,97.480000,-154.80835,-1530.80005,260.700012
3250,97.508000,-154.797363,-1530.80005,260.700012
3251,97.537000,-154.780884,-1530.80005,260.799988
3252,97.564000,-154.758911,-1530.80005,260.799988
3253,97.592000,-154.747925,-1530.80005,260.799988
3254,97.621000,-154.742432,-1530.80005,260.899994
3255,97.652000,-154.714966,-1530.80005,260.899994
3256,97.679000,-154.692993,-1530.80005,260.899994
3257,97.707000,-154.676514,-1530.80005,261
3258,97.735000,-154.649048,-1530.80005,261
3259,97.764000,-154.632568,-1530.80005,261.100006
3260,97.794000,-154.616089,-1530.80005,261.100006
3261,97.822000,-154.605103,-1530.80005,261.100006
3262,97.849000,-154.594116,-1530.80005,261.200012
3263,97.879000,-154.577637,-1530.80005,261.200012
3264,97.905000,-154.555664,-1530.80005,261.200012
3265,97.931000,-154.544678,-1530.80005,261.299988
3266,97.968000,-154.522705,-1530.80005,261.299988
3267,97.997000,-154.511719,-1530.80005,261.399994
3268,98.028000,-154.489746,-1530.80005,261.399994
3269,98.060000,-154.47876,-1530.80005,261.399994
3270,98.089000,-154.467773,-1530.80005,261.5
3271,98.118000,-154.451294,-1530.80005,261.5
3272,98.146000,-154.440308,-1530.80005,261.5
3273,98.172000,-154.418335,-1530.80005,261.600006
3274,98.200000,-154.401855,-1530.80005,261.600006
3275,98.227000,-154.385376,-1530.80005,261.600006
3276,98.271000,-154.368896,-1530.69995,261.700012
3277,98.299000,-154.352417,-1530.69995,261.700012
3278,98.326000,-154.346924,-1530.69995,261.799988
3279,98.355000,-154.341431,-1530.69995,261.799988
3280,98.382000,-154.324951,-1530.69995,261.799988
3281,98.410000,-154.313965,-1530.69995,261.799988
3282,98.436000,-154.302979,-1530.69995,261.899994
3283,98.464000,-154.291992,-1530.69995,261.899994
3284,98.487000,-154.281006,-1530.69995,261.899994
3285,98.514000,-154.275513,-1530.69995,262
3286,98.540000,-154.264526,-1530.69995,262
3287,98.568000,-154.248047,-1530.69995,262
3288,98.595000,-154.237061,-1530.69995,262.100006
3289,98.624000,-154.220581,-1530.69995,262.100006
3290,98.653000,-154.215088,-1530.69995,262.100006
3291,98.679000,-154.204102,-1530.69995,262.200012
3292,98.704000,-154.187622,-1530.69995,262.200012
3293,98.733000,-154.182129,-1530.69995,262.200012
3294,98.760000,-154.160156,-1530.69995,263
3295,98.790000,-152.792358,-1530.40002,266.700012
3296,98.820000,-151.270752,-1530.09998,269.5
3297,98.850000,-150.606079,-1530,270.799988
3298,98.877000,-149.880981,-1529.90002,273.100006
3299,98.910000,-149.122925,-1529.80005,274.5
3300,98.935000,-148.513184,-1529.69995,275.799988
3301,98.968000,-147.98584,-1529.59998,276.899994
3302,98.995000,-147.595825,-1529.59998,278
3303,99.027000,-147.414551,-1529.5,277.799988
3304,99.054000,-147.914429,-1529.30005,276.899994
3305,99.081000,-148.612061,-1529.30005,275.600006
3306,99.108000,-149.463501,-1529.40002,274.399994
3307,99.137000,-150.045776,-1529.5,273.200012
3308,99.167000,-150.710449,-1529.59998,272
3309,99.202000,-151.155396,-1529.59998,271.100006
3310,99.231000,-152.08374,-1529.69995,268.299988
3311,99.275000,-153.907471,-1530.09998,264.5
3312,99.302000,-155.45105,-1530.5,261.5
3313,99.329000,-156.489258,-1530.80005,259.5
3314,99.359000,-157.39563,-1530.90002,257.299988
3315,99.388000,-158.252563,-1531,255.399994
3316,99.414000,-159.043579,-1531.19995,254
3317,99.445000,-159.54895,-1531.30005,252.699997
3318,99.471000,-160.636597,-1531.5,250.199997
3319,99.501000,-162.630615,-1532,245.800003
3320,99.532000,-164.317017,-1532.19995,242.899994
3321,99.561000,-165.421143,-1532.30005,240.300003
3322,99.589000,-166.49231,-1532.40002,237.899994
3323,99.621000,-167.178955,-1532.59998,236
3324,99.648000,-167.805176,-1532.59998,234.5
3325,99.675000,-168.299561,-1532.59998,233.399994
3326,99.703000,-168.717041,-1532.69995,232.199997
3327,99.731000,-169.085083,-1532.80005,231
3328,99.760000,-169.359741,-1532.90002,229.899994
3329,99.788000,-169.612427,-1532.90002,229.5
3330,99.817000,-169.82666,-1533.09998,229
3331,99.844000,-169.93103,-1533.09998,228.5
3332,99.872000,-170.293579,-1533.30005,226.100006
3333,99.900000,-171.765747,-1533.69995,222.699997
3334,99.925000,-172.86438,-1534,220.600006
3335,99.954000,-173.754272,-1534.40002,218.100006
3336,99.983000,-174.451904,-1534.5,216.300003
3337,100.008000,-175.105591,-1534.69995,214.699997
3338,100.042000,-175.682373,-1534.80005,213.199997
3339,100.075000,-176.050415,-1534.90002,212
3340,100.105000,-176.330566,-1534.90002,211.199997
3341,100.135000,-176.522827,-1535,210.399994
3342,100.164000,-176.802979,-1535.09998,209.399994
3343,100.192000,-176.918335,-1535.19995,208.699997
3344,100.222000,-177.011719,-1535.19995,207.899994
3345,100.256000,-177.044678,-1535.40002,207.399994
3346,100.284000,-177.055664,-1538,206.300003
3347,100.312000,-177.116089,-1543.69995,205.600006
3348,100.345000,-177.116089,-1550.5,205.199997
3349,100.373000,-177.171021,-1556.59998,204.899994
3350,100.400000,-177.171021,-1561.40002,204.800003
3351,100.427000,-176.819458,-1566.19995,205.199997
3352,100.457000,-176.517334,-1571.69995,204.899994
3353,100.484000,-176.467896,-1577.30005,204.800003
3354,100.529000,-176.533813,-1587.09998,204.800003
3355,100.556000,-176.500854,-1593.90002,204.899994
3356,100.589000,-176.412964,-1599.19995,204.699997
3357,100.619000,-176.297607,-1605,204.699997
3358,100.647000,-176.138306,-1609.80005,205
3359,100.671000,-176.017456,-1612.80005,205.100006
3360,100.700000,-176.017456,-1616.69995,205.199997
3361,100.735000,-176.852417,-1622.69995,202.300003
3362,100.763000,-178.269653,-1628.69995,199.199997
3363,100.794000,-179.055176,-1634.59998,197.100006
3364,100.823000,-179.840698,-1640.69995,194.699997
3365,100.850000,179.428711,-1643.09998,194.100006
3366,100.879000,178.939819,-1648.09998,193.199997
3367,100.908000,178.483887,-1653.69995,192.300003
3368,100.935000,178.198242,-1659.19995,191.5
3369,100.964000,178.077393,-1665.09998,190.800003
3370,100.994000,177.956543,-1670.40002,190
3371,101.021000,177.648926,-1675.69995,189.100006
3372,101.049000,177.451172,-1681.19995,188.199997
3373,101.080000,177.044678,-1690.09998,187.699997
3374,101.107000,176.627197,-1700.59998,187.600006
3375,101.134000,176.588745,-1712,187.800003
3376,101.165000,176.561279,-1724.40002,187.399994
3377,101.194000,176.671143,-1734.40002,187.300003
3378,101.222000,176.813965,-1745.40002,186.699997
3379,101.250000,176.599731,-1756.69995,185.600006
3380,101.278000,176.495361,-1767.30005,185.699997
3381,101.308000,176.654663,-1778.09998,185.699997
3382,101.333000,176.704102,-1788.5,185.5
3383,101.364000,176.863403,-1799.40002,185.5
3384,101.393000,176.984253,-1811.09998,185.600006
3385,101.423000,177.154541,-1823.09998,185.699997
3386,101.455000,177.341309,-1834.40002,185.600006
3387,101.485000,177.555542,-1846.5,186.100006
3388,101.519000,177.758789,-1858.59998,186.600006
3389,101.549000,177.8302,-1870.59998,186.399994
3390,101.578000,177.769775,-1881.30005,186.5
3391,101.607000,178.132324,-1892.80005,187.199997
3392,101.636000,178.28064,-1904,187
3393,101.662000,178.165283,-1914.30005,186.600006
3394,101.691000,178.297119,-1925.40002,187.199997
3395,101.718000,178.434448,-1935.40002,187.199997
3396,101.746000,178.247681,-1946.90002,186.800003
3397,101.775000,178.324585,-1957.90002,187.100006
3398,101.802000,178.555298,-1969.09998,187.199997
3399,101.828000,178.522339,-1979.40002,186.699997
3400,101.857000,178.599243,-1990.5,186.5
3401,101.885000,178.637695,-2001,186.399994
3402,101.913000,178.571777,-2011.90002,186.100006
3403,101.939000,178.7146,-2021.69995,186.399994
3404,101.967000,178.862915,-2032.90002,186.199997
3405,101.994000,179.060669,-2043.90002,186.300003
3406,102.030000,179.324341,-2057.6001,186
3407,102.059000,179.291382,-2063.6001,185.899994
3408,102.087000,179.467163,-2072.1001,186.5
3409,102.115000,179.708862,-2083.1001,187
3410,102.143000,179.703369,-2094.1001,186.800003
3411,102.170000,179.796753,-2105.30005,187.100006
3412,102.200000,179.978027,-2117.19995,187.600006
3413,102.228000,179.89563,-2128.19995,187.699997
3414,102.257000,179.923096,-2140.19995,188.199997
3415,102.288000,-179.890137,-2152.3999,188.5
3416,102.319000,179.961548,-2164.30005,188.199997
3417,102.346000,179.928589,-2176.1001,187.899994
3418,102.381000,179.945068,-2188.6001,187.899994
3419,102.407000,179.967041,-2199.5,187.800003
3420,102.436000,-179.983521,-2210.5,187.600006
3421,102.466000,179.972534,-2222.30005,187.300003
3422,102.495000,-179.950562,-2233.19995,187.199997
3423,102.523000,-179.862671,-2243.69995,186.800003
3424,102.550000,-179.884644,-2254.30005,186.399994
3425,102.577000,-179.675903,-2265,186.800003
3426,102.606000,-179.467163,-2275.80005,186.899994
3427,102.633000,-179.472656,-2286.5,186.300003
3428,102.662000,-179.390259,-2297.3999,186.399994
3429,102.689000,-179.192505,-2307.80005,185.800003
3430,102.716000,-179.379272,-2318,185.199997
3431,102.743000,-179.280396,-2328.5,185.300003
3432,102.775000,-179.022217,-2340.30005,185.899994
3433,102.801000,-178.934326,-2351.30005,185.899994
3434,102.829000,-178.928833,-2362.19995,185.699997
3435,102.858000,-178.879395,-2373.80005,185.800003
3436,102.887000,-178.917847,-2384,185.899994
3437,102.914000,-178.829956,-2394.69995,186.399994
3438,102.942000,-178.747559,-2405.69995,186.199997
3439,102.969000,-178.665161,-2416.19995,186.100006
3440,102.999000,-178.599243,-2428.1001,186.100006
3441,103.028000,-178.692627,-2438.8999,185.600006
3442,103.060000,-178.687134,-2451.3999,186
3443,103.087000,-178.588257,-2461.69995,186
3444,103.115000,-178.709106,-2473.3999,185.100006
3445,103.143000,-178.632202,-2484.5,185.199997
3446,103.171000,-178.428955,-2495.3999,185.5
3447,103.200000,-178.456421,-2506.6001,185.199997
3448,103.230000,-178.434448,-2518.69995,185.600006
3449,103.256000,-178.099365,-2529.30005,186.100006
3450,103.285000,-178.082886,-2541,185.600006
3451,103.310000,-178.044434,-2551.19995,185.399994
3452,103.341000,-177.874146,-2563.1001,185.699997
3453,103.369000,-177.84668,-2574.19995,185.899994
3454,103.397000,-177.808228,-2585.1001,186.300003
3455,103.422000,-177.731323,-2594.3999,186.300003
3456,103.449000,-177.72583,-2605,186.300003
3457,103.476000,-177.72583,-2615,186.300003
3458,103.502000,-177.824707,-2625.19995,185.899994
3459,103.528000,-177.896118,-2635.19995,186.199997
3460,103.556000,-177.74231,-2646.19995,187
3461,103.583000,-177.593994,-2657.3999,187.399994
3462,103.610000,-177.643433,-2667.5,187.199997
3463,103.637000,-177.659912,-2678.6001,187.199997
3464,103.666000,-177.610474,-2690.1001,187
3465,103.692000,-177.813721,-2699.6001,186.5
3466,103.718000,-177.852173,-2710,186.399994
3467,103.745000,-177.72583,-2721.1001,186.600006
3468,103.773000,-177.753296,-2732.3999,186.100006
3469,103.800000,-177.819214,-2742.19995,185.699997
3470,103.828000,-177.764282,-2753.5,185.5
3471,103.856000,-177.863159,-2764.80005,184.899994
3472,103.885000,-177.994995,-2775.8999,184.5
3473,103.912000,-177.929077,-2786.19995,184.100006
3474,103.938000,-177.857666,-2796.30005,184.100006
3475,103.965000,-177.72583,-2807.19995,184.199997
3476,103.991000,-177.775269,-2817,183.600006
3477,104.020000,-177.940063,-2829.5,183.699997
3478,104.054000,-177.764282,-2842.19995,184.199997
3479,104.082000,-177.758789,-2853.19995,184
3480,104.112000,-177.758789,-2865.1001,184.100006
3481,104.139000,-177.610474,-2875.30005,184.5
3482,104.166000,-177.758789,-2885.8999,184.399994
3483,104.193000,-177.940063,-2896.6001,184.399994
3484,104.221000,-177.764282,-2907.8999,184.899994
3485,104.249000,-177.863159,-2918.3999,184.600006
3486,104.278000,-178.346558,-2921,184.199997
3487,104.305000,-178.335571,-2922.5,184.5
3488,104.334000,-178.060913,-2925.19995,184.899994
3489,104.362000,-177.874146,-2929.69995,184.600006
3490,104.389000,-177.824707,-2935.3999,184.199997
3491,104.417000,-177.95105,-2941.19995,184
3492,104.444000,-178.011475,-2946.19995,184.100006
3493,104.471000,-178.011475,-2951.5,183.899994
3494,104.498000,-178.082886,-2956.5,183.699997
3495,104.526000,-178.137817,-2961.8999,183.699997
3496,104.552000,-178.137817,-2967.30005,183.899994
3497,104.578000,-178.28064,-2974.3999,184.100006
3498,104.618000,-178.269653,-2980.1001,184.300003
3499,104.647000,-178.28064,-2993.30005,183.899994
3500,104.719000,-178.352051,-2999.30005,183.600006
3501,104.747000,-178.38501,-3004.8999,183.899994
3502,104.774000,-178.28064,-3009.6001,184.300003
3503,104.801000,-178.214722,-3011.30005,184.5
3504,104.829000,-178.225708,-3011.30005,184.5
3505,104.865000,-178.154297,-3008.30005,184.5
3506,104.924000,-178.15979,-3008.69995,184.600006
3507,104.980000,-178.132324,-3009.5,184.800003
3508,105.008000,-178.104858,-3009.3999,184.800003
3509,105.033000,-178.115845,-3009.3999,184.800003
3510,105.061000,-178.110352,-3009.3999,184.800003
3511,105.089000,-178.110352,-3009.3999,184.800003
3512,105.121000,-178.121338,-3009.3999,184.800003
3513,105.149000,-178.121338,-3009.19995,184.899994
3514,105.173000,-177.923584,-3007.6001,185.300003
3515,105.200000,-177.764282,-3007.6001,185.300003
3516,105.230000,-177.687378,-3002.3999,185.600006
3517,105.271000,-177.676392,-2995.30005,185.800003
3518,105.298000,-177.637939,-2991.1001,186
3519,105.324000,-177.74231,-2985.1001,186.600006
3520,105.362000,-177.654419,-2981.80005,187.300003
3521,105.391000,-177.709351,-2977.6001,187.600006
3522,105.419000,-177.791748,-2972.30005,187.800003
3523,105.448000,-177.758789,-2966.80005,187.800003
3524,105.474000,-177.813721,-2961.5,188
3525,105.503000,-177.687378,-2956.30005,188.800003
3526,105.528000,-177.670898,-2951.80005,189
3527,105.556000,-177.736816,-2946.69995,189.300003
3528,105.584000,-177.687378,-2941.3999,189.800003
3529,105.611000,-177.74231,-2936.1001,189.800003
3530,105.641000,-177.819214,-2930.3999,190.100006
3531,105.669000,-177.863159,-2925.3999,190.5
3532,105.693000,-177.95105,-2921.19995,190.899994
3533,105.721000,-177.978516,-2917.8999,191.399994
3534,105.750000,-178.077393,-2913.3999,191.5
3535,105.777000,-178.286133,-2908.1001,191.5
3536,105.805000,-178.352051,-2902.3999,191.600006
3537,105.833000,-178.346558,-2897.1001,191.800003
3538,105.860000,-178.253174,-2892.19995,192.199997
3539,105.890000,-178.137817,-2886.6001,192.5
3540,105.925000,-178.137817,-2880.5,192.600006
3541,105.953000,-178.28064,-2872.8999,192.600006
3542,105.990000,-178.352051,-2867.80005,192.899994
3543,106.019000,-178.406982,-2862.1001,192.899994
3544,106.045000,-178.324585,-2857.6001,193.699997
3545,106.071000,-178.126831,-2852.8999,194.100006
3546,106.099000,-178.203735,-2847.6001,194.600006
3547,106.127000,-178.26416,-2841.8999,194.699997
3548,106.154000,-178.269653,-2836.80005,195.100006
3549,106.182000,-178.17627,-2831.19995,194.899994
3550,106.209000,-178.093872,-2826,195.100006
3551,106.237000,-177.901611,-2821,195.300003
3552,106.265000,-177.747803,-2815.69995,195.800003
3553,106.294000,-177.665405,-2812.19995,196.100006
3554,106.322000,-177.654419,-2808,196.399994
3555,106.349000,-177.665405,-2803.30005,196.800003
3556,106.379000,-177.528076,-2797.69995,197.100006
3557,106.408000,-177.583008,-2792.5,197
3558,106.433000,-177.533569,-2787.30005,197.199997
3559,106.461000,-177.478638,-2782.19995,197.699997
3560,106.490000,-177.352295,-2776.5,198.300003
3561,106.521000,-177.29187,-2770.8999,198.800003
3562,106.547000,-177.055664,-2765.6001,199.300003
3563,106.575000,-176.995239,-2760.69995,199.300003
3564,106.607000,-177.044678,-2754.30005,199.300003
3565,106.635000,-176.929321,-2748.69995,199.699997
3566,106.662000,-176.912842,-2743.8999,200.199997
3567,106.688000,-176.802979,-2739,200.899994
3568,106.716000,-176.797485,-2734.1001,201.199997
3569,106.745000,-176.835937,-2730.5,201.199997
3570,106.776000,-177.044678,-2725.3999,201.100006
3571,106.805000,-177.039185,-2719.6001,201.300003
3572,106.833000,-176.951294,-2715.6001,201.699997
3573,106.863000,-176.835937,-2712.30005,202
3574,106.888000,-176.698608,-2708.30005,202.300003
3575,106.918000,-176.764526,-2702.80005,202.100006
3576,106.946000,-176.791992,-2697.1001,202.199997
3577,106.976000,-176.940308,-2691.8999,202.100006
3578,107.008000,-177.006226,-2686,202
3579,107.034000,-176.984253,-2681.30005,202.600006
3580,107.062000,-176.896362,-2676.19995,202.800003
3581,107.089000,-176.989746,-2670.80005,202.899994
3582,107.117000,-177.044678,-2665.3999,202.800003
3583,107.145000,-177.160034,-2660,202.699997
3584,107.171000,-177.209473,-2655.1001,202.5
3585,107.197000,-177.077637,-2650.3999,202.600006
3586,107.226000,-176.940308,-2645.1001,202.600006
3587,107.252000,-176.912842,-2640.30005,202.800003
3588,107.282000,-176.929321,-2636,203.399994
3589,107.316000,-176.945801,-2631.5,203.600006
3590,107.343000,-177.039185,-2628.3999,203.800003
3591,107.375000,-176.923828,-2622.80005,203.899994
3592,107.404000,-176.896362,-2617.69995,204.100006
3593,107.430000,-176.786499,-2612.8999,204.199997
3594,107.457000,-176.715088,-2611,204.399994
3595,107.484000,-176.654663,-2606.8999,204.699997
3596,107.510000,-177.220459,-2602.30005,203.199997
3597,107.540000,-178.610229,-2596.6001,200.300003
3598,107.568000,-179.560547,-2591.6001,198.699997
3599,107.596000,179.780273,-2586.19995,197.399994
3600,107.624000,179.02771,-2581.30005,196.199997
3601,107.656000,178.36853,-2576,195.300003
3602,107.684000,177.95105,-2571.1001,194.600006
3603,107.712000,177.357788,-2565.6001,193.5
3604,107.739000,177.006226,-2560.3999,193.100006
3605,107.768000,176.85791,-2555.30005,193.199997
3606,107.794000,176.819458,-2550.3999,193.199997
3607,107.823000,176.63269,-2546.5,192.800003
3608,107.854000,176.352539,-2542,192.300003
3609,107.884000,176.209717,-2537,192
3610,107.912000,176.226196,-2532,192
3611,107.945000,176.303101,-2526.3999,192.399994
3612,107.974000,176.352539,-2521.1001,192.5
3613,108.002000,176.231689,-2515.80005,192.800003
3614,108.030000,176.132812,-2510.80005,192.5
3615,108.058000,175.896606,-2505.1001,192
3616,108.092000,175.907593,-2504.30005,192
3617,108.122000,175.973511,-2494.8999,191.899994
3618,108.150000,175.803223,-2485.1001,191.5
3619,108.177000,175.742798,-2475.80005,192
3620,108.204000,175.858154,-2465.69995,192.5
3621,108.234000,175.819702,-2455,192.899994
3622,108.264000,175.764771,-2443.80005,193.199997
3623,108.292000,175.753784,-2433.80005,193.600006
3624,108.320000,175.907593,-2423.6001,194.300003
3625,108.346000,176.028442,-2414,194.899994
3626,108.374000,176.099854,-2403.6001,195.399994
3627,108.400000,176.187744,-2394.19995,196
3628,108.428000,176.31958,-2384,196.899994
3629,108.455000,176.297607,-2373.69995,197.5
3630,108.483000,176.374512,-2363.3999,198.300003
3631,108.510000,176.506348,-2354,199
3632,108.540000,176.522827,-2342.80005,199.5
3633,108.568000,176.64917,-2332.6001,200.199997
3634,108.600000,176.841431,-2321,201
3635,108.626000,176.764526,-2311.30005,201.199997
3636,108.654000,176.698608,-2300.69995,201.699997
3637,108.680000,176.726074,-2290.80005,202.399994
3638,108.707000,176.764526,-2280.3999,203.100006
3639,108.742000,176.830444,-2267.5,203.5
3640,108.776000,176.852417,-2253.1001,204.300003
3641,108.810000,176.879883,-2242.3999,204.899994
3642,108.840000,176.759033,-2231.3999,205.199997
3643,108.868000,176.64917,-2221.6001,205.600006
3644,108.896000,176.709595,-2210.5,206.5
3645,108.924000,176.759033,-2200.80005,206.800003
3646,108.953000,176.638184,-2189.5,207.199997
3647,108.981000,176.819458,-2179.19995,208.100006
3648,109.010000,176.912842,-2165.1001,208.600006
3649,109.047000,176.824951,-2154.6001,209.100006
3650,109.075000,176.973267,-2144.30005,209.899994
3651,109.104000,177.028198,-2134.19995,209.899994
3652,109.133000,177.006226,-2123,210.300003
3653,109.167000,177.220459,-2111.30005,211.199997
3654,109.193000,177.390747,-2101.8999,211.699997
3655,109.224000,177.319336,-2090.30005,211.899994
3656,109.251000,177.258911,-2079.69995,212.300003
3657,109.286000,177.269897,-2068.6001,213.100006
3658,109.313000,177.324829,-2057.69995,213.800003
3659,109.341000,177.247925,-2048.19995,214.300003
3660,109.368000,177.297363,-2038.5,215
3661,109.394000,177.440186,-2028.19995,215.699997
3662,109.420000,177.247925,-2018.5,215.300003
3663,109.447000,176.96228,-2008.69995,215.300003
3664,109.475000,177.006226,-1997.59998,216.199997
3665,109.503000,176.956787,-1987.19995,216.399994
3666,109.530000,176.912842,-1976.90002,217
3667,109.557000,177.138062,-1966.69995,217.899994
3668,109.585000,177.275391,-1957.5,218.199997
3669,109.612000,177.220459,-1947.40002,218.600006
3670,109.640000,177.225952,-1937.40002,219.100006
3671,109.669000,177.352295,-1930.19995,219.600006
3672,109.695000,177.385254,-1927,219.5
3673,109.723000,177.39624,-1922.90002,219.600006
3674,109.749000,177.418213,-1914.69995,220.100006
3675,109.778000,177.60498,-1903.80005,220.699997
3676,109.807000,177.72583,-1894.5,221
3677,109.835000,177.588501,-1892.09998,220.899994
3678,109.862000,177.626953,-1886.09998,221.199997
3679,109.890000,177.709351,-1883,221.399994
3680,109.917000,177.599487,-1877.40002,221.199997
3681,109.944000,177.637939,-1870.90002,221.800003
3682,109.972000,177.698364,-1862,222
3683,109.998000,177.484131,-1851.69995,221.699997
3684,110.026000,177.423706,-1841.5,222.199997
3685,110.054000,177.456665,-1831,222.699997
3686,110.084000,177.275391,-1820.59998,222.600006
3687,110.111000,177.269897,-1810.30005,222.899994
3688,110.137000,177.429199,-1800.90002,223.300003
3689,110.165000,177.440186,-1791,223.699997
3690,110.193000,177.368774,-1780.80005,223.600006
3691,110.222000,177.335815,-1774.30005,223.800003
3692,110.249000,177.269897,-1766.5,224.199997
3693,110.277000,177.352295,-1756.90002,224.600006
3694,110.305000,177.39624,-1746,224.699997
3695,110.333000,177.423706,-1739.19995,225
3696,110.358000,177.566528,-1730.90002,225.600006
3697,110.387000,177.572021,-1721.59998,225.899994
3698,110.416000,177.495117,-1710.19995,226.800003
3699,110.446000,177.632446,-1698.5,227.800003
3700,110.473000,177.495117,-1687.90002,227.899994
3701,110.503000,177.473145,-1676,228.800003
3702,110.551000,177.506104,-1658.59998,230.300003
3703,110.579000,177.352295,-1644.80005,230.899994
3704,110.615000,177.363281,-1635.09998,231.399994
3705,110.641000,177.324829,-1624.59998,231.899994
3706,110.668000,177.143555,-1614.5,231.899994
3707,110.695000,177.06665,-1603.69995,232.100006
3708,110.735000,177.050171,-1591.30005,232.899994
3709,110.760000,176.852417,-1582.80005,233.100006
3710,110.904000,176.830444,-1531.90002,234
3711,110.931000,177.000732,-1521.80005,234.5
3712,110.958000,177.028198,-1511.69995,234.300003
3713,110.986000,177.044678,-1501.59998,234.800003
3714,111.015000,177.209473,-1495.19995,235.199997
3715,111.043000,177.198486,-1487.59998,235.399994
3716,111.071000,177.011719,-1486.09998,235.399994
3717,111.100000,177.182007,-1478.30005,236.100006
3718,111.128000,177.30835,-1468.69995,236.600006
3719,111.155000,177.30835,-1458.69995,236.800003
3720,111.183000,177.302856,-1448.40002,237.300003
3721,111.211000,177.176514,-1437.30005,237.600006
3722,111.240000,177.099609,-1426.80005,237.899994
3723,111.266000,176.989746,-1417,237.699997
3724,111.296000,176.918335,-1405.90002,238.100006
3725,111.324000,176.96228,-1395.69995,238.800003
3726,111.353000,176.912842,-1384.80005,239.100006
3727,111.384000,176.75354,-1373.90002,239.899994
3728,111.412000,176.87439,-1363.59998,241
3729,111.441000,176.989746,-1356.5,241.5
3730,111.469000,177.890625,-1354.30005,242.600006
3731,111.499000,179.088135,-1354.69995,242.899994
3732,111.527000,178.764038,-1356.80005,240.199997
3733,111.557000,177.852173,-1357.30005,238.699997
3734,111.590000,177.731323,-1356.59998,239.5
3735,111.628000,177.736816,-1356.30005,239.899994
3736,111.655000,177.692871,-1356.30005,239.899994
3737,111.683000,177.62146,-1356.30005,239.899994
3738,111.712000,177.495117,-1356.30005,239.899994
3739,111.742000,177.379761,-1356.30005,239.899994
3740,111.770000,177.302856,-1356.30005,239.899994
3741,111.794000,177.1875,-1356.30005,239.899994
3742,111.821000,177.116089,-1356.30005,239.899994
3743,111.852000,177.050171,-1356.30005,239.899994
3744,111.881000,176.967773,-1356.30005,239.899994
3745,111.911000,176.907349,-1356.30005,239.899994
3746,111.938000,176.852417,-1356.30005,239.899994
3747,111.964000,176.802979,-1356.30005,239.899994
3748,111.989000,176.75354,-1356.30005,239.899994
3749,112.014000,176.720581,-1356.30005,239.899994
3750,112.039000,176.671143,-1356.30005,239.899994
3751,112.066000,176.627197,-1356.30005,239.899994
3752,112.095000,176.594238,-1356.30005,239.899994
3753,112.123000,176.566772,-1356.30005,239.899994
3754,112.151000,176.5448,-1356.30005,239.899994
3755,112.176000,176.500854,-1356.30005,239.899994
3756,112.217000,176.467896,-1356.30005,239.899994
3757,112.246000,176.429443,-1356.30005,239.899994
3758,112.295000,176.407471,-1356.30005,239.899994
3759,112.320000,177.011719,-1558.5,234.199997
3760,113.460000,176.956787,-1564.19995,234.199997
3761,113.500000,177.138062,-1572.59998,234.699997
3762,113.565000,177.154541,-1585.90002,234.899994
3763,113.658000,177.138062,-1627.30005,234.899994
3764,113.808000,177.105103,-1638.40002,234.600006
3765,113.864000,177.072144,-1655.09998,235.100006
3766,113.960000,177.258911,-1663.69995,235.899994
3767,113.992000,177.385254,-1669.69995,235.699997
3768,114.026000,177.330322,-1689.59998,235.100006
3769,114.124000,177.467651,-1695.19995,235.399994
3770,114.153000,177.583008,-1700.90002,235.399994
3771,114.187000,177.561035,-1707.90002,234.800003
3772,114.218000,177.467651,-1714,234.399994
3773,114.257000,177.478638,-1718.5,234.300003
3774,114.287000,177.511597,-1723.59998,234.199997
3775,114.316000,177.599487,-1729.40002,234.5
3776,114.343000,177.698364,-1735.09998,234.699997
3777,114.372000,177.659912,-1740.5,234.399994
3778,114.401000,177.473145,-1745.5,234
3779,114.427000,177.456665,-1750.59998,233.800003
3780,114.454000,177.489624,-1756.09998,233.699997
3781,114.484000,177.572021,-1762.09998,233.800003
3782,114.513000,177.62146,-1767.5,233.800003
3783,114.539000,177.599487,-1772.5,233.800003
3784,114.566000,177.533569,-1777.69995,233.699997
3785,114.595000,177.522583,-1782.80005,233.699997
3786,114.623000,177.555542,-1788.59998,233.699997
3787,114.651000,177.709351,-1793.90002,234.100006
3788,114.677000,177.764282,-1799,234.199997
3789,114.706000,177.775269,-1804.90002,234.5
3790,114.736000,177.786255,-1810.30005,234.800003
3791,114.768000,177.797241,-1816.09998,234.800003
3792,114.794000,177.802734,-1821.09998,234.899994
3793,114.819000,177.813721,-1825.80005,234.800003
3794,114.850000,177.863159,-1831.90002,234.699997
3795,114.878000,177.753296,-1836.80005,234.699997
3796,114.906000,177.912598,-1842.19995,235.399994
3797,114.933000,178.049927,-1847.30005,235.5
3798,114.969000,177.984009,-1866.59998,234.899994
3799,115.064000,177.956543,-1873,235.199997
3800,115.092000,178.016968,-1879.69995,236.100006
3801,115.128000,178.126831,-1885.30005,236.5
3802,115.157000,178.115845,-1890.80005,236.399994
3803,115.184000,178.03894,-1898.5,235.899994
3804,115.226000,178.077393,-1903.59998,236.100006
3805,115.255000,178.115845,-1909.30005,236.5
3806,115.287000,178.291626,-1914.90002,237.199997
3807,115.315000,178.544312,-1920.5,237.5
3808,115.342000,178.511353,-1925.59998,237.399994
3809,115.369000,178.286133,-1930.80005,237.300003
3810,115.400000,178.093872,-1935.90002,237.199997
3811,115.427000,178.154297,-1941,237.300003
3812,115.456000,178.104858,-1946.30005,237.100006
3813,115.484000,178.198242,-1948.80005,237.399994
3814,115.519000,178.126831,-1954.09998,237.399994
3815,115.546000,178.066406,-1959.09998,237.399994
3816,115.576000,178.165283,-1964.40002,237.199997
3817,115.603000,178.214722,-1967.19995,237
3818,115.632000,178.308105,-1972.59998,237.100006
3819,115.662000,178.38501,-1978,237.399994
3820,115.689000,178.445435,-1983.5,237.800003
3821,115.716000,178.450928,-1988.19995,238.199997
3822,115.744000,178.621216,-1992.80005,238.600006
3823,115.771000,178.599243,-1997.90002,238.399994
3824,115.799000,178.544312,-2003.09998,238.199997
3825,115.827000,178.538818,-2008.59998,238
3826,115.854000,178.511353,-2013.30005,238
3827,115.882000,178.533325,-2018.69995,238.300003
3828,115.908000,178.676147,-2023.69995,238.800003
3829,115.933000,178.731079,-2028.90002,238.899994
3830,115.960000,178.796997,-2034,239
3831,115.985000,178.769531,-2038.40002,238.600006
3832,116.013000,178.720093,-2044.19995,238.399994
3833,116.041000,178.703613,-2049.69995,238.600006
3834,116.070000,178.80249,-2055.3999,239.100006
3835,116.097000,178.934326,-2061.5,239.5
3836,116.125000,178.945312,-2066.8999,239.300003
3837,116.153000,178.945312,-2072.69995,239
3838,116.181000,178.846436,-2077.80005,238.600006
3839,116.207000,178.769531,-2083.3999,238.699997
3840,116.236000,179.005737,-2089.69995,239.600006
3841,116.267000,179.143066,-2095.6001,240
3842,116.297000,179.269409,-2102.19995,240.399994
3843,116.328000,179.263916,-2108.1001,240.300003
3844,116.355000,179.110107,-2112.69995,239.899994
3845,116.382000,178.972778,-2118.1001,239.5
3846,116.410000,179.005737,-2123.6001,239.5
3847,116.439000,179.093628,-2129.19995,239.800003
3848,116.466000,179.241943,-2135,240.199997
3849,116.495000,179.176025,-2140.69995,240.100006
3850,116.524000,179.044189,-2145.8999,240
3851,116.551000,179.01123,-2151,239.800003
3852,116.579000,179.071655,-2156.3999,239.5
3853,116.606000,179.187012,-2162,239.800003
3854,116.638000,179.285889,-2168.5,240.199997
3855,116.668000,179.269409,-2174,240.399994
3856,116.700000,179.137573,-2180,240.5
3857,116.735000,179.258423,-2186.8999,240.5
3858,116.766000,179.208984,-2193,240
3859,116.797000,179.230957,-2198.69995,239.899994
3860,116.824000,179.307861,-2204.1001,239.899994
3861,116.851000,179.307861,-2208.8999,240.100006
3862,116.879000,179.450684,-2214.5,240.5
3863,116.908000,179.642944,-2220,240.600006
3864,116.934000,179.785767,-2225.6001,240.399994
3865,116.962000,179.736328,-2230.8999,240
3866,116.990000,179.598999,-2235.6001,239.300003
3867,117.020000,179.351807,-2236,239.199997
3868,117.047000,179.181519,-2236,239.199997
3869,117.074000,179.285889,-2234.80005,239.300003
3870,117.102000,179.307861,-2233.69995,239.399994
3871,117.132000,179.544067,-2233.80005,239.699997
3872,117.160000,179.549561,-2234.30005,239.600006
3873,117.187000,179.406738,-2234.6001,239.399994
3874,117.216000,179.263916,-2234.69995,239.199997
3875,117.244000,179.230957,-2234.69995,239.300003
3876,117.271000,179.263916,-2234.69995,239.300003
3877,117.297000,179.291382,-2234.69995,239.300003
3878,117.323000,179.307861,-2234.69995,239.399994
3879,117.350000,179.351807,-2234.69995,239.399994
3880,117.377000,179.384766,-2234.69995,239.5
3881,117.404000,179.412231,-2234.69995,239.5
3882,117.433000,179.439697,-2234.69995,239.600006
3883,117.460000,179.478149,-2234.69995,239.699997
3884,117.492000,179.527588,-2234.69995,239.800003
3885,117.522000,179.571533,-2234.69995,239.899994
3886,117.550000,179.620972,-2234.69995,240
3887,117.578000,179.642944,-2234.69995,240
3888,117.608000,179.675903,-2234.69995,240.100006
3889,117.642000,179.703369,-2234.69995,240.199997
3890,117.671000,179.730835,-2234.69995,240.300003
3891,117.698000,179.763794,-2234.69995,240.300003
3892,117.726000,179.79126,-2234.69995,240.399994
3893,117.757000,179.818726,-2234.69995,240.5
3894,117.787000,179.835205,-2234.69995,240.5
3895,117.814000,179.846191,-2234.69995,240.5
3896,117.840000,179.862671,-2234.69995,240.600006
3897,117.867000,179.873657,-2234.69995,240.600006
3898,117.902000,179.89563,-2234.69995,240.600006
3899,117.929000,179.906616,-2234.69995,240.699997
3900,117.957000,179.923096,-2234.69995,240.699997
3901,117.983000,179.934082,-2234.69995,240.699997
3902,118.012000,179.950562,-2234.69995,240.800003
3903,118.040000,179.972534,-2234.6001,240.800003
3904,118.067000,179.994507,-2234.6001,240.899994
3905,118.096000,-179.989014,-2234.6001,240.899994
3906,118.124000,-179.967041,-2234.6001,240.899994
3907,118.153000,-179.950562,-2234.6001,240.899994
3908,118.184000,-179.928589,-2234.6001,241
3909,118.213000,-179.912109,-2234.6001,241
3910,118.243000,-179.890137,-2234.6001,241.100006
3911,118.272000,-179.868164,-2234.6001,241.100006
3912,118.300000,-179.840698,-2234.6001,241.199997
3913,118.329000,-179.824219,-2234.6001,241.199997
3914,118.360000,-179.796753,-2234.6001,241.300003
3915,118.386000,-179.77478,-2234.6001,241.300003
3916,118.416000,-179.747314,-2234.6001,241.300003
3917,118.444000,-179.725342,-2234.6001,241.399994
3918,118.473000,-179.703369,-2234.6001,241.399994
3919,118.503000,-179.675903,-2234.6001,241.5
3920,118.531000,-179.648437,-2234.6001,241.5
3921,118.559000,-179.620972,-2234.6001,241.5
3922,118.589000,-179.598999,-2234.6001,241.600006
3923,118.617000,-179.571533,-2234.6001,241.600006
3924,118.646000,-179.538574,-2234.6001,241.699997
3925,118.673000,-179.511108,-2234.6001,241.699997
3926,118.700000,-179.489136,-2234.6001,241.699997
3927,118.725000,-179.46167,-2234.6001,241.800003
3928,118.754000,-179.434204,-2234.6001,241.800003
3929,118.781000,-179.406738,-2234.6001,241.899994
3930,118.808000,-179.379272,-2234.6001,241.899994
3931,118.836000,-179.351807,-2234.6001,241.899994
3932,118.865000,-179.324341,-2234.6001,242
3933,118.894000,-179.291382,-2234.6001,242
3934,118.920000,-179.263916,-2234.6001,242
3935,118.947000,-179.230957,-2234.6001,242.100006
3936,118.979000,-179.192505,-2234.6001,242.100006
3937,119.008000,-179.165039,-2234.5,242.199997
3938,119.038000,-179.13208,-2234.6001,242.199997
3939,119.064000,-179.104614,-2234.6001,242.199997
3940,119.094000,-179.088135,-2234.5,242.300003
3941,119.129000,-179.055176,-2234.5,242.300003
3942,119.156000,-179.02771,-2234.5,242.300003
3943,119.189000,-179.000244,-2234.5,242.399994
3944,119.217000,-178.978271,-2234.5,242.399994
3945,119.244000,-178.956299,-2234.5,242.399994
3946,119.274000,-178.934326,-2234.5,242.5
3947,119.301000,-178.912354,-2234.5,242.5
3948,119.330000,-178.884888,-2234.5,242.600006
3949,119.359000,-178.857422,-2234.5,242.600006
3950,119.384000,-178.829956,-2234.5,242.600006
3951,119.415000,-178.813477,-2234.5,242.699997
3952,119.440000,-178.791504,-2234.5,242.699997
3953,119.467000,-178.775024,-2234.5,242.699997
3954,119.494000,-178.747559,-2234.5,242.800003
3955,119.525000,-178.7146,-2234.5,242.800003
3956,119.552000,-178.692627,-2234.5,242.899994
3957,119.582000,-178.670654,-2234.5,242.899994
3958,119.609000,-178.643188,-2234.5,242.899994
3959,119.637000,-178.615723,-2234.5,243
3960,119.663000,-178.59375,-2234.5,243
3961,119.690000,-178.571777,-2234.5,243.100006
3962,119.717000,-178.555298,-2234.5,243.100006
3963,119.745000,-178.527832,-2234.5,243.100006
3964,119.774000,-178.500366,-2234.5,243.199997
3965,119.803000,-178.478394,-2234.5,243.199997
3966,119.834000,-178.434448,-2234.5,243.300003
3967,119.890000,-178.412476,-2234.5,243.300003
3968,119.917000,-178.401489,-2234.5,243.399994
3969,119.946000,-178.374023,-2234.5,243.399994
3970,119.975000,-178.357544,-2234.5,243.5
3971,120.002000,-178.335571,-2234.5,243.5
3972,120.033000,-178.319092,-2234.5,243.5
3973,120.059000,-178.302612,-2234.3999,243.600006
3974,120.090000,-178.275146,-2234.3999,243.600006
3975,120.118000,-178.258667,-2234.3999,243.699997
3976,120.147000,-178.242187,-2234.3999,243.699997
3977,120.174000,-178.214722,-2234.3999,243.699997
3978,120.199000,-178.198242,-2234.3999,243.800003
3979,120.227000,-178.181763,-2234.3999,243.800003
3980,120.254000,-178.170776,-2234.3999,243.800003
3981,120.282000,-178.154297,-2234.3999,243.899994
3982,120.309000,-178.132324,-2234.3999,243.899994
3983,120.336000,-178.115845,-2234.3999,243.899994
3984,120.364000,-178.104858,-2234.3999,244
3985,120.393000,-178.088379,-2234.3999,244
3986,120.422000,-178.071899,-2234.3999,244.100006
3987,120.451000,-178.049927,-2234.3999,244.100006
3988,120.482000,-178.027954,-2234.3999,244.199997
3989,120.510000,-178.011475,-2234.3999,244.199997
3990,120.540000,-177.994995,-2234.3999,244.300003
3991,120.567000,-177.978516,-2234.3999,244.300003
3992,120.596000,-177.956543,-2234.3999,244.300003
3993,120.621000,-177.945557,-2234.3999,244.399994
3994,120.649000,-177.929077,-2234.3999,244.399994
3995,120.675000,-177.907104,-2234.3999,244.399994
3996,120.704000,-177.885132,-2234.3999,244.5
3997,120.730000,-177.863159,-2234.3999,244.5
3998,120.755000,-177.841187,-2234.3999,244.600006
3999,120.782000,-177.813721,-2234.3999,244.600006
4000,120.810000,-177.797241,-2234.3999,244.600006
4001,120.835000,-177.786255,-2234.3999,244.699997
4002,120.860000,-177.769775,-2234.3999,244.699997
4003,120.886000,-177.753296,-2234.3999,244.800003
4004,120.913000,-177.731323,-2234.3999,244.800003
4005,120.939000,-177.703857,-2234.3999,244.800003
4006,120.968000,-177.681885,-2234.3999,244.899994
4007,120.995000,-177.659912,-2234.3999,244.899994
4008,121.022000,-177.637939,-2234.3999,245
4009,121.049000,-177.615967,-2234.3999,245
4010,121.078000,-177.593994,-2234.3999,245
4011,121.105000,-177.577515,-2234.3999,245.100006
4012,121.135000,-177.555542,-2234.3999,245.100006
4013,121.162000,-177.544556,-2234.3999,245.100006
4014,121.186000,-177.51709,-2234.3999,245.199997
4015,121.215000,-177.50061,-2234.3999,245.199997
4016,121.243000,-177.478638,-2234.3999,245.300003
4017,121.273000,-177.456665,-2234.3999,245.300003
4018,121.299000,-177.434692,-2234.3999,245.300003
4019,121.328000,-177.418213,-2234.3999,245.399994
4020,121.354000,-177.39624,-2234.3999,245.399994
4021,121.380000,-177.379761,-2234.30005,245.399994
4022,121.407000,-177.363281,-2234.30005,245.5
4023,121.432000,-177.346802,-2234.30005,245.5
4024,121.461000,-177.330322,-2234.30005,245.5
4025,121.487000,-177.30835,-2234.30005,245.600006
4026,121.520000,-177.286377,-2234.30005,245.600006
4027,121.545000,-177.269897,-2234.30005,245.699997
4028,121.573000,-177.247925,-2234.30005,245.699997
4029,121.600000,-177.231445,-2234.30005,245.699997
4030,121.627000,-177.203979,-2234.30005,245.800003
4031,121.654000,-177.1875,-2234.30005,245.800003
4032,121.685000,-177.171021,-2234.30005,245.800003
4033,121.710000,-177.160034,-2234.30005,245.899994
4034,121.735000,-177.143555,-2234.30005,245.899994
4035,121.762000,-177.127075,-2234.30005,246
4036,121.791000,-177.105103,-2234.30005,246
4037,121.816000,-177.094116,-2234.30005,246
4038,121.840000,-177.08313,-2234.30005,246
4039,121.865000,-177.072144,-2234.30005,246
4040,121.896000,-177.06665,-2234.30005,246
4041,121.922000,-177.050171,-2234.30005,246.100006
4042,121.948000,-177.033691,-2234.30005,246.100006
4043,121.975000,-177.017212,-2234.30005,246.100006
4044,122.002000,-177.000732,-2234.30005,246.199997
4045,122.030000,-176.984253,-2234.30005,246.199997
4046,122.061000,-176.96228,-2234.30005,246.300003
4047,122.090000,-176.940308,-2234.30005,246.300003
4048,122.117000,-176.923828,-2234.30005,246.300003
4049,122.148000,-176.918335,-2234.30005,246.300003
4050,122.175000,-176.912842,-2234.30005,246.300003
4051,122.203000,-176.912842,-2234.30005,246.300003
4052,122.232000,-176.912842,-2234.30005,246.300003
4053,122.258000,-176.907349,-2234.30005,246.300003
4054,122.288000,-176.907349,-2234.30005,246.300003
4055,122.317000,-176.890869,-2234.30005,246.399994
4056,122.344000,-176.868896,-2234.30005,246.5
4057,122.373000,-176.846924,-2234.30005,246.5
4058,122.399000,-176.830444,-2234.30005,246.600006
4059,122.425000,-176.819458,-2234.30005,246.600006
4060,122.452000,-176.808472,-2234.30005,246.600006
4061,122.480000,-176.786499,-2234.30005,246.699997
4062,122.509000,-176.759033,-2234.30005,246.699997
4063,122.537000,-176.748047,-2234.30005,246.800003
4064,122.567000,-176.726074,-2234.30005,246.800003
4065,122.594000,-176.715088,-2234.30005,246.800003
4066,122.620000,-176.698608,-2234.30005,246.899994
4067,122.654000,-176.682129,-2234.30005,246.899994
4068,122.682000,-176.665649,-2234.30005,246.899994
4069,122.711000,-176.64917,-2234.30005,247
4070,122.738000,-176.638184,-2234.30005,247
4071,122.770000,-176.627197,-2234.30005,247.100006
4072,122.797000,-176.610718,-2234.30005,247.100006
4073,122.825000,-176.594238,-2234.30005,247.100006
4074,122.854000,-176.583252,-2234.30005,247.199997
4075,122.883000,-176.566772,-2234.30005,247.199997
4076,122.910000,-176.550293,-2234.30005,247.199997
4077,122.935000,-176.539307,-2234.30005,247.300003
4078,122.963000,-176.522827,-2234.30005,247.300003
4079,122.991000,-176.506348,-2234.30005,247.300003
4080,123.022000,-176.495361,-2234.19995,247.399994
4081,123.049000,-176.473389,-2234.19995,247.399994
4082,123.078000,-176.456909,-2234.19995,247.399994
4083,123.105000,-176.44043,-2234.19995,247.5
4084,123.132000,-176.42395,-2234.19995,247.5
4085,123.159000,-176.412964,-2234.19995,247.5
4086,123.185000,-176.401978,-2234.19995,247.600006
4087,123.212000,-176.385498,-2234.19995,247.600006
4088,123.239000,-176.369019,-2234.19995,247.600006
4089,123.270000,-176.374512,-2234.19995,247.600006
4090,123.295000,-176.369019,-2234.19995,247.600006
4091,123.324000,-176.369019,-2234.19995,247.600006
4092,123.350000,-176.363525,-2234.19995,247.600006
4093,123.377000,-176.363525,-2234.19995,247.600006
4094,123.403000,-176.369019,-2234.19995,247.600006
4095,123.428000,-176.369019,-2234.19995,247.600006
4096,123.454000,-176.369019,-2234.19995,247.600006
4097,123.480000,-176.358032,-2234.19995,247.600006
4098,123.505000,-176.358032,-2234.19995,247.600006
4099,123.535000,-176.358032,-2234.19995,247.600006
4100,123.562000,-176.347046,-2234.19995,247.600006
4101,123.590000,-176.33606,-2234.19995,247.600006
4102,123.618000,-176.330566,-2234.19995,247.600006
4103,123.643000,-176.330566,-2234.19995,247.600006
4104,123.668000,-176.325073,-2234.19995,247.600006
4105,123.702000,-176.314087,-2234.19995,247.600006
4106,123.726000,-176.303101,-2234.19995,247.600006
4107,123.749000,-176.286621,-2234.19995,247.600006
4108,123.776000,-176.264648,-2234.19995,247.600006
4109,123.803000,-176.253662,-2234.19995,247.600006
4110,123.832000,-176.237183,-2234.19995,247.600006
4111,123.860000,-176.220703,-2234.19995,247.600006
4112,123.887000,-176.204224,-2234.19995,247.600006
4113,123.920000,-176.187744,-2234.19995,247.600006
4114,123.947000,-176.171265,-2234.19995,247.600006
4115,123.977000,-176.154785,-2234.19995,247.600006
4116,124.006000,-176.121826,-2234.19995,247.600006
4117,124.036000,-176.083374,-2234.19995,247.699997
4118,124.062000,-176.050415,-2234.19995,247.699997
4119,124.090000,-176.011963,-2234.19995,247.699997
4120,124.118000,-175.984497,-2234.19995,247.800003
4121,124.145000,-175.951538,-2234.19995,247.800003
4122,124.174000,-175.918579,-2234.19995,247.800003
4123,124.200000,-175.88562,-2234.19995,247.899994
4124,124.227000,-175.852661,-2234.19995,247.899994
4125,124.261000,-175.803223,-2234.19995,247.899994
4126,124.288000,-175.764771,-2234.19995,248
4127,124.316000,-175.737305,-2234.19995,248
4128,124.343000,-175.698853,-2234.19995,248.100006
4129,124.371000,-175.671387,-2234.19995,248.100006
4130,124.398000,-175.638428,-2234.19995,248.100006
4131,124.425000,-175.605469,-2234.19995,248.199997
4132,124.454000,-175.57251,-2234.19995,248.199997
4133,124.480000,-175.545044,-2234.19995,248.199997
4134,124.507000,-175.512085,-2234.19995,248.300003
4135,124.536000,-175.473633,-2234.19995,248.300003
4136,124.563000,-175.446167,-2234.19995,248.399994
4137,124.593000,-175.418701,-2234.19995,248.399994
4138,124.618000,-175.380249,-2234.19995,248.399994
4139,124.647000,-175.34729,-2234.19995,248.5
4140,124.675000,-175.314331,-2234.19995,248.5
4141,124.702000,-175.286865,-2234.19995,248.600006
4142,124.729000,-175.253906,-2234.19995,248.600006
4143,124.754000,-175.22644,-2234.19995,248.600006
4144,124.783000,-175.193481,-2234.19995,248.699997
4145,124.811000,-175.166016,-2234.19995,248.699997
4146,124.840000,-175.144043,-2234.19995,248.800003
4147,124.868000,-175.111084,-2234.19995,248.800003
4148,124.897000,-175.089111,-2234.19995,248.800003
4149,124.926000,-175.061646,-2234.19995,248.899994
4150,124.954000,-175.03418,-2234.19995,248.899994
4151,124.982000,-175.012207,-2234.19995,248.899994
4152,125.007000,-174.990234,-2234.19995,249
4153,125.033000,-174.962769,-2234.19995,249
4154,125.061000,-174.940796,-2234.19995,249.100006
4155,125.088000,-174.902344,-2234.19995,249.100006
4156,125.113000,-174.880371,-2234.19995,249.100006
4157,125.139000,-174.858398,-2234.19995,249.199997
4158,125.164000,-174.836426,-2234.19995,249.199997
4159,125.191000,-174.819946,-2234.19995,249.199997
4160,125.220000,-174.79248,-2234.19995,249.300003
4161,125.253000,-174.776001,-2234.19995,249.300003
4162,125.282000,-174.748535,-2234.19995,249.399994
4163,125.311000,-174.726562,-2234.19995,249.399994
4164,125.338000,-174.70459,-2234.19995,249.399994
4165,125.364000,-174.682617,-2234.19995,249.5
4166,125.392000,-174.660645,-2234.19995,249.5
4167,125.420000,-174.644165,-2234.1001,249.5
4168,125.446000,-174.616699,-2234.1001,249.600006
4169,125.473000,-174.60022,-2234.1001,249.600006
4170,125.500000,-174.58374,-2234.1001,249.600006
4171,125.528000,-174.561768,-2234.1001,249.699997
4172,125.556000,-174.539795,-2234.1001,249.699997
4173,125.584000,-174.523315,-2234.1001,249.699997
4174,125.610000,-174.501343,-2234.1001,249.800003
4175,125.636000,-174.484863,-2234.1001,249.800003
4176,125.662000,-174.473877,-2234.1001,249.800003
4177,125.689000,-174.457397,-2234.1001,249.899994
4178,125.717000,-174.435425,-2234.1001,249.899994
4179,125.744000,-174.413452,-2234.1001,250
4180,125.772000,-174.402466,-2234.1001,250
4181,125.801000,-174.380493,-2234.1001,250.100006
4182,125.828000,-174.353027,-2234.1001,250.100006
4183,125.857000,-174.325562,-2234.1001,250.100006
4184,125.883000,-174.298096,-2234.1001,250.199997
4185,125.913000,-174.27063,-2234.1001,250.199997
4186,125.943000,-174.248657,-2234.1001,250.300003
4187,125.970000,-174.226685,-2234.1001,250.300003
4188,125.994000,-174.210205,-2234.1001,250.300003
4189,126.022000,-174.188232,-2234.1001,250.399994
4190,126.048000,-174.171753,-2234.1001,250.399994
4191,126.077000,-174.14978,-2234.1001,250.5
4192,126.106000,-174.133301,-2234.1001,250.5
4193,126.134000,-174.116821,-2234.1001,250.600006
4194,126.162000,-174.094849,-2234.1001,250.600006
4195,126.188000,-174.072876,-2234.1001,250.600006
4196,126.217000,-174.056396,-2234.1001,250.699997
4197,126.246000,-174.028931,-2234.1001,250.699997
4198,126.275000,-174.012451,-2234.1001,250.800003
4199,126.301000,-173.979492,-2234.1001,250.800003
4200,126.330000,-173.95752,-2234.1001,250.899994
4201,126.356000,-173.94104,-2234.1001,250.899994
4202,126.383000,-173.913574,-2234.1001,250.899994
4203,126.412000,-173.891602,-2234.1001,251
4204,126.439000,-173.864136,-2234,251
4205,126.466000,-173.83667,-2234,251
4206,126.496000,-173.814697,-2234,251.100006
4207,126.524000,-173.792725,-2234,251.100006
4208,126.552000,-173.759766,-2234,251.199997
4209,126.587000,-173.737793,-2234,251.199997
4210,126.613000,-173.71582,-2234,251.300003
4211,126.642000,-173.699341,-2234,251.300003
4212,126.669000,-173.677368,-2234,251.300003
4213,126.697000,-173.649902,-2234,251.399994
4214,126.727000,-173.62793,-2234,251.399994
4215,126.756000,-173.605957,-2234,251.5
4216,126.782000,-173.578491,-2234,251.5
4217,126.813000,-173.556519,-2234,251.5
4218,126.840000,-173.540039,-2234,251.600006
4219,126.870000,-173.518066,-2234,251.600006
4220,126.899000,-173.496094,-2234,251.699997
4221,126.924000,-173.479614,-2234,251.699997
4222,126.952000,-173.446655,-2234,251.800003
4223,126.980000,-173.424683,-2234,251.800003
4224,127.009000,-173.40271,-2234,251.800003
4225,127.044000,-173.369751,-2234,251.899994
4226,127.072000,-173.347778,-2234,251.899994
4227,127.101000,-173.325806,-2234,252
4228,127.129000,-173.309326,-2234,252
