Index,Time,((robot).imu)->data[10],debug_Y,debug_X
421,2.108301,-11.1785889,-75.2758179,-671.909546
422,2.113322,-11.1785889,-75.2758179,-671.909546
423,2.118303,-11.1785889,-75.2758179,-671.909546
424,2.123318,-11.1785889,-75.2758179,-671.909546
425,2.128305,-11.1785889,-75.2758179,-671.909546
426,2.133322,-11.1785889,-75.2758179,-671.909546
427,2.138318,-11.1785889,-75.2758179,-671.909546
428,2.143307,-11.1785889,-75.2758179,-671.909546
429,2.148322,-11.1785889,-75.2758179,-671.909546
430,2.153303,-11.1785889,-75.2758179,-671.909546
431,2.158315,-11.1785889,-75.2758179,-671.909546
432,2.163304,-11.1785889,-75.2758179,-671.909546
433,2.168320,-11.1785889,-75.2758179,-671.909546
434,2.173304,-11.1785889,-75.2758179,-671.909546
435,2.178323,-11.1785889,-75.2758179,-671.909546
436,2.183306,-11.1785889,-75.2758179,-671.909546
437,2.188319,-11.1785889,-75.2758179,-671.909546
438,2.193321,-11.1785889,-75.2758179,-671.909546
439,2.198317,-11.1785889,-75.2758179,-671.909546
440,2.203307,-11.1785889,-75.2758179,-671.909546
441,2.208321,-11.1785889,-75.2758179,-671.909546
442,2.213307,-11.1785889,-75.2758179,-671.909546
443,2.218317,-11.1785889,-75.2758179,-671.909546
444,2.223306,-11.1785889,-75.2758179,-671.909546
445,2.228304,-11.1785889,-75.2758179,-671.909546
446,2.233323,-11.1785889,-75.2758179,-671.909546
447,2.238304,-11.1785889,-75.2758179,-671.909546
448,2.243319,-11.1785889,-75.2758179,-671.909546
449,2.248302,-11.1785889,-75.2758179,-671.909546
450,2.253317,-11.1785889,-75.2758179,-671.909546
451,2.258304,-11.1785889,-75.2758179,-671.909546
452,2.263320,-11.1785889,-75.2758179,-671.909546
453,2.268307,-11.1785889,-75.2758179,-671.909546
454,2.273323,-11.1785889,-75.2758179,-671.909546
455,2.278306,-11.1785889,-75.2758179,-671.909546
456,2.283319,-11.1785889,-75.2758179,-671.909546
457,2.288305,-11.1785889,-75.2758179,-671.909546
458,2.293318,-11.1785889,-75.2758179,-671.909546
459,2.298303,-11.1785889,-75.2758179,-671.909546
460,2.303322,-11.1785889,-75.2758179,-671.909546
461,2.308302,-11.1785889,-75.2758179,-671.909546
462,2.313321,-11.1785889,-75.2758179,-671.909546
463,2.318301,-11.1785889,-75.2758179,-671.909546
464,2.323323,-11.1785889,-75.2758179,-671.909546
465,2.328302,-11.1785889,-75.2758179,-671.909546
466,2.333303,-11.1785889,-75.2758179,-671.909546
467,2.338322,-11.1785889,-75.2758179,-671.909546
468,2.343301,-11.1785889,-75.2758179,-671.909546
469,2.348319,-11.1785889,-75.2758179,-671.909546
470,2.353304,-11.1785889,-75.2758179,-671.909546
471,2.358323,-11.1785889,-75.2758179,-671.909546
472,2.363304,-11.1785889,-75.2758179,-671.909546
473,2.368322,-11.1785889,-75.2758179,-671.909546
474,2.373307,-11.1785889,-75.2758179,-671.909546
475,2.378318,-11.1785889,-75.2758179,-671.909546
476,2.383307,-11.1785889,-75.2758179,-671.909546
477,2.388316,-11.1785889,-75.2758179,-671.909546
478,2.393301,-11.1785889,-75.2758179,-671.909546
479,2.398320,-11.1785889,-75.2758179,-671.909546
480,2.403302,-11.1785889,-75.2758179,-671.909546
481,2.408317,-11.1785889,-75.2758179,-671.909546
482,2.413321,-11.1785889,-75.2758179,-671.909546
483,2.418322,-11.1785889,-75.2758179,-671.909546
484,2.423303,-11.1785889,-75.2758179,-671.909546
485,2.428301,-11.1785889,-75.2758179,-671.909546
486,2.433319,-11.1785889,-75.2758179,-671.909546
487,2.438301,-11.1785889,-75.2758179,-671.909546
488,2.443317,-11.1785889,-75.2758179,-671.909546
489,2.448308,-11.1785889,-75.2758179,-671.909546
490,2.453318,-11.1785889,-75.2758179,-671.909546
491,2.458305,-11.1785889,-75.2758179,-671.909546
492,2.463322,-11.1785889,-75.2758179,-671.909546
493,2.468301,-11.1785889,-75.2758179,-671.909546
494,2.473323,-11.1785889,-75.2758179,-671.909546
495,2.478306,-11.1785889,-75.2758179,-671.909546
496,2.483319,-11.1785889,-75.2758179,-671.909546
497,2.488301,-11.1785889,-75.2758179,-671.909546
498,2.493323,-11.1785889,-75.2758179,-671.909546
499,2.498301,-11.1785889,-75.2758179,-671.909546
500,2.503302,-11.1785889,-75.2758179,-671.909546
501,2.508318,-11.1785889,-75.2758179,-671.909546
502,2.513303,-11.1785889,-75.2758179,-671.909546
503,2.518322,-11.1785889,-75.2758179,-671.909546
504,2.523308,-11.1785889,-75.2758179,-671.909546
505,2.528317,-11.1785889,-75.2758179,-671.909546
506,2.533302,-11.1785889,-75.2758179,-671.909546
507,2.538322,-11.1785889,-75.2758179,-671.909546
508,2.543305,-11.1785889,-75.2758179,-671.909546
509,2.548323,-11.1785889,-75.2758179,-671.909546
510,2.553308,-11.1785889,-75.2758179,-671.909546
511,2.558321,-11.1785889,-75.2758179,-671.909546
512,2.563307,-11.1785889,-75.2758179,-671.909546
513,2.568317,-11.1785889,-75.2758179,-671.909546
514,2.573305,-11.1785889,-75.2758179,-671.909546
515,2.578320,-11.1785889,-75.2758179,-671.909546
516,2.583306,-11.1785889,-75.2758179,-671.909546
517,2.588316,-11.1785889,-75.2758179,-671.909546
518,2.593306,-11.1785889,-75.2758179,-671.909546
519,2.598342,-11.1785889,-75.2758179,-671.909546
520,2.603304,-11.1785889,-75.2758179,-671.909546
521,2.608325,-11.1785889,-75.2758179,-671.909546
522,2.613323,-11.1785889,-75.2758179,-671.909546
523,2.618305,-11.1785889,-75.2758179,-671.909546
524,2.623323,-11.1785889,-75.2758179,-671.909546
525,2.628321,-11.1785889,-75.2758179,-671.909546
526,2.633322,-11.1785889,-75.2758179,-671.909546
527,2.638307,-11.1785889,-75.2758179,-671.909546
528,2.643317,-11.1785889,-75.2758179,-671.909546
529,2.648304,-11.1785889,-75.2758179,-671.909546
530,2.653318,-11.1785889,-75.2758179,-671.909546
531,2.658308,-11.1785889,-75.2758179,-671.909546
532,2.663315,-11.1785889,-75.2758179,-671.909546
533,2.668306,-11.1785889,-75.2758179,-671.909546
534,2.673319,-11.1785889,-75.2758179,-671.909546
535,2.678318,-11.1785889,-75.2758179,-671.909546
536,2.683344,-11.1785889,-75.2758179,-671.909546
537,2.688304,-11.1785889,-75.2758179,-671.909546
538,2.693304,-11.1785889,-75.2758179,-671.909546
539,2.698320,-11.1785889,-75.2758179,-671.909546
540,2.703308,-11.1785889,-75.2758179,-671.909546
541,2.708317,-11.1785889,-75.2758179,-671.909546
542,2.713302,-11.1785889,-75.2758179,-671.909546
543,2.718318,-11.1785889,-75.2758179,-671.909546
544,2.723303,-11.1785889,-75.2758179,-671.909546
545,2.728318,-11.1785889,-75.2758179,-671.909546
546,2.733307,-11.1785889,-75.2758179,-671.909546
547,2.738320,-11.1785889,-75.2758179,-671.909546
548,2.743305,-11.1785889,-75.2758179,-671.909546
549,2.748320,-11.1785889,-75.2758179,-671.909546
550,2.753308,-11.1785889,-75.2758179,-671.909546
551,2.758318,-11.1785889,-75.2758179,-671.909546
552,2.763306,-11.1785889,-75.2758179,-671.909546
553,2.768321,-11.1785889,-75.2758179,-671.909546
554,2.773301,-11.1785889,-75.2758179,-671.909546
555,2.778321,-11.1785889,-75.2758179,-671.909546
556,2.783306,-11.1785889,-75.2758179,-671.909546
557,2.788325,-11.1785889,-75.2758179,-671.909546
558,2.793318,-11.1785889,-75.2758179,-671.909546
559,2.798305,-11.1785889,-75.2758179,-671.909546
560,2.803316,-11.1785889,-75.2758179,-671.909546
561,2.808306,-11.1785889,-75.2758179,-671.909546
562,2.813321,-11.1785889,-75.2758179,-671.909546
563,2.818303,-11.1785889,-75.2758179,-671.909546
564,2.823317,-11.1785889,-75.2758179,-671.909546
565,2.828303,-11.1785889,-75.2758179,-671.909546
566,2.833316,-11.1785889,-75.2758179,-671.909546
567,2.838303,-11.1785889,-75.2758179,-671.909546
568,2.843316,-11.1785889,-75.2758179,-671.909546
569,2.848319,-11.1785889,-75.2758179,-671.909546
570,2.853319,-11.1785889,-75.2758179,-671.909546
571,2.858307,-11.1785889,-75.2758179,-671.909546
572,2.863320,-11.1785889,-75.2758179,-671.909546
573,2.868308,-11.1785889,-75.2758179,-671.909546
574,2.873321,-11.1785889,-75.2758179,-671.909546
575,2.878303,-11.1785889,-75.2758179,-671.909546
576,2.883322,-11.1785889,-75.2758179,-671.909546
577,2.888308,-11.1785889,-75.2758179,-671.909546
578,2.893326,-11.1785889,-75.2758179,-671.909546
579,2.898323,-11.1785889,-75.2758179,-671.909546
580,2.903316,-11.1785889,-75.2758179,-671.909546
581,2.908318,-11.1785889,-75.2758179,-671.909546
582,2.913308,-11.1785889,-75.2758179,-671.909546
583,2.918322,-11.1785889,-75.2758179,-671.909546
584,2.923304,-11.1785889,-75.2758179,-671.909546
585,2.928316,-11.1785889,-75.2758179,-671.909546
586,2.933303,-11.1785889,-75.2758179,-671.909546
587,2.938317,-11.1785889,-75.2758179,-671.909546
588,2.943301,-11.1785889,-75.2758179,-671.909546
589,2.948321,-11.1785889,-75.2758179,-671.909546
590,2.953302,-11.1785889,-75.2758179,-671.909546
591,2.958322,-11.1785889,-75.2758179,-671.909546
592,2.963323,-11.1785889,-75.2758179,-671.909546
593,2.968320,-11.1785889,-75.2758179,-671.909546
594,2.973305,-11.1785889,-75.2758179,-671.909546
595,2.978320,-11.1785889,-75.2758179,-671.909546
596,2.983302,-11.1785889,-75.2758179,-671.909546
597,2.988316,-11.1785889,-75.2758179,-671.909546
598,2.993306,-11.1785889,-75.2758179,-671.909546
599,2.998320,-11.1785889,-75.2758179,-671.909546
600,3.003308,-11.1785889,-75.2758179,-671.909546
601,3.008306,-11.1785889,-75.2758179,-671.909546
602,3.013318,-11.1785889,-75.2758179,-671.909546
603,3.018303,-11.1785889,-75.2758179,-671.909546
604,3.023318,-11.1785889,-75.2758179,-671.909546
605,3.028303,-11.1785889,-75.2758179,-671.909546
606,3.033316,-11.1785889,-75.2758179,-671.909546
607,3.038303,-11.1785889,-75.2758179,-671.909546
608,3.043316,-11.1785889,-75.2758179,-671.909546
609,3.048303,-11.1785889,-75.2758179,-671.909546
610,3.053318,-11.1785889,-75.2758179,-671.909546
611,3.058308,-11.1785889,-75.2758179,-671.909546
612,3.063316,-11.1785889,-75.2758179,-671.909546
613,3.068308,-11.1785889,-75.2758179,-671.909546
614,3.073323,-11.1785889,-75.2758179,-671.909546
615,3.078318,-11.1785889,-75.2758179,-671.909546
616,3.083322,-11.1785889,-75.2758179,-671.909546
617,3.088308,-11.1785889,-75.2758179,-671.909546
618,3.093301,-11.1785889,-75.2758179,-671.909546
619,3.098323,-11.1785889,-75.2758179,-671.909546
620,3.103308,-11.1785889,-75.2758179,-671.909546
621,3.108322,-11.1785889,-75.2758179,-671.909546
622,3.113308,-11.1785889,-75.2758179,-671.909546
623,3.118322,-11.1785889,-75.2758179,-671.909546
624,3.123304,-11.1785889,-75.2758179,-671.909546
625,3.128318,-11.1785889,-75.2758179,-671.909546
626,3.133304,-11.1785889,-75.2758179,-671.909546
627,3.138318,-11.1785889,-75.2758179,-671.909546
628,3.143304,-11.1785889,-75.2758179,-671.909546
629,3.148323,-11.1785889,-75.2758179,-671.909546
630,3.153303,-11.1785889,-75.2758179,-671.909546
631,3.158317,-11.1785889,-75.2758179,-671.909546
632,3.163303,-11.1785889,-75.2758179,-671.909546
633,3.168320,-11.1785889,-75.2758179,-671.909546
634,3.173306,-11.1785889,-75.2758179,-671.909546
635,3.178308,-11.1785889,-75.2758179,-671.909546
636,3.183323,-11.1785889,-75.2758179,-671.909546
637,3.188306,-11.1785889,-75.2758179,-671.909546
638,3.193320,-11.1785889,-75.2758179,-671.909546
639,3.198304,-11.1785889,-75.2758179,-671.909546
640,3.203318,-11.1785889,-75.2758179,-671.909546
641,3.208308,-11.1785889,-75.2758179,-671.909546
642,3.213319,-11.1785889,-75.2758179,-671.909546
643,3.218304,-11.1785889,-75.2758179,-671.909546
644,3.223322,-11.1785889,-75.2758179,-671.909546
645,3.228308,-11.1785889,-75.2758179,-671.909546
646,3.233322,-11.1785889,-75.2758179,-671.909546
647,3.238301,-11.1785889,-75.2758179,-671.909546
648,3.243319,-11.1785889,-75.2758179,-671.909546
649,3.248317,-11.1785889,-75.2758179,-671.909546
650,3.253307,-11.1785889,-75.2758179,-671.909546
651,3.258321,-11.1785889,-75.2758179,-671.909546
652,3.263301,-11.1785889,-75.2758179,-671.909546
653,3.268323,-11.1785889,-75.2758179,-671.909546
654,3.273303,-11.1785889,-75.2758179,-671.909546
655,3.278320,-11.1785889,-75.2758179,-671.909546
656,3.283308,-11.1785889,-75.2758179,-671.909546
657,3.288315,-11.1785889,-75.2758179,-671.909546
658,3.293304,-11.1785889,-75.2758179,-671.909546
659,3.298320,-11.1785889,-75.2758179,-671.909546
660,3.303302,-11.1785889,-75.2758179,-671.909546
661,3.308318,-11.1785889,-75.2758179,-671.909546
662,3.313304,-11.1785889,-75.2758179,-671.909546
663,3.318321,-11.1785889,-75.2758179,-671.909546
664,3.323303,-11.1785889,-75.2758179,-671.909546
665,3.328317,-11.1785889,-75.2758179,-671.909546
666,3.333302,-11.1785889,-75.2758179,-671.909546
667,3.338323,-11.1785889,-75.2758179,-671.909546
668,3.343308,-11.1785889,-75.2758179,-671.909546
669,3.348316,-11.1785889,-75.2758179,-671.909546
670,3.353304,-11.1785889,-75.2758179,-671.909546
671,3.358318,-11.1785889,-75.2758179,-671.909546
672,3.363301,-11.1785889,-75.2758179,-671.909546
673,3.368382,-11.1785889,-75.2758179,-671.909546
674,3.373303,-11.1785889,-75.2758179,-671.909546
675,3.378306,-11.1785889,-75.2758179,-671.909546
676,3.383318,-11.1785889,-75.2758179,-671.909546
677,3.388308,-11.1785889,-75.2758179,-671.909546
678,3.393322,-11.1785889,-75.2758179,-671.909546
679,3.398308,-11.1785889,-75.2758179,-671.909546
680,3.403316,-11.1785889,-75.2758179,-671.909546
681,3.408315,-11.1785889,-75.2758179,-671.909546
682,3.413316,-11.1785889,-75.2758179,-671.909546
683,3.418301,-11.1785889,-75.2758179,-671.909546
684,3.423322,-11.1785889,-75.2758179,-671.909546
685,3.428302,-11.1785889,-75.2758179,-671.909546
686,3.433319,-11.1785889,-75.2758179,-671.909546
687,3.438306,-11.1785889,-75.2758179,-671.909546
688,3.443316,-11.1785889,-75.2758179,-671.909546
689,3.448303,-11.1785889,-75.2758179,-671.909546
690,3.453323,-11.1785889,-75.2758179,-671.909546
691,3.458306,-11.1785889,-75.2758179,-671.909546
692,3.463316,-11.1785889,-75.2758179,-671.909546
693,3.468307,-11.1785889,-75.2758179,-671.909546
694,3.473318,-11.1785889,-75.2758179,-671.909546
695,3.478308,-11.1785889,-75.2758179,-671.909546
696,3.483329,-11.1785889,-75.2758179,-671.909546
697,3.488317,-11.1785889,-75.2758179,-671.909546
698,3.493303,-11.1785889,-75.2758179,-671.909546
699,3.498319,-11.1785889,-75.2758179,-671.909546
700,3.503301,-11.1785889,-75.2758179,-671.909546
701,3.508322,-11.1785889,-75.2758179,-671.909546
702,3.513308,-11.1785889,-75.2758179,-671.909546
703,3.518323,-11.1785889,-75.2758179,-671.909546
704,3.523302,-11.1785889,-75.2758179,-671.909546
705,3.528316,-11.1785889,-75.2758179,-671.909546
706,3.533301,-11.1785889,-75.2758179,-671.909546
707,3.538321,-11.1785889,-75.2758179,-671.909546
708,3.543305,-11.1785889,-75.2758179,-671.909546
709,3.548323,-11.1785889,-75.2758179,-671.909546
710,3.553308,-11.1785889,-75.2758179,-671.909546
711,3.558316,-11.1785889,-75.2758179,-671.909546
712,3.563301,-11.1785889,-75.2758179,-671.909546
713,3.568321,-11.1785889,-75.2758179,-671.909546
714,3.573306,-11.1785889,-75.2758179,-671.909546
715,3.578316,-11.1785889,-75.2758179,-671.909546
716,3.583306,-11.1785889,-75.2758179,-671.909546
717,3.588323,-11.1785889,-75.2758179,-671.909546
718,3.593307,-11.1785889,-75.2758179,-671.909546
719,3.598322,-11.1785889,-75.2758179,-671.909546
720,3.603307,-11.1785889,-75.2758179,-671.909546
721,3.608370,-11.1785889,-75.2758179,-671.909546
722,3.613303,-11.1785889,-75.2758179,-671.909546
723,3.618301,-11.1785889,-75.2758179,-671.909546
724,3.623318,-11.1785889,-75.2758179,-671.909546
725,3.628301,-11.1785889,-75.2758179,-671.909546
726,3.633318,-11.1785889,-75.2758179,-671.909546
727,3.638305,-11.1785889,-75.2758179,-671.909546
728,3.643321,-11.1785889,-75.2758179,-671.909546
729,3.648303,-11.1785889,-75.2758179,-671.909546
730,3.653322,-11.1785889,-75.2758179,-671.909546
731,3.658302,-11.1785889,-75.2758179,-671.909546
732,3.663316,-11.1785889,-75.2758179,-671.909546
733,3.668301,-11.1785889,-75.2758179,-671.909546
734,3.673321,-11.1785889,-75.2758179,-671.909546
735,3.678306,-11.1785889,-75.2758179,-671.909546
736,3.683322,-11.1785889,-75.2758179,-671.909546
737,3.688307,-11.1785889,-75.2758179,-671.909546
738,3.693318,-11.1785889,-75.2758179,-671.909546
739,3.698308,-11.1785889,-75.2758179,-671.909546
740,3.703318,-11.1785889,-75.2758179,-671.909546
741,3.708305,-11.1785889,-75.2758179,-671.909546
742,3.713317,-11.1785889,-75.2758179,-671.909546
743,3.718308,-11.1785889,-75.2758179,-671.909546
744,3.723307,-11.1785889,-75.2758179,-671.909546
745,3.728320,-11.1785889,-75.2758179,-671.909546
746,3.733308,-11.1785889,-75.2758179,-671.909546
747,3.738315,-11.1785889,-75.2758179,-671.909546
748,3.743304,-11.1785889,-75.2758179,-671.909546
749,3.748316,-11.1785889,-75.2758179,-671.909546
750,3.753321,-11.1785889,-75.2758179,-671.909546
751,3.758322,-11.1785889,-75.2758179,-671.909546
752,3.763304,-11.1785889,-75.2758179,-671.909546
753,3.768323,-11.1785889,-75.2758179,-671.909546
754,3.773304,-11.1785889,-75.2758179,-671.909546
755,3.778316,-11.1785889,-75.2758179,-671.909546
756,3.783301,-11.1785889,-75.2758179,-671.909546
757,3.788318,-11.1785889,-75.2758179,-671.909546
758,3.793306,-11.1785889,-75.2758179,-671.909546
759,3.798323,-11.1785889,-75.2758179,-671.909546
760,3.803308,-11.1785889,-75.2758179,-671.909546
761,3.808319,-11.1785889,-75.2758179,-671.909546
762,3.813308,-11.1785889,-75.2758179,-671.909546
763,3.818306,-11.1785889,-75.2758179,-671.909546
764,3.823320,-11.1785889,-75.2758179,-671.909546
765,3.828307,-11.1785889,-75.2758179,-671.909546
766,3.833316,-11.1785889,-75.2758179,-671.909546
767,3.838303,-11.1785889,-75.2758179,-671.909546
768,3.843322,-11.1785889,-75.2758179,-671.909546
769,3.848301,-11.1785889,-75.2758179,-671.909546
770,3.853318,-11.1785889,-75.2758179,-671.909546
771,3.858303,-11.1785889,-75.2758179,-671.909546
772,3.863317,-11.1785889,-75.2758179,-671.909546
773,3.868302,-11.1785889,-75.2758179,-671.909546
774,3.873323,-11.1785889,-75.2758179,-671.909546
775,3.878305,-11.1785889,-75.2758179,-671.909546
776,3.883319,-11.1785889,-75.2758179,-671.909546
777,3.888308,-11.1785889,-75.2758179,-671.909546
778,3.893317,-11.1785889,-75.2758179,-671.909546
779,3.898307,-11.1785889,-75.2758179,-671.909546
780,3.903322,-11.1785889,-75.2758179,-671.909546
781,3.908305,-11.1785889,-75.2758179,-671.909546
782,3.913315,-11.1785889,-75.2758179,-671.909546
783,3.918308,-11.1785889,-75.2758179,-671.909546
784,3.923318,-11.1785889,-75.2758179,-671.909546
785,3.928303,-11.1785889,-75.2758179,-671.909546
786,3.933316,-11.1785889,-75.2758179,-671.909546
787,3.938307,-11.1785889,-75.2758179,-671.909546
788,3.943317,-11.1785889,-75.2758179,-671.909546
789,3.948303,-11.1785889,-75.2758179,-671.909546
790,3.953317,-11.1785889,-75.2758179,-671.909546
791,3.958308,-11.1785889,-75.2758179,-671.909546
792,3.963330,-11.1785889,-75.2758179,-671.909546
793,3.968321,-11.1785889,-75.2758179,-671.909546
794,3.973303,-11.1785889,-75.2758179,-671.909546
795,3.978316,-11.1785889,-75.2758179,-671.909546
796,3.983320,-11.1785889,-75.2758179,-671.909546
797,3.988322,-11.1785889,-75.2758179,-671.909546
798,3.993303,-11.1785889,-75.2758179,-671.909546
799,3.998316,-11.1785889,-75.2758179,-671.909546
800,4.003305,-11.1785889,-75.2758179,-671.909546
801,4.008321,-11.1785889,-75.2758179,-671.909546
802,4.013306,-11.1785889,-75.2758179,-671.909546
803,4.018321,-11.1785889,-75.2758179,-671.909546
804,4.023303,-11.1785889,-75.2758179,-671.909546
805,4.028318,-11.1785889,-75.2758179,-671.909546
806,4.033322,-11.1785889,-75.2758179,-671.909546
807,4.038323,-11.1785889,-75.2758179,-671.909546
808,4.043306,-11.1785889,-75.2758179,-671.909546
809,4.048321,-11.1785889,-75.2758179,-671.909546
810,4.053301,-11.1785889,-75.2758179,-671.909546
811,4.058320,-11.1785889,-75.2758179,-671.909546
812,4.063308,-11.1785889,-75.2758179,-671.909546
813,4.068318,-11.1785889,-75.2758179,-671.909546
814,4.073306,-11.1785889,-75.2758179,-671.909546
815,4.078323,-11.1785889,-75.2758179,-671.909546
816,4.083305,-11.1785889,-75.2758179,-671.909546
817,4.088318,-11.1785889,-75.2758179,-671.909546
818,4.093322,-11.1785889,-75.2758179,-671.909546
819,4.098319,-11.1785889,-75.2758179,-671.909546
820,4.103304,-11.1785889,-75.2758179,-671.909546
821,4.108318,-11.1785889,-75.2758179,-671.909546
822,4.113301,-11.1785889,-75.2758179,-671.909546
823,4.118306,-11.1785889,-75.2758179,-671.909546
824,4.123321,-11.1785889,-75.2758179,-671.909546
825,4.128306,-11.1785889,-75.2758179,-671.909546
826,4.133319,-11.1785889,-75.2758179,-671.909546
827,4.138305,-11.1785889,-75.2758179,-671.909546
828,4.143315,-11.1785889,-75.2758179,-671.909546
829,4.148303,-11.1785889,-75.2758179,-671.909546
830,4.153319,-11.1785889,-75.2758179,-671.909546
831,4.158306,-11.1785889,-75.2758179,-671.909546
832,4.163319,-11.1785889,-75.2758179,-671.909546
833,4.168306,-11.1785889,-75.2758179,-671.909546
834,4.173316,-11.1785889,-75.2758179,-671.909546
835,4.178301,-11.1785889,-75.2758179,-671.909546
836,4.183320,-11.1785889,-75.2758179,-671.909546
837,4.188305,-11.1785889,-75.2758179,-671.909546
838,4.193322,-11.1785889,-75.2758179,-671.909546
839,4.198308,-11.1785889,-75.2758179,-671.909546
840,4.203319,-11.1785889,-75.2758179,-671.909546
841,4.208301,-11.1785889,-75.2758179,-671.909546
842,4.213321,-11.1785889,-75.2758179,-671.909546
843,4.218308,-11.1785889,-75.2758179,-671.909546
844,4.223319,-11.1785889,-75.2758179,-671.909546
845,4.228306,-11.1785889,-75.2758179,-671.909546
846,4.233315,-11.1785889,-75.2758179,-671.909546
847,4.238306,-11.1785889,-75.2758179,-671.909546
848,4.243323,-11.1785889,-75.2758179,-671.909546
849,4.248307,-11.1785889,-75.2758179,-671.909546
850,4.253317,-11.1785889,-75.2758179,-671.909546
851,4.258303,-11.1785889,-75.2758179,-671.909546
852,4.263304,-11.1785889,-75.2758179,-671.909546
853,4.268316,-11.1785889,-75.2758179,-671.909546
854,4.273301,-11.1785889,-75.2758179,-671.909546
855,4.278320,-11.1785889,-75.2758179,-671.909546
856,4.283305,-11.1785889,-75.2758179,-671.909546
857,4.288321,-11.1785889,-75.2758179,-671.909546
858,4.293303,-11.1785889,-75.2758179,-671.909546
859,4.298318,-11.1785889,-75.2758179,-671.909546
860,4.303303,-11.1785889,-75.2758179,-671.909546
861,4.308319,-11.1785889,-75.2758179,-671.909546
862,4.313305,-11.1785889,-75.2758179,-671.909546
863,4.318319,-11.1785889,-75.2758179,-671.909546
864,4.323332,-11.1785889,-75.2758179,-671.909546
865,4.328319,-11.1785889,-75.2758179,-671.909546
866,4.333304,-11.1785889,-75.2758179,-671.909546
867,4.338320,-11.1785889,-75.2758179,-671.909546
868,4.343303,-11.1785889,-75.2758179,-671.909546
869,4.348306,-11.1785889,-75.2758179,-671.909546
870,4.353317,-11.1785889,-75.2758179,-671.909546
871,4.358304,-11.1785889,-75.2758179,-671.909546
872,4.363315,-11.1785889,-75.2758179,-671.909546
873,4.368306,-11.1785889,-75.2758179,-671.909546
874,4.373323,-11.1785889,-75.2758179,-671.909546
875,4.378306,-11.1785889,-75.2758179,-671.909546
876,4.383322,-11.1785889,-75.2758179,-671.909546
877,4.388307,-11.1785889,-75.2758179,-671.909546
878,4.393319,-11.1785889,-75.2758179,-671.909546
879,4.398301,-11.1785889,-75.2758179,-671.909546
880,4.403321,-11.1785889,-75.2758179,-671.909546
881,4.408303,-11.1785889,-75.2758179,-671.909546
882,4.413317,-11.1785889,-75.2758179,-671.909546
883,4.418307,-11.1785889,-75.2758179,-671.909546
884,4.423320,-11.1785889,-75.2758179,-671.909546
885,4.428303,-11.1785889,-75.2758179,-671.909546
886,4.433323,-11.1785889,-75.2758179,-671.909546
887,4.438316,-11.1785889,-75.2758179,-671.909546
888,4.443320,-11.1785889,-75.2758179,-671.909546
889,4.448302,-11.1785889,-75.2758179,-671.909546
890,4.453322,-11.1785889,-75.2758179,-671.909546
891,4.458308,-11.1785889,-75.2758179,-671.909546
892,4.463315,-11.1785889,-75.2758179,-671.909546
893,4.468301,-11.1785889,-75.2758179,-671.909546
894,4.473320,-11.1785889,-75.2758179,-671.909546
895,4.478301,-11.1785889,-75.2758179,-671.909546
896,4.483426,-11.1785889,-75.2758179,-671.909546
897,4.488305,-11.1785889,-75.2758179,-671.909546
898,4.493401,-11.1785889,-75.2758179,-671.909546
899,4.498303,-11.1785889,-75.2758179,-671.909546
900,4.503400,-11.1785889,-75.2758179,-671.909546
901,4.508305,-11.1785889,-75.2758179,-671.909546
902,4.513306,-11.1785889,-75.2758179,-671.909546
903,4.518320,-11.1785889,-75.2758179,-671.909546
904,4.523305,-11.1785889,-75.2758179,-671.909546
905,4.528319,-11.1785889,-75.2758179,-671.909546
906,4.533308,-11.1785889,-75.2758179,-671.909546
907,4.538321,-11.1785889,-75.2758179,-671.909546
908,4.543305,-11.1785889,-75.2758179,-671.909546
909,4.548320,-11.1785889,-75.2758179,-671.909546
910,4.553322,-11.1785889,-75.2758179,-671.909546
911,4.558318,-11.1785889,-75.2758179,-671.909546
912,4.563303,-11.1785889,-75.2758179,-671.909546
913,4.568317,-11.1785889,-75.2758179,-671.909546
914,4.573305,-11.1785889,-75.2758179,-671.909546
915,4.578323,-11.1785889,-75.2758179,-671.909546
916,4.583308,-11.1785889,-75.2758179,-671.909546
917,4.588326,-11.1785889,-75.2758179,-671.909546
918,4.593317,-11.1785889,-75.2758179,-671.909546
919,4.598307,-11.1785889,-75.2758179,-671.909546
920,4.603322,-11.1785889,-75.2758179,-671.909546
921,4.608302,-11.1785889,-75.2758179,-671.909546
922,4.613317,-11.1785889,-75.2758179,-671.909546
923,4.618307,-11.1785889,-75.2758179,-671.909546
924,4.623321,-11.1785889,-75.2758179,-671.909546
925,4.628304,-11.1785889,-75.2758179,-671.909546
926,4.633318,-11.1785889,-75.2758179,-671.909546
927,4.638308,-11.1785889,-75.2758179,-671.909546
928,4.643323,-11.1785889,-75.2758179,-671.909546
929,4.648301,-11.1785889,-75.2758179,-671.909546
930,4.653321,-11.1785889,-75.2758179,-671.909546
931,4.658307,-11.1785889,-75.2758179,-671.909546
932,4.663322,-11.1785889,-75.2758179,-671.909546
933,4.668315,-11.1785889,-75.2758179,-671.909546
934,4.673306,-11.1785889,-75.2758179,-671.909546
935,4.678320,-11.1785889,-75.2758179,-671.909546
936,4.683302,-11.1785889,-75.2758179,-671.909546
937,4.688316,-11.1785889,-75.2758179,-671.909546
938,4.693306,-11.1785889,-75.2758179,-671.909546
939,4.698321,-11.1785889,-75.2758179,-671.909546
940,4.703303,-11.1785889,-75.2758179,-671.909546
941,4.708316,-11.1785889,-75.2758179,-671.909546
942,4.713304,-11.1785889,-75.2758179,-671.909546
943,4.718319,-11.1785889,-75.2758179,-671.909546
944,4.723308,-11.1785889,-75.2758179,-671.909546
945,4.728320,-11.1785889,-75.2758179,-671.909546
946,4.733306,-11.1785889,-75.2758179,-671.909546
947,4.738316,-11.1785889,-75.2758179,-671.909546
948,4.743301,-11.1785889,-75.2758179,-671.909546
949,4.748329,-11.1785889,-75.2758179,-671.909546
950,4.753320,-11.1785889,-75.2758179,-671.909546
951,4.758307,-11.1785889,-75.2758179,-671.909546
952,4.763316,-11.1785889,-75.2758179,-671.909546
953,4.768304,-11.1785889,-75.2758179,-671.909546
954,4.773317,-11.1785889,-75.2758179,-671.909546
955,4.778318,-11.1785889,-75.2758179,-671.909546
956,4.783322,-11.1785889,-75.2758179,-671.909546
957,4.788308,-11.1785889,-75.2758179,-671.909546
958,4.793321,-11.1785889,-75.2758179,-671.909546
959,4.798303,-11.1785889,-75.2758179,-671.909546
960,4.803317,-11.1785889,-75.2758179,-671.909546
961,4.808304,-11.1785889,-75.2758179,-671.909546
962,4.813320,-11.1785889,-75.2758179,-671.909546
963,4.818307,-11.1785889,-75.2758179,-671.909546
964,4.823323,-11.1785889,-75.2758179,-671.909546
965,4.828302,-11.1785889,-75.2758179,-671.909546
966,4.833317,-11.1785889,-75.2758179,-671.909546
967,4.838301,-11.1785889,-75.2758179,-671.909546
968,4.843322,-11.1785889,-75.2758179,-671.909546
969,4.848304,-11.1785889,-75.2758179,-671.909546
970,4.853317,-11.1785889,-75.2758179,-671.909546
971,4.858303,-11.1785889,-75.2758179,-671.909546
972,4.863319,-11.1785889,-75.2758179,-671.909546
973,4.868305,-11.1785889,-75.2758179,-671.909546
974,4.873316,-11.1785889,-75.2758179,-671.909546
975,4.878306,-11.1785889,-75.2758179,-671.909546
976,4.883318,-11.1785889,-75.2758179,-671.909546
977,4.888308,-11.1785889,-75.2758179,-671.909546
978,4.893323,-11.1785889,-75.2758179,-671.909546
979,4.898306,-11.1785889,-75.2758179,-671.909546
980,4.903320,-11.1785889,-75.2758179,-671.909546
981,4.908303,-11.1785889,-75.2758179,-671.909546
982,4.913319,-11.1785889,-75.2758179,-671.909546
983,4.918301,-11.1785889,-75.2758179,-671.909546
984,4.923320,-11.1785889,-75.2758179,-671.909546
985,4.928306,-11.1785889,-75.2758179,-671.909546
986,4.933320,-11.1785889,-75.2758179,-671.909546
987,4.938303,-11.1785889,-75.2758179,-671.909546
988,4.943301,-11.1785889,-75.2758179,-671.909546
989,4.948322,-11.1785889,-75.2758179,-671.909546
990,4.953308,-11.1785889,-75.2758179,-671.909546
991,4.958316,-11.1785889,-75.2758179,-671.909546
992,4.963306,-11.1785889,-75.2758179,-671.909546
993,4.968315,-11.1785889,-75.2758179,-671.909546
994,4.973304,-11.1785889,-75.2758179,-671.909546
995,4.978315,-11.1785889,-75.2758179,-671.909546
996,4.983308,-11.1785889,-75.2758179,-671.909546
997,4.988319,-11.1785889,-75.2758179,-671.909546
998,4.993305,-11.1785889,-75.2758179,-671.909546
999,4.998318,-11.1785889,-75.2758179,-671.909546
1000,5.003303,-11.1785889,-75.2758179,-671.909546
1001,5.008323,-11.1785889,-75.2758179,-671.909546
1002,5.013301,-11.1785889,-75.2758179,-671.909546
1003,5.018303,-11.1785889,-75.2758179,-671.909546
1004,5.023319,-11.1785889,-75.2758179,-671.909546
1005,5.028306,-11.1785889,-75.2758179,-671.909546
1006,5.033320,-11.1785889,-75.2758179,-671.909546
1007,5.038302,-11.1785889,-75.2758179,-671.909546
1008,5.043315,-11.1785889,-75.2758179,-671.909546
1009,5.048301,-11.1785889,-75.2758179,-671.909546
1010,5.053323,-11.1785889,-75.2758179,-671.909546
1011,5.058301,-11.1785889,-75.2758179,-671.909546
1012,5.063477,-11.1785889,-75.2758179,-671.909546
1013,5.068307,-11.1785889,-75.2758179,-671.909546
1014,5.073319,-11.1785889,-75.2758179,-671.909546
1015,5.078301,-11.1785889,-75.2758179,-671.909546
1016,5.083323,-11.1785889,-75.2758179,-671.909546
1017,5.088305,-11.1785889,-75.2758179,-671.909546
1018,5.093317,-11.1785889,-75.2758179,-671.909546
1019,5.098306,-11.1785889,-75.2758179,-671.909546
1020,5.103316,-11.1785889,-75.2758179,-671.909546
1021,5.108306,-11.1785889,-75.2758179,-671.909546
1022,5.113321,-11.1785889,-75.2758179,-671.909546
1023,5.118306,-11.1785889,-75.2758179,-671.909546
1024,5.123318,-11.1785889,-75.2758179,-671.909546
1025,5.128304,-11.1785889,-75.2758179,-671.909546
1026,5.133320,-11.1785889,-75.2758179,-671.909546
1027,5.138307,-11.1785889,-75.2758179,-671.909546
1028,5.143332,-11.1785889,-75.2758179,-671.909546
1029,5.148321,-11.1785889,-75.2758179,-671.909546
1030,5.153303,-11.1785889,-75.2758179,-671.909546
1031,5.158316,-11.1785889,-75.2758179,-671.909546
1032,5.163304,-11.1785889,-75.2758179,-671.909546
1033,5.168321,-11.1785889,-75.2758179,-671.909546
1034,5.173302,-11.1785889,-75.2758179,-671.909546
1035,5.178344,-11.1785889,-75.2758179,-671.909546
1036,5.183320,-11.1785889,-75.2758179,-671.909546
1037,5.188321,-11.1785889,-75.2758179,-671.909546
1038,5.193307,-11.1785889,-75.2758179,-671.909546
1039,5.198318,-11.1785889,-75.2758179,-671.909546
1040,5.203303,-11.1785889,-75.2758179,-671.909546
1041,5.208319,-11.1785889,-75.2758179,-671.909546
1042,5.213304,-11.1785889,-75.2758179,-671.909546
1043,5.218321,-11.1785889,-75.2758179,-671.909546
1044,5.223302,-11.1785889,-75.2758179,-671.909546
1045,5.228321,-11.1785889,-75.2758179,-671.909546
1046,5.233362,-11.1785889,-75.2758179,-671.909546
1047,5.238308,-11.1785889,-75.2758179,-671.909546
1048,5.243318,-11.1785889,-75.2758179,-671.909546
1049,5.248308,-11.1785889,-75.2758179,-671.909546
1050,5.253322,-11.1785889,-75.2758179,-671.909546
1051,5.258304,-11.1785889,-75.2758179,-671.909546
1052,5.263315,-11.1785889,-75.2758179,-671.909546
1053,5.268302,-11.1785889,-75.2758179,-671.909546
1054,5.273316,-11.1785889,-75.2758179,-671.909546
1055,5.278306,-11.1785889,-75.2758179,-671.909546
1056,5.283318,-11.1785889,-75.2758179,-671.909546
1057,5.288308,-11.1785889,-75.2758179,-671.909546
1058,5.293316,-11.1785889,-75.2758179,-671.909546
1059,5.298302,-11.1785889,-75.2758179,-671.909546
1060,5.303322,-11.1785889,-75.2758179,-671.909546
1061,5.308304,-11.1785889,-75.2758179,-671.909546
1062,5.313317,-11.1785889,-75.2758179,-671.909546
1063,5.318303,-11.1785889,-75.2758179,-671.909546
1064,5.323304,-11.1785889,-75.2758179,-671.909546
1065,5.328320,-11.1785889,-75.2758179,-671.909546
1066,5.333305,-11.1785889,-75.2758179,-671.909546
1067,5.338322,-11.1785889,-75.2758179,-671.909546
1068,5.343307,-11.1785889,-75.2758179,-671.909546
1069,5.348319,-11.1785889,-75.2758179,-671.909546
1070,5.353301,-11.1785889,-75.2758179,-671.909546
1071,5.358317,-11.1785889,-75.2758179,-671.909546
1072,5.363302,-11.1785889,-75.2758179,-671.909546
1073,5.368322,-11.1785889,-75.2758179,-671.909546
1074,5.373302,-11.1785889,-75.2758179,-671.909546
1075,5.378317,-11.1785889,-75.2758179,-671.909546
1076,5.383305,-11.1785889,-75.2758179,-671.909546
1077,5.388319,-11.1785889,-75.2758179,-671.909546
1078,5.393306,-11.1785889,-75.2758179,-671.909546
1079,5.398323,-11.1785889,-75.2758179,-671.909546
1080,5.403301,-11.1785889,-75.2758179,-671.909546
1081,5.408304,-11.1785889,-75.2758179,-671.909546
1082,5.413318,-11.1785889,-75.2758179,-671.909546
1083,5.418308,-11.1785889,-75.2758179,-671.909546
1084,5.423318,-11.1785889,-75.2758179,-671.909546
1085,5.428302,-11.1785889,-75.2758179,-671.909546
1086,5.433321,-11.1785889,-75.2758179,-671.909546
1087,5.438306,-11.1785889,-75.2758179,-671.909546
1088,5.443319,-11.1785889,-75.2758179,-671.909546
1089,5.448302,-11.1785889,-75.2758179,-671.909546
1090,5.453318,-11.1785889,-75.2758179,-671.909546
1091,5.458305,-11.1785889,-75.2758179,-671.909546
1092,5.463302,-11.1785889,-75.2758179,-671.909546
1093,5.468323,-11.1785889,-75.2758179,-671.909546
1094,5.473308,-11.1785889,-75.2758179,-671.909546
1095,5.478315,-11.1785889,-75.2758179,-671.909546
1096,5.483301,-11.1785889,-75.2758179,-671.909546
1097,5.488323,-11.1785889,-75.2758179,-671.909546
1098,5.493301,-11.1785889,-75.2758179,-671.909546
1099,5.498318,-11.1785889,-75.2758179,-671.909546
1100,5.503303,-11.1785889,-75.2758179,-671.909546
1101,5.508320,-11.1785889,-75.2758179,-671.909546
1102,5.513305,-11.1785889,-75.2758179,-671.909546
1103,5.518322,-11.1785889,-75.2758179,-671.909546
1104,5.523307,-11.1785889,-75.2758179,-671.909546
1105,5.528318,-11.1785889,-75.2758179,-671.909546
1106,5.533307,-11.1785889,-75.2758179,-671.909546
1107,5.538316,-11.1785889,-75.2758179,-671.909546
1108,5.543306,-11.1785889,-75.2758179,-671.909546
1109,5.548318,-11.1785889,-75.2758179,-671.909546
1110,5.553308,-11.1785889,-75.2758179,-671.909546
1111,5.558316,-11.1785889,-75.2758179,-671.909546
1112,5.563305,-11.1785889,-75.2758179,-671.909546
1113,5.568321,-11.1785889,-75.2758179,-671.909546
1114,5.573306,-11.1785889,-75.2758179,-671.909546
1115,5.578317,-11.1785889,-75.2758179,-671.909546
1116,5.583305,-11.1785889,-75.2758179,-671.909546
1117,5.588319,-11.1785889,-75.2758179,-671.909546
1118,5.593302,-11.1785889,-75.2758179,-671.909546
1119,5.598308,-11.1785889,-75.2758179,-671.909546
1120,5.603319,-11.1785889,-75.2758179,-671.909546
1121,5.608306,-11.1785889,-75.2758179,-671.909546
1122,5.613321,-11.1785889,-75.2758179,-671.909546
1123,5.618308,-11.1785889,-75.2758179,-671.909546
1124,5.623319,-11.1785889,-75.2758179,-671.909546
1125,5.628304,-11.1785889,-75.2758179,-671.909546
1126,5.633322,-11.1785889,-75.2758179,-671.909546
1127,5.638307,-11.1785889,-75.2758179,-671.909546
1128,5.643320,-11.1785889,-75.2758179,-671.909546
1129,5.648302,-11.1785889,-75.2758179,-671.909546
1130,5.653320,-11.1785889,-75.2758179,-671.909546
1131,5.658302,-11.1785889,-75.2758179,-671.909546
1132,5.663460,-11.1785889,-75.2758179,-671.909546
1133,5.668307,-11.1785889,-75.2758179,-671.909546
1134,5.673305,-11.1785889,-75.2758179,-671.909546
1135,5.678322,-11.1785889,-75.2758179,-671.909546
1136,5.683308,-11.1785889,-75.2758179,-671.909546
1137,5.688316,-11.1785889,-75.2758179,-671.909546
1138,5.693309,-11.1785889,-75.2758179,-671.909546
1139,5.698320,-11.1785889,-75.2758179,-671.909546
1140,5.703308,-11.1785889,-75.2758179,-671.909546
1141,5.708316,-11.1785889,-75.2758179,-671.909546
1142,5.713304,-11.1785889,-75.2758179,-671.909546
1143,5.718319,-11.1785889,-75.2758179,-671.909546
1144,5.723303,-11.1785889,-75.2758179,-671.909546
1145,5.728322,-11.1785889,-75.2758179,-671.909546
1146,5.733304,-11.1785889,-75.2758179,-671.909546
1147,5.738445,-11.1785889,-75.2758179,-671.909546
1148,5.743302,-11.1785889,-75.2758179,-671.909546
1149,5.748305,-11.1785889,-75.2758179,-671.909546
1150,5.753317,-11.1785889,-75.2758179,-671.909546
1151,5.758302,-11.1785889,-75.2758179,-671.909546
1152,5.763319,-11.1785889,-75.2758179,-671.909546
1153,5.768301,-11.1785889,-75.2758179,-671.909546
1154,5.773321,-11.1785889,-75.2758179,-671.909546
1155,5.778303,-11.1785889,-75.2758179,-671.909546
1156,5.783317,-11.1785889,-75.2758179,-671.909546
1157,5.788305,-11.1785889,-75.2758179,-671.909546
1158,5.793316,-11.1785889,-75.2758179,-671.909546
1159,5.798321,-11.1785889,-75.2758179,-671.909546
1160,5.803319,-11.1785889,-75.2758179,-671.909546
1161,5.808302,-11.1785889,-75.2758179,-671.909546
1162,5.813315,-11.1785889,-75.2758179,-671.909546
1163,5.818302,-11.1785889,-75.2758179,-671.909546
1164,5.823327,-11.1785889,-75.2758179,-671.909546
1165,5.828319,-11.1785889,-75.2758179,-671.909546
1166,5.833304,-11.1785889,-75.2758179,-671.909546
1167,5.838322,-11.1785889,-75.2758179,-671.909546
1168,5.843307,-11.1785889,-75.2758179,-671.909546
1169,5.848316,-11.1785889,-75.2758179,-671.909546
1170,5.853303,-11.1785889,-75.2758179,-671.909546
1171,5.858323,-11.1785889,-75.2758179,-671.909546
1172,5.863304,-11.1785889,-75.2758179,-671.909546
1173,5.868316,-11.1785889,-75.2758179,-671.909546
1174,5.873302,-11.1785889,-75.2758179,-671.909546
1175,5.878319,-11.1785889,-75.2758179,-671.909546
1176,5.883306,-11.1785889,-75.2758179,-671.909546
1177,5.888323,-11.1785889,-75.2758179,-671.909546
1178,5.893308,-11.1785889,-75.2758179,-671.909546
1179,5.898322,-11.1785889,-75.2758179,-671.909546
1180,5.903308,-11.1785889,-75.2758179,-671.909546
1181,5.908320,-11.1785889,-75.2758179,-671.909546
1182,5.913317,-11.1785889,-75.2758179,-671.909546
1183,5.918317,-11.1785889,-75.2758179,-671.909546
1184,5.923307,-11.1785889,-75.2758179,-671.909546
1185,5.928316,-11.1785889,-75.2758179,-671.909546
1186,5.933306,-11.1785889,-75.2758179,-671.909546
1187,5.938320,-11.1785889,-75.2758179,-671.909546
1188,5.943302,-11.1785889,-75.2758179,-671.909546
1189,5.948330,-11.1785889,-75.2758179,-671.909546
1190,5.953321,-11.1785889,-75.2758179,-671.909546
1191,5.958303,-11.1785889,-75.2758179,-671.909546
1192,5.963320,-11.1785889,-75.2758179,-671.909546
1193,5.968306,-11.1785889,-75.2758179,-671.909546
1194,5.973318,-11.1785889,-75.2758179,-671.909546
1195,5.978308,-11.1785889,-75.2758179,-671.909546
1196,5.983320,-11.1785889,-75.2758179,-671.909546
1197,5.988307,-11.1785889,-75.2758179,-671.909546
1198,5.993318,-11.1785889,-75.2758179,-671.909546
1199,5.998304,-11.1785889,-75.2758179,-671.909546
1200,6.003318,-11.1785889,-75.2758179,-671.909546
1201,6.008308,-11.1785889,-75.2758179,-671.909546
1202,6.013316,-11.1785889,-75.2758179,-671.909546
1203,6.018306,-11.1785889,-75.2758179,-671.909546
1204,6.023397,-11.1785889,-75.2758179,-671.909546
1205,6.028321,-11.1785889,-75.2758179,-671.909546
1206,6.033307,-11.1785889,-75.2758179,-671.909546
1207,6.038315,-11.1785889,-75.2758179,-671.909546
1208,6.043308,-11.1785889,-75.2758179,-671.909546
1209,6.048317,-11.1785889,-75.2758179,-671.909546
1210,6.053302,-11.1785889,-75.2758179,-671.909546
1211,6.058322,-11.1785889,-75.2758179,-671.909546
1212,6.063307,-11.1785889,-75.2758179,-671.909546
1213,6.068323,-11.1785889,-75.2758179,-671.909546
1214,6.073304,-11.1785889,-75.2758179,-671.909546
1215,6.078322,-11.1785889,-75.2758179,-671.909546
1216,6.083301,-11.1785889,-75.2758179,-671.909546
1217,6.088321,-11.1785889,-75.2758179,-671.909546
1218,6.093301,-11.1785889,-75.2758179,-671.909546
1219,6.098320,-11.1785889,-75.2758179,-671.909546
1220,6.103305,-11.1785889,-75.2758179,-671.909546
1221,6.108321,-11.1785889,-75.2758179,-671.909546
1222,6.113307,-11.1785889,-75.2758179,-671.909546
1223,6.118305,-11.1785889,-75.2758179,-671.909546
1224,6.123323,-11.1785889,-75.2758179,-671.909546
1225,6.128301,-11.1785889,-75.2758179,-671.909546
1226,6.133323,-11.1785889,-75.2758179,-671.909546
1227,6.138305,-11.1785889,-75.2758179,-671.909546
1228,6.143346,-11.1785889,-75.2758179,-671.909546
1229,6.148319,-11.1785889,-75.2758179,-671.909546
1230,6.153316,-11.1785889,-75.2758179,-671.909546
1231,6.158302,-11.1785889,-75.2758179,-671.909546
1232,6.163319,-11.1785889,-75.2758179,-671.909546
1233,6.168305,-11.1785889,-75.2758179,-671.909546
1234,6.173322,-11.1785889,-75.2758179,-671.909546
1235,6.178308,-11.1785889,-75.2758179,-671.909546
1236,6.183319,-11.1785889,-75.2758179,-671.909546
1237,6.188307,-11.1785889,-75.2758179,-671.909546
1238,6.193320,-11.1785889,-75.2758179,-671.909546
1239,6.198307,-11.1785889,-75.2758179,-671.909546
1240,6.203322,-11.1785889,-75.2758179,-671.909546
1241,6.208308,-11.1785889,-75.2758179,-671.909546
1242,6.213317,-11.1785889,-75.2758179,-671.909546
1243,6.218307,-11.1785889,-75.2758179,-671.909546
1244,6.223316,-11.1785889,-75.2758179,-671.909546
1245,6.228301,-11.1785889,-75.2758179,-671.909546
1246,6.233320,-11.1785889,-75.2758179,-671.909546
1247,6.238305,-11.1785889,-75.2758179,-671.909546
1248,6.243323,-11.1785889,-75.2758179,-671.909546
1249,6.248305,-11.1785889,-75.2758179,-671.909546
1250,6.253317,-11.1785889,-75.2758179,-671.909546
1251,6.258316,-11.1785889,-75.2758179,-671.909546
1252,6.263321,-11.1785889,-75.2758179,-671.909546
1253,6.268301,-11.1785889,-75.2758179,-671.909546
1254,6.273337,-11.1785889,-75.2758179,-671.909546
1255,6.278306,-11.1785889,-75.2758179,-671.909546
1256,6.283307,-11.1785889,-75.2758179,-671.909546
1257,6.288321,-11.1785889,-75.2758179,-671.909546
1258,6.293306,-11.1785889,-75.2758179,-671.909546
1259,6.298316,-11.1785889,-75.2758179,-671.909546
1260,6.303304,-11.1785889,-75.2758179,-671.909546
1261,6.308316,-11.1785889,-75.2758179,-671.909546
1262,6.313445,-11.1785889,-75.2758179,-671.909546
1263,6.318319,-11.1785889,-75.2758179,-671.909546
1264,6.323301,-11.1785889,-75.2758179,-671.909546
1265,6.328315,-11.1785889,-75.2758179,-671.909546
1266,6.333306,-11.1785889,-75.2758179,-671.909546
1267,6.338322,-11.1785889,-75.2758179,-671.909546
1268,6.343302,-11.1785889,-75.2758179,-671.909546
1269,6.348318,-11.1785889,-75.2758179,-671.909546
1270,6.353303,-11.1785889,-75.2758179,-671.909546
1271,6.358317,-11.1785889,-75.2758179,-671.909546
1272,6.363303,-11.1785889,-75.2758179,-671.909546
1273,6.368305,-11.1785889,-75.2758179,-671.909546
1274,6.373319,-11.1785889,-75.2758179,-671.909546
1275,6.378304,-11.1785889,-75.2758179,-671.909546
1276,6.383317,-11.1785889,-75.2758179,-671.909546
1277,6.388304,-11.1785889,-75.2758179,-671.909546
1278,6.393316,-11.1785889,-75.2758179,-671.909546
1279,6.398303,-11.1785889,-75.2758179,-671.909546
1280,6.403321,-11.1785889,-75.2758179,-671.909546
1281,6.408303,-11.1785889,-75.2758179,-671.909546
1282,6.413322,-11.1785889,-75.2758179,-671.909546
1283,6.418307,-11.1785889,-75.2758179,-671.909546
1284,6.423316,-11.1785889,-75.2758179,-671.909546
1285,6.428301,-11.1785889,-75.2758179,-671.909546
1286,6.433316,-11.1785889,-75.2758179,-671.909546
1287,6.438301,-11.1785889,-75.2758179,-671.909546
1288,6.443319,-11.1785889,-75.2758179,-671.909546
1289,6.448301,-11.1785889,-75.2758179,-671.909546
1290,6.453317,-11.1785889,-75.2758179,-671.909546
1291,6.458305,-11.1785889,-75.2758179,-671.909546
1292,6.463317,-11.1785889,-75.2758179,-671.909546
1293,6.468304,-11.1785889,-75.2758179,-671.909546
1294,6.473301,-11.1785889,-75.2758179,-671.909546
1295,6.478321,-11.1785889,-75.2758179,-671.909546
1296,6.483307,-11.1785889,-75.2758179,-671.909546
1297,6.488319,-11.1785889,-75.2758179,-671.909546
1298,6.493307,-11.1785889,-75.2758179,-671.909546
1299,6.498322,-11.1785889,-75.2758179,-671.909546
1300,6.503302,-11.1785889,-75.2758179,-671.909546
1301,6.508318,-11.1785889,-75.2758179,-671.909546
1302,6.513308,-11.1785889,-75.2758179,-671.909546
1303,6.518323,-11.1785889,-75.2758179,-671.909546
1304,6.523305,-11.1785889,-75.2758179,-671.909546
1305,6.528322,-11.1785889,-75.2758179,-671.909546
1306,6.533304,-11.1785889,-75.2758179,-671.909546
1307,6.538319,-11.1785889,-75.2758179,-671.909546
1308,6.543307,-11.1785889,-75.2758179,-671.909546
1309,6.548318,-11.1785889,-75.2758179,-671.909546
1310,6.553303,-11.1785889,-75.2758179,-671.909546
1311,6.558322,-11.1785889,-75.2758179,-671.909546
1312,6.563308,-11.1785889,-75.2758179,-671.909546
1313,6.568322,-11.1785889,-75.2758179,-671.909546
1314,6.573305,-11.1785889,-75.2758179,-671.909546
1315,6.578307,-11.1785889,-75.2758179,-671.909546
1316,6.583315,-11.1785889,-75.2758179,-671.909546
1317,6.588306,-11.1785889,-75.2758179,-671.909546
1318,6.593323,-11.1785889,-75.2758179,-671.909546
1319,6.598305,-11.1785889,-75.2758179,-671.909546
1320,6.603320,-11.1785889,-75.2758179,-671.909546
1321,6.608301,-11.1785889,-75.2758179,-671.909546
1322,6.613320,-11.1785889,-75.2758179,-671.909546
1323,6.618302,-11.1785889,-75.2758179,-671.909546
1324,6.623323,-11.1785889,-75.2758179,-671.909546
1325,6.628305,-11.1785889,-75.2758179,-671.909546
1326,6.633318,-11.1785889,-75.2758179,-671.909546
1327,6.638301,-11.1785889,-75.2758179,-671.909546
1328,6.643315,-11.1785889,-75.2758179,-671.909546
1329,6.648306,-11.1785889,-75.2758179,-671.909546
1330,6.653304,-11.1785889,-75.2758179,-671.909546
1331,6.658316,-11.1785889,-75.2758179,-671.909546
1332,6.663316,-11.1785889,-75.2758179,-671.909546
1333,6.668323,-11.1785889,-75.2758179,-671.909546
1334,6.673302,-11.1785889,-75.2758179,-671.909546
1335,6.678321,-11.1785889,-75.2758179,-671.909546
1336,6.683301,-11.1785889,-75.2758179,-671.909546
1337,6.688316,-11.1785889,-75.2758179,-671.909546
1338,6.693304,-11.1785889,-75.2758179,-671.909546
1339,6.698320,-11.1785889,-75.2758179,-671.909546
1340,6.703305,-11.1785889,-75.2758179,-671.909546
1341,6.708319,-11.1785889,-75.2758179,-671.909546
1342,6.713321,-11.1785889,-75.2758179,-671.909546
1343,6.718319,-11.1785889,-75.2758179,-671.909546
1344,6.723301,-11.1785889,-75.2758179,-671.909546
1345,6.728321,-11.1785889,-75.2758179,-671.909546
1346,6.733303,-11.1785889,-75.2758179,-671.909546
1347,6.738321,-11.1785889,-75.2758179,-671.909546
1348,6.743301,-11.1785889,-75.2758179,-671.909546
1349,6.748316,-11.1785889,-75.2758179,-671.909546
1350,6.753305,-11.1785889,-75.2758179,-671.909546
1351,6.758318,-11.1785889,-75.2758179,-671.909546
1352,6.763306,-11.1785889,-75.2758179,-671.909546
1353,6.768348,-11.1785889,-75.2758179,-671.909546
1354,6.773301,-11.1785889,-75.2758179,-671.909546
1355,6.778304,-11.1785889,-75.2758179,-671.909546
1356,6.783321,-11.1785889,-75.2758179,-671.909546
1357,6.788303,-11.1785889,-75.2758179,-671.909546
1358,6.793315,-11.1785889,-75.2758179,-671.909546
1359,6.798306,-11.1785889,-75.2758179,-671.909546
1360,6.803323,-11.1785889,-75.2758179,-671.909546
1361,6.808305,-11.1785889,-75.2758179,-671.909546
1362,6.813319,-11.1785889,-75.2758179,-671.909546
1363,6.818304,-11.1785889,-75.2758179,-671.909546
1364,6.823320,-11.1785889,-75.2758179,-671.909546
1365,6.828316,-11.1785889,-75.2758179,-671.909546
1366,6.833321,-11.1785889,-75.2758179,-671.909546
1367,6.838303,-11.1785889,-75.2758179,-671.909546
1368,6.843323,-11.1785889,-75.2758179,-671.909546
1369,6.848301,-11.1785889,-75.2758179,-671.909546
1370,6.853322,-11.1785889,-75.2758179,-671.909546
1371,6.858304,-11.1785889,-75.2758179,-671.909546
1372,6.863327,-11.1785889,-75.2758179,-671.909546
1373,6.868322,-11.1785889,-75.2758179,-671.909546
1374,6.873307,-11.1785889,-75.2758179,-671.909546
1375,6.878319,-11.1785889,-75.2758179,-671.909546
1376,6.883316,-11.1785889,-75.2758179,-671.909546
1377,6.888321,-11.1785889,-75.2758179,-671.909546
1378,6.893302,-11.1785889,-75.2758179,-671.909546
1379,6.898318,-11.1785889,-75.2758179,-671.909546
1380,6.903302,-11.1785889,-75.2758179,-671.909546
1381,6.908320,-11.1785889,-75.2758179,-671.909546
1382,6.913306,-11.1785889,-75.2758179,-671.909546
1383,6.918321,-11.1785889,-75.2758179,-671.909546
1384,6.923303,-11.1785889,-75.2758179,-671.909546
1385,6.928319,-11.1785889,-75.2758179,-671.909546
1386,6.933303,-11.1785889,-75.2758179,-671.909546
1387,6.938321,-11.1785889,-75.2758179,-671.909546
1388,6.943307,-11.1785889,-75.2758179,-671.909546
1389,6.948316,-11.1785889,-75.2758179,-671.909546
1390,6.953304,-11.1785889,-75.2758179,-671.909546
1391,6.958322,-11.1785889,-75.2758179,-671.909546
1392,6.963307,-11.1785889,-75.2758179,-671.909546
1393,6.968317,-11.1785889,-75.2758179,-671.909546
1394,6.973307,-11.1785889,-75.2758179,-671.909546
1395,6.978320,-11.1785889,-75.2758179,-671.909546
1396,6.983305,-11.1785889,-75.2758179,-671.909546
1397,6.988321,-11.1785889,-75.2758179,-671.909546
1398,6.993307,-11.1785889,-75.2758179,-671.909546
1399,6.998322,-11.1785889,-75.2758179,-671.909546
1400,7.003303,-11.1785889,-75.2758179,-671.909546
1401,7.008301,-11.1785889,-75.2758179,-671.909546
1402,7.013319,-11.1785889,-75.2758179,-671.909546
1403,7.018301,-11.1785889,-75.2758179,-671.909546
1404,7.023321,-11.1785889,-75.2758179,-671.909546
1405,7.028303,-11.1785889,-75.2758179,-671.909546
1406,7.033321,-11.1785889,-75.2758179,-671.909546
1407,7.038303,-11.1785889,-75.2758179,-671.909546
1408,7.043317,-11.1785889,-75.2758179,-671.909546
1409,7.048303,-11.1785889,-75.2758179,-671.909546
1410,7.053322,-11.1785889,-75.2758179,-671.909546
1411,7.058316,-11.1785889,-75.2758179,-671.909546
1412,7.063316,-11.1785889,-75.2758179,-671.909546
1413,7.068301,-11.1785889,-75.2758179,-671.909546
1414,7.073316,-11.1785889,-75.2758179,-671.909546
1415,7.078307,-11.1785889,-75.2758179,-671.909546
1416,7.083303,-11.1785889,-75.2758179,-671.909546
1417,7.088323,-11.1785889,-75.2758179,-671.909546
1418,7.093308,-11.1785889,-75.2758179,-671.909546
1419,7.098321,-11.1785889,-75.2758179,-671.909546
1420,7.103303,-11.1730957,-75.2758179,-671.909546
1421,7.108322,-11.1676025,-75.2758179,-671.909546
1422,7.113316,-11.1621094,-75.2758179,-671.909546
1423,7.118322,-11.1566162,-75.2758179,-671.909546
1424,7.123308,-11.1456299,-75.2758179,-671.909546
1425,7.128320,-11.1401367,-75.2758179,-671.909546
1426,7.133308,-11.1291504,-75.2758179,-671.909546
1427,7.138319,-11.1181641,-75.2758179,-671.909546
1428,7.143304,-11.1016846,-75.2758179,-671.909546
1429,7.148318,-11.0852051,-75.2758179,-671.909546
1430,7.153306,-11.0687256,-75.2758179,-671.909546
1431,7.158319,-11.0522461,-75.2758179,-671.909546
1432,7.163320,-11.0302734,-75.2758179,-671.909546
1433,7.168318,-11.0137939,-75.2758179,-671.909546
1434,7.173303,-10.9863281,-75.2758179,-671.909546
1435,7.178322,-10.9643555,-75.2758179,-671.909546
1436,7.183307,-10.947876,-75.2758179,-671.909546
1437,7.188322,-10.9204102,-75.2758179,-671.909546
1438,7.193302,-10.8984375,-75.2707367,-671.894348
1439,7.198371,-10.8874512,-75.2707367,-671.868958
1440,7.203304,-10.848999,-75.2605743,-671.828308
1441,7.208302,-10.8325195,-75.2605743,-671.802917
1442,7.213317,-10.8050537,-75.250412,-671.762268
1443,7.218321,-10.7830811,-75.250412,-671.762268
1444,7.223320,-10.7611084,-75.250412,-671.762268
1445,7.228307,-10.7446289,-75.250412,-671.762268
1446,7.233316,-10.7171631,-75.250412,-671.762268
1447,7.238307,-10.7006836,-75.250412,-671.762268
1448,7.243319,-10.6787109,-75.250412,-671.762268
1449,7.248306,-10.6622314,-75.250412,-671.762268
1450,7.253316,-10.6347656,-75.250412,-671.762268
1451,7.258302,-10.6182861,-75.250412,-671.762268
1452,7.263315,-10.5963135,-75.250412,-671.762268
1453,7.268305,-10.5743408,-75.250412,-671.762268
1454,7.273317,-10.546875,-75.250412,-671.762268
1455,7.278302,-10.5303955,-75.250412,-671.762268
1456,7.283317,-10.4974365,-75.250412,-671.736877
1457,7.288307,-10.4754639,-75.250412,-671.711487
1458,7.293320,-10.4425049,-75.2453308,-671.660645
1459,7.298302,-10.4205322,-75.2402496,-671.630127
1460,7.303317,-10.3985596,-75.2351685,-671.579285
1461,7.308308,-10.3546143,-75.2300873,-671.543701
1462,7.313317,-10.3216553,-75.2199249,-671.497986
1463,7.318304,-10.2996826,-75.2199249,-671.477661
1464,7.323321,-10.2886963,-75.2199249,-671.421753
1465,7.328321,-10.2886963,-75.2199249,-671.381104
1466,7.333320,-10.2337646,-75.2199249,-671.320129
1467,7.338306,-10.1898193,-75.2199249,-671.27948
1468,7.343307,-10.1568604,-75.2199249,-671.21344
1469,7.348319,-10.1348877,-75.2199249,-671.167725
1470,7.353305,-10.1019287,-75.2148437,-671.101685
1471,7.358321,-10.0799561,-75.2046814,-671.045837
1472,7.363302,-10.0469971,-75.1894379,-670.9646
1473,7.368320,-10.0250244,-75.1843567,-670.903687
1474,7.373302,-9.98657227,-75.1843567,-670.812317
1475,7.378318,-9.96459961,-75.1843567,-670.746277
1476,7.383303,-9.92614746,-75.1792755,-670.659973
1477,7.388321,-9.89868164,-75.1792755,-670.609192
1478,7.393317,-9.85473633,-75.1741943,-670.543152
1479,7.398319,-9.82727051,-75.1741943,-670.497437
1480,7.403304,-9.81079102,-75.1691132,-670.431396
1481,7.408318,-9.7668457,-75.1691132,-670.390747
1482,7.413303,-9.75036621,-75.164032,-670.319641
1483,7.418318,-9.7064209,-75.164032,-670.278992
1484,7.423306,-9.68994141,-75.1589508,-670.20282
1485,7.428321,-9.65148926,-75.1487885,-670.16217
1486,7.433306,-9.64050293,-75.1487885,-670.09613
1487,7.438318,-9.59655762,-75.1437073,-670.050415
1488,7.443304,-9.58557129,-75.1386261,-669.979309
1489,7.448319,-9.54162598,-75.1386261,-669.943726
1490,7.453304,-9.51965332,-75.1335449,-669.877686
1491,7.458322,-9.48669434,-75.1335449,-669.842102
1492,7.463303,-9.46472168,-75.1284637,-669.781128
1493,7.468319,-9.43725586,-75.1233826,-669.75061
1494,7.473308,-9.4152832,-75.1233826,-669.689636
1495,7.478394,-9.38232422,-75.1183014,-669.648987
1496,7.483303,-9.36584473,-75.1183014,-669.582947
1497,7.488301,-9.33288574,-75.1183014,-669.547363
1498,7.493317,-9.31640625,-75.108139,-669.481323
1499,7.498318,-9.28344727,-75.108139,-669.425415
1500,7.503321,-9.26147461,-75.0979767,-669.344177
1501,7.508303,-9.22851563,-75.0979767,-669.278137
1502,7.513315,-9.20654297,-75.0928955,-669.196899
1503,7.518306,-9.16809082,-75.0878143,-669.146118
1504,7.523319,-9.140625,-75.0725708,-669.069946
1505,7.528301,-9.09667969,-75.0725708,-669.009033
1506,7.533320,-9.0637207,-75.0624084,-668.937927
1507,7.538302,-9.01977539,-75.0624084,-668.887146
1508,7.543320,-8.99230957,-75.0471649,-668.810974
1509,7.548305,-8.94836426,-75.0370026,-668.765259
1510,7.553318,-8.92089844,-75.0268402,-668.699219
1511,7.558319,-8.88244629,-75.0166779,-668.658569
1512,7.563330,-8.85498047,-75.0014343,-668.592529
1513,7.568317,-8.82202148,-74.9963531,-668.55188
1514,7.573307,-8.79455566,-74.9861908,-668.48584
1515,7.578319,-8.76159668,-74.9760284,-668.435059
1516,7.583308,-8.73413086,-74.9658661,-668.353821
1517,7.588321,-8.70117188,-74.9557037,-668.30304
1518,7.593307,-8.67919922,-74.9404602,-668.196411
1519,7.598319,-8.65722656,-74.9252167,-668.10498
1520,7.603304,-8.61328125,-74.9099731,-667.927124
1521,7.608322,-8.58032227,-74.8998108,-667.774719
1522,7.613307,-8.53088379,-74.8794861,-667.551208
1523,7.618317,-8.4979248,-74.8591614,-667.408997
1524,7.623306,-8.43200684,-74.8388367,-667.185486
1525,7.628319,-8.36608887,-74.8286743,-667.058472
1526,7.633304,-8.26171875,-74.818512,-666.870483
1527,7.638321,-8.19580078,-74.8134308,-666.713013
1528,7.643307,-8.09692383,-74.8032684,-666.61145
1529,7.648318,-8.04199219,-74.7880249,-666.47937
1530,7.653303,-7.95410156,-74.7778625,-666.382874
1531,7.658318,-7.89367676,-74.7677002,-666.240662
1532,7.663306,-7.81677246,-74.7575378,-666.133972
1533,7.668316,-7.77282715,-74.7372131,-665.956116
1534,7.673323,-7.70690918,-74.7219696,-665.829102
1535,7.678323,-7.66296387,-74.6965637,-665.625916
1536,7.683304,-7.58605957,-74.6813202,-665.48877
1537,7.688394,-7.53112793,-74.6609955,-665.270386
1538,7.693307,-7.4432373,-74.645752,-665.112915
1539,7.698302,-7.38830566,-74.6101837,-664.853821
1540,7.703321,-7.29492188,-74.5949402,-664.686157
1541,7.708303,-7.22351074,-74.5593719,-664.432129
1542,7.713317,-7.22351074,-74.5339661,-664.269531
1543,7.718304,-7.11914063,-74.4983978,-664.046082
1544,7.723319,-6.97631836,-74.4729919,-663.919067
1545,7.728301,-6.97631836,-74.4475861,-663.736206
1546,7.733321,-6.80603027,-74.4272614,-663.62439
1547,7.738306,-6.66870117,-74.4069366,-663.482178
1548,7.743319,-6.63024902,-74.3967743,-663.390747
1549,7.748301,-6.53137207,-74.3815308,-663.248535
1550,7.753308,-6.50939941,-74.3764496,-663.152039
1551,7.758317,-6.41052246,-74.3662872,-663.0047
1552,7.763307,-6.3885498,-74.3561249,-662.903137
1553,7.768320,-6.30065918,-74.3408813,-662.755798
1554,7.773302,-6.27868652,-74.3205566,-662.643982
1555,7.778318,-6.1907959,-74.2900696,-662.491577
1556,7.783308,-6.16882324,-74.274826,-662.384888
1557,7.788316,-6.06445313,-74.244339,-662.207031
1558,7.793305,-6.04248047,-74.2189331,-662.095215
1559,7.798322,-5.93811035,-74.1833649,-661.907227
1560,7.803307,-5.9161377,-74.1630402,-661.790344
1561,7.808321,-5.80078125,-74.1223907,-661.602356
1562,7.813301,-5.77331543,-74.0969849,-661.475342
1563,7.818317,-5.65795898,-74.0664978,-661.282288
1564,7.823302,-5.63049316,-74.0410919,-661.150208
1565,7.828317,-5.50964355,-74.0106049,-660.957153
1566,7.833308,-5.47668457,-73.9953613,-660.814941
1567,7.838450,-5.35583496,-73.9648743,-660.596558
1568,7.843308,-5.32836914,-73.9597931,-660.428894
1569,7.848301,-5.20751953,-73.9445496,-660.179932
1570,7.853317,-5.18005371,-73.9445496,-660.007202
1571,7.858303,-5.06469727,-73.9343872,-659.778625
1572,7.863316,-4.9987793,-73.929306,-659.621155
1573,7.868306,-4.89990234,-73.9242249,-659.412903
1574,7.873319,-4.82849121,-73.9242249,-659.285889
1575,7.878304,-4.75708008,-73.9140625,-659.113159
1576,7.883316,-4.65820313,-73.9039001,-659.011536
1577,7.888303,-4.60327148,-73.8886566,-658.843811
1578,7.893319,-4.52636719,-73.8784943,-658.742249
1579,7.898306,-4.47143555,-73.8632507,-658.574646
1580,7.903323,-4.38903809,-73.8530884,-658.46283
1581,7.908316,-4.33959961,-73.8378448,-658.264709
1582,7.913319,-4.26269531,-73.8175201,-658.132629
1583,7.918307,-4.20776367,-73.7921143,-657.919312
1584,7.923317,-4.13085938,-73.7819519,-657.7771
1585,7.928307,-4.06494141,-73.756546,-657.563782
1586,7.933320,-3.97155762,-73.7463837,-657.426636
1587,7.938306,-3.91113281,-73.726059,-657.22345
1588,7.943323,-3.81225586,-73.7158966,-657.101501
1589,7.948301,-3.75183105,-73.7006531,-656.928772
1590,7.953319,-3.65844727,-73.6904907,-656.816956
1591,7.958301,-3.59802246,-73.6803284,-656.654358
1592,7.963322,-3.50463867,-73.6752472,-656.552795
1593,7.968301,-3.4552002,-73.670166,-656.390198
1594,7.973316,-3.3782959,-73.670166,-656.283508
1595,7.978303,-3.32885742,-73.6650848,-656.105652
1596,7.983305,-3.25195312,-73.6650848,-655.978638
1597,7.988323,-3.20251465,-73.6650848,-655.785583
1598,7.993304,-3.12561035,-73.6650848,-655.653503
1599,7.998322,-3.07617187,-73.6650848,-655.460449
1600,8.003303,-2.99377441,-73.6650848,-655.333435
1601,8.008322,-2.99377441,-73.6549225,-655.140381
1602,8.013302,-2.85095215,-73.6447601,-655.018433
1603,8.018323,-2.79052734,-73.6295166,-654.825378
1604,8.023308,-2.70263672,-73.6244354,-654.70343
1605,8.028319,-2.64221191,-73.6091919,-654.515442
1606,8.033308,-2.55432129,-73.5990295,-654.383362
1607,8.038323,-2.49389648,-73.5787048,-654.190308
1608,8.043305,-2.40600586,-73.5634613,-654.068359
1609,8.048319,-2.34558105,-73.5583801,-653.880371
1610,8.053303,-2.25769043,-73.553299,-653.758423
1611,8.058320,-2.19726562,-73.5431366,-653.570435
1612,8.063308,-2.109375,-73.5380554,-653.448486
1613,8.068323,-2.05444336,-73.5278931,-653.265564
1614,8.073304,-1.96655273,-73.5228119,-653.143616
1615,8.078321,-1.91162109,-73.5177307,-652.965759
1616,8.083302,-1.82922363,-73.5126495,-652.843811
1617,8.088345,-1.77429199,-73.5024872,-652.665955
1618,8.093306,-1.6973877,-73.497406,-652.549072
1619,8.098301,-1.64245605,-73.4872437,-652.36615
1620,8.103316,-1.56005859,-73.4872437,-652.249268
1621,8.108307,-1.50512695,-73.4821625,-652.071411
1622,8.113319,-1.42272949,-73.4720001,-651.954529
1623,8.118304,-1.36779785,-73.4567566,-651.771606
1624,8.123319,-1.28540039,-73.4465942,-651.644592
1625,8.128304,-1.28540039,-73.4313507,-651.446472
1626,8.133317,-1.19750977,-73.4161072,-651.324524
1627,8.138303,-1.14257812,-73.3907013,-651.13147
1628,8.143322,-1.08764648,-73.3754578,-651.014587
1629,8.148308,-1.00524902,-73.3449707,-650.826599
1630,8.153323,-0.87890625,-73.3297272,-650.699585
1631,8.158302,-0.87890625,-73.2992401,-650.516663
1632,8.163321,-0.725097656,-73.2839966,-650.39978
1633,8.168307,-0.725097656,-73.2535095,-650.211792
1634,8.173316,-0.571289063,-73.2331848,-650.089844
1635,8.178301,-0.477905273,-73.2128601,-649.906921
1636,8.183302,-0.417480469,-73.2026978,-649.790039
1637,8.188318,-0.329589844,-73.1772919,-649.612183
1638,8.193307,-0.269165039,-73.1620483,-649.490234
1639,8.198317,-0.186767578,-73.1569672,-649.312378
1640,8.203302,-0.126342773,-73.1468048,-649.195496
1641,8.208317,-0.0494384766,-73.1366425,-649.017639
1642,8.213305,0,-73.1315613,-648.895691
1643,8.218317,0.0769042969,-73.1213989,-648.717834
1644,8.223307,0.131835938,-73.1163177,-648.595886
1645,8.228321,0.214233398,-73.1061554,-648.407898
1646,8.233303,0.269165039,-73.095993,-648.28595
1647,8.238316,0.3515625,-73.0756683,-648.097961
1648,8.243321,0.406494141,-73.065506,-647.970947
1649,8.248316,0.488891602,-73.0502625,-647.777893
1650,8.253304,0.549316406,-73.0299377,-647.645813
1651,8.258317,0.637207031,-73.0045319,-647.447693
1652,8.263305,0.692138672,-72.9842072,-647.315613
1653,8.268322,0.785522461,-72.9537201,-647.107361
1654,8.273307,0.845947266,-72.9384766,-646.975281
1655,8.278321,0.939331055,-72.9079895,-646.782227
1656,8.283304,0.999755859,-72.8876648,-646.655212
1657,8.288319,1.09313965,-72.8724213,-646.467224
1658,8.293301,1.15356445,-72.8520966,-646.350342
1659,8.298494,1.24694824,-72.8419342,-646.172546
1660,8.303304,1.34033203,-72.8317719,-646.06073
1661,8.308320,1.39526367,-72.8266907,-645.882935
1662,8.313308,1.47216797,-72.8216095,-645.771118
1663,8.318306,1.52709961,-72.8165283,-645.58313
1664,8.323319,1.60400391,-72.8165283,-645.461182
1665,8.328301,1.65893555,-72.8165283,-645.273193
1666,8.333322,1.73583984,-72.8114471,-645.141113
1667,8.338304,1.79077148,-72.806366,-644.942993
1668,8.343319,1.86767578,-72.8012848,-644.815979
1669,8.348307,1.92810059,-72.7860413,-644.612793
1670,8.353316,2.01599121,-72.7809601,-644.485779
1671,8.358303,2.07092285,-72.7657166,-644.267395
1672,8.363321,2.15881348,-72.7555542,-644.120117
1673,8.368308,2.22473145,-72.7352295,-643.886475
1674,8.373316,2.28515625,-72.7301483,-643.729004
1675,8.378301,2.37854004,-72.7098236,-643.495361
1676,8.383318,2.44445801,-72.7098236,-643.348083
1677,8.388304,2.54333496,-72.7098236,-643.1297
1678,8.393305,2.60925293,-72.6996613,-642.987488
1679,8.398320,2.71362305,-72.6945801,-642.789368
1680,8.403308,2.77954102,-72.6894989,-642.652222
1681,8.408319,2.8729248,-72.6844177,-642.454102
1682,8.413301,2.93334961,-72.6844177,-642.316956
1683,8.418321,3.02124023,-72.6844177,-642.108704
1684,8.423306,3.08166504,-72.6844177,-641.976624
1685,8.428322,3.16955566,-72.6742554,-641.783569
1686,8.433303,3.2244873,-72.6742554,-641.656555
1687,8.438316,3.31237793,-72.6793365,-641.468567
1688,8.443308,3.33984375,-72.6793365,-641.351685
1689,8.448317,3.42224121,-72.6844177,-641.168762
1690,8.453302,3.48266602,-72.6793365,-641.057007
1691,8.458323,3.56506348,-72.6691742,-640.869019
1692,8.463318,3.61999512,-72.664093,-640.731873
1693,8.468317,3.70788574,-72.6539307,-640.528687
1694,8.473306,3.76831055,-72.6437683,-640.386475
1695,8.478320,3.85620117,-72.6234436,-640.178223
1696,8.483302,3.91113281,-72.6183624,-640.041077
1697,8.488323,4.0045166,-72.6031189,-639.848022
1698,8.493308,4.07043457,-72.5980377,-639.715942
1699,8.498319,4.17480469,-72.5726318,-639.522888
1700,8.503304,4.24072266,-72.5726318,-639.395874
1701,8.508323,4.34509277,-72.547226,-639.212952
1702,8.513304,4.40551758,-72.5421448,-639.096069
1703,8.518317,4.50439453,-72.5319824,-638.918213
1704,8.523302,4.5703125,-72.5218201,-638.796265
1705,8.528316,4.66369629,-72.5116577,-638.628601
1706,8.533305,4.71862793,-72.5116577,-638.506653
1707,8.538322,4.80102539,-72.5065765,-638.333862
1708,8.543307,4.85595703,-72.5065765,-638.21698
1709,8.548302,4.93835449,-72.5065765,-638.049316
1710,8.553321,4.99328613,-72.5065765,-637.9375
1711,8.558304,5.07568359,-72.5014954,-637.769836
1712,8.563321,5.15258789,-72.4964142,-637.65802
1713,8.568307,5.15258789,-72.4964142,-637.480225
1714,8.573321,5.28991699,-72.4862518,-637.368469
1715,8.578307,5.36682129,-72.4710083,-637.170349
1716,8.583320,5.42175293,-72.4710083,-637.083984
1717,8.588302,5.50964355,-72.4710083,-637.083984
1718,8.593319,5.57006836,-72.4710083,-637.083984
1719,8.598301,5.66345215,-72.4710083,-637.083984
1720,8.603321,5.72387695,-72.4557648,-637.007813
1721,8.608304,5.82275391,-72.4354401,-636.926514
1722,8.613302,5.88867188,-72.4100342,-636.840149
1723,8.618320,5.98754883,-72.3897095,-636.703003
1724,8.623305,6.05895996,-72.3592224,-636.560791
1725,8.628317,6.14685059,-72.3338165,-636.454102
1726,8.633322,6.20178223,-72.3134918,-636.32196
1727,8.638317,6.28967285,-72.3084106,-636.25592
1728,8.643302,6.34460449,-72.2982483,-636.078125
1729,8.648320,6.42700195,-72.2931671,-635.951111
1730,8.653305,6.48742676,-72.2880859,-635.758057
1731,8.658319,6.56982422,-72.2830048,-635.631042
1732,8.663307,6.63024902,-72.2830048,-635.44812
1733,8.668320,6.71264648,-72.2779236,-635.331238
1734,8.673306,6.76757813,-72.2728424,-635.158508
1735,8.678321,6.85546875,-72.2677612,-635.041687
1736,8.683303,6.91040039,-72.2575989,-634.858826
1737,8.688317,6.99279785,-72.2525177,-634.731812
1738,8.693317,7.04223633,-72.2372742,-634.533691
1739,8.698316,7.12463379,-72.2169495,-634.406677
1740,8.703304,7.17407227,-72.2017059,-634.208557
1741,8.708320,7.26745605,-72.1864624,-634.081543
1742,8.713301,7.32788086,-72.1610565,-633.893555
1743,8.718315,7.42675781,-72.1407318,-633.771606
1744,8.723304,7.48718262,-72.1254883,-633.598816
1745,8.728382,7.58056641,-72.1102448,-633.471863
1746,8.733306,7.64648438,-72.08992,-633.309265
1747,8.738308,7.73986816,-72.0797577,-633.187378
1748,8.743318,7.80029297,-72.0695953,-633.014648
1749,8.748304,7.88818359,-72.0645142,-632.897827
1750,8.753321,7.94311523,-72.059433,-632.725098
1751,8.758307,8.0255127,-72.059433,-632.603149
1752,8.763316,8.08044434,-72.0543518,-632.430359
1753,8.768305,8.1628418,-72.0543518,-632.308411
1754,8.773318,8.21777344,-72.0543518,-632.140686
1755,8.778309,8.3001709,-72.0492706,-632.033997
1756,8.783315,8.35510254,-72.0492706,-631.871399
1757,8.788305,8.43200684,-72.0441895,-631.759583
1758,8.793319,8.48144531,-72.0441895,-631.586792
1759,8.798301,8.53088379,-72.0391083,-631.464844
1760,8.803321,8.53088379,-72.0340271,-631.27179
1761,8.808304,8.68469238,-72.0238647,-631.144775
1762,8.813316,8.73962402,-72.0187836,-630.961853
1763,8.818303,8.79455566,-72.0137024,-630.839905
1764,8.823462,8.88244629,-72.0086212,-630.662048
1765,8.828301,8.90991211,-72.00354,-630.545166
1766,8.833301,8.99780273,-71.9882965,-630.377441
1767,8.838320,9.09118652,-71.9832153,-630.260559
1768,8.843308,9.15161133,-71.9781342,-630.077637
1769,8.848320,9.23950195,-71.9679718,-629.950623
1770,8.853320,9.29443359,-71.9578094,-629.747437
1771,8.858317,9.38232422,-71.9527283,-629.610291
1772,8.863305,9.43725586,-71.9374847,-629.407104
1773,8.868322,9.51965332,-71.9324036,-629.28009
1774,8.873304,9.58007813,-71.9222412,-629.102234
1775,8.878323,9.66796875,-71.9222412,-628.985413
1776,8.883308,9.72290039,-71.91716,-628.817688
1777,8.888322,9.81079102,-71.91716,-628.710999
1778,8.893308,9.86572266,-71.9120789,-628.558594
1779,8.898317,9.94262695,-71.9120789,-628.457031
1780,8.903302,9.99206543,-71.9120789,-628.294434
1781,8.908317,10.0689697,-71.9120789,-628.182617
1782,8.913302,10.1184082,-71.9069977,-628.009827
1783,8.918303,10.1898193,-71.9069977,-627.887878
1784,8.923322,10.2392578,-71.8968353,-627.69989
1785,8.928304,10.3161621,-71.8968353,-627.572876
1786,8.933316,10.3710938,-71.886673,-627.379822
1787,8.938303,10.4589844,-71.8765106,-627.252808
1788,8.943318,10.4919434,-71.8612671,-627.054688
1789,8.948308,10.6072998,-71.8409424,-626.927673
1790,8.953315,10.6072998,-71.8206177,-626.729553
1791,8.958302,10.7061768,-71.8104553,-626.607605
1792,8.963322,10.7061768,-71.7901306,-626.409485
1793,8.968307,10.9698486,-71.7748871,-626.292603
1794,8.973316,11.0357666,-71.7647247,-626.099548
1795,8.978306,11.1346436,-71.7494812,-625.972534
1796,8.983322,11.2060547,-71.7342377,-625.80481
1797,8.988304,11.2939453,-71.7342377,-625.80481
1798,8.993321,11.348877,-71.7240753,-625.733704
1799,8.998306,11.4367676,-71.713913,-625.662598
1800,9.003317,11.4916992,-71.6935883,-625.550781
1801,9.008308,11.5686035,-71.6783447,-625.469482
1802,9.013306,11.618042,-71.6631012,-625.337402
1803,9.018316,11.6894531,-71.6478577,-625.23584
1804,9.023315,11.7333984,-71.6376953,-625.12915
1805,9.028318,11.8103027,-71.6376953,-625.12915
1806,9.033306,11.8652344,-71.6376953,-625.119019
1807,9.038318,11.9476318,-71.6224518,-625.058044
1808,9.043307,12.0025635,-71.5970459,-624.941162
1809,9.048315,12.0904541,-71.5818024,-624.844666
1810,9.053304,12.1508789,-71.5513153,-624.692322
1811,9.058322,12.2113037,-71.5259094,-624.580505
1812,9.063303,12.3046875,-71.4954224,-624.387451
1813,9.068317,12.3651123,-71.4801788,-624.296021
1814,9.073307,12.4530029,-71.4496994,-624.16394
1815,9.078323,12.5134277,-71.4344559,-624.03186
1816,9.083305,12.6068115,-71.4039688,-623.823608
1817,9.088321,12.6672363,-71.3887253,-623.70166
1818,9.093301,12.7606201,-71.3684006,-623.513672
1819,9.098320,12.8265381,-71.3582382,-623.39679
1820,9.103304,12.925415,-71.3480759,-623.22406
1821,9.108316,12.9858398,-71.3379135,-623.122498
1822,9.113302,13.0682373,-71.3277512,-622.965027
1823,9.118319,13.1231689,-71.32267,-622.858337
1824,9.123305,13.2110596,-71.3074265,-622.705994
1825,9.128321,13.2659912,-71.3074265,-622.584045
1826,9.133302,13.3374023,-71.3023453,-622.533264
1827,9.138322,13.3868408,-71.3023453,-622.533264
1828,9.143307,13.458252,-71.3023453,-622.533264
1829,9.148305,13.5076904,-71.3023453,-622.533264
1830,9.153319,13.5955811,-71.3023453,-622.533264
1831,9.158305,13.6505127,-71.3023453,-622.533264
1832,9.163322,13.7384033,-71.3023453,-622.533264
1833,9.168307,13.793335,-71.3023453,-622.533264
1834,9.173322,13.8922119,-71.3023453,-622.533264
1835,9.178308,13.9526367,-71.3023453,-622.533264
1836,9.183318,14.0515137,-71.3023453,-622.533264
1837,9.188303,14.1119385,-71.3023453,-622.533264
1838,9.193316,14.1998291,-71.3023453,-622.533264
1839,9.198321,14.2602539,-71.3023453,-622.533264
1840,9.203321,14.3481445,-71.3023453,-622.533264
1841,9.208303,14.4085693,-71.3023453,-622.533264
1842,9.213316,14.49646,-71.3023453,-622.533264
1843,9.218307,14.5568848,-71.3023453,-622.518005
1844,9.223322,14.6447754,-71.2972641,-622.436768
1845,9.228302,14.699707,-71.2972641,-622.365601
1846,9.233306,14.7821045,-71.2871017,-622.258911
1847,9.238318,14.8040771,-71.2871017,-622.182678
1848,9.243307,14.8809814,-71.2820206,-622.055664
1849,9.248321,14.9633789,-71.2769394,-621.964233
1850,9.253301,15.0128174,-71.2718582,-621.893127
1851,9.258320,15.0842285,-71.2616959,-621.806763
1852,9.263302,15.133667,-71.2515335,-621.644165
1853,9.268321,15.2105713,-71.2413712,-621.537476
1854,9.273306,15.2655029,-71.2312088,-621.364685
1855,9.278321,15.3533936,-71.2261276,-621.252869
1856,9.283306,15.4083252,-71.2108841,-621.085144
1857,9.288319,15.4962158,-71.2007217,-620.968262
1858,9.293302,15.5511475,-71.1854782,-620.800537
1859,9.298321,15.6060791,-71.180397,-620.678589
1860,9.303301,15.6939697,-71.1651535,-620.500732
1861,9.308323,15.7489014,-71.1549911,-620.394043
1862,9.313308,15.836792,-71.1346664,-620.226379
1863,9.318323,15.8917236,-71.1295853,-620.109558
1864,9.323308,15.9796143,-71.1194229,-619.936768
1865,9.328316,16.0345459,-71.1143417,-619.825012
1866,9.333306,16.1169434,-71.1092606,-619.662476
1867,9.338316,16.171875,-71.1092606,-619.560852
1868,9.343301,16.2542725,-71.0990982,-619.525269
1869,9.348322,16.3092041,-71.1041794,-619.520203
1870,9.353304,16.3092041,-71.2210236,-619.428772
1871,9.358321,16.4135742,-71.2210236,-619.317017
1872,9.363307,16.539917,-71.2210236,-619.169739
1873,9.368391,16.5948486,-71.2159424,-619.052917
1874,9.373308,16.5948486,-71.20578,-618.885254
1875,9.378306,16.6717529,-71.1956177,-618.763306
1876,9.383319,16.6717529,-71.1854553,-618.580383
1877,9.388304,16.7980957,-71.175293,-618.458435
1878,9.393318,16.7980957,-71.1549683,-618.275513
1879,9.398304,16.9958496,-71.1448059,-618.153564
1880,9.403321,17.0837402,-71.1244812,-617.975708
1881,9.408308,17.144165,-71.1143188,-617.848694
1882,9.413320,17.2375488,-71.0990753,-617.68103
1883,9.418303,17.2979736,-71.088913,-617.564148
1884,9.423317,17.3858643,-71.0736694,-617.396484
1885,9.428316,17.4462891,-71.0635071,-617.289795
1886,9.433321,17.5341797,-71.0533447,-617.122192
1887,9.438302,17.5891113,-71.0431824,-617.005371
1888,9.443322,17.6715088,-71.03302,-616.832642
1889,9.448304,17.7264404,-71.0279388,-616.705627
1890,9.453318,17.8088379,-71.0177765,-616.54303
1891,9.458303,17.8582764,-71.0126953,-616.431274
1892,9.463321,17.9406738,-71.0076141,-616.273743
1893,9.468301,17.9956055,-71.002533,-616.156921
1894,9.473319,18.0725098,-70.9923706,-616.004578
1895,9.478305,18.1274414,-70.9822083,-615.887695
1896,9.483317,18.2043457,-70.9669647,-615.714905
1897,9.488322,18.2592773,-70.9517212,-615.592957
1898,9.493303,18.3416748,-70.9313965,-615.410034
1899,9.498322,18.3966064,-70.9110718,-615.28302
1900,9.503307,18.4790039,-70.8856659,-615.100098
1901,9.508317,18.5339355,-70.8704224,-614.973083
1902,9.513306,18.6273193,-70.8450165,-614.795227
1903,9.518316,18.6932373,-70.8246918,-614.673279
1904,9.523307,18.7866211,-70.7992859,-614.500488
1905,9.528320,18.8470459,-70.77388,-614.368408
1906,9.533319,18.9349365,-70.7535553,-614.195618
1907,9.538318,18.9953613,-70.7383118,-614.068604
1908,9.543303,19.0612793,-70.7179871,-613.895813
1909,9.548316,19.1491699,-70.7027435,-613.768799
1910,9.553302,19.2041016,-70.6925812,-613.596008
1911,9.558317,19.2919922,-70.6773376,-613.479126
1912,9.563302,19.3469238,-70.6773376,-613.291138
1913,9.568316,19.4348145,-70.6722565,-613.128601
1914,9.573305,19.4897461,-70.6620941,-613.016846
1915,9.578316,19.5721436,-70.6468506,-612.849182
1916,9.583304,19.6270752,-70.6468506,-612.742493
1917,9.588430,19.7094727,-70.6366882,-612.57489
1918,9.593303,19.7589111,-70.6316071,-612.463135
1919,9.598306,19.8413086,-70.6214447,-612.29541
1920,9.603323,19.8962402,-70.6062012,-612.183594
1921,9.608305,19.9731445,-70.5960388,-612.005737
1922,9.613322,20.0335693,-70.5858765,-611.888855
1923,9.618306,20.1159668,-70.5655518,-611.705933
1924,9.623316,20.1708984,-70.5553894,-611.58905
1925,9.628306,20.2532959,-70.5401459,-611.396057
1926,9.633318,20.3192139,-70.5198212,-611.284241
1927,9.638308,20.4071045,-70.4994965,-611.091187
1928,9.643322,20.4730225,-70.4893341,-610.969238
1929,9.648307,20.5609131,-70.4690094,-610.786316
1930,9.653321,20.6213379,-70.4537659,-610.659302
1931,9.658303,20.7147217,-70.4486847,-610.471313
1932,9.663323,20.7751465,-70.4385223,-610.344299
1933,9.668305,20.8685303,-70.4232788,-610.166443
1934,9.673318,20.9234619,-70.4181976,-610.044495
1935,9.678305,21.0058594,-70.4131165,-609.866638
1936,9.683320,21.060791,-70.4080353,-609.74469
1937,9.688304,21.1157227,-70.4029541,-609.566833
1938,9.693323,21.2036133,-70.4029541,-609.444885
1939,9.698301,21.2585449,-70.3927917,-609.261963
1940,9.703317,21.3409424,-70.3927917,-609.145081
1941,9.708316,21.395874,-70.3877106,-608.962158
1942,9.713301,21.4837646,-70.3826294,-608.835144
1943,9.718321,21.5386963,-70.3775482,-608.647156
1944,9.723303,21.6265869,-70.372467,-608.515076
1945,9.728317,21.6815186,-70.3673859,-608.31189
1946,9.733303,21.7749023,-70.3623047,-608.184875
1947,9.738318,21.8408203,-70.3521423,-607.991821
1948,9.743303,21.9342041,-70.34198,-607.864807
1949,9.748322,21.9946289,-70.3318176,-607.676819
1950,9.753308,22.0880127,-70.3216553,-607.544739
1951,9.758320,22.1539307,-70.3114929,-607.35675
1952,9.763306,22.2473145,-70.3013306,-607.229736
1953,9.768315,22.3132324,-70.2911682,-607.046814
1954,9.773304,22.3736572,-70.286087,-606.9198
1955,9.778318,22.4615479,-70.286087,-606.731812
1956,9.783303,22.5164795,-70.2810059,-606.609863
1957,9.788320,22.6043701,-70.2810059,-606.421875
1958,9.793302,22.6647949,-70.2810059,-606.299927
1959,9.798318,22.7197266,-70.2810059,-606.12207
1960,9.803303,22.7197266,-70.2810059,-606.005188
1961,9.808322,22.8625488,-70.286087,-605.837463
1962,9.813304,22.8625488,-70.286087,-605.725647
1963,9.818320,23.0493164,-70.286087,-605.568176
1964,9.823303,23.104248,-70.286087,-605.45636
1965,9.828301,23.1866455,-70.2810059,-605.283569
1966,9.833316,23.2415771,-70.2810059,-605.166748
1967,9.838306,23.3184814,-70.2657623,-604.983826
1968,9.843321,23.3734131,-70.2556,-604.851746
1969,9.848307,23.4503174,-70.2403564,-604.653625
1970,9.853320,23.5162354,-70.2251129,-604.526611
1971,9.858303,23.6096191,-70.2047882,-604.333557
1972,9.863320,23.6755371,-70.1895447,-604.201477
1973,9.868321,23.7689209,-70.1743011,-603.993225
1974,9.873323,23.8348389,-70.1590576,-603.866211
1975,9.878305,23.9282227,-70.1285706,-603.663025
1976,9.883318,23.9941406,-70.1184082,-603.536011
1977,9.888304,24.0930176,-70.1031647,-603.327759
1978,9.893316,24.1534424,-70.0930023,-603.210876
1979,9.898301,24.241333,-70.0777588,-603.017822
1980,9.903316,24.3017578,-70.0675964,-602.895874
1981,9.908301,24.3896484,-70.0574341,-602.712952
1982,9.913316,24.4445801,-70.0523529,-602.591003
1983,9.918302,24.5324707,-70.0472717,-602.408081
1984,9.923317,24.5874023,-70.0472717,-602.296265
1985,9.928321,24.6697998,-70.0421906,-602.123474
1986,9.933306,24.7247314,-70.0371094,-602.011658
1987,9.938320,24.8071289,-70.026947,-601.823669
1988,9.943301,24.8620605,-70.026947,-601.691589
1989,9.948319,24.944458,-70.0167847,-601.483337
1990,9.953308,25.0048828,-70.0066223,-601.341125
1991,9.958321,25.0982666,-69.9862976,-601.127808
1992,9.963301,25.1641846,-69.9659729,-600.990662
1993,9.968320,25.2575684,-69.940567,-600.797607
1994,9.973308,25.3234863,-69.9202423,-600.665527
1995,9.978327,25.4223633,-69.8948364,-600.477539
1996,9.983304,25.4937744,-69.8745117,-600.360657
1997,9.988318,25.5596924,-69.8491058,-600.167603
1998,9.993303,25.6530762,-69.8389435,-600.040588
1999,9.998323,25.713501,-69.8237,-599.842468
2000,10.003305,25.8068848,-69.8186188,-599.705322
2001,10.008318,25.8673096,-69.8033752,-599.486938
2002,10.013306,25.9606934,-69.8033752,-599.349792
2003,10.018318,26.0211182,-69.7982941,-599.146606
2004,10.023307,26.114502,-69.7982941,-599.014526
2005,10.028316,26.1749268,-69.7982941,-598.841736
2006,10.033317,26.2353516,-69.7982941,-598.724854
2007,10.038302,26.3232422,-69.7881317,-598.552124
2008,10.043319,26.3781738,-69.7830505,-598.440308
2009,10.048304,26.4660645,-69.7728882,-598.257385
2010,10.053320,26.5209961,-69.767807,-598.130371
2011,10.058307,26.5979004,-69.7576447,-597.937317
2012,10.063316,26.652832,-69.7474823,-597.790039
2013,10.068306,26.7297363,-69.7373199,-597.561462
2014,10.073319,26.784668,-69.7322388,-597.41925
2015,10.078304,26.8835449,-69.7169952,-597.205933
2016,10.083317,26.9439697,-69.7017517,-597.073853
2017,10.088320,27.0428467,-69.6865082,-596.865601
2018,10.093319,27.1087646,-69.6763458,-596.728455
2019,10.098305,27.2021484,-69.6611023,-596.530334
2020,10.103320,27.2680664,-69.6458588,-596.398254
2021,10.108306,27.3669434,-69.6306152,-596.2052
2022,10.113319,27.4273682,-69.6153717,-596.083252
2023,10.118301,27.5152588,-69.6001282,-595.90033
2024,10.123323,27.5427246,-69.6001282,-595.783447
2025,10.128302,27.6580811,-69.5848846,-595.615784
2026,10.133322,27.6580811,-69.5848846,-595.509094
2027,10.138301,27.7679443,-69.5747223,-595.341431
2028,10.143321,27.7679443,-69.5696411,-595.234741
2029,10.148317,27.9547119,-69.5594788,-595.077271
2030,10.153306,28.0041504,-69.5594788,-594.975647
2031,10.158322,28.0810547,-69.5594788,-594.797791
2032,10.163307,28.1304932,-69.5645599,-594.675842
2033,10.168316,28.2019043,-69.5645599,-594.472656
2034,10.173301,28.2568359,-69.5594788,-594.330444
2035,10.178320,28.3392334,-69.5493164,-594.106995
2036,10.183305,28.3996582,-69.5442352,-593.964783
2037,10.188322,28.427124,-69.5289917,-593.761597
2038,10.193307,28.5479736,-69.5137482,-593.644714
2039,10.198317,28.5809326,-69.5035858,-593.461792
2040,10.203319,28.7127686,-69.4883423,-593.34491
2041,10.208322,28.7457275,-69.4730988,-593.167053
2042,10.213302,28.8720703,-69.4680176,-593.045105
2043,10.218319,28.8995361,-69.4578552,-592.846985
2044,10.223304,29.0148926,-69.452774,-592.709839
2045,10.228318,29.0478516,-69.4476929,-592.501587
2046,10.233304,29.163208,-69.4426117,-592.364441
2047,10.238321,29.1906738,-69.4426117,-592.166321
2048,10.243303,29.3115234,-69.4375305,-592.029175
2049,10.248317,29.3389893,-69.4324493,-591.831055
2050,10.253317,29.4543457,-69.4273682,-591.719238
2051,10.258319,29.5147705,-69.4172058,-591.526184
2052,10.263301,29.597168,-69.4121246,-591.409302
2053,10.268308,29.6575928,-69.4070435,-591.231445
2054,10.273320,29.7344971,-69.4019623,-591.119629
2055,10.278301,29.7839355,-69.3917999,-590.931641
2056,10.283322,29.8608398,-69.3816376,-590.738586
2057,10.288308,29.9102783,-69.3714752,-590.611572
2058,10.293322,29.9926758,-69.3308258,-590.433716
2059,10.298304,30.0421143,-69.3155823,-590.306702
2060,10.303317,30.1245117,-69.3155823,-590.108582
2061,10.308308,30.1794434,-69.3105011,-589.996826
2062,10.313317,30.267334,-69.335907,-589.895264
2063,10.318307,30.3222656,-69.335907,-589.803833
2064,10.323320,30.4156494,-69.3155823,-589.61084
2065,10.328302,30.4705811,-69.2952576,-589.448303
2066,10.333323,30.5639648,-69.2546158,-589.321289
2067,10.338301,30.6298828,-69.2342911,-589.113037
2068,10.343317,30.7232666,-69.1987228,-588.930115
2069,10.348307,30.7891846,-69.1834793,-588.818298
2070,10.353318,30.8825684,-69.1529922,-588.650574
2071,10.358308,30.9429932,-69.1428299,-588.543884
2072,10.363329,31.036377,-69.1225052,-588.391541
2073,10.368323,31.0968018,-69.1072617,-588.289978
2074,10.373304,31.1791992,-69.0970993,-588.132507
2075,10.378319,31.2286377,-69.086937,-588.025818
2076,10.383301,31.2780762,-69.0716934,-587.868347
2077,10.388317,31.3549805,-69.0716934,-587.812439
2078,10.393307,31.4044189,-69.0716934,-587.812439
2079,10.398322,31.4813232,-69.0716934,-587.812439
2080,10.403307,31.5307617,-69.0716934,-587.812439
2081,10.408322,31.607666,-69.0716934,-587.812439
2082,10.413302,31.6571045,-69.0716934,-587.812439
2083,10.418315,31.7504883,-69.0716934,-587.812439
2084,10.423301,31.8109131,-69.0716934,-587.812439
2085,10.428322,31.9042969,-69.0716934,-587.812439
2086,10.433307,31.9647217,-69.0716934,-587.812439
2087,10.438321,32.0526123,-69.0716934,-587.812439
2088,10.443302,32.1130371,-69.0716934,-587.812439
2089,10.448323,32.2009277,-69.0513687,-587.746399
2090,10.453308,32.2558594,-69.0107193,-587.609253
2091,10.458318,32.34375,-68.9802322,-587.50769
2092,10.463304,32.4041748,-68.9497452,-587.401001
2093,10.468316,32.4316406,-68.9497452,-587.401001
2094,10.473307,32.5195312,-68.9497452,-587.401001
2095,10.478316,32.612915,-68.9497452,-587.401001
2096,10.483305,32.612915,-68.9345016,-587.314636
2097,10.488328,32.7612305,-68.9243393,-587.243469
2098,10.493320,32.8765869,-68.9090958,-587.121521
2099,10.498302,32.9040527,-68.9040146,-587.040222
2100,10.503320,33.0029297,-68.8938522,-586.908142
2101,10.508303,33.0303955,-68.8836899,-586.80658
2102,10.513316,33.1292725,-68.8735275,-586.694763
2103,10.518306,33.1567383,-68.8633652,-586.623657
2104,10.523316,33.2556152,-68.8430405,-586.435669
2105,10.528306,33.2830811,-68.8328781,-586.313721
2106,10.533318,33.3874512,-68.8328781,-586.313721
2107,10.538321,33.414917,-68.8328781,-586.313721
2108,10.543317,33.5357666,-68.8328781,-586.313721
2109,10.548307,33.5632324,-68.8328781,-586.313721
2110,10.553317,33.684082,-68.8328781,-586.313721
2111,10.558302,33.7115479,-68.8328781,-586.313721
2112,10.563320,33.8269043,-68.8328781,-586.313721
2113,10.568305,33.8598633,-68.8328781,-586.313721
2114,10.573321,33.9752197,-68.8328781,-586.298462
2115,10.578304,34.0026855,-68.8277969,-586.237549
2116,10.583316,34.1125488,-68.8176346,-586.115601
2117,10.588306,34.1729736,-68.8125534,-586.029236
2118,10.593322,34.2553711,-68.8023911,-585.89209
2119,10.598317,34.3103027,-68.7973099,-585.790527
2120,10.603321,34.3652344,-68.7973099,-585.62793
2121,10.608303,34.4476318,-68.7973099,-585.56189
2122,10.613320,34.5025635,-68.7973099,-585.450134
2123,10.618306,34.5794678,-68.7922287,-585.338318
2124,10.623307,34.6343994,-68.7769852,-585.165527
2125,10.628322,34.7113037,-68.7668228,-585.043579
2126,10.633302,34.7607422,-68.7515793,-584.860657
2127,10.638322,34.8486328,-68.7414169,-584.733643
2128,10.643303,34.9035645,-68.7210922,-584.535522
2129,10.648323,34.9859619,-68.7109299,-584.403442
2130,10.653308,35.0408936,-68.6956863,-584.205322
2131,10.658323,35.1342773,-68.685524,-584.068176
2132,10.663304,35.1947021,-68.6651993,-583.870056
2133,10.668318,35.2880859,-68.6550369,-583.73291
2134,10.673303,35.3485107,-68.6397934,-583.539856
2135,10.678321,35.4418945,-68.6245499,-583.397644
2136,10.683306,35.5078125,-68.599144,-583.174194
2137,10.688317,35.6011963,-68.5839005,-583.026917
2138,10.693302,35.6671143,-68.5686569,-582.813599
2139,10.698320,35.7659912,-68.5584946,-582.681519
2140,10.703303,35.826416,-68.5483322,-582.488464
2141,10.708316,35.925293,-68.543251,-582.36145
2142,10.713301,35.9912109,-68.5280075,-582.193787
2143,10.718320,36.0736084,-68.5229263,-582.08197
2144,10.723303,36.12854,-68.5178452,-581.909241
2145,10.728316,36.2164307,-68.512764,-581.797424
2146,10.733302,36.2713623,-68.5076828,-581.629761
2147,10.738317,36.3482666,-68.4924393,-581.512878
2148,10.743303,36.4031982,-68.4873581,-581.451904
2149,10.748317,36.4801025,-68.4873581,-581.451904
2150,10.753302,36.5350342,-68.4873581,-581.451904
2151,10.758315,36.628418,-68.4873581,-581.451904
2152,10.763301,36.6888428,-68.4873581,-581.436646
2153,10.768319,36.7767334,-68.4771957,-581.370605
2154,10.773301,36.8371582,-68.4670334,-581.248657
2155,10.778323,36.9360352,-68.456871,-581.162292
2156,10.783304,36.99646,-68.4467087,-581.030212
2157,10.788318,37.0953369,-68.4365463,-580.938782
2158,10.793304,37.1612549,-68.4162216,-580.776184
2159,10.798303,37.2491455,-68.4009781,-580.710144
2160,10.803322,37.3095703,-68.3857346,-580.588196
2161,10.808304,37.3425293,-68.3755722,-580.466248
2162,10.813315,37.4633789,-68.3603287,-580.283325
2163,10.818301,37.5183105,-68.3501663,-580.171509
2164,10.823321,37.5183105,-68.3349228,-580.008911
2165,10.828307,37.6501465,-68.3196793,-579.907349
2166,10.833320,37.7270508,-68.3095169,-579.755005
2167,10.838302,37.7764893,-68.2942734,-579.653381
2168,10.843321,37.8479004,-68.2790298,-579.49585
2169,10.848303,37.8918457,-68.2637863,-579.384033
2170,10.853321,37.9632568,-68.2485428,-579.216309
2171,10.858304,38.0126953,-68.2332993,-579.099426
2172,10.863307,38.0895996,-68.2078934,-578.92157
2173,10.868320,38.1445312,-68.197731,-578.799622
2174,10.873305,38.2214355,-68.1774063,-578.621765
2175,10.878318,38.2763672,-68.1723251,-578.499817
2176,10.883307,38.3642578,-68.1469193,-578.311829
2177,10.888318,38.4246826,-68.1316757,-578.18988
2178,10.893306,38.5125732,-68.111351,-577.99176
2179,10.898316,38.572998,-68.0961075,-577.869812
2180,10.903301,38.6608887,-68.0757828,-577.671692
2181,10.908321,38.7213135,-68.0605392,-577.549744
2182,10.913306,38.8092041,-68.0402145,-577.361755
2183,10.918316,38.8696289,-68.024971,-577.239807
2184,10.923301,38.9520264,-68.0097275,-577.051819
2185,10.928322,39.0124512,-68.0046463,-576.929871
2186,10.933318,39.0948486,-67.9995651,-576.736816
2187,10.938322,39.1497803,-67.9894028,-576.614868
2188,10.943307,39.2321777,-67.9894028,-576.437012
2189,10.948323,39.3145752,-67.9894028,-576.259155
2190,10.953308,39.3695068,-67.9894028,-576.152466
2191,10.958317,39.4519043,-67.9843216,-575.984802
2192,10.963307,39.5068359,-67.9843216,-575.872986
2193,10.968301,39.5892334,-67.9792404,-575.766296
2194,10.973302,39.644165,-67.9690781,-575.588501
2195,10.978322,39.7265625,-67.9690781,-575.476685
2196,10.983308,39.7814941,-67.9538345,-575.288696
2197,10.988318,39.8693848,-67.9436722,-575.095642
2198,10.993303,39.9243164,-67.9335098,-574.968628
2199,10.998321,40.012207,-67.9182663,-574.770508
2200,11.003302,40.078125,-67.9131851,-574.638428
2201,11.008317,40.1660156,-67.9030228,-574.440308
2202,11.013302,40.2319336,-67.8979416,-574.318359
2203,11.018322,40.3253174,-67.8826981,-574.130371
2204,11.023302,40.3857422,-67.8776169,-574.003357
2205,11.028323,40.479126,-67.8725357,-573.820435
2206,11.033308,40.5395508,-67.8725357,-573.703552
2207,11.038315,40.6274414,-67.8725357,-573.525696
2208,11.043318,40.682373,-67.8674545,-573.408813
2209,11.048323,40.7373047,-67.8674545,-573.230957
2210,11.053304,40.814209,-67.8674545,-573.109009
2211,11.058322,40.8691406,-67.8674545,-572.936218
2212,11.063305,40.9515381,-67.8725357,-572.81427
2213,11.068322,41.0064697,-67.8826981,-572.641479
2214,11.073303,41.083374,-67.8826981,-572.514465
2215,11.078301,41.1383057,-67.8776169,-572.326477
2216,11.083317,41.2261963,-67.8674545,-572.199463
2217,11.088303,41.2536621,-67.8572922,-571.996277
2218,11.093320,41.3360596,-67.852211,-571.848999
2219,11.098303,41.3964844,-67.8369675,-571.645813
2220,11.103316,41.4898682,-67.8318863,-571.513733
2221,11.108303,41.550293,-67.8115616,-571.285217
2222,11.113317,41.6436768,-67.7963181,-571.148071
2223,11.118304,41.7095947,-67.7759933,-570.939819
2224,11.123321,41.8084717,-67.765831,-570.797607
2225,11.128302,41.8743896,-67.7455063,-570.599487
2226,11.133316,41.9787598,-67.7353439,-570.457275
2227,11.138301,42.0446777,-67.7251816,-570.249023
2228,11.143320,42.1380615,-67.7251816,-570.127075
2229,11.148306,42.1984863,-67.7251816,-569.908691
2230,11.153318,42.2973633,-67.7251816,-569.746155
2231,11.158303,42.3577881,-67.7251816,-569.487061
2232,11.163317,42.4456787,-67.7302628,-569.294067
2233,11.168305,42.5061035,-67.7251816,-568.989197
2234,11.173319,42.5994873,-67.7251816,-568.780884
2235,11.178306,42.6654053,-67.7150192,-568.460815
2236,11.183332,42.8027344,-67.709938,-568.247437
2237,11.188320,42.890625,-67.6896133,-567.927429
2238,11.193305,43.0224609,-67.6692886,-567.729309
2239,11.198318,43.1158447,-67.6337204,-567.414368
2240,11.203307,43.2696533,-67.6133957,-567.216248
2241,11.208318,43.3685303,-67.5727463,-566.916504
2242,11.213306,43.4674072,-67.5473404,-566.718384
2243,11.218319,43.5662842,-67.5117722,-566.428894
2244,11.223307,43.5662842,-67.4914474,-566.240967
2245,11.228319,43.9013672,-67.4660416,-565.976807
2246,11.233301,43.9013672,-67.450798,-565.793945
2247,11.238317,44.1320801,-67.4355545,-565.539917
2248,11.243302,44.2529297,-67.4253922,-565.362122
2249,11.248318,44.3408203,-67.4101486,-565.103027
2250,11.253303,44.4616699,-67.4050674,-564.915039
2251,11.258316,44.5440674,-67.3999863,-564.625488
2252,11.263301,44.6594238,-67.3949051,-564.412109
2253,11.268320,44.7418213,-67.3847427,-564.193665
2254,11.273306,44.8571777,-67.3847427,-564.168274
2255,11.278320,44.9505615,-67.3847427,-564.005737
2256,11.283305,45.098877,-67.3694992,-563.858459
2257,11.288319,45.1977539,-67.3491745,-563.624817
2258,11.293303,45.3460693,-67.3390121,-563.472473
2259,11.298353,45.4394531,-67.3237686,-563.233704
2260,11.303306,45.5877686,-67.3186874,-563.08136
2261,11.308301,45.6866455,-67.3136063,-562.964539
2262,11.313322,45.8349609,-67.3136063,-562.842651
2263,11.318304,45.9173584,-67.3136063,-562.598755
2264,11.323319,46.038208,-67.3136063,-562.431091
2265,11.328319,46.1206055,-67.3237686,-562.177063
2266,11.333322,46.2414551,-67.3237686,-561.999268
2267,11.338304,46.3183594,-67.3237686,-561.724976
2268,11.343320,46.439209,-67.3237686,-561.526855
2269,11.348302,46.5216064,-67.3237686,-561.222046
2270,11.353322,46.6369629,-67.3186874,-561.013733
2271,11.358306,46.7303467,-67.3034439,-560.69873
2272,11.363316,46.8786621,-67.2932816,-560.490417
2273,11.368303,46.9775391,-67.2729568,-560.190674
2274,11.373316,47.1313477,-67.2627945,-559.997681
2275,11.378321,47.2247314,-67.2424698,-559.733521
2276,11.383319,47.3675537,-67.2323074,-559.565857
2277,11.388305,47.4609375,-67.2221451,-559.332214
2278,11.393320,47.6037598,-67.2119827,-559.179871
2279,11.398302,47.6861572,-67.2018204,-558.941101
2280,11.403315,47.8015137,-67.1967392,-558.773438
2281,11.408306,47.878418,-67.1865768,-558.504211
2282,11.413320,47.9937744,-67.1764145,-558.306091
2283,11.418302,48.0706787,-67.161171,-558.001282
2284,11.423308,48.1915283,-67.1510086,-557.798096
2285,11.428317,48.2739258,-67.1357651,-557.467896
2286,11.433307,48.3892822,-67.1205215,-557.264709
2287,11.438322,48.482666,-67.0951157,-556.939575
2288,11.443308,48.6254883,-67.0798721,-556.726196
2289,11.448316,48.7243652,-67.0544662,-556.411255
2290,11.453307,48.8671875,-67.0392227,-556.218201
2291,11.458322,48.9605713,-67.0087357,-555.938843
2292,11.463302,49.1033936,-66.9884109,-555.771179
2293,11.468316,49.1967773,-66.9731674,-555.517151
2294,11.473301,49.3395996,-66.9630051,-555.354614
2295,11.478319,49.4219971,-66.9528427,-555.110718
2296,11.483308,49.5428467,-66.9426804,-554.932922
2297,11.488315,49.5812988,-66.932518,-554.663696
2298,11.493319,49.6966553,-66.9172745,-554.475769
2299,11.498316,49.7735596,-66.9020309,-554.176025
2300,11.503307,49.8999023,-66.8817062,-553.977905
2301,11.508330,49.9822998,-66.846138,-553.662903
2302,11.513322,50.1031494,-66.8308945,-553.459717
2303,11.518307,50.1855469,-66.8004074,-553.154907
2304,11.523323,50.3338623,-66.7800827,-552.95166
2305,11.528308,50.4272461,-66.7394409,-552.667175
2306,11.533320,50.5755615,-66.7191162,-552.484314
2307,11.538305,50.6744385,-66.6987915,-552.22522
2308,11.543320,50.8062744,-66.683548,-552.067749
2309,11.548306,50.894165,-66.6733856,-551.834106
2310,11.553316,51.026001,-66.6683044,-551.676636
2311,11.558306,51.1138916,-66.6530609,-551.427673
2312,11.563319,51.2182617,-66.6428986,-551.249878
2313,11.568301,51.2896729,-66.6327362,-550.965454
2314,11.573319,51.394043,-66.6225739,-550.762268
2315,11.578306,51.4654541,-66.6022491,-550.457458
2316,11.583323,51.5917969,-66.5870056,-550.24408
2317,11.588303,51.6741943,-66.5615997,-549.913879
2318,11.593319,51.7950439,-66.541275,-549.7005
2319,11.598305,51.8829346,-66.510788,-549.385498
2320,11.603306,52.0257568,-66.4904633,-549.182251
2321,11.608320,52.1246338,-66.4701385,-548.913025
2322,11.613308,52.2729492,-66.4599762,-548.745361
2323,11.618317,52.2729492,-66.4447327,-548.506653
2324,11.623302,52.4597168,-66.4396515,-548.354248
2325,11.628320,52.4597168,-66.4345703,-548.130798
2326,11.633302,52.6300049,-66.4294891,-547.983521
2327,11.638320,52.6300049,-66.4193268,-547.749878
2328,11.643302,52.8387451,-66.4142456,-547.58728
2329,11.648323,52.8387451,-66.3990021,-547.318054
2330,11.653306,53.0145264,-66.3837585,-547.125061
2331,11.658320,53.1958008,-66.368515,-546.830383
2332,11.663308,53.3221436,-66.3481903,-546.632263
2333,11.668318,53.404541,-66.3227844,-546.312195
2334,11.673306,53.5308838,-66.2922974,-546.098816
2335,11.678323,53.6187744,-66.2770538,-545.783813
2336,11.683301,53.7670898,-66.2618103,-545.5755
2337,11.688322,53.8659668,-66.2414856,-545.291016
2338,11.693304,54.0087891,-66.2262421,-545.11322
2339,11.698320,54.1021729,-66.2160797,-544.864258
2340,11.703302,54.239502,-66.2059174,-544.706787
2341,11.708319,54.3273926,-66.1906738,-544.488403
2342,11.713319,54.4592285,-66.1906738,-544.488403
2343,11.718354,54.541626,-66.1906738,-544.488403
2344,11.723303,54.6459961,-66.1906738,-544.488403
2345,11.728347,54.7174072,-66.1906738,-544.488403
2346,11.733303,54.8217773,-66.1906738,-544.488403
2347,11.738432,54.8986816,-66.1906738,-544.457947
2348,11.743308,55.0250244,-66.1652679,-544.280151
2349,11.748306,55.1074219,-66.1449432,-544.132874
2350,11.753320,55.2337646,-66.1246185,-543.889038
2351,11.758307,55.3216553,-66.1144562,-543.721375
2352,11.763323,55.4699707,-66.0890503,-543.452148
2353,11.768305,55.5688477,-66.0687256,-543.264221
2354,11.773317,55.6732178,-66.0484009,-543.121948
2355,11.778307,55.81604,-66.0382385,-543.005066
2356,11.783318,55.8984375,-66.0077515,-542.781555
2357,11.788308,56.0302734,-65.9975891,-542.644409
2358,11.793320,56.1126709,-65.9925079,-542.431091
2359,11.798302,56.2335205,-65.9823456,-542.273621
2360,11.803321,56.2994385,-65.9569397,-542.019592
2361,11.808303,56.4038086,-65.9315338,-541.841797
2362,11.813323,56.4697266,-65.890892,-541.557373
2363,11.818304,56.5740967,-65.8705673,-541.359253
2364,11.823316,56.6564941,-65.8299255,-541.064636
2365,11.828304,56.7828369,-65.8045197,-540.866516
2366,11.833320,56.8652344,-65.7740326,-540.587158
2367,11.838307,56.9915771,-65.7537079,-540.414429
2368,11.843321,57.0794678,-65.728302,-540.145203
2369,11.848303,57.2113037,-65.7232208,-540.063904
2370,11.853332,57.2991943,-65.7232208,-540.063904
2371,11.858319,57.4255371,-65.7232208,-540.02832
2372,11.863304,57.5024414,-65.7079773,-539.875916
2373,11.868323,57.623291,-65.6927338,-539.748901
2374,11.873308,57.7001953,-65.6724091,-539.545715
2375,11.878317,57.8155518,-65.6571655,-539.398438
2376,11.883316,57.8869629,-65.6368408,-539.149475
2377,11.888320,58.0023193,-65.6317596,-538.97168
2378,11.893305,58.0792236,-65.6266785,-538.8396
2379,11.898319,58.2000732,-65.6165161,-538.677063
2380,11.903301,58.2879639,-65.5961914,-538.387573
2381,11.908321,58.4197998,-65.5860291,-538.189453
2382,11.913306,58.5076904,-65.5707855,-537.910095
2383,11.918318,58.6395264,-65.5657043,-537.737366
2384,11.923306,58.727417,-65.555542,-537.46814
2385,11.928322,58.8592529,-65.555542,-537.290344
2386,11.933302,58.9471436,-65.555542,-537.03125
2387,11.938320,59.0789795,-65.555542,-536.858521
2388,11.943315,59.161377,-65.5606232,-536.589294
2389,11.948323,59.1998291,-65.555542,-536.401306
2390,11.953306,59.364624,-65.555542,-536.121948
2391,11.958320,59.4470215,-65.555542,-535.918701
2392,11.963303,59.5733643,-65.5504608,-535.613892
2393,11.968326,59.6557617,-65.5453796,-535.410645
2394,11.973322,59.7821045,-65.5301361,-535.090637
2395,11.978304,59.864502,-65.5148926,-534.882324
2396,11.983322,60.0073242,-65.4945679,-534.557251
2397,11.988304,60.1062012,-65.4793243,-534.348938
2398,11.993321,60.2435303,-65.4539185,-534.044128
2399,11.998303,60.3424072,-65.4437561,-533.846008
2400,12.003316,60.4852295,-65.4285126,-533.551392
2401,12.008306,60.5786133,-65.413269,-533.363464
2402,12.013318,60.6774902,-65.4081879,-533.068848
2403,12.018301,60.8203125,-65.4031067,-532.891052
2404,12.023322,60.9082031,-65.3878632,-532.596436
2405,12.028303,61.0345459,-65.3777008,-532.388123
2406,12.033319,61.1224365,-65.3726196,-532.078186
2407,12.038302,61.2487793,-65.3624573,-531.864807
2408,12.043304,61.3421631,-65.3370514,-531.534607
2409,12.048318,61.473999,-65.326889,-531.316162
2410,12.053303,61.5673828,-65.2913208,-530.980896
2411,12.058322,61.6992187,-65.2760773,-530.772644
2412,12.063302,61.7980957,-65.2659149,-530.457642
2413,12.068321,61.9464111,-65.2506714,-530.249329
2414,12.073307,61.9903564,-65.2303467,-529.959778
2415,12.078320,61.9903564,-65.210022,-529.776917
2416,12.083302,62.2320557,-65.1947784,-529.517822
2417,12.088318,62.2320557,-65.1947784,-529.355225
2418,12.093307,62.5396729,-65.1846161,-529.111328
2419,12.098301,62.6660156,-65.1846161,-528.938599
2420,12.103316,62.7429199,-65.1795349,-528.664307
2421,12.108305,62.84729,-65.1795349,-528.664307
2422,12.113318,62.9241943,-65.1744537,-528.613525
2423,12.118304,63.0340576,-65.1642914,-528.491577
2424,12.123323,63.1274414,-65.1439667,-528.257874
2425,12.128305,63.2592773,-65.1338043,-528.09021
2426,12.133321,63.347168,-65.1083984,-527.831116
2427,12.138303,63.4790039,-65.0880737,-527.65332
2428,12.143320,63.5778809,-65.0626678,-527.373962
2429,12.148303,63.7261963,-65.0575867,-527.297729
2430,12.153319,63.8250732,-65.0423431,-527.094543
2431,12.158301,63.9733887,-65.0270996,-526.916748
2432,12.163322,64.050293,-65.0118561,-526.657654
2433,12.168301,64.1766357,-65.0067749,-526.48999
2434,12.173321,64.2590332,-64.9915314,-526.230896
2435,12.178303,64.3798828,-64.9864502,-526.053101
2436,12.183323,64.4512939,-64.981369,-525.768677
2437,12.188301,64.5666504,-64.9762878,-525.56543
2438,12.193302,64.6435547,-64.9712067,-525.255493
2439,12.198321,64.7589111,-64.9610443,-525.04718
2440,12.203302,64.8522949,-64.9813614,-524.737366
2441,12.208320,65.0006104,-64.9762802,-524.544373
2442,12.213305,65.0939941,-64.9610367,-524.259949
2443,12.218318,65.2368164,-64.9508743,-524.072021
2444,12.223307,65.3302002,-64.9356308,-523.797668
2445,12.228318,65.4290771,-64.9254684,-523.614807
2446,12.233308,65.5718994,-64.9153061,-523.350647
2447,12.238331,65.6652832,-64.9153061,-523.182983
2448,12.243318,65.791626,-64.9153061,-522.923889
2449,12.248308,65.8740234,-64.9153061,-522.746094
2450,12.253317,65.994873,-64.9102249,-522.456543
2451,12.258302,66.0772705,-64.9051437,-522.258423
2452,12.263315,66.1981201,-64.9000626,-521.948486
2453,12.268301,66.2750244,-64.8949814,-521.7453
2454,12.273319,66.395874,-64.884819,-521.430298
2455,12.278301,66.4782715,-64.8797379,-521.227112
2456,12.283321,66.6156006,-64.8594131,-520.91217
2457,12.288316,66.7144775,-64.8492508,-520.703857
2458,12.293306,66.8572998,-64.8492508,-520.703857
2459,12.298323,66.9561768,-64.8492508,-520.703857
2460,12.303308,67.0935059,-64.8492508,-520.703857
2461,12.308318,67.1813965,-64.8492508,-520.703857
2462,12.313306,67.3187256,-64.8390884,-520.576843
2463,12.318320,67.4066162,-64.8289261,-520.398987
2464,12.323305,67.5274658,-64.8187637,-520.266907
2465,12.328318,67.6098633,-64.8035202,-520.048523
2466,12.333306,67.6867676,-64.798439,-519.885925
2467,12.338321,67.802124,-64.7831955,-519.611633
2468,12.343306,67.8845215,-64.7781143,-519.515137
2469,12.348322,68.0108643,-64.7527084,-519.28656
2470,12.353304,68.0932617,-64.7273102,-519.083374
2471,12.358322,68.2141113,-64.7019043,-518.773438
2472,12.363304,68.3074951,-64.6815796,-518.57019
2473,12.368303,68.4503174,-64.6561737,-518.275574
2474,12.373320,68.5491943,-64.635849,-518.092712
2475,12.378302,68.6920166,-64.6104431,-517.81842
2476,12.383321,68.7854004,-64.6002808,-517.645691
2477,12.388307,68.9172363,-64.5850372,-517.396729
2478,12.393321,69.0106201,-64.5748749,-517.229065
2479,12.398303,69.1424561,-64.5596313,-516.995422
2480,12.403395,69.2193604,-64.549469,-516.832825
2481,12.408317,69.3347168,-64.5342255,-516.568665
2482,12.413302,69.4061279,-64.5240631,-516.385803
2483,12.418319,69.5214844,-64.5088196,-516.101318
2484,12.423304,69.5983887,-64.493576,-515.898071
2485,12.428321,69.7192383,-64.4681702,-515.588196
2486,12.433303,69.8016357,-64.4478455,-515.369751
2487,12.438319,69.9224854,-64.4224396,-515.059875
2488,12.443307,69.9224854,-64.4021149,-514.856628
2489,12.448318,69.9224854,-64.3716278,-514.577209
2490,12.453306,70.2026367,-64.3563843,-514.389282
2491,12.458319,70.2026367,-64.3360596,-514.130188
2492,12.463307,70.5322266,-64.320816,-513.96759
2493,12.468318,70.6201172,-64.2954102,-513.733948
2494,12.473302,70.7519531,-64.2801666,-513.576477
2495,12.478323,70.8398437,-64.2649231,-513.342834
2496,12.483305,70.9552002,-64.2547607,-513.175171
2497,12.488319,71.0266113,-64.2395172,-512.911011
2498,12.493301,71.1309814,-64.2293549,-512.718018
2499,12.498323,71.2023926,-64.203949,-512.423401
2500,12.503307,71.3232422,-64.1887054,-512.215088
2501,12.508301,71.4056396,-64.1582184,-511.900116
2502,12.513321,71.5264893,-64.1328125,-511.681671
2503,12.518306,71.6088867,-64.1124878,-511.371796
2504,12.523323,71.7462158,-64.0870819,-511.163513
2505,12.528301,71.8395996,-64.061676,-510.873962
2506,12.533318,71.9824219,-64.0464325,-510.686005
2507,12.538303,72.0758057,-64.0210266,-510.426941
2508,12.543320,72.2076416,-64.0108643,-510.254242
2509,12.548307,72.2900391,-63.9956207,-510.015503
2510,12.553317,72.421875,-63.9905396,-509.863129
2511,12.558308,72.5042725,-63.9803772,-509.639618
2512,12.563316,72.6141357,-63.9702148,-509.482147
2513,12.568302,72.6855469,-63.949894,-509.228149
2514,12.573321,72.789917,-63.9346542,-509.050354
2515,12.578307,72.8613281,-63.9041748,-508.770966
2516,12.583392,72.9821777,-63.8736954,-508.577911
2517,12.588301,73.0700684,-63.8432198,-508.273132
2518,12.593318,73.190918,-63.8127403,-508.06485
2519,12.598301,73.2733154,-63.7771797,-507.765137
2520,12.603328,73.4106445,-63.7467003,-507.567017
2521,12.608303,73.5040283,-63.7263832,-507.282532
2522,12.613301,73.6468506,-63.7111435,-507.094574
2523,12.618322,73.7402344,-63.6806679,-506.83551
2524,12.623307,73.8665771,-63.660347,-506.672974
2525,12.628317,73.9544678,-63.6400261,-506.429138
2526,12.633307,74.0808105,-63.6349449,-506.271667
2527,12.638317,74.163208,-63.614624,-506.032928
2528,12.643321,74.2730713,-63.5993843,-505.870361
2529,12.648323,74.3499756,-63.5739861,-505.606201
2530,12.653307,74.4543457,-63.5587463,-505.428406
2531,12.658316,74.5257568,-63.5282669,-505.143951
2532,12.663301,74.6520996,-63.5028687,-504.930573
2533,12.668319,74.7344971,-63.4571495,-504.620697
2534,12.673304,74.866333,-63.4215889,-504.412415
2535,12.678318,74.9487305,-63.3707886,-504.107605
2536,12.683308,75.0421143,-63.3403091,-503.909485
2537,12.688323,75.1849365,-63.2996712,-503.625
2538,12.693305,75.2783203,-63.2742729,-503.447205
2539,12.698315,75.4211426,-63.2437935,-503.177948
2540,12.703303,75.5090332,-63.2336311,-503.010315
2541,12.708301,75.5474854,-63.2183876,-502.751251
2542,12.713322,75.7122803,-63.2133064,-502.578522
2543,12.718308,75.7946777,-63.1980667,-502.324524
2544,12.723317,75.9155273,-63.1879082,-502.151794
2545,12.728302,75.9869385,-63.182827,-501.887634
2546,12.733316,76.1022949,-63.1726646,-501.709839
2547,12.738306,76.1791992,-63.1574249,-501.410126
2548,12.743319,76.2945557,-63.1472626,-501.201843
2549,12.748301,76.3769531,-63.116787,-500.891937
2550,12.753322,76.5032959,-63.0964699,-500.688751
2551,12.758305,76.5856934,-63.0710716,-500.394104
2552,12.763317,76.7175293,-63.0609093,-500.20105
2553,12.768306,76.8054199,-63.035511,-499.931793
2554,12.773315,76.942749,-63.0253487,-499.748901
2555,12.778305,77.0361328,-63.0101051,-499.489838
2556,12.783321,77.1679687,-63.005024,-499.312042
2557,12.788307,77.244873,-62.9897804,-499.052948
2558,12.793315,77.3657227,-62.9846992,-498.880219
2559,12.798306,77.442627,-62.9745369,-498.610992
2560,12.803323,77.5634766,-62.9745369,-498.423035
2561,12.808302,77.6403809,-62.9694557,-498.148712
2562,12.813347,77.7557373,-62.9643745,-497.955658
2563,12.818317,77.8326416,-62.9592934,-497.650848
2564,12.823306,78.0029297,-62.949131,-497.447632
2565,12.828319,78.0029297,-62.9288101,-497.142822
2566,12.833305,78.1347656,-62.9186478,-496.939606
2567,12.838320,78.1347656,-62.9084854,-496.634827
2568,12.843308,78.447876,-62.9034042,-496.436707
2569,12.848323,78.5412598,-62.8983231,-496.152222
2570,12.853307,78.6785889,-62.8932419,-495.96936
2571,12.858315,78.7719727,-62.8830833,-495.695038
2572,12.863316,78.8983154,-62.8780022,-495.50708
2573,12.868320,78.9807129,-62.872921,-495.237854
2574,12.873306,79.1070557,-62.8627586,-495.049896
2575,12.878316,79.1894531,-62.8576775,-494.765411
2576,12.883306,79.3103027,-62.8525963,-494.572357
2577,12.888322,79.3981934,-62.8322792,-494.272644
2578,12.893303,79.519043,-62.827198,-494.064362
2579,12.898320,79.6069336,-62.8068771,-493.759583
2580,12.903305,79.6453857,-62.7916374,-493.5513
2581,12.908317,79.8376465,-62.7662392,-493.241425
2582,12.913316,79.887085,-62.7408409,-493.038239
2583,12.918317,80.0738525,-62.7255974,-492.743622
2584,12.923305,78.7664795,-62.7103577,-492.550568
2585,12.928317,80.3100586,-62.6849594,-492.276276
2586,12.933306,80.3594971,-62.6747971,-492.093384
2587,12.938323,80.5462646,-62.6493988,-491.813995
2588,12.943303,80.6341553,-62.6392365,-491.631134
2589,12.948363,80.760498,-62.6239929,-491.346649
2590,12.953308,80.8428955,-62.6138306,-491.153595
2591,12.958434,80.9692383,-62.598587,-490.848785
2592,12.963301,81.0516357,-62.5884247,-490.640503
2593,12.968332,81.1834717,-62.5681038,-490.305237
2594,12.973318,81.2713623,-62.5528603,-489.969971
2595,12.978303,81.4031982,-62.5426979,-489.756622
2596,12.983317,81.496582,-62.522377,-489.44165
2597,12.988303,81.6448975,-62.5071373,-489.238464
2598,12.993322,81.7437744,-62.4766579,-488.938751
2599,12.998304,81.8920898,-62.4512596,-488.745728
2600,13.003315,81.9854736,-62.4309387,-488.471405
2601,13.008302,82.1173096,-62.4106216,-488.288544
2602,13.013320,82.2052002,-62.4004593,-488.024414
2603,13.018307,82.3425293,-62.3902969,-487.846619
2604,13.023321,82.4249268,-62.3801346,-487.577393
2605,13.028318,82.5457764,-62.3801346,-487.394501
2606,13.033316,82.6281738,-62.3699722,-487.110016
2607,13.038306,82.7490234,-62.3648911,-486.90683
2608,13.043318,82.8369141,-62.3598099,-486.586761
2609,13.048304,82.9193115,-62.3547287,-486.363251
2610,13.053305,83.0511475,-62.3344116,-486.017822
2611,13.058317,83.1390381,-62.3242493,-485.799377
2612,13.063308,83.2763672,-62.3039284,-485.474274
2613,13.068322,83.3752441,-62.2988472,-485.271088
2614,13.073308,83.5290527,-62.2836037,-484.986603
2615,13.078323,83.6279297,-62.268364,-484.798645
2616,13.083308,83.7762451,-62.2632828,-484.544647
2617,13.088320,83.8641357,-62.2531204,-484.382111
2618,13.093308,83.9959717,-62.2531204,-484.153534
2619,13.098316,84.0838623,-62.2531204,-483.990997
2620,13.103301,84.2102051,-62.2582016,-483.737
2621,13.108317,84.2816162,-62.268364,-483.549042
2622,13.113303,84.3969727,-62.268364,-483.244232
2623,13.118322,84.4683838,-62.268364,-483.03595
2624,13.123302,84.5837402,-62.268364,-482.710846
2625,13.128316,84.677124,-62.268364,-482.497498
2626,13.133301,84.8199463,-62.268364,-482.177429
2627,13.138316,84.9188232,-62.2632828,-481.969147
2628,13.143322,85.0616455,-62.2632828,-481.684662
2629,13.148322,85.0616455,-62.2632828,-481.506866
2630,13.153304,85.0616455,-62.2582016,-481.247803
2631,13.158416,85.3198242,-62.2582016,-481.085266
2632,13.163301,85.5285645,-62.2582016,-480.841461
2633,13.168307,85.5285645,-62.2531204,-480.678925
2634,13.173318,85.7318115,-62.2480392,-480.414764
2635,13.178303,85.8911133,-62.2480392,-480.236969
2636,13.183321,85.9295654,-62.2429581,-479.937256
2637,13.188303,86.083374,-62.2378769,-479.728973
2638,13.193317,86.116333,-62.2277184,-479.40387
2639,13.198304,86.2701416,-62.2277184,-479.180359
2640,13.203317,86.3085937,-62.2074013,-478.845093
2641,13.208321,86.5008545,-62.2023201,-478.631714
2642,13.213319,86.550293,-62.1921577,-478.326935
2643,13.218301,86.75354,-62.1870766,-478.133911
2644,13.223321,86.8029785,-62.1667557,-477.854523
2645,13.228304,86.9952393,-62.1565933,-477.676727
2646,13.233322,87.0446777,-62.1413498,-477.422729
2647,13.238304,87.2424316,-62.1311874,-477.265259
2648,13.243301,87.2918701,-62.1108665,-477.041748
2649,13.248323,87.4456787,-62.1057854,-476.889343
2650,13.253307,87.4786377,-62.0803871,-476.635376
2651,13.258318,87.6324463,-62.06007,-476.447418
2652,13.263308,87.6654053,-62.0346718,-476.137543
2653,13.268317,87.8192139,-62.0143547,-475.914001
2654,13.273303,87.8521729,-61.9940338,-475.563477
2655,13.278320,88.0059814,-61.9787941,-475.324707
2656,13.283305,88.0883789,-61.9584732,-474.969086
2657,13.288321,88.2421875,-61.9432335,-474.745544
2658,13.293308,88.3410645,-61.9178352,-474.410248
2659,13.298319,88.494873,-61.9076729,-474.201965
2660,13.303304,88.5992432,-61.887352,-473.912415
2661,13.308321,88.7475586,-61.8721123,-473.734619
2662,13.313307,88.8464355,-61.8568726,-473.49588
2663,13.318318,88.994751,-61.8467102,-473.338409
2664,13.323307,89.0881348,-61.841629,-473.119995
2665,13.328317,89.1595459,-61.8365479,-472.967621
2666,13.333302,89.2694092,-61.8263893,-472.728882
2667,13.338320,89.3463135,-61.816227,-472.556152
2668,13.343306,89.4561768,-61.8009834,-472.271698
2669,13.348319,89.5275879,-61.7857437,-472.063416
2670,13.353308,89.6429443,-61.7705002,-471.743378
2671,13.358411,89.7143555,-61.7552605,-471.514771
2672,13.363304,89.8352051,-61.7501793,-471.403015
2673,13.368320,89.9395752,-61.7501793,-471.403015
2674,13.373321,90.0878906,-61.7501793,-471.321716
2675,13.378307,90.1922607,-61.7552605,-471.20993
2676,13.383322,90.3405762,-61.7654228,-471.01181
2677,13.388308,90.4394531,-61.770504,-470.87973
2678,13.393318,90.5877686,-61.7806664,-470.691742
2679,13.398308,90.6866455,-61.7908287,-470.559662
2680,13.403319,90.8294678,-61.7959099,-470.356476
2681,13.408306,90.9008789,-61.7959099,-470.315857
2682,13.413316,91.005249,-61.7806702,-470.117737
2683,13.418302,91.071167,-61.7654305,-469.950104
2684,13.423316,91.1755371,-61.7501907,-469.675781
2685,13.428316,91.1755371,-61.7400284,-469.482727
2686,13.433319,91.3623047,-61.7197075,-469.172852
2687,13.438304,91.4337158,-61.7095451,-468.949341
2688,13.443321,91.5545654,-61.6841469,-468.603882
2689,13.448307,91.6534424,-61.6739845,-468.375275
2690,13.453317,91.8017578,-61.658741,-468.055237
2691,13.458304,91.9061279,-61.6485786,-467.852051
2692,13.463321,92.0544434,-61.6333351,-467.582825
2693,13.468308,92.1478271,-61.6333351,-467.582825
2694,13.473322,92.2906494,-61.6333351,-467.542206
2695,13.478305,92.3840332,-61.6333351,-467.460937
2696,13.483374,92.5213623,-61.6231728,-467.313599
2697,13.488317,92.5872803,-61.6180916,-467.201843
2698,13.493302,92.6861572,-61.6028481,-467.018951
2699,13.498316,92.7520752,-61.582531,-466.871643
2700,13.503301,92.8564453,-61.541893,-466.617676
2701,13.508323,92.9333496,-61.5317307,-466.551636
2702,13.513308,93.0487061,-61.49617,-466.302704
2703,13.518321,93.1256104,-61.4656906,-466.094421
2704,13.523303,93.2409668,-61.4250526,-465.779449
2705,13.528321,93.3398437,-61.4047356,-465.571167
2706,13.533306,93.4332275,-61.3793373,-465.271454
2707,13.538315,93.4332275,-61.3640976,-465.0784
2708,13.543320,93.6694336,-61.3437767,-464.798981
2709,13.548321,93.6694336,-61.3336143,-464.626251
2710,13.553305,93.8891602,-61.3285332,-464.382446
2711,13.558321,94.0209961,-61.3183708,-464.230042
2712,13.563302,94.1088867,-61.2980499,-464.006531
2713,13.568308,94.21875,-61.2878876,-463.84906
2714,13.573318,94.2901611,-61.2675705,-463.595062
2715,13.578303,94.3945312,-61.2472534,-463.422363
2716,13.583323,94.4659424,-61.2066154,-463.153107
2717,13.588301,94.5812988,-61.176136,-462.970245
2718,13.593322,94.6636963,-61.1253357,-462.680695
2719,13.598316,94.7845459,-61.0948563,-462.482574
2720,13.603317,94.8669434,-61.0542183,-462.19812
2721,13.608307,94.9987793,-61.02882,-462.010162
2722,13.613321,95.0866699,-60.9932632,-461.740906
2723,13.618305,95.223999,-60.9831047,-461.56311
2724,13.623318,95.3173828,-60.967865,-461.29895
2725,13.628308,95.4382324,-60.9577026,-461.136414
2726,13.633434,95.5206299,-60.9526215,-460.882416
2727,13.638308,95.6414795,-60.9526215,-460.709686
2728,13.643301,95.723877,-60.9475403,-460.435364
2729,13.648319,95.8392334,-60.9424591,-460.252472
2730,13.653332,95.9161377,-60.9322968,-459.967987
2731,13.658320,96.0314941,-60.917057,-459.780029
2732,13.663305,96.1029053,-60.8967361,-459.500641
2733,13.668319,96.229248,-60.8713379,-459.307587
2734,13.673301,96.3555908,-60.8408623,-459.012939
2735,13.678319,96.4379883,-60.815464,-458.84024
2736,13.683303,96.5643311,-60.7799072,-458.576111
2737,13.688318,96.6467285,-60.7646675,-458.398315
2738,13.693303,96.7730713,-60.7392654,-458.134155
2739,13.698321,96.8554687,-60.7240219,-457.880188
2740,13.703306,96.9818115,-60.7138596,-457.707458
2741,13.708319,97.0587158,-60.7087784,-457.514435
2742,13.713322,97.1740723,-60.7036972,-457.245209
2743,13.718318,97.2509766,-60.6935349,-457.067413
2744,13.723303,97.366333,-60.6935349,-456.772766
2745,13.728317,97.4487305,-60.6884537,-456.483185
2746,13.733303,97.5750732,-60.6833725,-456.300323
2747,13.738321,97.6574707,-60.668129,-456.036163
2748,13.743302,97.7783203,-60.6528893,-455.853302
2749,13.748318,97.8662109,-60.6325684,-455.589142
2750,13.753306,97.9980469,-60.6173286,-455.411346
2751,13.758304,98.0859375,-60.6020889,-455.137054
2752,13.763318,98.2122803,-60.5919266,-454.954193
2753,13.768303,98.3001709,-60.5716057,-454.679901
2754,13.773315,98.4210205,-60.5614433,-454.49704
2755,13.778305,98.503418,-60.5411224,-454.243042
2756,13.783319,98.5858154,-60.5309601,-454.080505
2757,13.788306,98.706665,-60.5207977,-453.83667
2758,13.793317,98.7890625,-60.5157166,-453.669037
2759,13.798304,98.9044189,-60.5055542,-453.399811
2760,13.803319,98.9868164,-60.5055542,-453.201691
2761,13.808301,99.1021729,-60.4953918,-452.907043
2762,13.813321,99.1790771,-60.4852295,-452.703827
2763,13.818307,99.2175293,-60.4598312,-452.40918
2764,13.823316,99.3328857,-60.4395142,-452.21106
2765,13.828306,99.4592285,-60.4090347,-451.916412
2766,13.833322,99.5526123,-60.393795,-451.733521
2767,13.838304,99.6954346,-60.3734741,-451.449036
2768,13.843316,99.7888184,-60.3582344,-451.266144
2769,13.848308,99.9316406,-60.3328362,-450.981689
2770,13.853319,100.014038,-60.3226738,-450.793732
2771,13.858305,100.145874,-60.2972755,-450.509247
2772,13.863306,100.233765,-60.2871132,-450.321289
2773,13.868319,100.360107,-60.2718735,-450.046997
2774,13.873316,100.437012,-60.2617149,-449.864136
2775,13.878323,100.557861,-60.2515526,-449.559357
2776,13.883303,100.640259,-60.2464714,-449.356171
2777,13.888323,100.761108,-60.2363091,-449.020905
2778,13.893307,100.848999,-60.2261505,-448.787201
2779,13.898315,100.975342,-60.2007484,-448.43158
2780,13.903308,101.057739,-60.1855087,-448.218201
2781,13.908316,101.189575,-60.1651878,-447.903229
2782,13.913306,101.244507,-60.1448708,-447.700012
2783,13.918320,101.497192,-60.1194725,-447.395233
2784,13.923303,101.596069,-60.1143913,-447.197113
2785,13.928320,101.694946,-60.0991516,-446.902466
2786,13.933302,101.782837,-60.0889931,-446.72467
2787,13.938318,101.870728,-60.0788307,-446.465576
2788,13.943302,102.002563,-60.0686684,-446.292847
2789,13.948315,102.090454,-60.058506,-446.02359
2790,13.953304,102.249756,-60.0534248,-445.835632
2791,13.958327,102.249756,-60.0432625,-445.546082
2792,13.963315,102.44751,-60.0381813,-445.342865
2793,13.968321,102.44751,-60.0331001,-445.007568
2794,13.973322,102.65625,-60.028019,-444.784027
2795,13.978305,102.788086,-60.0178566,-444.428406
2796,13.983316,102.870483,-60.0127754,-444.209961
2797,13.988318,103.018799,-60.0076942,-443.910248
2798,13.993322,103.128662,-60.0076942,-443.72229
2799,13.998301,103.287964,-60.0076942,-443.453064
2800,14.003319,103.392334,-60.0076942,-443.285431
2801,14.008301,103.529663,-60.0127754,-443.046692
2802,14.013318,103.617554,-60.0127754,-442.889221
2803,14.018308,103.743896,-60.0026131,-442.650482
2804,14.023320,103.826294,-59.9975319,-442.482849
2805,14.028302,103.94165,-59.9924507,-442.198364
2806,14.033319,104.013062,-59.9822922,-441.990082
2807,14.038316,104.122925,-59.977211,-441.664948
2808,14.043317,104.188843,-59.9670525,-441.441437
2809,14.048304,104.320679,-59.9518127,-441.106171
2810,14.053321,104.419556,-59.936573,-440.892792
2811,14.058303,104.562378,-59.916256,-440.557495
2812,14.063321,104.661255,-59.9060936,-440.349213
2813,14.068304,104.80957,-59.8857727,-440.034241
2814,14.073317,104.908447,-59.8756104,-439.846283
2815,14.078305,105.056763,-59.8603706,-439.561829
2816,14.083302,105.15564,-59.8552895,-439.389099
2817,14.088322,105.287476,-59.8400459,-439.130005
2818,14.093307,105.369873,-59.8298836,-438.962372
2819,14.098318,105.485229,-59.81464,-438.703308
2820,14.103303,105.567627,-59.7994003,-438.51535
2821,14.108318,105.682983,-59.7740021,-438.225769
2822,14.113308,105.754395,-59.7638397,-438.01239
2823,14.118322,105.864258,-59.7384415,-437.687256
2824,14.123304,105.935669,-59.7181244,-437.458649
2825,14.128316,106.067505,-59.6927261,-437.118286
2826,14.133301,106.160889,-59.6724091,-436.884583
2827,14.138317,106.303711,-59.6470108,-436.559479
2828,14.143308,106.397095,-59.6317711,-436.341034
2829,14.148321,106.534424,-59.6063728,-436.036224
2830,14.153306,106.627808,-59.5911331,-435.853363
2831,14.158319,106.77063,-59.5758896,-435.599365
2832,14.163304,106.864014,-59.5657272,-435.441895
2833,14.168465,106.984863,-59.5555649,-435.22348
2834,14.173302,107.061768,-59.5454025,-435.060913
2835,14.178304,107.171631,-59.530159,-434.801849
2836,14.183317,107.248535,-59.5200005,-434.624054
2837,14.188304,107.363892,-59.4996796,-434.324341
2838,14.193318,107.435303,-59.4844398,-434.121124
2839,14.198320,107.550659,-59.4590416,-433.801086
2840,14.203320,107.627563,-59.4387245,-433.587738
2841,14.208304,107.759399,-59.4082489,-433.26767
2842,14.213318,107.852783,-59.3930092,-433.054291
2843,14.218308,107.995605,-59.3726883,-432.739319
2844,14.223320,108.088989,-59.3625259,-432.531036
2845,14.228302,108.231812,-59.3320503,-432.251648
2846,14.233321,108.325195,-59.321888,-432.068787
2847,14.238303,108.462524,-59.3066444,-431.819885
2848,14.243322,108.555908,-59.3015633,-431.662415
2849,14.248301,108.687744,-59.2914009,-431.428741
2850,14.253318,108.764648,-59.2812386,-431.261108
2851,14.258301,108.797607,-59.2710762,-431.007111
2852,14.263319,108.912964,-59.265995,-430.824249
2853,14.268301,109.02832,-59.2456741,-430.539764
2854,14.273319,109.105225,-59.2304344,-430.34671
2855,14.278301,109.220581,-59.2151947,-430.041931
2856,14.283321,109.291992,-59.2050362,-429.838715
2857,14.288307,109.412842,-59.1847153,-429.533936
2858,14.293307,109.506226,-59.1694756,-429.33075
2859,14.298323,109.643555,-59.154232,-429.02597
2860,14.303308,109.736938,-59.1389923,-428.838013
2861,14.308321,109.874268,-59.1237488,-428.568787
2862,14.313306,109.962158,-59.1186676,-428.401154
2863,14.318315,110.093994,-59.1085052,-428.162415
2864,14.323306,110.181885,-59.0983429,-428.01004
2865,14.328318,110.313721,-59.0881805,-427.781433
2866,14.333307,110.385132,-59.0830994,-427.623962
2867,14.338321,110.489502,-59.0627785,-427.375061
2868,14.343306,110.566406,-59.0424614,-427.197266
2869,14.348316,110.67627,-59.011982,-426.922943
2870,14.353301,110.747681,-58.9967422,-426.734985
2871,14.358341,110.824585,-58.9611816,-426.445435
2872,14.363322,110.824585,-58.9307022,-426.242249
2873,14.368317,110.978394,-58.8900642,-425.942505
2874,14.373305,110.978394,-58.864666,-425.744385
2875,14.378319,111.346436,-58.8341904,-425.454803
2876,14.383301,111.445312,-58.8189507,-425.277008
2877,14.388322,111.588135,-58.7935524,-425.023041
2878,14.393308,111.681519,-58.7783127,-424.860474
2879,14.398302,111.824341,-58.7681503,-424.652222
2880,14.403321,111.917725,-58.757988,-424.51001
2881,14.408303,112.038574,-58.7376671,-424.291565
2882,14.413321,112.109985,-58.7224274,-424.144257
2883,14.418321,112.214355,-58.6868706,-423.900452
2884,14.423317,112.285767,-58.6665535,-423.722656
2885,14.428302,112.39563,-58.6208344,-423.438171
2886,14.433318,112.467041,-58.5801926,-423.234955
2887,14.438305,112.582397,-58.544632,-423.026672
2888,14.443319,112.653809,-58.4684296,-422.706635
2889,14.448301,112.780151,-58.432869,-422.401855
2890,14.453322,112.879028,-58.3769875,-422.112274
2891,14.458305,113.021851,-58.3515892,-421.939575
2892,14.463319,113.115234,-58.3109474,-421.69574
2893,14.468306,113.252563,-58.2906303,-421.543335
2894,14.473321,113.340454,-58.2703094,-421.32489
2895,14.478306,113.422852,-58.2550697,-421.172485
2896,14.483316,113.554687,-58.2449074,-420.948975
2897,14.488306,113.631592,-58.234745,-420.791504
2898,14.493320,113.735962,-58.2195053,-420.53241
2899,14.498305,113.80188,-58.2042656,-420.349548
2900,14.503318,113.900757,-58.1890221,-420.059998
2901,14.508308,113.972168,-58.168705,-419.856781
2902,14.513318,114.093018,-58.1331482,-419.546906
2903,14.518308,114.169922,-58.1128311,-419.343719
2904,14.523317,114.290771,-58.0772705,-419.054138
2905,14.528319,114.373169,-58.0569534,-418.861084
2906,14.533316,114.510498,-58.026474,-418.596924
2907,14.538305,114.603882,-58.0112343,-418.429291
2908,14.543317,114.741211,-57.9959946,-418.185486
2909,14.548307,114.829102,-57.9807549,-418.022949
2910,14.553320,114.944458,-57.9705925,-417.774017
2911,14.558301,115.021362,-57.960434,-417.601288
2912,14.563302,115.136719,-57.9451942,-417.337128
2913,14.568320,115.213623,-57.9350319,-417.154266
2914,14.573301,115.328979,-57.9197884,-416.869781
2915,14.578320,115.400391,-57.909626,-416.676758
2916,14.583315,115.510254,-57.8893051,-416.366882
2917,14.588318,115.587158,-57.868988,-416.163696
2918,14.593308,115.718994,-57.8537445,-415.853821
2919,14.598321,115.806885,-57.8334274,-415.660767
2920,14.603304,115.938721,-57.8181839,-415.366119
2921,14.608318,116.026611,-57.8029442,-415.183228
2922,14.613303,116.158447,-57.7927818,-414.898743
2923,14.618320,116.251831,-57.7826233,-414.726044
2924,14.623308,116.295776,-57.7724609,-414.461884
2925,14.628318,116.471558,-57.7673798,-414.29425
2926,14.633303,116.548462,-57.7622986,-414.035156
2927,14.638318,116.663818,-57.7572174,-413.862457
2928,14.643304,116.746216,-57.7419739,-413.583069
2929,14.648307,116.861572,-57.7267342,-413.395111
2930,14.653316,116.938477,-57.7064133,-413.100464
2931,14.658306,117.059326,-57.7013321,-412.897278
2932,14.663319,117.13623,-57.681015,-412.587372
2933,14.668302,117.25708,-57.6606979,-412.389252
2934,14.673315,117.350464,-57.640377,-412.094604
2935,14.678301,117.487793,-57.62006,-411.891388
2936,14.683323,117.575684,-57.5845032,-411.596741
2937,14.688301,117.713013,-57.5641823,-411.408783
2938,14.693318,117.806396,-57.5286255,-411.119232
2939,14.698308,117.949219,-57.5133858,-410.931274
2940,14.703315,118.042603,-57.4879875,-410.662048
2941,14.708306,118.135986,-57.4727478,-410.489319
2942,14.713320,118.262329,-57.4524307,-410.230255
2943,14.718307,118.344727,-57.437191,-410.047394
2944,14.723321,118.465576,-57.4219475,-409.768005
2945,14.728303,118.547974,-57.4067078,-409.569885
2946,14.733316,118.707275,-57.3863869,-409.270172
2947,14.738302,118.789673,-57.3660698,-409.077148
2948,14.743322,118.905029,-57.3406715,-408.757111
2949,14.748308,118.905029,-57.3101921,-408.543762
2950,14.753317,118.905029,-57.28479,-408.218628
2951,14.758307,119.21814,-57.259388,-408.000183
2952,14.763317,119.355469,-57.259388,-407.990021
2953,14.768307,119.448853,-57.2492256,-407.868073
2954,14.773316,119.591675,-57.2339821,-407.664886
2955,14.778307,119.685059,-57.2339821,-407.512482
2956,14.783304,119.827881,-57.2289009,-407.273743
2957,14.788319,119.921265,-57.2187386,-407.10611
2958,14.793304,120.053101,-57.203495,-406.836884
2959,14.798320,120.135498,-57.1933365,-406.699738
2960,14.803308,120.267334,-57.1882553,-406.557526
2961,14.808319,120.349731,-57.1831741,-406.37973
2962,14.813317,120.470581,-57.1679306,-406.090149
2963,14.818321,120.552979,-57.1628494,-405.881866
2964,14.823306,120.668335,-57.1476059,-405.551666
2965,14.828316,120.750732,-57.1374435,-405.328156
2966,14.833308,120.893555,-57.1120453,-404.982697
2967,14.838318,120.986938,-57.0968056,-404.764252
2968,14.843303,121.124268,-57.0764847,-404.434052
2969,14.848320,121.217651,-57.061245,-404.220703
2970,14.853305,121.360474,-57.0460014,-403.920959
2971,14.858317,121.459351,-57.0358391,-403.733002
2972,14.863301,121.602173,-57.0205956,-403.473938
2973,14.868423,121.70105,-57.0155144,-403.301239
2974,14.873302,121.821899,-57.0104332,-403.026917
2975,14.878308,121.904297,-56.9951935,-402.838959
2976,14.883320,122.025146,-56.9799538,-402.544312
2977,14.888306,122.107544,-56.9748726,-402.336029
2978,14.893319,122.233887,-56.9647102,-402.015961
2979,14.898305,122.321777,-56.9545479,-401.797516
2980,14.903321,122.44812,-56.9443855,-401.477448
2981,14.908303,122.530518,-56.9393044,-401.264099
2982,14.913316,122.678833,-56.929142,-400.964386
2983,14.918306,122.77771,-56.9240608,-400.771362
2984,14.923316,122.926025,-56.9240608,-400.476715
2985,14.928323,123.019409,-56.9240608,-400.288757
2986,14.933316,123.112793,-56.929142,-400.024597
2987,14.938307,123.244629,-56.929142,-399.846802
2988,14.943317,123.33252,-56.929142,-399.587708
2989,14.948308,123.464355,-56.9342232,-399.39975
2990,14.953317,123.546753,-56.9240646,-399.125427
2991,14.958303,123.662109,-56.9139061,-398.922241
2992,14.963307,123.739014,-56.8986664,-398.612335
2993,14.968318,123.859863,-56.8834267,-398.388824
2994,14.973303,123.947754,-56.8580284,-398.053558
2995,14.978322,124.085083,-56.8377075,-397.830017
2996,14.983321,124.129028,-56.8072281,-397.49472
2997,14.988316,124.266357,-56.7970657,-397.27121
2998,14.993301,124.414673,-56.7665863,-396.956238
2999,14.998320,124.51355,-56.7513466,-396.758118
3000,15.003305,124.661865,-56.7361031,-396.473633
3001,15.008323,124.766235,-56.7208633,-396.290741
3002,15.013307,124.903564,-56.7056198,-396.04184
3003,15.018317,124.985962,-56.6903801,-395.879303
3004,15.023305,125.117798,-56.6751404,-395.615143
3005,15.028322,125.200195,-56.6649818,-395.427185
3006,15.033304,125.321045,-56.6446609,-395.137604
3007,15.038322,125.392456,-56.6294212,-394.919159
3008,15.043316,125.507812,-56.6091003,-394.588959
3009,15.048320,125.584717,-56.5938606,-394.370514
3010,15.053302,125.716553,-56.5684624,-394.050476
3011,15.058322,125.809937,-56.5532227,-393.842194
3012,15.063307,125.952759,-56.5278244,-393.547546
3013,15.068322,126.046143,-56.5176659,-393.354492
3014,15.073307,126.188965,-56.5024223,-393.08017
3015,15.078323,126.282349,-56.4871826,-392.892212
3016,15.083308,126.375732,-56.4719391,-392.622986
3017,15.088319,126.513062,-56.4617767,-392.450287
3018,15.093301,126.600952,-56.4516144,-392.181061
3019,15.098319,126.68335,-56.4465332,-392.003265
3020,15.103304,126.68335,-56.4312897,-391.708618
3021,15.108307,126.881104,-56.4262085,-391.505432
3022,15.113318,127.078857,-56.4058876,-391.185364
3023,15.118308,127.161255,-56.3906479,-390.971985
3024,15.123318,127.282104,-56.3804893,-390.662109
3025,15.128303,127.359009,-56.3652458,-390.347137
3026,15.133322,127.501831,-56.3500061,-390.143921
3027,15.138304,127.595215,-56.3296852,-389.839142
3028,15.143316,127.688599,-56.324604,-389.630859
3029,15.148302,127.831421,-56.3093605,-389.331146
3030,15.153320,127.919312,-56.2991982,-389.138092
3031,15.158306,128.051147,-56.2890358,-388.873932
3032,15.163319,128.139038,-56.2839546,-388.701233
3033,15.168306,128.276367,-56.2788734,-388.432007
3034,15.173307,128.353271,-56.2687111,-388.259277
3035,15.178316,128.468628,-56.2636299,-387.984955
3036,15.183306,128.545532,-56.2636299,-387.796997
3037,15.188322,128.660889,-56.2483902,-387.50235
3038,15.193301,128.743286,-56.2382278,-387.309326
3039,15.198318,128.864136,-56.2229881,-387.014709
3040,15.203307,128.946533,-56.2128258,-386.811523
3041,15.208319,129.067383,-56.1874275,-386.501648
3042,15.213307,129.160767,-56.1721878,-386.288269
3043,15.218322,129.303589,-56.136631,-385.98349
3044,15.223302,129.402466,-56.1213913,-385.790466
3045,15.228322,129.545288,-56.1061516,-385.516144
3046,15.233304,129.633179,-56.0959892,-385.343445
3047,15.238321,129.776001,-56.0807457,-385.099609
3048,15.243307,129.863892,-56.0705833,-384.937073
3049,15.248320,130.006714,-56.0553436,-384.698334
3050,15.253305,130.078125,-56.0502625,-384.535797
3051,15.258322,130.182495,-56.0401039,-384.271637
3052,15.263327,130.253906,-56.0248642,-384.083679
3053,15.268340,130.36377,-56.0096245,-383.794128
3054,15.273318,130.440674,-55.9943848,-383.596008
3055,15.278308,130.550537,-55.958828,-383.296295
3056,15.283322,130.627441,-55.9334297,-383.082916
3057,15.288308,130.742798,-55.8927917,-382.762878
3058,15.293319,130.836182,-55.8623123,-382.559692
3059,15.298301,130.984497,-55.8165932,-382.254883
3060,15.303318,131.077881,-55.7861137,-382.061829
3061,15.308308,131.226196,-55.7403946,-381.78244
3062,15.313317,131.325073,-55.7099152,-381.619904
3063,15.318319,131.462402,-55.6692772,-381.38623
3064,15.323321,131.561279,-55.6489563,-381.244019
3065,15.328303,131.704102,-55.623558,-381.010376
3066,15.333322,131.775513,-55.6083183,-380.863068
3067,15.338308,131.885376,-55.5880013,-380.614166
3068,15.343323,131.951294,-55.5727615,-380.431274
3069,15.348301,132.055664,-55.5422859,-380.141724
3070,15.353322,132.138062,-55.5321236,-379.933441
3071,15.358304,132.258911,-55.4914856,-379.618469
3072,15.363318,132.335815,-55.4711685,-379.400024
3073,15.368308,132.418213,-55.4305305,-379.079956
3074,15.373315,132.506104,-55.4051323,-378.871674
3075,15.378303,132.654419,-55.3594131,-378.57193
3076,15.383319,132.753296,-55.3289337,-378.383972
3077,15.388307,132.901611,-55.2882957,-378.114746
3078,15.393323,132.994995,-55.2578163,-377.936951
3079,15.398308,133.132324,-55.2324181,-377.703278
3080,15.403301,133.220215,-55.2120972,-377.550903
3081,15.408316,133.352051,-55.1968575,-377.31723
3082,15.413301,133.434448,-55.1816177,-377.164856
3083,15.418317,133.544312,-55.166378,-376.931183
3084,15.423323,133.615723,-55.166378,-376.76355
3085,15.428322,133.725586,-55.1511383,-376.484161
3086,15.433303,133.796997,-55.1358986,-376.286041
3087,15.438318,133.90686,-55.1206551,-375.976166
3088,15.443304,133.983765,-55.1054153,-375.767883
3089,15.448317,134.099121,-55.0850945,-375.442749
3090,15.453301,134.176025,-55.0698547,-375.239563
3091,15.458318,134.313354,-55.0444565,-374.944916
3092,15.463303,134.401245,-55.0292168,-374.756958
3093,15.468319,134.401245,-55.0088959,-374.492798
3094,15.473304,134.664917,-54.9987335,-374.320068
3095,15.478331,134.752808,-54.9784126,-374.076233
3096,15.483304,134.752808,-54.9784126,-373.928925
3097,15.488330,134.917603,-54.9530144,-373.669861
3098,15.493319,135.076904,-54.9479332,-373.51239
3099,15.498306,135.181274,-54.942852,-373.426025
3100,15.503319,135.252686,-54.942852,-373.426025
3101,15.508306,135.362549,-54.9225311,-373.304108
3102,15.513320,135.444946,-54.8920517,-373.151733
3103,15.518304,135.565796,-54.8564949,-372.897736
3104,15.523322,135.653687,-54.836174,-372.71994
3105,15.528304,135.774536,-54.8158531,-372.455811
3106,15.533317,135.86792,-54.8006134,-372.272949
3107,15.538303,136.005249,-54.7853699,-372.029114
3108,15.543316,136.098633,-54.7701302,-371.958008
3109,15.548301,136.235962,-54.7345695,-371.734497
3110,15.553321,136.323853,-54.7193298,-371.566864
3111,15.558303,136.444702,-54.7040901,-371.323029
3112,15.563317,136.521606,-54.6888504,-371.150299
3113,15.568308,136.642456,-54.6685295,-370.891235
3114,15.573319,136.71936,-54.6532898,-370.708344
3115,15.578307,136.834717,-54.6329689,-370.423859
3116,15.583323,136.911621,-54.6126518,-370.235901
3117,15.588301,136.950073,-54.5923309,-369.94632
3118,15.593408,137.109375,-54.5720139,-369.758362
3119,15.598306,137.15332,-54.5415382,-369.463715
3120,15.603307,137.323608,-54.5212212,-369.27066
3121,15.608322,137.411499,-54.4907417,-368.986176
3122,15.613307,137.543335,-54.475502,-368.798218
3123,15.618316,137.636719,-54.4399414,-368.518829
3124,15.623301,137.768555,-54.4399414,-368.518829
3125,15.628316,137.856445,-54.4348602,-368.483276
3126,15.633306,137.988281,-54.4246979,-368.381683
3127,15.638317,138.076172,-54.3992996,-368.183563
3128,15.643501,138.208008,-54.3739014,-368.046417
3129,15.648316,138.295898,-54.3332634,-367.822906
3130,15.653304,138.422241,-54.3129463,-367.66037
3131,15.658319,138.504639,-54.2926254,-367.386047
3132,15.663307,138.630981,-54.2824669,-367.269196
3133,15.668320,138.713379,-54.2570686,-366.989777
3134,15.673301,138.856201,-54.2316704,-366.705292
3135,15.678322,138.966064,-54.1961136,-366.248077
3136,15.683305,139.130859,-54.1757965,-365.933136
3137,15.688318,139.240723,-54.1351585,-365.481018
3138,15.693308,139.42749,-54.1097603,-365.206696
3139,15.698323,139.564819,-54.0792847,-364.815521
3140,15.703305,139.77356,-54.0792847,-364.815521
3141,15.708323,139.916382,-54.0792847,-364.739319
3142,15.713306,140.108643,-54.0792847,-364.607239
3143,15.718316,140.223999,-54.0792847,-364.373566
3144,15.723305,140.39978,-54.0792847,-364.292297
3145,15.728303,140.52063,-54.0792847,-364.292297
3146,15.733316,140.690918,-54.0742035,-364.23642
3147,15.738301,140.795288,-54.0640411,-364.012909
3148,15.743318,140.95459,-54.0538788,-363.814789
3149,15.748301,141.05896,-54.0335579,-363.515076
3150,15.753319,141.168823,-54.0183182,-363.311859
3151,15.758306,141.355591,-54.0081558,-362.976562
3152,15.763317,141.47644,-53.9979935,-362.732727
3153,15.768308,141.657715,-53.9929123,-362.544739
3154,15.773322,141.778564,-53.9827499,-362.321198
3155,15.778303,141.959839,-53.9573517,-361.919891
3156,15.783318,142.080688,-53.9268761,-361.508423
3157,15.788303,142.261963,-53.9116364,-361.229034
3158,15.793316,142.382812,-53.8862381,-360.817566
3159,15.798301,142.56958,-53.8709984,-360.54834
3160,15.803319,142.69043,-53.8354416,-360.147034
3161,15.808301,142.877197,-53.8151245,-359.887939
3162,15.813317,142.998047,-53.7897263,-359.506897
3163,15.818319,143.179321,-53.7744865,-359.252869
3164,15.823354,143.300171,-53.7440071,-358.871826
3165,15.828305,143.481445,-53.7186089,-358.622894
3166,15.833323,143.602295,-53.6881332,-358.216492
3167,15.838305,143.772583,-53.662735,-357.947235
3168,15.843327,143.887939,-53.6271782,-357.540833
3169,15.848318,144.063721,-53.6119385,-357.251282
3170,15.853303,144.173584,-53.5763817,-356.824554
3171,15.858321,144.360352,-53.5509834,-356.555328
3172,15.863306,144.481201,-53.5205078,-356.148926
3173,15.868322,144.481201,-53.5001869,-355.884766
3174,15.873315,144.788818,-53.4646301,-355.493622
3175,15.878315,144.909668,-53.4544678,-355.249786
3176,15.883301,144.909668,-53.4290695,-354.863678
3177,15.888321,145.206299,-53.4138298,-354.604584
3178,15.893302,145.206299,-53.3884315,-354.218506
3179,15.898320,145.497437,-53.378273,-353.944214
3180,15.903302,145.717163,-53.3579521,-353.532776
3181,15.908315,145.772095,-53.3477898,-353.26355
3182,15.913306,145.991821,-53.3274689,-352.877472
3183,15.918316,146.052246,-53.3122292,-352.62854
3184,15.923304,146.277466,-53.2969856,-352.25766
3185,15.928320,146.337891,-53.2766685,-352.008728
3186,15.933320,146.56311,-53.2563477,-351.637878
3187,15.938323,146.618042,-53.2360306,-351.394043
3188,15.943308,146.843262,-53.2157097,-351.023163
3189,15.948323,146.898193,-53.1903114,-350.779327
3190,15.953305,147.123413,-53.1699905,-350.398285
3191,15.958318,147.178345,-53.1496735,-350.144257
3192,15.963308,147.409058,-53.1293526,-349.778503
3193,15.968318,147.463989,-53.1141129,-349.549896
3194,15.973308,147.694702,-53.093792,-349.209534
3195,15.978307,147.755127,-53.0836296,-348.996155
3196,15.983317,147.980347,-53.0734711,-348.676117
3197,15.988318,148.040771,-53.0633087,-348.44751
3198,15.993322,148.260498,-53.0531502,-348.102051
3199,15.998303,148.31543,-53.0429878,-347.868378
3200,16.003321,148.513184,-53.0226707,-347.50769
3201,16.008303,148.568115,-53.007431,-347.248596
3202,16.013322,148.776855,-52.9769554,-346.84729
3203,16.018304,148.886719,-52.9413948,-346.578033
3204,16.023315,149.057007,-52.8956757,-346.166595
3205,16.028306,149.172363,-52.8651962,-345.917664
3206,16.033319,149.342651,-52.8194771,-345.556976
3207,16.038301,149.468994,-52.7839165,-345.323273
3208,16.043323,149.650269,-52.7381973,-344.988007
3209,16.048301,149.771118,-52.6975555,-344.764496
3210,16.053322,149.946899,-52.6467552,-344.424133
3211,16.058305,150.05127,-52.6061134,-344.19046
3212,16.063317,150.15564,-52.5400734,-343.81958
3213,16.068303,150.314941,-52.4943542,-343.55542
3214,16.073410,150.474243,-52.4333916,-343.15918
3215,16.078303,150.5896,-52.397831,-342.884857
3216,16.083443,150.765381,-52.3368683,-342.493683
3217,16.088306,150.880737,-52.3013077,-342.234589
3218,16.093319,150.996094,-52.2403488,-341.868835
3219,16.098317,151.177368,-52.1946297,-341.640228
3220,16.103302,151.303711,-52.1539917,-341.299866
3221,16.108318,151.484985,-52.1285934,-341.071259
3222,16.113303,151.605835,-52.0828743,-340.7258
3223,16.118318,151.759644,-52.0523949,-340.476868
3224,16.123306,151.864014,-52.0066757,-340.085693
3225,16.128316,152.023315,-51.9863586,-339.821533
3226,16.133304,152.127686,-51.9457207,-339.420227
3227,16.138317,152.297974,-51.9254036,-339.151001
3228,16.143306,152.41333,-51.894928,-338.759827
3229,16.148329,152.583618,-51.8746109,-338.500732
3230,16.153323,152.644043,-51.8441353,-338.150177
3231,16.158305,152.874756,-51.8288956,-337.92157
3232,16.163317,152.990112,-51.8085747,-337.596436
3233,16.168307,153.1604,-51.793335,-337.372894
3234,16.173321,153.275757,-51.7730141,-337.032532
3235,16.178303,153.429565,-51.752697,-336.788696
3236,16.183319,153.533936,-51.7171364,-336.417847
3237,16.188304,153.687744,-51.7018967,-336.163818
3238,16.193317,153.792114,-51.6764984,-335.787872
3239,16.198307,153.962402,-51.6612587,-335.533844
3240,16.203318,154.077759,-51.6358604,-335.16806
3241,16.208303,154.248047,-51.6206207,-334.929291
3242,16.213321,154.363403,-51.5901413,-334.573669
3243,16.218308,154.533691,-51.564743,-334.339996
3244,16.223319,154.643555,-51.5342636,-333.984406
3245,16.228301,154.813843,-51.5190239,-333.750732
3246,16.233307,154.929199,-51.4834633,-333.384979
3247,16.238321,155.093994,-51.4529839,-333.136047
3248,16.243302,155.203857,-51.4123459,-332.749939
3249,16.248321,155.368652,-51.3818665,-332.490845
3250,16.253301,155.478516,-51.3310661,-332.094604
3251,16.258315,155.654297,-51.3158264,-331.830444
3252,16.263319,155.775146,-51.2599487,-331.434204
3253,16.268317,155.830078,-51.2345505,-331.170044
3254,16.273308,156.011353,-51.1888313,-330.789001
3255,16.278317,156.187134,-51.1583519,-330.54007
3256,16.283303,156.42334,-51.1126328,-330.16922
3257,16.288317,156.478271,-51.0923157,-329.910126
3258,16.293306,156.654053,-51.0567589,-329.518951
3259,16.298320,156.769409,-51.0313606,-329.254791
3260,16.303302,156.94519,-50.9958038,-328.858582
3261,16.308308,157.060547,-50.9754868,-328.599518
3262,16.313318,157.230835,-50.9450111,-328.208344
3263,16.318304,157.351685,-50.9246941,-327.959412
3264,16.323323,157.527466,-50.8992958,-327.583466
3265,16.328305,157.642822,-50.8789787,-327.329437
3266,16.333317,157.818604,-50.8484993,-326.938263
3267,16.338304,157.93396,-50.8383369,-326.674103
3268,16.343321,158.104248,-50.8078613,-326.272797
3269,16.348304,158.219604,-50.7926216,-325.998505
3270,16.353317,158.389893,-50.7723045,-325.592102
3271,16.358307,158.505249,-50.762146,-325.322876
3272,16.363318,158.675537,-50.7418251,-324.936768
3273,16.368306,158.790894,-50.7367439,-324.809753
3274,16.373319,158.966675,-50.7367439,-324.809753
3275,16.378304,159.082031,-50.7367439,-324.764038
3276,16.383319,159.252319,-50.7469063,-324.586212
3277,16.388305,159.367676,-50.7469063,-324.428741
3278,16.393319,159.543457,-50.7265854,-324.164612
3279,16.398305,159.713745,-50.7113457,-323.966492
3280,16.403319,159.829102,-50.6707077,-323.61087
3281,16.408301,159.99939,-50.6351471,-323.34671
3282,16.413320,160.109253,-50.6148262,-323.143524
3283,16.418308,160.301514,-50.6046638,-322.904785
3284,16.423322,160.43335,-50.584343,-322.488251
3285,16.428301,160.62561,-50.5691032,-322.213928
3286,16.433319,160.751953,-50.543705,-321.807556
3287,16.438308,160.944214,-50.5233841,-321.533264
3288,16.443321,161.070557,-50.5132256,-321.14209
3289,16.448307,161.257324,-50.503067,-320.872864
3290,16.453412,161.383667,-50.4776688,-320.466492
3291,16.458301,161.564941,-50.462429,-320.1922
3292,16.463333,161.685791,-50.4319496,-319.760406
3293,16.468303,161.861572,-50.3963928,-319.318451
3294,16.473315,161.982422,-50.3760757,-319.033966
3295,16.478318,162.174683,-50.3456001,-318.612335
3296,16.483303,162.306519,-50.3252792,-318.348175
3297,16.488320,162.504272,-50.299881,-317.967163
3298,16.493305,162.636108,-50.2744827,-317.723328
3299,16.498319,162.817383,-50.2287636,-317.352448
3300,16.503303,162.932739,-50.2084465,-317.108612
3301,16.508315,163.114014,-50.1728897,-316.7276
3302,16.513309,163.22937,-50.1424103,-316.468506
3303,16.518316,163.344727,-50.0966911,-316.072266
3304,16.523301,163.520508,-50.0712929,-315.818268
3305,16.528317,163.635864,-50.0408134,-315.422028
3306,16.533322,163.690796,-50.0154152,-315.157867
3307,16.538319,163.866577,-49.9849396,-314.756561
3308,16.543304,164.047852,-49.9646225,-314.497467
3309,16.548321,164.174194,-49.9392242,-314.126617
3310,16.553303,164.355469,-49.9239845,-313.862457
3311,16.558323,164.476318,-49.9036636,-313.476379
3312,16.563308,164.641113,-49.8935013,-313.207153
3313,16.568317,164.75647,-49.8782616,-312.805847
3314,16.573306,164.921265,-49.8630219,-312.536621
3315,16.578304,165.036621,-49.8325424,-312.130249
3316,16.583319,165.212402,-49.8223839,-311.871155
3317,16.588301,165.327759,-49.8071404,-311.490143
3318,16.593318,165.50354,-49.7919006,-311.246277
3319,16.598308,165.62439,-49.7868195,-310.895721
3320,16.603317,165.805664,-49.7766609,-310.662018
3321,16.608304,165.926514,-49.7715797,-310.311462
3322,16.613317,166.107788,-49.7664986,-310.082855
3323,16.618307,166.223145,-49.751255,-309.717102
3324,16.623322,166.382446,-49.7410927,-309.46817
3325,16.628301,166.486816,-49.725853,-309.076996
3326,16.633320,166.591187,-49.7055359,-308.80777
3327,16.638301,166.755981,-49.6902962,-308.396332
3328,16.643323,166.931763,-49.6699791,-308.116943
3329,16.648305,167.113037,-49.6445808,-307.705475
3330,16.653320,167.113037,-49.6242638,-307.451477
3331,16.658305,167.415161,-49.5988655,-307.075562
3332,16.663458,167.415161,-49.5836258,-306.836792
3333,16.668304,167.733765,-49.5531464,-306.481201
3334,16.673359,167.920532,-49.5328255,-306.247528
3335,16.678318,168.035889,-49.5074272,-305.881744
3336,16.683308,168.200684,-49.4769478,-305.637878
3337,16.688319,168.305054,-49.4363098,-305.236572
3338,16.693304,168.469849,-49.4109116,-304.972412
3339,16.698321,168.585205,-49.3753548,-304.555878
3340,16.703301,168.755493,-49.3448753,-304.281555
3341,16.708321,168.87085,-49.2991562,-303.890381
3342,16.713307,169.046631,-49.2686768,-303.646545
3343,16.718322,169.16748,-49.23312,-303.285858
3344,16.723307,169.354248,-49.2077217,-303.047089
3345,16.728321,169.475098,-49.1569252,-302.706726
3346,16.733301,169.661865,-49.1213646,-302.478119
3347,16.738318,169.766235,-49.0705643,-302.122498
3348,16.743303,169.925537,-49.0350037,-301.873566
3349,16.748320,170.029907,-48.9791222,-301.487488
3350,16.753306,170.189209,-48.9435616,-301.218231
3351,16.758318,170.299072,-48.9029236,-300.806793
3352,16.763303,170.474854,-48.8826065,-300.557861
3353,16.768326,170.59021,-48.8318062,-300.171753
3354,16.773318,170.760498,-48.8013268,-299.938049
3355,16.778308,170.881348,-48.7708511,-299.59259
3356,16.783316,171.057129,-48.7505302,-299.374146
3357,16.788302,171.177979,-48.7200546,-299.043915
3358,16.793322,171.359253,-48.7098961,-298.815308
3359,16.798303,171.469116,-48.6794167,-298.449524
3360,16.803323,171.622925,-48.6590996,-298.200592
3361,16.808301,171.732788,-48.6235428,-297.794189
3362,16.813322,171.886597,-48.6083031,-297.524963
3363,16.818304,172.001953,-48.5778236,-297.138885
3364,16.823315,172.177734,-48.5625839,-296.884888
3365,16.828318,172.298584,-48.521946,-296.493713
3366,16.833321,172.474365,-48.4914665,-296.219421
3367,16.838303,172.595215,-48.4508286,-295.772369
3368,16.843319,172.776489,-48.4152679,-295.452332
3369,16.848302,172.897339,-48.3644676,-294.949402
3370,16.853321,173.078613,-48.3238297,-294.603973
3371,16.858303,173.221436,-48.2730293,-294.075653
3372,16.863302,173.441162,-48.2476311,-293.730194
3373,16.868321,173.594971,-48.1968307,-293.227264
3374,16.873303,173.814697,-48.1663513,-292.922485
3375,16.878317,173.968506,-48.1206322,-292.485626
3376,16.883303,174.199219,-48.0901527,-292.201141
3377,16.888318,174.199219,-48.0444336,-291.789703
3378,16.893307,174.506836,-48.0190353,-291.505219
3379,16.898320,174.666138,-47.968235,-291.058197
3380,16.903308,174.863892,-47.9326744,-290.748322
3381,16.908321,174.995728,-47.8869553,-290.275909
3382,16.913306,175.193481,-47.8564758,-289.966034
3383,16.918322,175.325317,-47.8158379,-289.483459
3384,16.923303,175.545044,-47.7802773,-289.183746
3385,16.928323,175.687866,-47.7294769,-288.731628
3386,16.933308,175.9021,-47.6939163,-288.431915
3387,16.938320,176.044922,-47.643116,-287.974701
3388,16.943302,176.259155,-47.6126366,-287.664825
3389,16.948316,176.396484,-47.5719986,-287.18222
3390,16.953304,176.610718,-47.5415192,-286.862183
3391,16.958304,176.75354,-47.5059624,-286.379578
3392,16.963317,176.896362,-47.4907227,-286.054443
3393,16.968303,176.896362,-47.4704018,-285.566742
3394,16.973322,177.182007,-47.4500847,-285.251801
3395,16.978308,177.467651,-47.4246864,-284.779388
3396,16.983323,177.615967,-47.4145241,-284.439026
3397,16.988305,177.615967,-47.3942032,-283.93103
3398,16.993323,177.615967,-47.3840408,-283.60083
3399,16.998317,177.615967,-47.3687973,-283.113129
3400,17.003322,178.275146,-47.3535576,-282.782928
3401,17.008301,178.648682,-47.3383179,-282.320648
3402,17.013302,178.873901,-47.3332367,-282.00061
3403,17.018322,179.022217,-47.3281555,-281.53833
3404,17.023303,179.247437,-47.3129158,-281.228455
3405,17.028315,179.401245,-47.2875175,-280.750916
3406,17.033304,179.620972,-47.2672005,-280.425812
3407,17.038315,179.77478,-47.2316399,-279.917816
3408,17.043309,179.994507,-47.2113228,-279.58252
3409,17.048322,-179.846191,-47.1808472,-279.059265
3410,17.053307,-179.626465,-47.1605301,-278.713806
3411,17.058315,-179.472656,-47.1249695,-278.210876
3412,17.063309,-179.23645,-47.0944901,-277.890839
3413,17.068322,-179.082642,-47.0640144,-277.423492
3414,17.073308,-178.846436,-47.0386162,-277.103455
3415,17.078322,-178.692627,-46.9979782,-276.595459
3416,17.083308,-178.4729,-46.9674988,-276.25
3417,17.088321,-178.330078,-46.9268608,-275.736908
3418,17.093305,-178.110352,-46.9014626,-275.391479
3419,17.098321,-177.962036,-46.8557434,-274.898712
3420,17.103306,-177.74231,-46.8354263,-274.573578
3421,17.108317,-177.599487,-46.7947884,-274.106232
3422,17.113303,-177.379761,-46.7643089,-273.786194
3423,17.118317,-177.236938,-46.723671,-273.298523
3424,17.123306,-177.028198,-46.6931915,-272.95816
3425,17.128435,-176.890869,-46.6576347,-272.445068
3426,17.133309,-176.682129,-46.6119156,-271.906555
3427,17.138303,-176.539307,-46.5865173,-271.576355
3428,17.143317,-176.308594,-46.5611191,-271.083588
3429,17.148307,-176.160278,-46.540802,-270.773712
3430,17.153322,-175.929565,-46.5204849,-270.30127
3431,17.158301,-175.78125,-46.5052452,-269.986328
3432,17.163458,-175.561523,-46.479847,-269.503723
3433,17.168308,-175.418701,-46.4646072,-269.168457
3434,17.173315,-175.198975,-46.4341278,-268.67572
3435,17.178301,-175.050659,-46.4188881,-268.34552
3436,17.183323,-174.902344,-46.3934898,-267.852783
3437,17.188301,-174.682617,-46.3731689,-267.537811
3438,17.193316,-174.534302,-46.3477707,-267.055206
3439,17.198306,-174.314575,-46.3274498,-266.735168
3440,17.203323,-174.16626,-46.2969742,-266.25766
3441,17.208302,-173.946533,-46.2664948,-265.922394
3442,17.213319,-173.798218,-46.2207756,-265.394073
3443,17.218302,-173.572998,-46.1801338,-265.038483
3444,17.223301,-173.424683,-46.1293335,-264.494904
3445,17.228322,-173.19397,-46.0886917,-264.149475
3446,17.233302,-173.045654,-46.027729,-263.651642
3447,17.238315,-172.814941,-45.9870872,-263.331604
3448,17.243304,-172.661133,-45.9362869,-262.91507
3449,17.248316,-172.424927,-45.9058075,-262.640747
3450,17.253301,-172.271118,-45.8448486,-262.224182
3451,17.258322,-172.051392,-45.8042068,-261.924469
3452,17.263307,-171.925049,-45.7229309,-261.426605
3453,17.268321,-171.798706,-45.6721306,-261.040497
3454,17.273306,-171.606445,-45.6111717,-260.532501
3455,17.278319,-171.480103,-45.5806923,-260.202301
3456,17.283319,-171.265869,-45.5349731,-259.740021
3457,17.288316,-171.123047,-45.5044937,-259.45047
3458,17.293302,-170.908813,-45.4435349,-259.01358
3459,17.298303,-170.765991,-45.4028931,-258.713867
3460,17.303317,-170.562744,-45.336853,-258.256653
3461,17.308331,-170.419922,-45.2962151,-257.931519
3462,17.313323,-170.216675,-45.2352562,-257.423523
3463,17.318305,-170.079346,-45.1946144,-257.088257
3464,17.323317,-169.859619,-45.1387329,-256.610748
3465,17.328307,-169.716797,-45.1082535,-256.316132
3466,17.333320,-169.502563,-45.0625343,-255.884354
3467,17.338303,-169.354248,-45.0320549,-255.599869
3468,17.343315,-169.151001,-44.9863358,-255.16806
3469,17.348306,-169.013672,-44.9609375,-254.863251
3470,17.353315,-168.810425,-44.9202995,-254.390808
3471,17.358301,-168.673096,-44.8999825,-254.075836
3472,17.363316,-168.464355,-44.8644257,-253.608459
3473,17.368301,-168.327026,-44.8441048,-253.293488
3474,17.373321,-168.189697,-44.8034668,-252.841354
3475,17.378306,-168.189697,-44.7831459,-252.541626
3476,17.383322,-167.909546,-44.7374268,-252.089493
3477,17.388303,-167.909546,-44.7018661,-251.789764
3478,17.393315,-167.55249,-44.6510658,-251.312225
3479,17.398306,-167.200928,-44.610424,-250.976959
3480,17.403321,-166.992187,-44.5545464,-250.463898
3481,17.408304,-166.854858,-44.5189857,-250.128632
3482,17.413315,-166.712036,-44.4580231,-249.646011
3483,17.418306,-166.503296,-44.4275436,-249.336121
3484,17.423316,-166.35498,-44.3716621,-248.889069
3485,17.428306,-166.135254,-44.3361015,-248.594421
3486,17.433322,-165.986938,-44.2853012,-248.162613
3487,17.438304,-165.767212,-44.2446632,-247.857803
3488,17.443319,-165.635376,-44.1735458,-247.400589
3489,17.448308,-165.432129,-44.1278267,-247.095779
3490,17.453303,-165.300293,-44.0770264,-246.643646
3491,17.458323,-165.097046,-44.0414658,-246.333755
3492,17.463321,-164.954224,-43.9957466,-245.886703
3493,17.468323,-164.73999,-43.9652672,-245.586975
3494,17.473305,-164.597168,-43.9144669,-245.139923
3495,17.478318,-164.382935,-43.8839874,-244.845276
3496,17.483307,-164.245605,-43.8839874,-244.845276
3497,17.488321,-164.036865,-43.8789062,-244.789398
3498,17.493301,-163.899536,-43.853508,-244.515076
3499,17.498316,-163.690796,-43.8433456,-244.291565
3500,17.503304,-163.54248,-43.8179474,-243.935974
3501,17.508316,-163.317261,-43.8027077,-243.681976
3502,17.513316,-163.174438,-43.7874641,-243.255249
3503,17.518319,-162.949219,-43.7722244,-242.940277
3504,17.523304,-162.800903,-43.7671432,-242.691345
3505,17.528307,-162.575684,-43.7620621,-242.432266
3506,17.533323,-162.427368,-43.7468224,-241.929367
3507,17.538301,-162.202148,-43.7315826,-241.58902
3508,17.543318,-162.04834,-43.7112617,-241.070877
3509,17.548305,-161.817627,-43.696022,-240.73053
3510,17.553322,-161.663818,-43.6807785,-240.232697
3511,17.558304,-161.433105,-43.6655388,-239.89743
3512,17.563320,-161.279297,-43.6198196,-239.23703
3513,17.568306,-161.048584,-43.5944214,-238.937302
3514,17.573316,-160.894775,-43.5436211,-238.454681
3515,17.578301,-160.664062,-43.5182228,-238.129547
3516,17.583322,-160.510254,-43.4725037,-237.575836
3517,17.588301,-160.285034,-43.4420242,-237.194839
3518,17.593318,-160.136719,-43.3912239,-236.641129
3519,17.598308,-159.911499,-43.3404274,-236.2957
3520,17.603331,-159.752197,-43.26931,-235.807999
3521,17.608320,-159.510498,-43.2185135,-235.487946
3522,17.613308,-159.351196,-43.1524734,-235.010406
3523,17.618322,-159.11499,-43.1016769,-234.695435
3524,17.623316,-158.966675,-43.0407181,-234.207733
3525,17.628315,-158.741455,-43.0102386,-233.877533
3526,17.633309,-158.59314,-42.9645195,-233.369553
3527,17.638323,-158.36792,-42.9289589,-233.024124
3528,17.643308,-158.219604,-42.8832397,-232.511063
3529,17.648316,-158.065796,-42.8527603,-232.170715
3530,17.653306,-157.840576,-42.8172035,-231.677948
3531,17.658316,-157.686768,-42.8019638,-231.352814
3532,17.663301,-157.472534,-42.7765617,-230.860046
3533,17.668321,-157.401123,-42.7663994,-230.540009
3534,17.673303,-157.18689,-42.756237,-230.042175
3535,17.678323,-156.972656,-42.7460747,-229.696747
3536,17.683306,-156.824341,-42.7409935,-229.209045
3537,17.688377,-156.604614,-42.7359123,-228.888992
3538,17.693302,-156.456299,-42.7359123,-228.421616
3539,17.698308,-156.231079,-42.7308311,-228.116806
3540,17.703321,-156.082764,-42.7155876,-227.624039
3541,17.708307,-155.863037,-42.7105064,-227.288757
3542,17.713322,-155.720215,-42.6901855,-226.760452
3543,17.718304,-155.500488,-42.6749458,-226.409943
3544,17.723318,-155.34668,-42.6495476,-225.907028
3545,17.728308,-155.110474,-42.6343079,-225.58699
3546,17.733318,-154.956665,-42.6089096,-225.134857
3547,17.738318,-154.725952,-42.5885925,-224.830048
3548,17.743322,-154.577637,-42.5581131,-224.362671
3549,17.748306,-154.35791,-42.537796,-224.032471
3550,17.753319,-154.209595,-42.4920769,-223.524475
3551,17.758308,-153.989868,-42.4615974,-223.173965
3552,17.763315,-153.841553,-42.4006348,-222.640579
3553,17.768305,-153.69873,-42.3650742,-222.295151
3554,17.773322,-153.479004,-42.3244362,-221.797318
3555,17.778307,-153.407593,-42.2939568,-221.477264
3556,17.783322,-153.182373,-42.2533188,-221.02005
3557,17.788323,-153.182373,-42.217762,-220.71524
3558,17.793323,-152.803345,-42.1923637,-220.263107
3559,17.798301,-152.424316,-42.1568031,-219.953217
3560,17.803317,-152.286987,-42.1161652,-219.470596
3561,17.808308,-152.078247,-42.0856857,-219.140396
3562,17.813317,-151.940918,-42.0501289,-218.637482
3563,17.818303,-151.732178,-42.009491,-218.175186
3564,17.823304,-151.583862,-41.9840927,-217.88562
3565,17.828316,-151.353149,-41.9536133,-217.463974
3566,17.833301,-151.204834,-41.9332962,-217.194733
3567,17.838318,-150.979614,-41.8977394,-216.732452
3568,17.843303,-150.842285,-41.8723412,-216.41748
3569,17.848322,-150.644531,-41.8317032,-215.904419
3570,17.853308,-150.507202,-41.8113861,-215.543747
3571,17.858323,-150.303955,-41.7758293,-215.000198
3572,17.863308,-150.150146,-41.7605896,-214.664932
3573,17.868317,-149.996338,-41.7301102,-214.182327
3574,17.873302,-149.771118,-41.7097931,-213.877518
3575,17.878316,-149.622803,-41.6742363,-213.466034
3576,17.883301,-149.403076,-41.648838,-213.176468
3577,17.888319,-149.260254,-41.6082001,-212.734497
3578,17.893304,-149.046021,-41.5726395,-212.419525
3579,17.898386,-148.903198,-41.5218391,-211.921692
3580,17.903302,-148.694458,-41.4862785,-211.591492
3581,17.908318,-148.551636,-41.430397,-211.093658
3582,17.913322,-148.342896,-41.3948364,-210.773605
3583,17.918304,-148.205566,-41.3338737,-210.316391
3584,17.923320,-147.98584,-41.2830772,-210.011581
3585,17.928302,-147.837524,-41.2018013,-209.564529
3586,17.933316,-147.617798,-41.1560822,-209.254639
3587,17.938306,-147.469482,-41.0748024,-208.7771
3588,17.943320,-147.260742,-41.0240021,-208.462128
3589,17.948302,-147.11792,-40.9478073,-207.994751
3590,17.953318,-146.914673,-40.9122467,-207.700104
3591,17.958320,-146.777344,-40.8563652,-207.278458
3592,17.963322,-146.56311,-40.8106461,-206.999054
3593,17.968303,-146.420288,-40.7547646,-206.58757
3594,17.973317,-146.200562,-40.7192039,-206.298004
3595,17.978306,-146.057739,-40.6633224,-205.850952
3596,17.983318,-145.848999,-40.6480827,-205.698547
3597,17.988301,-145.717163,-40.5769615,-205.088928
3598,17.993322,-145.508423,-40.5515633,-204.784119
3599,17.998304,-145.376587,-40.5160065,-204.347229
3600,18.003321,-145.162354,-40.4956894,-204.047501
3601,18.008303,-145.025024,-40.46521,-203.575043
3602,18.013320,-144.810791,-40.4499702,-203.249908
3603,18.018322,-144.667969,-40.424572,-202.757141
3604,18.023388,-144.453735,-40.4042549,-202.421875
3605,18.028302,-144.316406,-40.383934,-201.913895
3606,18.033303,-144.102173,-40.3788528,-201.578629
3607,18.038320,-143.959351,-40.3686943,-201.090942
3608,18.043304,-143.734131,-40.3636131,-200.740433
3609,18.048319,-143.585815,-40.3636131,-200.252747
3610,18.053304,-143.432007,-40.3636131,-199.937775
3611,18.058321,-143.201294,-40.3534508,-199.465317
3612,18.063303,-143.052979,-40.3432884,-199.145279
3613,18.068317,-142.838745,-40.3229713,-198.637283
3614,18.073322,-142.69043,-40.3026543,-198.296936
3615,18.078323,-142.470703,-40.2721786,-197.773712
3616,18.083304,-142.322388,-40.2518616,-197.423203
3617,18.088316,-142.097168,-40.2163048,-196.915222
3618,18.093301,-141.943359,-40.1909065,-196.60025
3619,18.098318,-141.789551,-40.1451874,-196.148117
3620,18.103303,-141.564331,-40.1299477,-195.838226
3621,18.108322,-141.416016,-40.0791473,-195.375931
3622,18.113305,-141.201782,-40.0435867,-195.035583
3623,18.118327,-141.053467,-39.9877052,-194.507278
3624,18.123322,-140.83374,-39.9470634,-194.151688
3625,18.128323,-140.696411,-39.8911819,-193.618301
3626,18.133323,-140.482178,-39.8556213,-193.288101
3627,18.138302,-140.339355,-39.8099022,-192.815643
3628,18.143323,-140.119629,-39.7794228,-192.515915
3629,18.148301,-139.96582,-39.7387848,-192.084106
3630,18.153316,-139.735107,-39.7184677,-191.774216
3631,18.158301,-139.581299,-39.6778297,-191.256073
3632,18.163316,-139.350586,-39.6575127,-190.895401
3633,18.168306,-139.350586,-39.6219559,-190.34169
3634,18.173321,-138.988037,-39.5965576,-189.986099
3635,18.178303,-138.839722,-39.566082,-189.483185
3636,18.183321,-138.696899,-39.5508423,-189.173294
3637,18.188303,-138.696899,-39.5203629,-188.731323
3638,18.193322,-138.284912,-39.5051231,-188.457001
3639,18.198304,-138.284912,-39.4848022,-188.004868
3640,18.203316,-137.741089,-39.4695625,-187.68483
3641,18.208306,-137.60376,-39.4390831,-187.176849
3642,18.213319,-137.39502,-39.4136848,-186.85173
3643,18.218301,-137.25769,-39.3781281,-186.358963
3644,18.223316,-137.037964,-39.3628883,-186.028763
3645,18.228302,-136.884155,-39.3374901,-185.541077
3646,18.233317,-136.653442,-39.3222504,-185.236267
3647,18.238304,-136.499634,-39.3019295,-184.784134
3648,18.243317,-136.279907,-39.2816124,-184.489487
3649,18.248307,-136.137085,-39.2511368,-184.042435
3650,18.253319,-135.922852,-39.2257385,-183.732544
3651,18.258302,-135.780029,-39.1901817,-183.244858
3652,18.263307,-135.565796,-39.1546211,-182.929886
3653,18.268321,-135.428467,-39.1038208,-182.46759
3654,18.273308,-135.219727,-39.0733414,-182.172943
3655,18.278317,-135.076904,-39.0174599,-181.736053
3656,18.283306,-134.873657,-38.9768181,-181.451569
3657,18.288323,-134.736328,-38.9260216,-181.15184
3658,18.293319,-134.533081,-38.9260216,-181.15184
3659,18.298319,-134.401245,-38.9260216,-181.15184
3660,18.303304,-134.192505,-38.9260216,-181.15184
3661,18.308315,-134.055176,-38.9057007,-181.01976
3662,18.313301,-133.846436,-38.8803024,-180.847031
3663,18.318317,-133.709106,-38.8244209,-180.557465
3664,18.323302,-133.566284,-38.7888603,-180.344116
3665,18.328322,-133.341064,-38.7329788,-180.003769
3666,18.333307,-133.192749,-38.692337,-179.749771
3667,18.338323,-132.967529,-38.6415367,-179.363693
3668,18.343303,-132.824707,-38.6313744,-179.257019
3669,18.348320,-132.62146,-38.580574,-178.804901
3670,18.353319,-132.484131,-38.5348549,-178.261337
3671,18.358318,-132.280884,-38.5043793,-177.773651
3672,18.363307,-132.138062,-38.478981,-177.453598
3673,18.368318,-131.901855,-38.4434242,-177.001465
3674,18.373303,-131.742554,-38.4231071,-176.686493
3675,18.378318,-131.511841,-38.3875504,-176.214035
3676,18.383308,-131.363525,-38.3672333,-175.904144
3677,18.388317,-131.143799,-38.3316765,-175.441849
3678,18.393307,-131.000977,-38.3062782,-175.131958
3679,18.398306,-130.786743,-38.2504005,-174.537598
3680,18.403322,-130.643921,-38.2199211,-174.268356
3681,18.408304,-130.429687,-38.1843643,-173.861954
3682,18.413319,-130.286865,-38.1589661,-173.587631
3683,18.418305,-130.072632,-38.1132469,-173.140579
3684,18.423318,-129.92981,-38.0776863,-172.840851
3685,18.428308,-129.715576,-38.0218048,-172.409042
3686,18.433319,-129.567261,-37.9760857,-172.119476
3687,18.438306,-129.353027,-37.9303665,-171.824829
3688,18.443317,-129.210205,-37.9303665,-171.824829
3689,18.448307,-128.995972,-37.9303665,-171.824829
3690,18.453317,-128.853149,-37.9303665,-171.824829
3691,18.458304,-128.853149,-37.9354439,-171.636871
3692,18.463320,-128.501587,-37.9405251,-171.464142
3693,18.468321,-128.364258,-37.9049683,-171.169495
3694,18.473379,-128.155518,-37.8541679,-170.869781
3695,18.478301,-128.018188,-37.8084488,-170.661514
3696,18.483310,-127.814941,-37.7271729,-170.42276
3697,18.488321,-127.677612,-37.6916122,-170.148437
3698,18.493305,-127.474365,-37.6611328,-169.965561
3699,18.498322,-127.342529,-37.5798569,-169.498184
3700,18.503307,-127.133789,-37.5290604,-169.188293
3701,18.508322,-126.990967,-37.4630241,-168.73616
3702,18.513304,-126.782227,-37.417305,-168.299271
3703,18.518316,-126.639404,-37.3919067,-168.014786
3704,18.523318,-126.425171,-37.3614311,-167.557571
3705,18.528321,-126.293335,-37.341114,-167.242599
3706,18.533308,-126.084595,-37.3106346,-166.759979
3707,18.538316,-125.952759,-37.2953949,-166.434845
3708,18.543302,-125.744019,-37.2699966,-165.957306
3709,18.548318,-125.601196,-37.2649155,-165.64743
3710,18.553307,-125.38147,-37.2598343,-165.190216
3711,18.558318,-125.238647,-37.2445946,-164.870163
3712,18.563307,-125.024414,-37.229351,-164.407867
3713,18.568323,-124.881592,-37.209034,-164.092896
3714,18.573301,-124.672852,-37.1785583,-163.584915
3715,18.578386,-124.530029,-37.1531601,-163.249649
3716,18.583319,-124.3927,-37.1176033,-162.756882
3717,18.588301,-124.3927,-37.0972862,-162.436829
3718,18.593319,-124.013672,-37.0668106,-161.954208
3719,18.598304,-124.013672,-37.0515709,-161.644318
3720,18.603320,-123.634644,-37.0109329,-161.17186
3721,18.608302,-123.338013,-36.9855347,-160.851807
3722,18.613320,-123.261108,-36.9398155,-160.359039
3723,18.618302,-122.964478,-36.9093361,-160.018692
3724,18.623322,-122.887573,-36.8534584,-159.500549
3725,18.628304,-122.590942,-36.822979,-159.165283
3726,18.633320,-122.514038,-36.7721786,-158.672516
3727,18.638306,-122.211914,-36.7721786,-158.672516
3728,18.643320,-122.140503,-36.7721786,-158.672516
3729,18.648302,-121.849365,-36.7721786,-158.672516
3730,18.653319,-121.772461,-36.7670975,-158.586151
3731,18.658301,-121.481323,-36.7518578,-158.403259
3732,18.663322,-121.409912,-36.7112198,-158.067993
3733,18.668304,-121.135254,-36.6756592,-157.83432
3734,18.673301,-121.063843,-36.62994,-157.473648
3735,18.678320,-120.789185,-36.5943794,-157.194244
3736,18.683305,-120.717773,-36.5384979,-156.721786
3737,18.688321,-120.421143,-36.5232582,-156.589706
3738,18.693301,-120.344238,-36.5029373,-156.223938
3739,18.698317,-120.047607,-36.4826202,-155.898804
3740,18.703307,-119.970703,-36.4521446,-155.406036
3741,18.708320,-119.674072,-36.4318275,-155.07077
3742,18.713302,-119.602661,-36.4013519,-154.557709
3743,18.718320,-119.30603,-36.3861122,-154.21228
3744,18.723305,-119.157715,-36.3657913,-153.719513
3745,18.728317,-118.916016,-36.3607101,-153.409622
3746,18.733302,-118.756714,-36.3505478,-152.977814
3747,18.738321,-118.515015,-36.3353081,-152.667923
3748,18.743306,-118.361206,-36.3099098,-152.185318
3749,18.748318,-118.135986,-36.2845116,-151.834808
3750,18.753323,-117.993164,-36.2337112,-151.296341
3751,18.758305,-117.767944,-36.2032318,-150.945831
3752,18.763322,-117.619629,-36.1625938,-150.427673
3753,18.768301,-117.383423,-36.1422768,-150.122864
3754,18.773317,-117.229614,-36.0965576,-149.670731
3755,18.778307,-116.993408,-36.0863991,-149.386246
3756,18.783305,-116.8396,-36.0356026,-148.929031
3757,18.788318,-116.625366,-36.000042,-148.608978
3758,18.793308,-116.477051,-35.9492416,-148.11113
3759,18.798318,-116.334229,-35.9085999,-147.765701
3760,18.803303,-116.114502,-35.8628807,-147.257706
3761,18.808321,-115.966187,-35.8273201,-146.927505
3762,18.813306,-115.740967,-35.7714386,-146.439819
3763,18.818319,-115.592651,-35.7409592,-146.140091
3764,18.823308,-115.372925,-35.7003174,-145.693039
3765,18.828321,-115.230103,-35.6749191,-145.36792
3766,18.833303,-115.010376,-35.6190376,-144.875153
3767,18.838315,-114.867554,-35.5733185,-144.504318
3768,18.843306,-114.65332,-35.5225182,-143.96077
3769,18.848317,-114.505005,-35.4920387,-143.579773
3770,18.853303,-114.285278,-35.4564819,-143.076859
3771,18.858305,-114.136963,-35.4310837,-142.751724
3772,18.863321,-113.911743,-35.4006081,-142.289429
3773,18.868303,-113.757935,-35.380291,-141.979538
3774,18.873321,-113.527222,-35.3548927,-141.517242
3775,18.878306,-113.373413,-35.3294945,-141.207352
3776,18.883321,-113.1427,-35.2939377,-140.709518
3777,18.888303,-112.999878,-35.2939377,-140.709518
3778,18.893320,-112.785645,-35.2939377,-140.709518
3779,18.898307,-112.637329,-35.2939377,-140.709518
3780,18.903322,-112.423096,-35.2939377,-140.546951
3781,18.908301,-112.269287,-35.2837753,-140.369141
3782,18.913317,-112.038574,-35.2685318,-140.069427
3783,18.918304,-111.884766,-35.2532921,-139.876373
3784,18.923323,-111.659546,-35.2278938,-139.576645
3785,18.928303,-111.522217,-35.2024956,-139.353134
3786,18.933320,-111.31897,-35.1669388,-139.033096
3787,18.938306,-111.181641,-35.1567764,-138.895935
3788,18.943318,-110.9729,-35.1212196,-138.438721
3789,18.948308,-110.819092,-35.0958214,-138.113586
3790,18.953329,-110.588379,-35.0450211,-137.641129
3791,18.958323,-110.440063,-35.0094604,-137.346481
3792,18.963306,-110.209351,-34.9535789,-136.924835
3793,18.968318,-110.066528,-34.9027824,-136.635269
3794,18.973303,-109.995117,-34.8265839,-136.193298
3795,18.978320,-109.780884,-34.7757874,-135.878326
3796,18.983320,-109.56665,-34.6945114,-135.39064
3797,18.988316,-109.56665,-34.6386337,-135.065506
3798,18.993307,-109.209595,-34.5522766,-134.587967
3799,18.998320,-109.209595,-34.4913177,-134.283157
3800,19.003305,-108.858032,-34.3947983,-133.861511
3801,19.008323,-108.572388,-34.3389206,-133.582108
3802,19.013308,-108.500977,-34.2678032,-133.165543
3803,19.018317,-108.215332,-34.222084,-132.870895
3804,19.023305,-108.143921,-34.1611214,-132.398437
3805,19.028321,-107.86377,-34.0950813,-131.94632
3806,19.033303,-107.797852,-34.0493622,-131.468796
3807,19.038316,-107.583618,-34.0341225,-131.199554
3808,19.043306,-107.446289,-34.0239601,-130.813477
3809,19.048322,-107.226562,-34.0137978,-130.554398
3810,19.053307,-107.078247,-33.9985542,-130.132751
3811,19.058306,-106.858521,-33.9833145,-129.838104
3812,19.063319,-106.710205,-33.9477577,-129.38089
3813,19.068304,-106.501465,-33.886795,-128.893204
3814,19.073318,-106.369629,-33.8461533,-128.405518
3815,19.078308,-106.166382,-33.820755,-128.090546
3816,19.083319,-106.029053,-33.7953568,-127.623192
3817,19.088304,-105.814819,-33.780117,-127.328552
3818,19.093322,-105.661011,-33.7445564,-126.886589
3819,19.098305,-105.435791,-33.7343941,-126.602104
3820,19.103316,-105.287476,-33.7039146,-126.160141
3821,19.108306,-105.073242,-33.6886749,-125.86042
3822,19.113317,-104.935913,-33.6531143,-125.382896
3823,19.118307,-104.727173,-33.6277122,-125.047615
3824,19.123316,-104.518433,-33.5870743,-124.529457
3825,19.128307,-104.381104,-33.5565948,-124.209419
3826,19.133303,-104.16687,-33.5210381,-123.736984
3827,19.138318,-104.024048,-33.4753189,-123.452499
3828,19.143303,-103.815308,-33.4499207,-123.035934
3829,19.148319,-103.666992,-33.3991203,-122.61937
3830,19.153323,-103.452759,-33.3686409,-122.324722
3831,19.158323,-103.309937,-33.307682,-121.867516
3832,19.163305,-103.09021,-33.2721214,-121.552559
3833,19.168317,-102.947388,-33.2111588,-121.085205
3834,19.173302,-102.733154,-33.1806793,-120.77533
3835,19.178317,-102.590332,-33.129879,-120.318138
3836,19.183306,-102.376099,-33.0993996,-120.023491
3837,19.188318,-102.227783,-33.0435181,-119.728851
3838,19.193304,-102.01355,-33.0181198,-119.281807
3839,19.198316,-101.865234,-32.9673195,-118.819534
3840,19.203304,-101.645508,-32.9368401,-118.499496
3841,19.208316,-101.502686,-32.9012833,-118.001656
3842,19.213321,-101.288452,-32.8809662,-117.671455
3843,19.218322,-101.14563,-32.8504868,-117.188858
3844,19.223302,-100.931396,-32.8403244,-116.884056
3845,19.228321,-100.783081,-32.8250847,-116.447166
3846,19.233306,-100.557861,-32.8200035,-116.147446
3847,19.238301,-100.409546,-32.8098412,-115.690247
3848,19.243322,-100.184326,-32.7895241,-115.370209
3849,19.248308,-100.041504,-32.7692032,-114.887611
3850,19.253319,-99.8327637,-32.764122,-114.567574
3851,19.258304,-99.8327637,-32.7488823,-114.069733
3852,19.263317,-99.6185303,-32.7387238,-113.749695
3853,19.268319,-99.4042969,-32.7133255,-113.282341
3854,19.273315,-99.2504883,-32.6980858,-112.98262
3855,19.278305,-99.0197754,-32.6828461,-112.525429
3856,19.283316,-98.8659668,-32.6574478,-112.205391
3857,19.288301,-98.6407471,-32.6117287,-111.712631
3858,19.293321,-98.4979248,-32.5812492,-111.382431
3859,19.298304,-98.2781982,-32.5355301,-110.869354
3860,19.303320,-98.135376,-32.515213,-110.534081
3861,19.308308,-97.9156494,-32.474575,-110.051476
3862,19.313321,-97.7618408,-32.4491768,-109.772072
3863,19.318303,-97.5421143,-32.4085388,-109.360588
3864,19.323323,-97.3883057,-32.3780594,-109.081184
3865,19.328301,-97.1740723,-32.3272591,-108.639221
3866,19.333302,-97.0422363,-32.3120193,-108.324265
3867,19.338321,-96.8389893,-32.2510605,-107.81118
3868,19.343306,-96.7071533,-32.2256622,-107.460655
3869,19.348322,-96.4984131,-32.1799431,-106.937408
3870,19.353301,-96.3555908,-32.1393013,-106.591965
3871,19.358316,-96.1358643,-32.113903,-106.261765
3872,19.363302,-95.9216309,-32.0681839,-105.784248
3873,19.368320,-95.9216309,-32.0224648,-105.321968
3874,19.373305,-95.5535889,-31.9919853,-105.012093
3875,19.378317,-95.5535889,-31.9513454,-104.529495
3876,19.383307,-95.1800537,-31.9259453,-104.214539
3877,19.388323,-94.9603271,-31.8802242,-103.716698
3878,19.393308,-94.8175049,-31.8548241,-103.391579
3879,19.398317,-94.5977783,-31.8192635,-102.919144
3880,19.403302,-94.4494629,-31.7989426,-102.614349
3881,19.408323,-94.2297363,-31.7684631,-102.17746
3882,19.413307,-94.0814209,-31.7481422,-101.88282
3883,19.418315,-93.8562012,-31.7227421,-101.445938
3884,19.423301,-93.7078857,-31.7024231,-101.130981
3885,19.428315,-93.4991455,-31.6617832,-100.653465
3886,19.433301,-93.3618164,-31.6363831,-100.31311
3887,19.438317,-93.1585693,-31.6059017,-99.866066
3888,19.443307,-93.0212402,-31.5855808,-99.561264
3889,19.448321,-92.8015137,-31.5500202,-99.1294632
3890,19.453305,-92.6531982,-31.5296993,-98.8500595
3891,19.458320,-92.4279785,-31.5043011,-98.4284134
3892,19.463308,-92.2741699,-31.4636612,-98.138855
3893,19.468331,-92.0654297,-31.4077797,-97.6816559
3894,19.473318,-91.9226074,-31.3722191,-97.3514557
3895,19.478307,-91.7193604,-31.3112583,-96.8536148
3896,19.483316,-91.5820312,-31.2655373,-96.5183334
3897,19.488303,-91.3623047,-31.2045765,-96.0103302
3898,19.493322,-91.2139893,-31.1690159,-95.6750488
3899,19.498304,-90.9887695,-31.0978947,-95.2178497
3900,19.503317,-90.8404541,-31.0572529,-94.9130554
3901,19.508308,-90.6207275,-30.9759731,-94.4710922
3902,19.513317,-90.4779053,-30.9251728,-94.1815262
3903,19.518301,-90.2581787,-30.8388138,-93.7294006
3904,19.523322,-90.1153564,-30.7880135,-93.4245987
3905,19.528308,-89.9066162,-30.7067337,-92.9521637
3906,19.533320,-89.7637939,-30.6711731,-92.6422882
3907,19.538302,-89.5550537,-30.6102104,-92.200325
3908,19.543316,-89.4122314,-30.5695705,-91.9158401
3909,19.548302,-89.197998,-30.513689,-91.5094376
3910,19.553322,-89.0606689,-30.4781284,-91.2300339
3911,19.558301,-88.8464355,-30.4222488,-90.7982254
3912,19.563317,-88.7036133,-30.3968487,-90.4985046
3913,19.568304,-88.494873,-30.3409672,-90.0362244
3914,19.573319,-88.3575439,-30.3054066,-89.7263489
3915,19.578306,-88.1542969,-30.269846,-89.2640762
3916,19.583322,-88.0169678,-30.2546062,-88.9745102
3917,19.588304,-87.8027344,-30.2342873,-88.5477829
3918,19.593317,-87.6599121,-30.2190475,-88.2785416
3919,19.598320,-87.4401855,-30.1987286,-87.8467407
3920,19.603330,-87.3632812,-30.1834888,-87.5571747
3921,19.608321,-87.1490479,-30.1530075,-87.0847321
3922,19.613306,-87.0117187,-30.1326866,-86.759613
3923,19.618315,-86.8084717,-30.1123676,-86.2770157
3924,19.623301,-86.6711426,-30.0869675,-85.9518967
3925,19.628322,-86.4624023,-30.0666485,-85.4946976
3926,19.633304,-86.3140869,-30.0514088,-85.1848145
3927,19.638319,-86.0998535,-30.0107689,-84.7174606
3928,19.643301,-85.9515381,-29.9802895,-84.3923416
3929,19.648317,-85.7373047,-29.9345703,-83.8995819
3930,19.653302,-85.5889893,-29.8990097,-83.5643005
3931,19.658316,-85.3692627,-29.8431282,-83.0613785
3932,19.663304,-85.2264404,-29.8075676,-82.7311783
3933,19.668318,-85.0067139,-29.7516861,-82.2536621
3934,19.673303,-84.8529053,-29.7161255,-81.9387054
3935,19.678323,-84.6276855,-29.660244,-81.4916611
3936,19.683305,-84.473877,-29.6297646,-81.202095
3937,19.688319,-84.2486572,-29.6094437,-81.0547714
3938,19.693301,-84.105835,-29.6094437,-81.0547714
3939,19.698307,-83.8970947,-29.5891247,-80.9328461
3940,19.703319,-83.7542725,-29.5637245,-80.755043
3941,19.708302,-83.5455322,-29.5180054,-80.4299164
3942,19.713320,-83.40271,-29.487524,-80.2114716
3943,19.718322,-83.2543945,-29.4621239,-79.871109
3944,19.723321,-83.2543945,-29.4570446,-79.6221924
3945,19.728303,-82.96875,-29.4621239,-79.2259521
3946,19.733320,-82.600708,-29.4621239,-79.1446762
3947,19.738305,-82.3809814,-29.4468842,-78.7636795
3948,19.743316,-82.232666,-29.4062443,-78.4436417
3949,19.748301,-82.0074463,-29.3859234,-77.950882
3950,19.753319,-81.864624,-29.3503628,-77.4530411
3951,19.758302,-81.6394043,-29.3300419,-77.1279221
3952,19.763321,-81.4910889,-29.3148041,-76.6453247
3953,19.768303,-81.2713623,-29.2944832,-76.3252869
3954,19.773410,-81.1230469,-29.2741642,-75.8680878
3955,19.778307,-80.8978271,-29.2589245,-75.5632935
3956,19.783308,-80.7495117,-29.2386055,-75.0908585
3957,19.788323,-80.5297852,-29.2386055,-75.0908585
3958,19.793308,-80.3814697,-29.2386055,-74.9740219
3959,19.798319,-80.1672363,-29.2335262,-74.7759018
3960,19.803308,-80.0189209,-29.2081261,-74.420311
3961,19.808321,-79.7937012,-29.1827259,-74.1713943
3962,19.813304,-79.6289062,-29.1471653,-73.7802353
3963,19.818318,-79.387207,-29.1319256,-73.4855957
3964,19.823303,-79.2224121,-29.142086,-73.0182419
3965,19.828318,-78.9916992,-29.142086,-72.9014053
3966,19.833304,-78.8433838,-29.076046,-72.2867279
3967,19.838322,-78.6181641,-29.0506458,-72.0276489
3968,19.843307,-78.4698486,-29.0150852,-71.6212463
3969,19.848323,-78.2446289,-28.9947643,-71.352005
3970,19.853304,-78.0963135,-28.9592056,-70.9354401
3971,19.858318,-77.8765869,-28.9388847,-70.6509552
3972,19.863306,-77.7282715,-28.9084053,-70.2293091
3973,19.868304,-77.5140381,-28.8880863,-69.9651489
3974,19.873319,-77.3822021,-28.837286,-69.5536652
3975,19.878303,-77.1789551,-28.8068066,-69.2691803
3976,19.883323,-77.041626,-28.771246,-68.8272171
3977,19.888317,-76.8383789,-28.750927,-68.5376511
3978,19.893318,-76.7010498,-28.7102871,-68.1007614
3979,19.898305,-76.4923096,-28.6899681,-67.8366013
3980,19.903320,-76.3549805,-28.6493282,-67.4352798
3981,19.908303,-76.1517334,-28.6239281,-67.1711197
3982,19.913317,-76.0144043,-28.5985279,-66.7748795
3983,19.918307,-75.8111572,-28.578207,-66.5005569
3984,19.923319,-75.6738281,-28.5375671,-66.0332031
3985,19.928305,-75.536499,-28.512167,-65.6928406
3986,19.933319,-75.3277588,-28.4766083,-65.1797562
3987,19.938301,-75.1849365,-28.4562874,-64.8292313
3988,19.943321,-74.9761963,-28.425808,-64.321228
3989,19.948304,-74.8278809,-28.4105682,-63.9910278
3990,19.953326,-74.5861816,-28.3851681,-63.5084305
3991,19.958323,-74.4213867,-28.3648472,-63.1883926
3992,19.963308,-74.1741943,-28.3292866,-62.675312
3993,19.968317,-74.0148926,-28.293726,-62.350193
3994,19.973307,-73.7896729,-28.2581654,-62.0047531
3995,19.978315,-73.6358643,-28.2581654,-62.0047531
3996,19.983304,-73.4106445,-28.2581654,-61.9844322
3997,19.988321,-73.2623291,-28.2276859,-61.8218727
3998,19.993306,-73.0371094,-28.1870461,-61.5170708
3999,19.998323,-72.8887939,-28.1514854,-61.2986298
4000,20.003308,-72.6690674,-28.0905228,-60.9684296
4001,20.008319,-72.5262451,-28.0549622,-60.7195091
4002,20.013304,-72.5262451,-27.9990807,-60.2978706
4003,20.018321,-72.1966553,-27.9736805,-60.0794296
4004,20.023306,-72.0648193,-27.9330406,-59.7898712
4005,20.028322,-71.8615723,-27.8822403,-59.4647522
4006,20.033304,-71.7022705,-27.8111191,-58.9923134
4007,20.038315,-71.4605713,-27.7603188,-58.6976738
4008,20.043307,-71.3067627,-27.6942768,-58.2811127
4009,20.048320,-71.0705566,-27.653635,-58.0169525
4010,20.053304,-70.9277344,-27.5926743,-57.6054726
4011,20.058368,-70.713501,-27.5520344,-57.3260727
4012,20.063308,-70.5706787,-27.4961529,-56.8841133
4013,20.068319,-70.3564453,-27.4605923,-56.5894737
4014,20.073301,-70.2191162,-27.4148712,-56.1576767
4015,20.078304,-70.0158691,-27.3843918,-55.8782768
4016,20.083318,-69.87854,-27.3437519,-55.487114
4017,20.088305,-69.6697998,-27.323431,-55.228035
4018,20.093318,-69.5379639,-27.2980328,-54.8317947
4019,20.098308,-69.3347168,-27.2726326,-54.5625534
4020,20.103317,-69.1973877,-27.2269115,-54.1256752
4021,20.108301,-68.9941406,-27.2015114,-53.8157959
4022,20.113319,-68.8623047,-27.1659508,-53.3331985
4023,20.118321,-68.6645508,-27.1456318,-53.0029984
4024,20.123322,-68.5327148,-27.1100712,-52.5254822
4025,20.128307,-68.5327148,-27.0795918,-52.2156029
4026,20.133322,-68.5327148,-27.0389519,-51.7736435
4027,20.138304,-68.1097412,-27.0084724,-51.4790039
4028,20.143318,-67.7307129,-26.9627514,-51.0167274
4029,20.148306,-67.5054932,-26.932272,-50.6966896
4030,20.153318,-67.3626709,-26.8865509,-50.2445717
4031,20.158301,-67.2198486,-26.8509903,-49.9397736
4032,20.163318,-67.0001221,-26.7951088,-49.4825706
4033,20.168308,-66.8572998,-26.7646294,-49.1777725
4034,20.173316,-66.6430664,-26.7087479,-48.7002525
4035,20.178319,-66.5002441,-26.6731873,-48.3852959
4036,20.183319,-66.2805176,-26.6173058,-47.9128609
4037,20.188304,-66.1376953,-26.576664,-47.5979042
4038,20.193330,-65.9179687,-26.510622,-47.1356239
4039,20.198319,-65.7696533,-26.4598217,-46.8359032
4040,20.203304,-65.5499268,-26.398859,-46.3888626
4041,20.208323,-65.4071045,-26.3582172,-46.0739059
4042,20.213308,-65.1873779,-26.2921753,-45.5862274
4043,20.218317,-65.0390625,-26.2515335,-45.2611084
4044,20.223302,-64.8248291,-26.1905708,-44.778511
4045,20.228319,-64.6765137,-26.149929,-44.4584732
4046,20.233304,-64.4512939,-26.1042099,-43.9961929
4047,20.238318,-64.3029785,-26.0686493,-43.6863136
4048,20.243304,-64.0777588,-26.017849,-43.1986351
4049,20.248321,-63.9239502,-25.9822884,-42.8735161
4050,20.253307,-63.6932373,-25.9467278,-42.3858376
4051,20.258319,-63.5449219,-25.9264069,-42.0708809
4052,20.263304,-63.314209,-25.9060879,-41.6136818
4053,20.268317,-63.1604004,-25.885767,-41.3038025
4054,20.273303,-62.9241943,-25.8603668,-40.8465996
4055,20.278410,-62.7703857,-25.845129,-40.3893967
4056,20.283308,-62.5396729,-25.8248081,-40.07444
4057,20.288318,-62.3858643,-25.8044872,-39.7442398
4058,20.293319,-62.1606445,-25.7841682,-39.2616425
4059,20.298302,-62.0123291,-25.7689285,-38.9314423
4060,20.303319,-61.7871094,-25.75877,-38.4336014
4061,20.308301,-61.6387939,-25.7486115,-38.09832
4062,20.313317,-61.4080811,-25.7282925,-37.5953979
4063,20.318307,-61.2542725,-25.7028923,-37.2550354
4064,20.323319,-61.0235596,-25.6825714,-36.7317924
4065,20.328305,-60.869751,-25.6520901,-36.3914299
4066,20.333321,-60.6390381,-25.6114502,-35.8783455
4067,20.338307,-60.4907227,-25.5809708,-35.5278244
4068,20.343317,-60.2600098,-25.5403309,-35.0198212
4069,20.348316,-60.1062012,-25.499691,-34.5423012
4070,20.353306,-59.8754883,-25.4793701,-34.2425804
4071,20.358318,-59.7216797,-25.433651,-33.7955399
4072,20.363303,-59.4909668,-25.4031715,-33.4958191
4073,20.368316,-59.3371582,-25.3574505,-33.0335388
4074,20.373301,-59.1229248,-25.3218899,-32.7236595
4075,20.378320,-58.9801025,-25.2863293,-32.2512207
4076,20.383305,-58.7658691,-25.2609291,-31.9464207
4077,20.388317,-58.6230469,-25.2304497,-31.5044613
4078,20.393302,-58.3978271,-25.2101288,-31.2098217
4079,20.398321,-58.2495117,-25.1796494,-30.7780209
4080,20.403305,-58.024292,-25.1644096,-30.4935417
4081,20.408321,-57.8704834,-25.128849,-30.0566616
4082,20.413306,-57.7331543,-25.1136093,-29.7518635
4083,20.418315,-57.5189209,-25.0729694,-29.2743435
4084,20.423301,-57.4530029,-25.0475693,-28.9492245
4085,20.428318,-57.2387695,-25.0170898,-28.4717045
4086,20.433306,-57.0245361,-24.996769,-28.1465855
4087,20.438320,-56.8762207,-24.9662876,-27.6893883
4088,20.443305,-56.6564941,-24.9510479,-27.3896694
4089,20.448320,-56.5081787,-24.9256496,-26.9426308
4090,20.453305,-56.2884521,-24.9053307,-26.6479912
4091,20.458317,-56.1401367,-24.8748512,-26.1907921
4092,20.463303,-55.9204102,-24.8494511,-25.8707523
4093,20.468316,-55.7775879,-24.8240509,-25.3779926
4094,20.473306,-55.5578613,-24.7986507,-25.0477924
4095,20.478316,-55.4095459,-24.7681694,-24.5905952
4096,20.483306,-55.1898193,-24.7427692,-24.2959557
4097,20.488327,-55.0469971,-24.7122879,-23.8539963
4098,20.493304,-54.8217773,-24.6818085,-23.564436
4099,20.498326,-54.6734619,-24.6411686,-23.1275558
4100,20.503316,-54.4482422,-24.6157684,-22.827837
4101,20.508306,-54.2944336,-24.5700493,-22.3604774
4102,20.513320,-54.0802002,-24.5446491,-22.1979179
4103,20.518316,-53.9428711,-24.4836903,-21.5730801
4104,20.523321,-53.7286377,-24.4532089,-21.2581196
4105,20.528303,-53.5913086,-24.4024086,-20.8009205
4106,20.533323,-53.371582,-24.3719292,-20.5011997
4107,20.538305,-53.2232666,-24.3160496,-20.0693989
4108,20.543319,-52.9980469,-24.2855682,-19.789999
4109,20.548301,-52.8497314,-24.2246075,-19.3581982
4110,20.553323,-52.8497314,-24.1788864,-19.0686378
4111,20.558305,-52.5750732,-24.1280861,-18.6215973
4112,20.563319,-52.5750732,-24.0925255,-18.3167992
4113,20.568304,-52.2454834,-24.0468044,-17.8596001
4114,20.573323,-52.2454834,-24.016325,-17.5649605
4115,20.578317,-51.8939209,-23.9706059,-17.1280804
4116,20.583319,-51.5368652,-23.9401264,-16.8588409
4117,20.588304,-51.394043,-23.8994865,-16.4575214
4118,20.593322,-51.1962891,-23.8690052,-16.1781216
4119,20.598301,-51.05896,-23.8182049,-15.7463226
4120,20.603321,-50.8557129,-23.7775631,-15.4364424
4121,20.608303,-50.723877,-23.7318439,-14.9843225
4122,20.613323,-50.5096436,-23.7013645,-14.6846027
4123,20.618301,-50.3613281,-23.6607246,-14.2426434
4124,20.623316,-50.1470947,-23.6353245,-13.9581633
4125,20.628322,-50.0042725,-23.5997639,-13.5466824
4126,20.633321,-49.7900391,-23.5692844,-13.277442
4127,20.638306,-49.65271,-23.5692844,-13.277442
4128,20.643317,-49.4439697,-23.5692844,-13.277442
4129,20.648303,-49.3011475,-23.5642052,-13.2063217
4130,20.653316,-49.0869141,-23.5540466,-13.0336018
4131,20.658301,-48.9440918,-23.5235653,-12.7186413
4132,20.663320,-48.8012695,-23.4930859,-12.5052814
4133,20.668308,-48.5870361,-23.452446,-12.1750813
4134,20.673318,-48.4332275,-23.4270458,-11.9261618
4135,20.678305,-48.2080078,-23.3914852,-11.5146818
4136,20.683322,-48.0541992,-23.3762455,-11.3775215
4137,20.688316,-47.8289795,-23.3356037,-11.0524025
4138,20.693316,-47.6861572,-23.3000431,-10.7577629
4139,20.698301,-47.477417,-23.254324,-10.3310442
4140,20.703434,-47.3345947,-23.2238426,-10.0567236
4141,20.708308,-47.1258545,-23.188282,-9.66048336
4142,20.713391,-46.9940186,-23.1628819,-9.38616276
4143,20.718305,-46.7962646,-23.1273232,-8.97976208
4144,20.723307,-46.6644287,-23.0968418,-8.70036221
4145,20.728323,-46.4666748,-23.0562,-8.26856232
4146,20.733308,-46.3348389,-23.0206394,-7.95360184
4147,20.738322,-46.1315918,-22.9749203,-7.47608232
4148,20.743303,-45.9997559,-22.9495201,-7.14588213
4149,20.748318,-45.7965088,-22.9088802,-6.65820217
4150,20.753303,-45.6481934,-22.8834801,-6.34324265
4151,20.758320,-45.4119873,-22.8682404,-5.89620304
4152,20.763306,-45.2581787,-22.8580799,-5.62188339
4153,20.768317,-45.0219727,-22.8326817,-5.22056341
4154,20.773305,-44.8791504,-22.8174419,-4.94116354
4155,20.778322,-44.6704102,-22.8022022,-4.48396349
4156,20.783307,-44.5275879,-22.7920437,-4.18424368
4157,20.788317,-44.3188477,-22.7666435,-3.73212361
4158,20.793302,-44.1760254,-22.756485,-3.43748355
4159,20.798322,-43.961792,-22.736166,-2.99552345
4160,20.803320,-43.8134766,-22.7260075,-2.56372333
4161,20.808316,-43.5992432,-22.715847,-2.27416325
4162,20.813306,-43.4509277,-22.7107677,-1.97952318
4163,20.818319,-43.225708,-22.6904488,-1.5324831
4164,20.823305,-43.0773926,-22.6802902,-1.2175231
4165,20.828319,-42.8521729,-22.6498108,-0.724763155
4166,20.833308,-42.6983643,-22.6142502,-0.221843183
4167,20.838316,-42.5500488,-22.5939293,0.108356819
4168,20.843305,-42.3248291,-22.5634499,0.580796778
4169,20.848303,-42.1710205,-22.5583706,0.90591675
4170,20.853317,-41.9458008,-22.5278912,1.40375674
4171,20.858315,-41.7919922,-22.5075722,1.74411666
4172,20.863320,-41.5612793,-22.4669304,2.27243662
4173,20.868303,-41.4074707,-22.4415302,2.64327645
4174,20.873323,-41.1712646,-22.3907299,3.22747636
4175,20.878301,-41.0064697,-22.3551693,3.61355639
4176,20.883322,-40.7647705,-22.3297691,4.16219616
4177,20.888304,-40.5999756,-22.3094501,4.50763655
4178,20.893322,-40.4406738,-22.2738895,4.98515606
4179,20.898304,-40.1879883,-22.2535706,5.28487587
4180,20.903317,-40.0231934,-22.2078514,5.70651579
4181,20.908320,-39.776001,-22.1875324,5.99099588
4182,20.913305,-39.6166992,-22.1468925,6.44311571
4183,20.918315,-39.4134521,-22.1214924,6.75807524
4184,20.923309,-39.276123,-22.0808525,7.26099539
4185,20.928318,-39.072876,-22.0605316,7.59627581
4186,20.933303,-38.9300537,-22.0300522,8.09411621
4187,20.938318,-38.704834,-22.0198936,8.41923618
4188,20.943303,-38.5565186,-21.9944935,8.89675713
4189,20.948319,-38.3312988,-21.9894142,9.21171761
4190,20.953304,-38.2543945,-21.9741745,9.68415833
4191,20.958316,-37.9467773,-21.9640141,9.99403858
4192,20.963320,-37.7929687,-21.9436932,10.4512386
4193,20.968318,-37.633667,-21.9436932,10.7458782
4194,20.973303,-37.633667,-21.9233742,11.1675186
4195,20.978323,-37.2491455,-21.9182949,11.4316788
4196,20.983303,-37.2491455,-21.9030552,11.8025179
4197,20.988315,-36.7218018,-21.8878155,12.0463572
4198,20.993308,-36.5844727,-21.8674965,12.4171963
4199,20.998316,-36.3867187,-21.8471756,12.6762762
4200,21.003301,-36.2548828,-21.8166943,13.062356
4201,21.008317,-36.0571289,-21.7912941,13.3315964
4202,21.013302,-35.925293,-21.7608128,13.7633953
4203,21.018315,-35.7220459,-21.7354126,14.0580349
4204,21.023319,-35.59021,-21.6947727,14.4796743
4205,21.028315,-35.3869629,-21.6693726,14.7641535
4206,21.033301,-35.2496338,-21.6185722,15.1908731
4207,21.038327,-35.0354004,-21.5880928,15.4753523
4208,21.043321,-34.8925781,-21.527132,15.881752
4209,21.048303,-34.6783447,-21.4864902,16.1459122
4210,21.053319,-34.5410156,-21.4255276,16.5421524
4211,21.058308,-34.3432617,-21.389967,16.8063126
4212,21.063316,-34.2059326,-21.3442459,17.2228737
4213,21.068306,-34.0081787,-21.303606,17.512434
4214,21.073320,-33.8708496,-21.2629642,17.9645519
4215,21.078316,-33.6730957,-21.2274036,18.2591915
4216,21.083318,-33.5357666,-21.1766014,18.6960716
4217,21.088303,-33.3325195,-21.1410408,18.9856319
4218,21.093322,-33.1951904,-21.08008,19.4225121
4219,21.098304,-32.9754639,-21.0445194,19.7171516
4220,21.103318,-32.8326416,-20.9937172,20.1692715
4221,21.108303,-32.6184082,-20.9632359,20.4791508
4222,21.113320,-32.4700928,-20.9327564,20.9312687
4223,21.118305,-32.3217773,-20.902277,21.2360668
4224,21.123320,-32.1020508,-20.8514767,21.6881847
4225,21.128303,-31.9537354,-20.8311577,21.9879036
4226,21.133316,-31.7340088,-20.815918,22.1453838
4227,21.138319,-31.5856934,-20.815918,22.1453838
4228,21.143317,-31.3604736,-20.815918,22.2723827
4229,21.148308,-31.2176514,-20.8108387,22.4705029
4230,21.153302,-30.9924316,-20.7651196,22.8311825
4231,21.158319,-30.8441162,-20.7346401,23.0902634
4232,21.163308,-30.6134033,-20.7194004,23.5017433
4233,21.168322,-30.4650879,-20.7194004,23.8014622
4234,21.173302,-30.2398682,-20.7346382,24.2485008
4235,21.178323,-30.0860596,-20.7346382,24.3297806
4236,21.183307,-29.8608398,-20.7346382,24.3297806
4237,21.188321,-29.7125244,-20.7346382,24.3856602
4238,21.193307,-29.4927979,-20.7092381,24.6549015
4239,21.198316,-29.3499756,-20.6787586,24.8784199
4240,21.203306,-29.1357422,-20.6279583,25.2441807
4241,21.208319,-28.9929199,-20.5923977,25.4931011
4242,21.213305,-28.7731934,-20.5212765,25.9147415
4243,21.218304,-28.6248779,-20.4704762,26.2144604
4244,21.223321,-28.3996582,-20.4349155,26.4379807
4245,21.228307,-28.2458496,-20.4145966,26.6665802
4246,21.233318,-28.1744385,-20.3739567,27.0882206
4247,21.238303,-27.8942871,-20.3434772,27.3777809
4248,21.243315,-27.756958,-20.3028374,27.8248196
4249,21.248301,-27.5537109,-20.2621975,28.1194592
4250,21.253323,-27.421875,-20.2367973,28.5614185
4251,21.258322,-27.2131348,-20.185997,29.1202183
4252,21.263317,-27.0758057,-20.1656761,29.3640575
4253,21.268304,-26.8670654,-20.1504364,29.6231384
4254,21.273321,-26.7297363,-20.1148758,30.0396976
4255,21.278307,-26.5155029,-20.0742359,30.4918175
4256,21.283318,-26.3726807,-20.0488358,30.8016968
4257,21.288302,-26.1529541,-20.0081959,31.258894
4258,21.293319,-26.0101318,-19.987875,31.5535336
4259,21.298304,-25.7904053,-19.9624748,31.9650135
4260,21.303316,-25.647583,-19.9472351,32.2698135
4261,21.308306,-25.4278564,-19.9370766,32.7066917
4262,21.313319,-25.279541,-19.9319973,33.0064125
4263,21.318321,-25.0708008,-19.9167576,33.4737701
4264,21.323319,-24.9279785,-19.9015179,33.8090515
4265,21.328301,-24.7192383,-19.8811989,34.3170547
4266,21.333321,-24.7192383,-19.8710403,34.6523361
4267,21.338304,-24.4995117,-19.8608818,35.1298523
4268,21.343301,-24.3457031,-19.8608818,35.4397316
4269,21.348322,-24.0380859,-19.8405628,35.8867683
4270,21.353301,-24.0380859,-19.8253231,36.1966476
4271,21.358321,-23.6645508,-19.8253231,36.1966476
4272,21.363306,-23.3734131,-19.8151627,36.2880898
4273,21.368324,-23.302002,-19.7796021,36.5878105
4274,21.373305,-23.0053711,-19.7491226,36.8164101
4275,21.378321,-22.9284668,-19.6983223,37.1770935
4276,21.383306,-22.6208496,-19.6678429,37.4361725
4277,21.388323,-22.5439453,-19.6068802,37.883213
4278,21.393305,-22.2363281,-19.5560799,38.2134132
4279,21.398318,-22.1594238,-19.5256004,38.4420128
4280,21.403303,-21.8463135,-19.5002003,38.72649
4281,21.408319,-21.7694092,-19.4646397,39.2141685
4282,21.413304,-21.461792,-19.4341583,39.5545273
4283,21.418322,-21.3848877,-19.403677,40.0574455
4284,21.423317,-21.09375,-19.3884373,40.3978081
4285,21.428321,-21.0223389,-19.3579578,40.8702469
4286,21.433301,-20.725708,-19.3376389,41.1699677
4287,21.438318,-20.6488037,-19.3173199,41.611927
4288,21.443303,-20.3466797,-19.3020802,41.8913269
4289,21.448320,-20.2697754,-19.2766819,42.3332863
4290,21.453302,-19.9786377,-19.256361,42.633007
4291,21.458315,-19.8413086,-19.2309608,43.1003647
4292,21.463305,-19.6325684,-19.21064,43.4254837
4293,21.468318,-19.5007324,-19.1852398,43.9080811
4294,21.473323,-19.286499,-19.1700001,44.2128792
4295,21.478323,-19.1326904,-19.1598396,44.6802368
4296,21.483306,-18.9074707,-19.1598396,44.6802368
4297,21.488319,-18.7536621,-19.1598396,44.6802368
4298,21.493304,-18.5339355,-19.1598396,44.6802368
4299,21.498316,-18.3911133,-19.1598396,44.6802368
4300,21.503305,-18.182373,-19.1598396,44.6802368
4301,21.508321,-18.0450439,-19.1598396,44.6802368
4302,21.513302,-17.8308105,-19.1598396,44.6802368
4303,21.518321,-17.6824951,-19.1598396,44.6802368
4304,21.523307,-17.4572754,-19.1547604,44.7310371
4305,21.528319,-17.30896,-19.1242809,44.944397
4306,21.533320,-17.0947266,-19.10396,45.1171188
4307,21.538307,-16.9628906,-19.0683994,45.3914337
4308,21.543316,-16.7651367,-19.0429993,45.5844727
4309,21.548301,-16.6333008,-19.0074387,45.9299126
4310,21.553323,-16.4355469,-18.9718781,46.2042313
4311,21.558301,-16.2982178,-18.9413986,46.4328308
4312,21.563322,-16.1663818,-18.905838,46.7173119
4313,21.568308,-15.9631348,-18.8499565,47.1897507
4314,21.573323,-15.8312988,-18.8093147,47.4742279
4315,21.578305,-15.6005859,-18.748354,47.8450699
4316,21.583315,-15.4522705,-18.6975536,48.0685883
4317,21.588323,-15.2215576,-18.6315117,48.4241905
4318,21.593317,-15.0732422,-18.5857906,48.673111
4319,21.598308,-14.8919678,-18.5197487,49.1150703
4320,21.603318,-14.7766113,-18.4689484,49.4401894
4321,21.608308,-14.5953369,-18.4689484,49.4503479
4322,21.613319,-14.4799805,-18.4283085,49.6281471
4323,21.618305,-14.2437744,-18.372427,49.9329491
4324,21.623318,-14.0844727,-18.3317852,50.1412315
4325,21.628301,-13.8482666,-18.2301846,50.8067131
4326,21.633321,-13.6889648,-18.2098637,51.0099106
4327,21.638303,-13.4637451,-18.1743031,51.3604317
4328,21.643316,-13.3154297,-18.1489029,51.6093521
4329,21.648319,-13.09021,-18.1133423,52.0005112
4330,21.653325,-12.9418945,-18.0879421,52.2900696
4331,21.658318,-12.7331543,-18.0523815,52.732029
4332,21.663308,-12.5958252,-18.0269814,53.0165062
4333,21.668321,-12.387085,-17.9965019,53.4178276
4334,21.673303,-12.2497559,-17.9711018,53.6870689
4335,21.678319,-12.1838379,-17.9457016,54.0985489
4336,21.683307,-11.9146729,-17.9253807,54.3881073
4337,21.688317,-11.7828369,-17.9253807,54.3881073
4338,21.693302,-11.7828369,-17.9253807,54.3881073
4339,21.698319,-11.4367676,-17.9253807,54.3881073
4340,21.703307,-11.1456299,-17.9253807,54.3881073
4341,21.708320,-11.0742188,-17.9253807,54.3881073
4342,21.713308,-10.7830811,-17.910141,54.4846268
4343,21.718317,-10.7061768,-17.8695011,54.7386246
4344,21.723307,-10.4095459,-17.844101,54.9367447
4345,21.728316,-10.3381348,-17.7831383,55.2669487
4346,21.733306,-10.0415039,-17.7374172,55.5057106
4347,21.738322,-9.97009277,-17.666296,55.9222679
4348,21.743307,-9.68994141,-17.6256542,56.2219887
4349,21.748322,-9.61853027,-17.5951748,56.4099503
4350,21.753316,-9.33288574,-17.5443745,56.8214302
4351,21.758318,-9.26147461,-17.5088139,57.1059074
4352,21.763307,-8.97033691,-17.4630947,57.5275459
4353,21.768318,-8.89892578,-17.4275341,57.8171043
4354,21.773304,-8.68469238,-17.3665714,58.2692261
4355,21.778323,-8.54187012,-17.336092,58.5791054
4356,21.783304,-8.33862305,-17.2903728,59.0413857
4357,21.788316,-8.20129395,-17.2751331,59.351265
4358,21.793306,-7.99255371,-17.2446518,59.7932243
4359,21.798350,-7.84973145,-17.2243309,60.0675468
4360,21.803304,-7.63549805,-17.1938496,60.4891853
4361,21.808318,-7.42675781,-17.1786098,60.7736626
4362,21.813320,-7.28393555,-17.1532097,61.2207031
4363,21.818305,-7.06970215,-17.13797,61.540741
4364,21.823319,-6.93237305,-17.1125698,62.124939
4365,21.828304,-6.72363281,-17.0973301,62.6227798
4366,21.833320,-6.58630371,-17.0820923,62.9783821
4367,21.838302,-6.35559082,-17.077013,63.2425423
4368,21.843320,-6.20178223,-17.0668545,63.6387825
4369,21.848307,-5.97106934,-17.0516148,63.8877029
4370,21.853322,-5.81726074,-17.036375,64.2890244
4371,21.858301,-5.60852051,-17.0312958,64.568428
4372,21.863317,-5.47119141,-17.0211372,64.984993
4373,21.868304,-5.26794434,-17.0058975,65.2593155
4374,21.873319,-5.13061523,-16.9754181,65.8130417
4375,21.878303,-4.921875,-16.9652576,66.0213242
4376,21.883317,-4.7845459,-16.929697,66.5140762
4377,21.888303,-4.58129883,-16.9093761,66.7782364
4378,21.893323,-4.44396973,-16.8788948,67.1897202
4379,21.898308,-4.22973633,-16.8585739,67.4792862
4380,21.903320,-4.0814209,-16.8077736,67.9314041
4381,21.908307,-3.8671875,-16.772213,68.2463608
4382,21.913317,-3.71887207,-16.7163315,68.7340393
4383,21.918304,-3.49914551,-16.6807709,69.0642395
4384,21.923319,-3.49914551,-16.6299706,69.551918
4385,21.928306,-3.12561035,-16.5994911,69.877037
4386,21.933456,-2.97729492,-16.5588512,70.3647156
4387,21.938302,-2.7520752,-16.5334511,70.6745911
4388,21.943301,-2.5982666,-16.4877319,71.1216354
4389,21.948319,-2.36755371,-16.4877319,71.1216354
4390,21.953304,-2.21923828,-16.4877319,71.1216354
4391,21.958321,-1.98852539,-16.4877319,71.1216354
4392,21.963302,-1.8347168,-16.4877319,71.1216354
4393,21.968319,-1.60400391,-16.4877319,71.1216354
4394,21.973305,-1.52709961,-16.4877319,71.1216354
4395,21.978316,-1.37329102,-16.4877319,71.1216354
4396,21.983318,-1.15356445,-16.4877319,71.1216354
4397,21.988319,-1.00524902,-16.4724922,71.2232361
4398,21.993302,-0.780029297,-16.4369316,71.4873962
4399,21.998316,-0.637207031,-16.4216919,71.6905975
4400,22.003306,-0.428466797,-16.4013729,72.0157242
4401,22.008335,-0.291137695,-16.3861332,72.2595596
4402,22.013307,-0.153808594,-16.3556519,72.6862793
4403,22.018323,0.131835938,-16.3454914,73.0113983
4404,22.023304,0.131835938,-16.3251724,73.2196808
4405,22.028302,0.521850586,-16.3099327,73.5346375
4406,22.033318,0.752563477,-16.315012,74.0324783
4407,22.038437,0.90637207,-16.3251705,74.3677597
4408,22.043302,1.13708496,-16.3251705,74.8554382
4409,22.048305,1.29638672,-16.2997704,75.1703949
4410,22.053321,1.52709961,-16.2642097,75.6377487
4411,22.058303,1.67541504,-16.2438889,75.9527054
4412,22.063323,1.90063477,-16.2134075,76.4098969
4413,22.068305,2.0489502,-16.1981678,76.6994629
4414,22.073320,2.26867676,-16.1524467,77.3446198
4415,22.078305,2.41149902,-16.1524467,77.3446198
4416,22.083317,2.61474609,-16.1524467,77.3446198
4417,22.088307,2.7520752,-16.1524467,77.3446198
4418,22.093316,2.95532227,-16.1524467,77.3446198
4419,22.098301,3.10913086,-16.1524467,77.3446198
4420,22.103316,3.33984375,-16.1270466,77.4411392
4421,22.108306,3.49914551,-16.091486,77.6443405
4422,22.113323,3.73535156,-16.0508461,77.9999313
4423,22.118302,3.88916016,-16.0254459,78.2285309
4424,22.123318,4.11437988,-15.9898853,78.573967
4425,22.128305,4.34509277,-15.9746447,78.833046
4426,22.133330,4.4934082,-15.9390841,79.2648468
4427,22.138320,4.70214844,-15.9238434,79.3969269
4428,22.143305,4.83947754,-15.8984423,79.7677612
4429,22.148323,5.04272461,-15.8781214,80.0979614
4430,22.153303,5.17456055,-15.8578005,80.5805588
4431,22.158320,5.39428711,-15.8425598,80.8955154
4432,22.163308,5.54260254,-15.8222389,81.3425598
4433,22.168317,5.76782227,-15.8120785,81.637207
4434,22.173302,5.9161377,-15.7815971,82.089325
4435,22.178320,6.05895996,-15.7612762,82.3992004
4436,22.183305,6.27319336,-15.7307949,82.8817978
4437,22.188319,6.42150879,-15.7155542,83.2069168
4438,22.193304,6.63574219,-15.6952333,83.6945953
4439,22.198322,6.78955078,-15.6799927,84.009552
4440,22.203320,7.01477051,-15.6545916,84.4565887
4441,22.208318,7.1685791,-15.6342707,84.7359924
4442,22.213303,7.39929199,-15.5987101,85.1474762
4443,22.218318,7.53662109,-15.5885496,85.4319611
4444,22.223303,7.73986816,-15.5479097,85.9602814
4445,22.228315,7.8717041,-15.5225096,86.3057251
4446,22.233304,8.06945801,-15.466629,86.8188095
4447,22.238318,8.21777344,-15.4259892,87.1642456
4448,22.243308,8.4375,-15.3802681,87.6366882
4449,22.248323,8.50891113,-15.3447075,87.9262543
4450,22.253305,8.73413086,-15.3142271,88.337738
4451,22.258320,8.88244629,-15.2939062,88.6171417
4452,22.263302,9.10217285,-15.2532663,89.0184631
4453,22.268322,9.24499512,-15.2126265,89.3131104
4454,22.273307,9.46472168,-15.1618271,89.7703094
4455,22.278323,9.60754395,-15.116106,90.0852661
4456,22.283308,9.82177734,-15.0805454,90.5424652
4457,22.288321,9.96459961,-15.0246649,90.9641113
4458,22.293301,10.1733398,-14.9941845,91.2384338
4459,22.298358,10.3161621,-14.9484644,91.6549988
4460,22.303301,10.5358887,-14.9230642,91.9344025
4461,22.308317,10.6842041,-14.8875036,92.3611298
4462,22.313319,10.9039307,-14.8570232,92.6557693
4463,22.318306,11.0467529,-14.8367023,92.9504089
4464,22.323323,11.2554932,-14.8113012,93.4025269
4465,22.328305,11.3983154,-14.7859001,93.8444977
4466,22.333321,11.6015625,-14.7706594,94.1239014
4467,22.338304,11.8157959,-14.7655792,94.5404663
4468,22.343322,11.8157959,-14.7554188,94.81987
4469,22.348304,12.1838379,-14.7350979,95.2364349
4470,22.353316,12.1838379,-14.7249374,95.5361557
4471,22.358306,12.5463867,-14.7198572,96.0035095
4472,22.363319,12.7496338,-14.7096968,96.3235474
4473,22.368318,12.8924561,-14.6842957,96.8112259
4474,22.373321,13.0957031,-14.6792154,97.1261826
4475,22.378308,13.2385254,-14.669055,97.6036987
4476,22.383317,13.4637451,-14.669055,97.908493
4477,22.388307,13.6120605,-14.6639748,98.380928
4478,22.393318,13.8372803,-14.6385746,98.6806488
4479,22.398305,13.9801025,-14.6131735,99.1835709
4480,22.403322,14.1943359,-14.5928535,99.5086899
4481,22.408308,14.3371582,-14.5572929,100.00145
4482,22.413301,14.5568848,-14.5217333,100.336731
4483,22.418321,14.699707,-14.4658537,100.824409
4484,22.423302,14.9249268,-14.430294,101.139366
4485,22.428323,15.0732422,-14.3794947,101.591484
4486,22.433302,15.2929688,-14.3337746,101.855644
4487,22.438322,15.4412842,-14.2677345,102.292519
4488,22.443308,15.6555176,-14.2321749,102.587166
4489,22.448320,15.7983398,-14.1813755,103.034203
4490,22.453301,16.0125732,-14.1407356,103.338997
4491,22.458322,16.1553955,-14.1000948,103.836838
4492,22.463305,16.3696289,-14.0746946,104.1772
4493,22.468317,16.5124512,-14.039134,104.690285
4494,22.473306,16.7266846,-14.0188131,105.030647
4495,22.478319,16.875,-14.0035725,105.538651
4496,22.483322,17.1112061,-14.0035725,105.889168
4497,22.488318,17.2650146,-13.9883318,106.376846
4498,22.493306,17.4957275,-13.9883318,106.696884
4499,22.498319,17.6495361,-13.9680109,107.179482
4500,22.503301,17.8747559,-13.9527702,107.504601
4501,22.508318,18.0230713,-13.9426098,107.971954
4502,22.513301,18.248291,-13.9375296,108.271675
4503,22.518321,18.3966064,-13.9375296,108.271675
4504,22.523303,18.6218262,-13.9375296,108.271675
4505,22.528317,18.7701416,-13.9375296,108.271675
4506,22.533304,18.9953613,-13.9222889,108.398682
4507,22.538318,19.1436768,-13.8918076,108.708565
4508,22.543321,19.3688965,-13.8714867,108.932091
4509,22.548303,19.5172119,-13.835927,109.2826
4510,22.553316,19.7369385,-13.8156061,109.531517
4511,22.558306,19.8907471,-13.790205,109.953163
4512,22.563321,20.1379395,-13.7800446,110.263039
4513,22.568303,20.2972412,-13.7648039,110.445915
4514,22.573320,20.5444336,-13.7495632,110.725319
4515,22.578307,20.692749,-13.7140026,111.16729
4516,22.583322,20.9124756,-13.6835232,111.46701
4517,22.588304,21.0552979,-13.6428833,111.929291
4518,22.593321,21.126709,-13.6124029,112.239166
4519,22.598316,21.3464355,-13.5565233,112.676048
4520,22.603320,21.5551758,-13.5209637,112.960533
4521,22.608306,21.6925049,-13.4752445,113.372017
4522,22.613320,21.9012451,-13.4447651,113.666656
4523,22.618302,22.0440674,-13.4041243,114.088303
4524,22.623315,22.2418213,-13.3736448,114.372787
4525,22.628306,22.3736572,-13.3279257,114.829987
4526,22.633322,22.5714111,-13.2974463,115.134789
4527,22.638301,22.7032471,-13.2568064,115.597061
4528,22.643326,22.9229736,-13.2314062,115.896782
4529,22.648319,23.0712891,-13.2009258,116.318428
4530,22.653308,23.2910156,-13.1806049,116.567345
4531,22.658317,23.4393311,-13.160284,116.922943
4532,22.663307,23.6535645,-13.1501236,117.156616
4533,22.668319,23.7963867,-13.1399632,117.502052
4534,22.673307,24.005127,-13.1247225,117.740807
4535,22.678319,24.1479492,-13.1044016,118.137047
4536,22.683304,24.3347168,-13.0891609,118.421532
4537,22.688321,24.4555664,-13.0637598,118.868576
4538,22.693306,24.5819092,-13.0535994,119.168297
4539,22.698322,24.7631836,-13.0434389,119.605186
4540,22.703307,24.7631836,-13.023119,119.879509
4541,22.708316,24.7631836,-12.9977188,120.290993
4542,22.713318,25.1971436,-12.9773989,120.580551
4543,22.718316,25.1971436,-12.9773989,120.580551
4544,22.723301,25.7629395,-12.9773989,120.580551
4545,22.728330,25.9002686,-12.9773989,120.580551
4546,22.733319,26.1090088,-12.9773989,120.580551
4547,22.738301,26.2573242,-12.9773989,120.580551
4548,22.743315,26.4825439,-12.9773989,120.580551
4549,22.748301,26.6363525,-12.9773989,120.580551
4550,22.753318,26.8615723,-12.9773989,120.580551
4551,22.758303,27.0043945,-12.9773989,120.580551
4552,22.763318,27.2021484,-12.9570789,120.671997
4553,22.768305,27.3339844,-12.9062796,120.951401
4554,22.773318,27.5317383,-12.8707199,121.174919
4555,22.778301,27.6690674,-12.8148403,121.566078
4556,22.783322,27.8778076,-12.7742004,121.845482
4557,22.788301,28.0151367,-12.7030802,122.312836
4558,22.793318,28.223877,-12.6471996,122.643036
4559,22.798308,28.3612061,-12.6217985,122.841156
4560,22.803323,28.5754395,-12.5862389,123.100235
4561,22.808301,28.7182617,-12.525279,123.552361
4562,22.813302,28.861084,-12.4795589,123.872398
4563,22.818321,29.0753174,-12.4287596,124.370232
4564,22.823317,29.2236328,-12.3881197,124.695351
4565,22.828322,29.4378662,-12.3474798,125.162712
4566,22.833307,29.5806885,-12.3169985,125.457352
4567,22.838322,29.800415,-12.2966776,125.878998
4568,22.843308,29.9432373,-12.2661972,126.295563
4569,22.848321,30.1574707,-12.2357178,126.580048
4570,22.853306,30.300293,-12.2052374,127.037247
4571,22.858318,30.5145264,-12.1849165,127.357285
4572,22.863306,30.6518555,-12.1645956,127.844963
4573,22.868316,30.8496094,-12.1442747,128.17009
4574,22.873305,30.9814453,-12.1239538,128.647629
4575,22.878321,31.1846924,-12.1087132,128.962601
4576,22.883316,31.3330078,-12.083312,129.419815
4577,22.888318,31.5582275,-12.0680714,129.729706
4578,22.893306,31.706543,-12.0325108,130.181839
4579,22.898318,31.9262695,-12.0121908,130.481567
4580,22.903307,32.0690918,-11.9817095,130.964188
4581,22.908321,32.2888184,-11.9563093,131.294388
4582,22.913303,32.4316406,-11.9207487,131.771927
4583,22.918315,32.645874,-11.9004288,132.071655
4584,22.923301,32.7996826,-11.8699474,132.508545
4585,22.928316,33.0194092,-11.8496265,132.798111
4586,22.933317,33.1732178,-11.8191462,133.240082
4587,22.938317,33.3929443,-11.7988262,133.544891
4588,22.943305,33.5357666,-11.7581863,134.02243
4589,22.948322,33.6016846,-11.727706,134.378021
4590,22.953307,33.8818359,-11.6819859,134.916489
4591,22.958321,34.0246582,-11.6515064,135.287323
4592,22.963303,34.2608643,-11.6159458,135.830872
4593,22.968301,34.420166,-11.5854664,136.181381
4594,22.973322,34.6618652,-11.5397463,136.679214
4595,22.978301,34.8266602,-11.5092669,136.999268
4596,22.983322,35.0683594,-11.4584675,137.481873
4597,22.988319,35.2276611,-11.4330673,137.796844
4598,22.993323,35.4638672,-11.3975067,138.284531
4599,22.998308,35.6286621,-11.3721066,138.599503
4600,23.003316,35.8483887,-11.3467054,139.056717
4601,23.008302,35.9967041,-11.336545,139.356445
4602,23.013322,36.2164307,-11.3111439,139.808578
4603,23.018304,36.3647461,-11.2959032,140.108307
4604,23.023319,36.5844727,-11.2959032,140.575684
4605,23.028301,36.7272949,-11.290823,140.900818
4606,23.033315,36.8756104,-11.2857428,141.418961
4607,23.038306,37.0953369,-11.2755823,141.784714
4608,23.043319,37.2436523,-11.2552614,142.313019
4609,23.048316,37.4743652,-11.2501812,142.648285
4610,23.053316,37.4743652,-11.2501812,143.146118
4611,23.058301,37.7050781,-11.2501812,143.456009
4612,23.063302,37.935791,-11.245101,143.913223
4613,23.068322,37.935791,-11.2400208,144.197708
4614,23.073307,38.3312988,-11.2196999,144.670151
4615,23.078318,38.7213135,-11.2095394,144.985123
4616,23.083303,38.8641357,-11.1790581,145.477875
4617,23.088317,39.0838623,-11.1536579,145.818222
4618,23.093306,39.2266846,-11.1231775,146.321136
4619,23.098320,39.4519043,-11.1028566,146.651337
4620,23.103302,39.6112061,-11.067297,147.123795
4621,23.108319,39.8474121,-11.0368166,147.428604
4622,23.113304,40.0067139,-10.9707766,147.85025
4623,23.118323,40.2429199,-10.9301367,148.078842
4624,23.123307,40.3857422,-10.8742571,148.383636
4625,23.128318,40.5999756,-10.8437777,148.541122
4626,23.133303,40.7427979,-10.7980585,148.703674
4627,23.138322,40.9405518,-10.7624989,148.764633
4628,23.143307,41.0119629,-10.7116995,148.779877
4629,23.148323,41.1108398,-10.6862993,148.764633
4630,23.153301,41.182251,-10.6507387,148.693497
4631,23.158344,41.2646484,-10.635498,148.627457
4632,23.163317,41.2536621,-10.6100969,148.525848
4633,23.168304,41.2371826,-10.589776,148.449661
4634,23.173322,41.2261963,-10.5694551,148.33284
4635,23.178304,41.2042236,-10.5592947,148.256653
4636,23.183320,41.1657715,-10.5542145,148.160126
4637,23.188308,41.1108398,-10.5542145,148.099152
4638,23.193320,41.0723877,-10.5643749,148.033096
4639,23.198302,41.0174561,-10.5745354,148.012772
4640,23.203319,40.9899902,-10.5948563,147.997528
4641,23.208305,40.9460449,-10.6100969,147.997528
4642,23.213320,40.9185791,-10.6304178,148.00769
4643,23.218318,40.880127,-10.6405783,148.017853
4644,23.223317,40.880127,-10.6608992,148.017853
4645,23.228304,40.8856201,-10.6710596,148.017853
4646,23.233319,40.8856201,-10.6863003,148.012772
4647,23.238306,40.8856201,-10.6913805,148.002609
4648,23.243320,40.8856201,-10.6913805,147.982285
4649,23.248307,40.8856201,-10.6913805,147.977203
4650,23.253326,40.8911133,-10.6913805,147.967041
4651,23.258321,40.8911133,-10.6913805,147.96196
4652,23.263306,40.8856201,-10.6913805,147.956879
4653,23.268315,40.880127,-10.6863003,147.956879
4654,23.273304,40.8746338,-10.6863003,147.96196
4655,23.278319,40.8691406,-10.6863003,147.96196
4656,23.283304,40.8691406,-10.6863003,147.96196
4657,23.288322,40.8691406,-10.6863003,147.96196
4658,23.293307,40.8691406,-10.6863003,147.96196
4659,23.298320,40.8691406,-10.6863003,147.96196
4660,23.303305,40.8691406,-10.6863003,147.96196
4661,23.308320,40.8691406,-10.6863003,147.96196
4662,23.313302,40.8691406,-10.6863003,147.96196
4663,23.318317,40.8691406,-10.6863003,147.96196
4664,23.323302,40.8691406,-10.6863003,147.96196
4665,23.328319,40.8691406,-10.6863003,147.96196
4666,23.333307,40.8691406,-10.6863003,147.96196
4667,23.338323,40.8691406,-10.6863003,147.96196
4668,23.343308,40.8691406,-10.6863003,147.96196
4669,23.348320,40.8636475,-10.6863003,147.96196
4670,23.353302,40.8636475,-10.6863003,147.96196
4671,23.358322,40.8636475,-10.6863003,147.96196
4672,23.363304,40.8636475,-10.6863003,147.96196
4673,23.368317,40.8636475,-10.6863003,147.96196
4674,23.373307,40.8636475,-10.6863003,147.96196
4675,23.378305,40.8636475,-10.6863003,147.96196
4676,23.383318,40.8636475,-10.6863003,147.96196
4677,23.388315,40.8636475,-10.6863003,147.96196
4678,23.393320,40.8636475,-10.6863003,147.96196
4679,23.398305,40.8636475,-10.6863003,147.96196
4680,23.403317,40.8636475,-10.6863003,147.96196
4681,23.408303,40.8636475,-10.6863003,147.96196
4682,23.413322,40.8636475,-10.6863003,147.96196
4683,23.418308,40.8636475,-10.6863003,147.96196
4684,23.423320,40.8636475,-10.6863003,147.96196
4685,23.428307,40.8636475,-10.6863003,147.956879
4686,23.433319,40.8636475,-10.6863003,147.956879
4687,23.438306,40.8636475,-10.6863003,147.956879
4688,23.443318,40.8636475,-10.6863003,147.956879
4689,23.448307,40.8636475,-10.6863003,147.956879
4690,23.453318,40.8636475,-10.6863003,147.956879
4691,23.458309,40.8636475,-10.6863003,147.956879
4692,23.463317,40.8636475,-10.6863003,147.956879
4693,23.468302,40.8581543,-10.6863003,147.956879
4694,23.473319,40.8581543,-10.6863003,147.956879
4695,23.478304,40.8581543,-10.6863003,147.956879
4696,23.483323,40.8581543,-10.6863003,147.956879
4697,23.488302,40.8581543,-10.6863003,147.956879
4698,23.493319,40.8581543,-10.6863003,147.956879
4699,23.498301,40.8581543,-10.6863003,147.956879
4700,23.503307,40.8581543,-10.6863003,147.956879
4701,23.508318,40.8581543,-10.6863003,147.956879
4702,23.513303,40.8581543,-10.6863003,147.956879
4703,23.518316,40.8636475,-10.6863003,147.956879
4704,23.523301,40.8636475,-10.6863003,147.956879
4705,23.528317,40.8636475,-10.6863003,147.956879
4706,23.533305,40.8636475,-10.6863003,147.956879
4707,23.538317,40.8636475,-10.6863003,147.956879
4708,23.543302,40.8581543,-10.6863003,147.956879
4709,23.548316,40.8581543,-10.6863003,147.956879
4710,23.553319,40.8581543,-10.6863003,147.956879
4711,23.558322,40.8581543,-10.6863003,147.956879
4712,23.563308,40.8581543,-10.6863003,147.956879
4713,23.568316,40.8581543,-10.6863003,147.956879
4714,23.573306,40.8581543,-10.6863003,147.956879
4715,23.578316,40.8581543,-10.6863003,147.956879
4716,23.583309,40.8581543,-10.6863003,147.956879
4717,23.588320,40.8581543,-10.6863003,147.956879
4718,23.593306,40.8581543,-10.6863003,147.956879
4719,23.598373,40.8581543,-10.6863003,147.956879
4720,23.603306,40.8581543,-10.6863003,147.956879
4721,23.608319,40.8581543,-10.6863003,147.956879
4722,23.613320,40.8581543,-10.6863003,147.956879
4723,23.618303,40.8581543,-10.6863003,147.956879
4724,23.623319,40.8581543,-10.6863003,147.956879
4725,23.628301,40.8581543,-10.6863003,147.956879
4726,23.633322,40.8581543,-10.6863003,147.956879
4727,23.638304,40.8581543,-10.6863003,147.956879
4728,23.643318,40.8581543,-10.6863003,147.956879
4729,23.648303,40.8581543,-10.6863003,147.956879
4730,23.653318,40.8581543,-10.6863003,147.956879
4731,23.658309,40.8581543,-10.6863003,147.956879
4732,23.663341,40.8581543,-10.6863003,147.956879
4733,23.668316,40.8581543,-10.6863003,147.956879
4734,23.673321,40.8581543,-10.6863003,147.96196
4735,23.678305,40.8581543,-10.6913805,147.96196
4736,23.683316,40.8581543,-10.6913805,147.96196
4737,23.688303,40.8581543,-10.6913805,147.951797
4738,23.693323,40.8581543,-10.6913805,147.951797
4739,23.698305,40.8581543,-10.6964607,147.956879
4740,23.703319,40.8581543,-10.6964607,147.96196
4741,23.708308,40.8581543,-10.7015409,147.967041
4742,23.713308,40.8581543,-10.7015409,147.967041
4743,23.718323,40.8581543,-10.7015409,147.967041
4744,23.723303,40.8581543,-10.7015409,147.967041
4745,23.728322,40.8581543,-10.7015409,147.967041
4746,23.733307,40.8581543,-10.6964607,147.967041
4747,23.738318,40.8581543,-10.6964607,147.967041
4748,23.743304,40.8581543,-10.6964607,147.967041
4749,23.748315,40.8581543,-10.6964607,147.967041
4750,23.753306,40.8636475,-10.6964607,147.967041
4751,23.758316,40.8636475,-10.6964607,147.967041
4752,23.763306,40.8636475,-10.6964607,147.967041
4753,23.768320,40.8581543,-10.6964607,147.967041
4754,23.773304,40.8581543,-10.6964607,147.967041
4755,23.778316,40.8581543,-10.6964607,147.967041
4756,23.783315,40.8581543,-10.6964607,147.967041
4757,23.788318,40.8581543,-10.6964607,147.967041
4758,23.793304,40.8581543,-10.6964607,147.967041
4759,23.798318,40.8581543,-10.6964607,147.967041
4760,23.803303,40.8581543,-10.6964607,147.967041
4761,23.808330,40.8581543,-10.6964607,147.967041
4762,23.813317,40.8581543,-10.6964607,147.967041
4763,23.818304,40.8581543,-10.6964607,147.967041
4764,23.823318,40.8581543,-10.6964607,147.967041
4765,23.828308,40.8581543,-10.6964607,147.967041
4766,23.833323,40.8581543,-10.6964607,147.967041
4767,23.838316,40.8581543,-10.6964607,147.967041
4768,23.843320,40.8581543,-10.6964607,147.967041
4769,23.848302,40.8581543,-10.6964607,147.967041
4770,23.853323,40.8581543,-10.6964607,147.967041
4771,23.858305,40.8581543,-10.6964607,147.967041
4772,23.863319,40.8581543,-10.6964607,147.967041
4773,23.868301,40.8581543,-10.6964607,147.967041
4774,23.873322,40.8581543,-10.6964607,147.967041
4775,23.878304,40.8581543,-10.6964607,147.967041
4776,23.883318,40.8581543,-10.6964607,147.967041
4777,23.888309,40.8581543,-10.6964607,147.967041
4778,23.893322,40.8581543,-10.6964607,147.967041
4779,23.898317,40.8581543,-10.6964607,147.967041
4780,23.903317,40.8581543,-10.6964607,147.967041
4781,23.908304,40.8581543,-10.6964607,147.967041
4782,23.913322,40.8581543,-10.6964607,147.967041
4783,23.918304,40.8581543,-10.6964607,147.967041
4784,23.923321,40.8581543,-10.6964607,147.967041
4785,23.928303,40.8581543,-10.6964607,147.967041
4786,23.933321,40.8581543,-10.6964607,147.967041
4787,23.938303,40.8581543,-10.6964607,147.967041
4788,23.943323,40.8581543,-10.6964607,147.967041
4789,23.948323,40.8581543,-10.6964607,147.967041
4790,23.953380,40.8581543,-10.6964607,147.967041
4791,23.958307,40.8581543,-10.6964607,147.967041
4792,23.963305,40.8581543,-10.6964607,147.967041
4793,23.968323,40.8581543,-10.6964607,147.967041
4794,23.973307,40.8581543,-10.6964607,147.967041
4795,23.978317,40.8581543,-10.6964607,147.967041
4796,23.983305,40.8581543,-10.6964607,147.967041
4797,23.988320,40.8581543,-10.6964607,147.967041
4798,23.993301,40.8581543,-10.6964607,147.967041
4799,23.998319,40.8581543,-10.6964607,147.967041
4800,24.003307,40.8581543,-10.6964607,147.967041
4801,24.008318,40.8581543,-10.6964607,147.967041
4802,24.013303,40.8581543,-10.6964607,147.967041
4803,24.018322,40.8581543,-10.6964607,147.967041
4804,24.023307,40.8581543,-10.6964607,147.967041
4805,24.028319,40.8581543,-10.6964607,147.967041
4806,24.033304,40.8581543,-10.6964607,147.967041
4807,24.038322,40.8581543,-10.6964607,147.967041
4808,24.043302,40.8581543,-10.6964607,147.967041
4809,24.048319,40.8581543,-10.6964607,147.967041
4810,24.053307,40.8581543,-10.6964607,147.967041
4811,24.058321,40.8581543,-10.6964607,147.967041
4812,24.063318,40.8581543,-10.6964607,147.967041
4813,24.068318,40.8581543,-10.6964607,147.967041
4814,24.073307,40.8581543,-10.6964607,147.967041
4815,24.078320,40.8581543,-10.6964607,147.967041
4816,24.083306,40.8581543,-10.6964607,147.967041
4817,24.088301,40.8581543,-10.6964607,147.967041
4818,24.093316,40.8581543,-10.6964607,147.967041
4819,24.098306,40.8581543,-10.6964607,147.967041
4820,24.103323,40.8581543,-10.6964607,147.967041
4821,24.108308,40.8581543,-10.6964607,147.967041
4822,24.113317,40.8581543,-10.6964607,147.967041
4823,24.118322,40.8581543,-10.6964607,147.967041
4824,24.123320,40.8581543,-10.6964607,147.967041
4825,24.128306,40.8581543,-10.6964607,147.967041
4826,24.133317,40.8581543,-10.6964607,147.967041
4827,24.138302,40.8581543,-10.6964607,147.967041
4828,24.143316,40.8581543,-10.6964607,147.967041
4829,24.148303,40.8581543,-10.6964607,147.967041
4830,24.153316,40.8581543,-10.6964607,147.967041
4831,24.158303,40.8581543,-10.6964607,147.967041
4832,24.163322,40.8581543,-10.6964607,147.967041
4833,24.168393,40.8581543,-10.6964607,147.967041
4834,24.173318,40.8581543,-10.6964607,147.967041
4835,24.178303,40.8581543,-10.6964607,147.967041
4836,24.183304,40.8581543,-10.6964607,147.967041
4837,24.188320,40.8581543,-10.6964607,147.967041
4838,24.193301,40.8581543,-10.6964607,147.967041
4839,24.198316,40.8581543,-10.6964607,147.967041
4840,24.203303,40.8581543,-10.6964607,147.967041
4841,24.208318,40.8581543,-10.6964607,147.967041
4842,24.213308,40.8581543,-10.6964607,147.967041
4843,24.218319,40.8581543,-10.6964607,147.967041
4844,24.223301,40.8581543,-10.6964607,147.967041
4845,24.228315,40.8581543,-10.6964607,147.967041
4846,24.233305,40.8581543,-10.6964607,147.967041
4847,24.238316,40.8581543,-10.6964607,147.967041
4848,24.243301,40.8581543,-10.6964607,147.967041
4849,24.248318,40.8581543,-10.6964607,147.967041
4850,24.253306,40.8581543,-10.6964607,147.967041
4851,24.258304,40.8581543,-10.6964607,147.967041
4852,24.263317,40.8581543,-10.6964607,147.967041
4853,24.268304,40.8581543,-10.6964607,147.967041
4854,24.273318,40.8581543,-10.6964607,147.967041
4855,24.278308,40.8581543,-10.6964607,147.967041
4856,24.283317,40.8581543,-10.6964607,147.967041
4857,24.288304,40.8581543,-10.6964607,147.967041
4858,24.293317,40.8581543,-10.6964607,147.967041
4859,24.298301,40.8581543,-10.6964607,147.967041
4860,24.303321,40.8581543,-10.6964607,147.967041
4861,24.308303,40.8581543,-10.6964607,147.967041
4862,24.313322,40.8581543,-10.6964607,147.967041
4863,24.318308,40.8581543,-10.6964607,147.967041
4864,24.323316,40.8581543,-10.6964607,147.967041
4865,24.328301,40.8581543,-10.6964607,147.967041
4866,24.333322,40.8581543,-10.6964607,147.967041
4867,24.338301,40.8581543,-10.6964607,147.967041
4868,24.343318,40.8581543,-10.6964607,147.967041
4869,24.348301,40.8581543,-10.6964607,147.967041
4870,24.353307,40.8581543,-10.6964607,147.967041
4871,24.358321,40.8581543,-10.6964607,147.967041
4872,24.363305,40.8581543,-10.6964607,147.967041
4873,24.368322,40.8581543,-10.6964607,147.967041
4874,24.373303,40.8581543,-10.6964607,147.967041
4875,24.378322,40.8581543,-10.6964607,147.967041
4876,24.383302,40.8581543,-10.6964607,147.967041
4877,24.388322,40.8581543,-10.6964607,147.967041
4878,24.393302,40.8581543,-10.6964607,147.967041
4879,24.398321,40.8581543,-10.6964607,147.967041
4880,24.403303,40.8581543,-10.6964607,147.967041
4881,24.408322,40.8581543,-10.6964607,147.967041
4882,24.413307,40.8581543,-10.6964607,147.967041
4883,24.418302,40.8581543,-10.6964607,147.967041
4884,24.423304,40.8581543,-10.6964607,147.967041
4885,24.428319,40.8581543,-10.6964607,147.967041
4886,24.433302,40.8581543,-10.6964607,147.967041
4887,24.438319,40.8581543,-10.6964607,147.967041
4888,24.443305,40.8581543,-10.6964607,147.967041
4889,24.448323,40.8581543,-10.6964607,147.967041
4890,24.453321,40.8581543,-10.6964607,147.967041
4891,24.458315,40.8581543,-10.6964607,147.967041
4892,24.463304,40.8581543,-10.6964607,147.967041
4893,24.468307,40.8581543,-10.6964607,147.967041
4894,24.473318,40.8581543,-10.6964607,147.967041
4895,24.478308,40.8581543,-10.6964607,147.967041
4896,24.483323,40.8581543,-10.6964607,147.967041
4897,24.488305,40.8581543,-10.6964607,147.967041
4898,24.493323,40.8581543,-10.6964607,147.967041
4899,24.498303,40.8581543,-10.6964607,147.967041
4900,24.503317,40.8581543,-10.6964607,147.967041
4901,24.508302,40.8581543,-10.6964607,147.967041
4902,24.513321,40.8581543,-10.6964607,147.967041
4903,24.518307,40.8581543,-10.6964607,147.967041
4904,24.523316,40.8581543,-10.6964607,147.967041
4905,24.528306,40.8581543,-10.6964607,147.967041
4906,24.533323,40.8581543,-10.6964607,147.967041
4907,24.538305,40.8581543,-10.6964607,147.967041
4908,24.543303,40.8581543,-10.6964607,147.967041
4909,24.548320,40.8581543,-10.6964607,147.967041
4910,24.553306,40.8581543,-10.6964607,147.967041
4911,24.558322,40.8581543,-10.6964607,147.967041
4912,24.563305,40.8581543,-10.6964607,147.967041
4913,24.568316,40.8581543,-10.6964607,147.967041
4914,24.573302,40.8581543,-10.6964607,147.967041
4915,24.578318,40.8581543,-10.6964607,147.967041
4916,24.583303,40.8581543,-10.6964607,147.967041
4917,24.588315,40.8581543,-10.6964607,147.967041
4918,24.593301,40.8581543,-10.6964607,147.967041
4919,24.598319,40.8581543,-10.6964607,147.967041
4920,24.603301,40.8581543,-10.6964607,147.967041
4921,24.608323,40.8581543,-10.6964607,147.967041
4922,24.613304,40.8581543,-10.6964607,147.967041
4923,24.618322,40.8581543,-10.6964607,147.967041
4924,24.623304,40.8581543,-10.6964607,147.967041
4925,24.628319,40.8581543,-10.6964607,147.967041
4926,24.633308,40.8581543,-10.6964607,147.967041
4927,24.638321,40.8581543,-10.6964607,147.967041
4928,24.643302,40.8581543,-10.6964607,147.967041
4929,24.648419,40.8581543,-10.6964607,147.967041
4930,24.653303,40.8581543,-10.6964607,147.967041
4931,24.658301,40.8581543,-10.6964607,147.967041
4932,24.663323,40.8581543,-10.6964607,147.967041
4933,24.668306,40.8581543,-10.6964607,147.967041
4934,24.673318,40.8581543,-10.6964607,147.967041
4935,24.678301,40.8581543,-10.6964607,147.967041
4936,24.683321,40.8581543,-10.6964607,147.967041
4937,24.688318,40.8581543,-10.6964607,147.967041
4938,24.693322,40.8581543,-10.6964607,147.967041
4939,24.698304,40.8581543,-10.6964607,147.967041
4940,24.703320,40.8581543,-10.6964607,147.967041
4941,24.708305,40.8581543,-10.6964607,147.967041
4942,24.713317,40.8581543,-10.6964607,147.967041
4943,24.718307,40.8581543,-10.6964607,147.967041
4944,24.723318,40.8581543,-10.6964607,147.967041
4945,24.728304,40.8581543,-10.6964607,147.967041
4946,24.733316,40.8581543,-10.6964607,147.967041
4947,24.738315,40.8581543,-10.6964607,147.967041
4948,24.743301,40.8581543,-10.6964607,147.967041
4949,24.748321,40.8581543,-10.6964607,147.967041
4950,24.753307,40.8581543,-10.6964607,147.967041
4951,24.758318,40.8581543,-10.6964607,147.967041
4952,24.763303,40.8581543,-10.6964607,147.967041
4953,24.768319,40.8581543,-10.6964607,147.967041
4954,24.773304,40.8581543,-10.6964607,147.967041
4955,24.778318,40.8581543,-10.6964607,147.967041
4956,24.783303,40.8581543,-10.6964607,147.967041
4957,24.788322,40.8581543,-10.6964607,147.967041
4958,24.793305,40.8581543,-10.6964607,147.967041
4959,24.798320,40.8581543,-10.6964607,147.967041
4960,24.803306,40.8581543,-10.6964607,147.967041
4961,24.808318,40.8581543,-10.6964607,147.967041
4962,24.813308,40.8581543,-10.6964607,147.967041
4963,24.818317,40.8581543,-10.6964607,147.967041
4964,24.823303,40.8581543,-10.6964607,147.967041
4965,24.828424,40.8581543,-10.6964607,147.967041
4966,24.833308,40.8581543,-10.6964607,147.967041
4967,24.838306,40.8581543,-10.6964607,147.967041
4968,24.843316,40.8581543,-10.6964607,147.967041
4969,24.848301,40.8581543,-10.6964607,147.967041
4970,24.853318,40.8581543,-10.6964607,147.967041
4971,24.858322,40.8581543,-10.6964607,147.967041
4972,24.863317,40.8581543,-10.6964607,147.967041
4973,24.868307,40.8581543,-10.6964607,147.967041
4974,24.873320,40.8581543,-10.6964607,147.967041
4975,24.878307,40.8581543,-10.6964607,147.967041
4976,24.883320,40.8581543,-10.6964607,147.967041
4977,24.888304,40.8581543,-10.6964607,147.967041
4978,24.893315,40.8581543,-10.6964607,147.967041
4979,24.898306,40.8581543,-10.6964607,147.967041
4980,24.903317,40.8581543,-10.6964607,147.967041
4981,24.908307,40.8581543,-10.6964607,147.967041
4982,24.913454,40.8581543,-10.6964607,147.967041
4983,24.918316,40.8581543,-10.6964607,147.967041
4984,24.923306,40.8581543,-10.6964607,147.967041
4985,24.928323,40.8581543,-10.6964607,147.967041
4986,24.933308,40.8581543,-10.6964607,147.967041
4987,24.938320,40.8581543,-10.6964607,147.967041
4988,24.943305,40.8581543,-10.6964607,147.967041
4989,24.948320,40.8581543,-10.6964607,147.967041
4990,24.953303,40.8581543,-10.6964607,147.967041
4991,24.958319,40.8581543,-10.6964607,147.967041
4992,24.963308,40.8581543,-10.6964607,147.967041
4993,24.968315,40.8581543,-10.6964607,147.967041
4994,24.973323,40.8581543,-10.6964607,147.967041
4995,24.978319,40.8581543,-10.6964607,147.967041
4996,24.983304,40.8581543,-10.6964607,147.967041
4997,24.988318,40.8581543,-10.6964607,147.967041
4998,24.993308,40.8581543,-10.6964607,147.967041
4999,24.998323,40.8581543,-10.6964607,147.967041
5000,25.003305,40.8581543,-10.6964607,147.967041
5001,25.008320,40.8581543,-10.6964607,147.967041
5002,25.013302,40.8581543,-10.6964607,147.967041
5003,25.018322,40.8581543,-10.6964607,147.967041
5004,25.023308,40.8581543,-10.6964607,147.967041
5005,25.028319,40.8581543,-10.6964607,147.967041
5006,25.033318,40.8581543,-10.6964607,147.967041
5007,25.038323,40.8581543,-10.6964607,147.967041
5008,25.043304,40.8581543,-10.6964607,147.967041
5009,25.048302,40.8581543,-10.6964607,147.967041
5010,25.053319,40.8581543,-10.6964607,147.967041
5011,25.058306,40.8581543,-10.6964607,147.967041
5012,25.063316,40.8581543,-10.6964607,147.967041
5013,25.068306,40.8581543,-10.6964607,147.967041
5014,25.073322,40.8581543,-10.6964607,147.967041
5015,25.078301,40.8581543,-10.6964607,147.967041
5016,25.083318,40.8581543,-10.6964607,147.967041
5017,25.088319,40.8581543,-10.6964607,147.967041
5018,25.093322,40.8581543,-10.6964607,147.967041
5019,25.098304,40.8581543,-10.6964607,147.967041
5020,25.103322,40.8581543,-10.6964607,147.967041
5021,25.108304,40.8581543,-10.6964607,147.967041
5022,25.113322,40.8581543,-10.6964607,147.967041
5023,25.118308,40.8581543,-10.6964607,147.967041
5024,25.123320,40.8581543,-10.6964607,147.967041
5025,25.128307,40.8581543,-10.6964607,147.967041
5026,25.133323,40.8581543,-10.6964607,147.967041
5027,25.138302,40.8581543,-10.6964607,147.967041
5028,25.143316,40.8581543,-10.6964607,147.967041
5029,25.148301,40.8581543,-10.6964607,147.967041
5030,25.153321,40.8581543,-10.6964607,147.967041
5031,25.158306,40.8581543,-10.6964607,147.967041
5032,25.163307,40.8581543,-10.6964607,147.967041
5033,25.168320,40.8581543,-10.6964607,147.967041
5034,25.173308,40.8581543,-10.6964607,147.967041
5035,25.178322,40.8581543,-10.6964607,147.967041
5036,25.183302,40.8581543,-10.6964607,147.967041
5037,25.188317,40.8581543,-10.6964607,147.967041
5038,25.193319,40.8581543,-10.6964607,147.967041
5039,25.198319,40.8581543,-10.6964607,147.967041
5040,25.203302,40.8581543,-10.6964607,147.967041
5041,25.208318,40.8581543,-10.6964607,147.967041
5042,25.213304,40.8581543,-10.6964607,147.967041
5043,25.218308,40.8581543,-10.6964607,147.967041
5044,25.223319,40.8581543,-10.6964607,147.967041
5045,25.228301,40.8581543,-10.6964607,147.967041
5046,25.233322,40.8581543,-10.6964607,147.967041
5047,25.238308,40.8581543,-10.6964607,147.967041
5048,25.243320,40.8581543,-10.6964607,147.967041
5049,25.248322,40.8581543,-10.6964607,147.967041
5050,25.253317,40.8581543,-10.6964607,147.967041
5051,25.258304,40.8581543,-10.6964607,147.967041
5052,25.263322,40.8581543,-10.6964607,147.967041
5053,25.268301,40.8581543,-10.6964607,147.967041
5054,25.273318,40.8581543,-10.6964607,147.967041
5055,25.278305,40.8581543,-10.6964607,147.967041
5056,25.283320,40.8581543,-10.6964607,147.967041
5057,25.288306,40.8581543,-10.6964607,147.967041
5058,25.293317,40.8581543,-10.6964607,147.967041
5059,25.298303,40.8581543,-10.6964607,147.967041
5060,25.303304,40.8581543,-10.6964607,147.967041
5061,25.308320,40.8581543,-10.6964607,147.967041
5062,25.313305,40.8581543,-10.6964607,147.967041
5063,25.318318,40.8581543,-10.6964607,147.967041
5064,25.323308,40.8581543,-10.6964607,147.967041
5065,25.328315,40.8581543,-10.6964607,147.967041
5066,25.333306,40.8581543,-10.6964607,147.967041
5067,25.338322,40.8581543,-10.6964607,147.967041
5068,25.343303,40.8581543,-10.6964607,147.967041
5069,25.348316,40.8581543,-10.6964607,147.967041
5070,25.353301,40.8581543,-10.6964607,147.967041
5071,25.358323,40.8581543,-10.6964607,147.967041
5072,25.363322,40.8581543,-10.6964607,147.967041
5073,25.368317,40.8581543,-10.6964607,147.967041
5074,25.373303,40.8581543,-10.6964607,147.967041
5075,25.378304,40.8581543,-10.6964607,147.967041
5076,25.383316,40.8581543,-10.6964607,147.967041
5077,25.388307,40.8581543,-10.6964607,147.967041
5078,25.393322,40.8581543,-10.6964607,147.967041
5079,25.398301,40.8581543,-10.6964607,147.967041
5080,25.403321,40.8581543,-10.6964607,147.967041
5081,25.408308,40.8581543,-10.6964607,147.967041
5082,25.413321,40.8581543,-10.6964607,147.967041
5083,25.418303,40.8581543,-10.6964607,147.967041
5084,25.423319,40.8581543,-10.6964607,147.967041
5085,25.428301,40.8581543,-10.6964607,147.967041
5086,25.433320,40.8581543,-10.6964607,147.967041
5087,25.438302,40.8581543,-10.6964607,147.967041
5088,25.443318,40.8581543,-10.6964607,147.967041
5089,25.448306,40.8581543,-10.6964607,147.967041
5090,25.453320,40.8581543,-10.6964607,147.967041
5091,25.458303,40.8581543,-10.6964607,147.967041
5092,25.463317,40.8581543,-10.6964607,147.967041
5093,25.468304,40.8581543,-10.6964607,147.967041
5094,25.473318,40.8581543,-10.6964607,147.967041
5095,25.478302,40.8581543,-10.6964607,147.967041
5096,25.483306,40.8581543,-10.6964607,147.967041
5097,25.488318,40.8581543,-10.6964607,147.967041
5098,25.493306,40.8581543,-10.6964607,147.967041
5099,25.498322,40.8581543,-10.6964607,147.967041
5100,25.503303,40.8581543,-10.6964607,147.967041
5101,25.508317,40.8581543,-10.6964607,147.967041
5102,25.513307,40.8581543,-10.6964607,147.967041
5103,25.518323,40.8581543,-10.6964607,147.967041
5104,25.523305,40.8581543,-10.6964607,147.967041
5105,25.528315,40.8581543,-10.6964607,147.967041
5106,25.533319,40.8581543,-10.6964607,147.967041
5107,25.538320,40.8581543,-10.6964607,147.967041
5108,25.543308,40.8581543,-10.6964607,147.967041
5109,25.548320,40.8581543,-10.6964607,147.967041
5110,25.553305,40.8581543,-10.6964607,147.967041
5111,25.558318,40.8581543,-10.6964607,147.967041
5112,25.563303,40.8581543,-10.6964607,147.967041
5113,25.568317,40.8581543,-10.6964607,147.967041
5114,25.573302,40.8581543,-10.6964607,147.967041
5115,25.578318,40.8581543,-10.6964607,147.967041
5116,25.583308,40.8581543,-10.6964607,147.967041
5117,25.588306,40.8581543,-10.6964607,147.967041
5118,25.593318,40.8581543,-10.6964607,147.967041
5119,25.598309,40.8581543,-10.6964607,147.967041
5120,25.603322,40.8581543,-10.6964607,147.967041
5121,25.608307,40.8581543,-10.6964607,147.967041
5122,25.613318,40.8581543,-10.6964607,147.967041
5123,25.618303,40.8581543,-10.6964607,147.967041
5124,25.623319,40.8581543,-10.6964607,147.967041
5125,25.628304,40.8581543,-10.6964607,147.967041
5126,25.633320,40.8581543,-10.6964607,147.967041
5127,25.638306,40.8581543,-10.6964607,147.967041
5128,25.643321,40.8581543,-10.6964607,147.967041
5129,25.648308,40.8581543,-10.6964607,147.967041
5130,25.653323,40.8581543,-10.6964607,147.967041
5131,25.658302,40.8581543,-10.6964607,147.967041
5132,25.663320,40.8581543,-10.6964607,147.967041
5133,25.668307,40.8581543,-10.6964607,147.967041
5134,25.673320,40.8581543,-10.6964607,147.967041
5135,25.678304,40.8581543,-10.6964607,147.967041
5136,25.683319,40.8581543,-10.6964607,147.967041
5137,25.688301,40.8581543,-10.6964607,147.967041
5138,25.693317,40.8581543,-10.6964607,147.967041
5139,25.698307,40.8581543,-10.6964607,147.967041
5140,25.703372,40.8581543,-10.6964607,147.967041
5141,25.708317,40.8581543,-10.6964607,147.967041
5142,25.713372,40.8581543,-10.6964607,147.967041
5143,25.718306,40.8581543,-10.6964607,147.967041
5144,25.723304,40.8581543,-10.6964607,147.967041
5145,25.728320,40.8581543,-10.6964607,147.967041
5146,25.733305,40.8581543,-10.6964607,147.967041
5147,25.738318,40.8581543,-10.6964607,147.967041
5148,25.743304,40.8581543,-10.6964607,147.967041
5149,25.748320,40.8581543,-10.6964607,147.967041
5150,25.753305,40.8581543,-10.6964607,147.967041
5151,25.758321,40.8581543,-10.6964607,147.967041
5152,25.763307,40.8581543,-10.6964607,147.967041
5153,25.768319,40.8581543,-10.6964607,147.967041
5154,25.773307,40.8581543,-10.6964607,147.967041
5155,25.778317,40.8581543,-10.6964607,147.967041
5156,25.783302,40.8581543,-10.6964607,147.967041
5157,25.788322,40.8581543,-10.6964607,147.967041
5158,25.793304,40.8581543,-10.6964607,147.967041
5159,25.798363,40.8581543,-10.6964607,147.967041
5160,25.803308,40.8581543,-10.6964607,147.967041
5161,25.808372,40.8581543,-10.6964607,147.967041
5162,25.813305,40.8581543,-10.6964607,147.967041
5163,25.818317,40.8581543,-10.6964607,147.967041
5164,25.823319,40.8581543,-10.6964607,147.967041
5165,25.828301,40.8581543,-10.6964607,147.967041
5166,25.833318,40.8581543,-10.6964607,147.967041
5167,25.838303,40.8581543,-10.6964607,147.967041
5168,25.843321,40.8581543,-10.6964607,147.967041
5169,25.848303,40.8581543,-10.6964607,147.967041
5170,25.853323,40.8581543,-10.6964607,147.967041
5171,25.858305,40.8581543,-10.6964607,147.967041
5172,25.863419,40.8581543,-10.6964607,147.967041
5173,25.868306,40.8581543,-10.6964607,147.967041
5174,25.873316,40.8581543,-10.6964607,147.967041
5175,25.878323,40.8581543,-10.6964607,147.967041
5176,25.883308,40.8581543,-10.6964607,147.967041
5177,25.888321,40.8581543,-10.6964607,147.967041
5178,25.893301,40.8581543,-10.6964607,147.967041
5179,25.898318,40.8581543,-10.6964607,147.967041
5180,25.903303,40.8581543,-10.6964607,147.967041
5181,25.908323,40.8581543,-10.6964607,147.967041
5182,25.913305,40.8581543,-10.6964607,147.967041
5183,25.918320,40.8581543,-10.6964607,147.967041
5184,25.923302,40.8581543,-10.6964607,147.967041
5185,25.928322,40.8581543,-10.6964607,147.967041
5186,25.933319,40.8581543,-10.6964607,147.967041
5187,25.938320,40.8581543,-10.6964607,147.967041
5188,25.943308,40.8581543,-10.6964607,147.967041
5189,25.948322,40.8581543,-10.6964607,147.967041
5190,25.953302,40.8581543,-10.6964607,147.967041
5191,25.958323,40.8581543,-10.6964607,147.967041
5192,25.963308,40.8581543,-10.6964607,147.967041
5193,25.968322,40.8581543,-10.6964607,147.967041
5194,25.973306,40.8581543,-10.6964607,147.967041
5195,25.978308,40.8581543,-10.6964607,147.967041
5196,25.983321,40.8581543,-10.6964607,147.967041
5197,25.988319,40.8581543,-10.6964607,147.967041
5198,25.993322,40.8581543,-10.6964607,147.967041
5199,25.998304,40.8581543,-10.6964607,147.967041
5200,26.003316,40.8581543,-10.6964607,147.967041
5201,26.008306,40.8581543,-10.6964607,147.967041
5202,26.013319,40.8581543,-10.6964607,147.967041
5203,26.018301,40.8581543,-10.6964607,147.967041
5204,26.023316,40.8581543,-10.6964607,147.967041
5205,26.028307,40.8581543,-10.6964607,147.967041
5206,26.033322,40.8581543,-10.6964607,147.967041
5207,26.038317,40.8581543,-10.6964607,147.967041
5208,26.043322,40.8581543,-10.6964607,147.967041
5209,26.048305,40.8581543,-10.6964607,147.967041
5210,26.053323,40.8581543,-10.6964607,147.967041
5211,26.058305,40.8581543,-10.6964607,147.967041
5212,26.063318,40.8581543,-10.6964607,147.967041
5213,26.068305,40.8581543,-10.6964607,147.967041
5214,26.073323,40.8581543,-10.6964607,147.967041
5215,26.078305,40.8581543,-10.6964607,147.967041
5216,26.083315,40.8581543,-10.6964607,147.967041
5217,26.088301,40.8581543,-10.6964607,147.967041
5218,26.093327,40.8581543,-10.6964607,147.967041
5219,26.098316,40.8581543,-10.6964607,147.967041
5220,26.103303,40.8581543,-10.6964607,147.967041
5221,26.108321,40.8581543,-10.6964607,147.967041
5222,26.113306,40.8581543,-10.6964607,147.967041
5223,26.118320,40.8581543,-10.6964607,147.967041
5224,26.123306,40.8581543,-10.6964607,147.967041
5225,26.128316,40.8581543,-10.6964607,147.967041
5226,26.133303,40.8581543,-10.6964607,147.967041
5227,26.138320,40.8581543,-10.6964607,147.967041
5228,26.143308,40.8581543,-10.6964607,147.967041
5229,26.148316,40.8581543,-10.6964607,147.967041
5230,26.153321,40.8581543,-10.6964607,147.967041
5231,26.158319,40.8581543,-10.6964607,147.967041
5232,26.163308,40.8581543,-10.6964607,147.967041
5233,26.168320,40.8581543,-10.6964607,147.967041
5234,26.173302,40.8581543,-10.6964607,147.967041
5235,26.178308,40.8581543,-10.6964607,147.967041
5236,26.183321,40.8581543,-10.6964607,147.967041
5237,26.188308,40.8581543,-10.6964607,147.967041
5238,26.193320,40.8581543,-10.6964607,147.967041
5239,26.198301,40.8581543,-10.6964607,147.967041
5240,26.203316,40.8581543,-10.6964607,147.967041
5241,26.208306,40.8581543,-10.6964607,147.967041
5242,26.213321,40.8581543,-10.6964607,147.967041
5243,26.218304,40.8581543,-10.6964607,147.967041
5244,26.223316,40.8581543,-10.6964607,147.967041
5245,26.228302,40.8581543,-10.6964607,147.967041
5246,26.233316,40.8581543,-10.6964607,147.967041
5247,26.238306,40.8581543,-10.6964607,147.967041
5248,26.243318,40.8581543,-10.6964607,147.967041
5249,26.248305,40.8581543,-10.6964607,147.967041
5250,26.253319,40.8581543,-10.6964607,147.967041
5251,26.258307,40.8581543,-10.6964607,147.967041
5252,26.263321,40.8581543,-10.6964607,147.967041
5253,26.268305,40.8581543,-10.6964607,147.967041
5254,26.273364,40.8581543,-10.6964607,147.967041
5255,26.278302,40.8581543,-10.6964607,147.967041
5256,26.283303,40.8581543,-10.6964607,147.967041
5257,26.288319,40.8581543,-10.6964607,147.967041
5258,26.293307,40.8581543,-10.6964607,147.967041
5259,26.298318,40.8581543,-10.6964607,147.967041
5260,26.303303,40.8581543,-10.6964607,147.967041
5261,26.308321,40.8581543,-10.6964607,147.967041
5262,26.313302,40.8581543,-10.6964607,147.967041
5263,26.318322,40.8581543,-10.6964607,147.967041
5264,26.323304,40.8581543,-10.6964607,147.967041
5265,26.328317,40.8581543,-10.6964607,147.967041
5266,26.333319,40.8581543,-10.6964607,147.967041
5267,26.338318,40.8581543,-10.6964607,147.967041
5268,26.343303,40.8581543,-10.6964607,147.967041
5269,26.348323,40.8581543,-10.6964607,147.967041
5270,26.353308,40.8581543,-10.6964607,147.967041
5271,26.358318,40.8581543,-10.6964607,147.967041
5272,26.363303,40.8581543,-10.6964607,147.967041
5273,26.368319,40.8581543,-10.6964607,147.967041
5274,26.373301,40.8581543,-10.6964607,147.967041
5275,26.378315,40.8581543,-10.6964607,147.967041
5276,26.383305,40.8581543,-10.6964607,147.967041
5277,26.388317,40.8581543,-10.6964607,147.967041
5278,26.393322,40.8581543,-10.6964607,147.967041
5279,26.398321,40.8581543,-10.6964607,147.967041
5280,26.403301,40.8581543,-10.6964607,147.967041
5281,26.408332,40.8581543,-10.6964607,147.967041
5282,26.413318,40.8581543,-10.6964607,147.967041
5283,26.418308,40.8581543,-10.6964607,147.967041
5284,26.423319,40.8581543,-10.6964607,147.967041
5285,26.428305,40.8581543,-10.6964607,147.967041
5286,26.433317,40.8581543,-10.6964607,147.967041
5287,26.438307,40.8581543,-10.6964607,147.967041
5288,26.443323,40.8581543,-10.6964607,147.967041
5289,26.448321,40.8581543,-10.6964607,147.967041
5290,26.453316,40.8581543,-10.6964607,147.967041
5291,26.458307,40.8581543,-10.6964607,147.967041
5292,26.463320,40.8581543,-10.6964607,147.967041
5293,26.468305,40.8581543,-10.6964607,147.967041
5294,26.473316,40.8581543,-10.6964607,147.967041
5295,26.478302,40.8526611,-10.6964607,147.967041
5296,26.483319,40.8526611,-10.6964607,147.967041
5297,26.488301,40.847168,-10.6964607,147.967041
5298,26.493319,40.847168,-10.6964607,147.967041
5299,26.498305,40.847168,-10.6964607,147.967041
5300,26.503320,40.8416748,-10.6964607,147.967041
5301,26.508322,40.8416748,-10.6964607,147.967041
5302,26.513316,40.8416748,-10.6964607,147.967041
5303,26.518306,40.8361816,-10.6964607,147.967041
5304,26.523331,40.8361816,-10.6964607,147.967041
5305,26.528301,40.8361816,-10.6964607,147.956879
5306,26.533302,40.8361816,-10.7015409,147.936554
5307,26.538317,40.8306885,-10.7218618,147.885742
5308,26.543302,40.8251953,-10.7269421,147.840012
5309,26.548319,40.8197021,-10.747263,147.763794
5310,26.553308,40.8032227,-10.7523432,147.707901
5311,26.558322,40.7757568,-10.7777433,147.626602
5312,26.563306,40.7537842,-10.7879038,147.560562
5313,26.568322,40.7263184,-10.8031445,147.479263
5314,26.573304,40.6988525,-10.8133049,147.428452
5315,26.578320,40.6549072,-10.8133049,147.357315
5316,26.583301,40.6274414,-10.8183851,147.306503
5317,26.588319,40.5834961,-10.8285456,147.240448
5318,26.593304,40.5560303,-10.8336258,147.189636
5319,26.598316,40.5450439,-10.838706,147.128662
5320,26.603301,40.5010986,-10.838706,147.082932
5321,26.608320,40.4846191,-10.8437862,147.016876
5322,26.613305,40.4406738,-10.8488665,146.971146
5323,26.618318,40.4187012,-10.8590269,146.884781
5324,26.623306,40.3857422,-10.8641071,146.833969
5325,26.628322,40.3637695,-10.8691874,146.757751
5326,26.633308,40.3308105,-10.8691874,146.691711
5327,26.638322,40.3033447,-10.884428,146.60025
5328,26.643307,40.2648926,-10.8895082,146.549438
5329,26.648321,40.2374268,-10.8945885,146.46814
5330,26.653303,40.1989746,-10.8996687,146.4021
5331,26.658318,40.1715088,-10.8996687,146.4021
5332,26.663303,40.1330566,-10.8996687,146.386856
5333,26.668325,40.1055908,-10.9047489,146.346207
5334,26.673306,40.0616455,-10.9098291,146.310638
5335,26.678304,40.0396729,-10.9149094,146.249664
5336,26.683323,40.0012207,-10.9199896,146.209015
5337,26.688308,39.9737549,-10.9199896,146.137878
5338,26.693320,39.9353027,-10.9250698,146.076904
5339,26.698307,39.9078369,-10.9250698,146.046417
5340,26.703320,39.8693848,-10.9352303,145.960037
5341,26.708303,39.8419189,-10.9403105,145.899063
5342,26.713321,39.7979736,-10.9504709,145.807602
5343,26.718303,39.7705078,-10.9555511,145.746628
5344,26.723318,39.7265625,-10.9657116,145.655167
5345,26.728303,39.6990967,-10.9707918,145.599274
5346,26.733317,39.6551514,-10.975872,145.512894
5347,26.738303,39.6276855,-10.9809523,145.457001
5348,26.743317,39.5837402,-10.9911127,145.380783
5349,26.748303,39.5562744,-10.9961929,145.329971
5350,26.753321,39.5233154,-11.0063534,145.253754
5351,26.758308,39.4848633,-11.0114336,145.202942
5352,26.763315,39.4573975,-11.0165138,145.131805
5353,26.768306,39.4189453,-11.0266743,145.075912
5354,26.773320,39.3914795,-11.0317545,144.999695
5355,26.778316,39.3530273,-11.0368347,144.953964
5356,26.783301,39.3255615,-11.0419149,144.877747
5357,26.788323,39.2871094,-11.0469952,144.821854
5358,26.793307,39.2596436,-11.0520754,144.740555
5359,26.798323,39.2211914,-11.0520754,144.689743
5360,26.803308,39.1992187,-11.0571556,144.608444
5361,26.808321,39.1607666,-11.0571556,144.557632
5362,26.813306,39.1333008,-11.0571556,144.481415
5363,26.818322,39.0948486,-11.0571556,144.425522
5364,26.823307,39.0673828,-11.0571556,144.344223
5365,26.828321,39.0289307,-11.0571556,144.293411
5366,26.833303,39.0014648,-11.0571556,144.217194
5367,26.838319,38.9630127,-11.0571556,144.161301
5368,26.843302,38.9355469,-11.0571556,144.080002
5369,26.848316,38.8970947,-11.0571556,144.02919
5370,26.853305,38.8751221,-11.0571556,143.947891
5371,26.858457,38.8751221,-11.0571556,143.891998
5372,26.863302,38.8092041,-11.0571556,143.810699
5373,26.868332,38.7817383,-11.0622358,143.749725
5374,26.873317,38.7817383,-11.0673161,143.653198
5375,26.878307,38.7158203,-11.0723963,143.587158
5376,26.883316,38.6608887,-11.0774765,143.490631
5377,26.888319,38.6499023,-11.0774765,143.434738
5378,26.893323,38.5949707,-11.0825567,143.33313
5379,26.898305,38.5784912,-11.0876369,143.26709
5380,26.903317,38.5180664,-11.0876369,143.165497
5381,26.908304,38.5070801,-11.0927172,143.094376
5382,26.913320,38.4466553,-11.0927172,142.992783
5383,26.918306,38.4301758,-11.0977974,142.921677
5384,26.923317,38.369751,-11.0977974,142.82515
5385,26.928307,38.3587646,-11.0977974,142.743881
5386,26.933316,38.2983398,-11.1028776,142.642288
5387,26.938320,38.2818604,-11.1079578,142.56102
5388,26.943318,38.2214355,-11.1231985,142.398468
5389,26.948303,38.2049561,-11.1384392,142.27655
5390,26.953316,38.1390381,-11.1587601,142.047943
5391,26.958306,38.1170654,-11.179081,141.895538
5392,26.963318,38.0236816,-11.2095623,141.651688
5393,26.968305,37.9962158,-11.2298832,141.484039
5394,26.973306,37.8918457,-11.2502041,141.260513
5395,26.978319,37.8533936,-11.2603645,141.118271
5396,26.983308,37.7050781,-11.2654448,140.91507
5397,26.988323,37.6281738,-11.270525,140.798233
5398,26.993303,37.5238037,-11.270525,140.6306
5399,26.998322,37.4633789,-11.2756052,140.523926
5400,27.003307,37.3699951,-11.2756052,140.371536
5401,27.008318,37.3095703,-11.2806854,140.275024
5402,27.013306,37.2216797,-11.2959261,140.112473
5403,27.018321,37.1722412,-11.3010063,140.005798
5404,27.023305,37.0953369,-11.316247,139.828003
5405,27.028318,37.0404053,-11.3213272,139.706085
5406,27.033308,36.963501,-11.3365679,139.497803
5407,27.038323,36.9085693,-11.3467283,139.360641
5408,27.043308,36.8481445,-11.3670483,139.147278
5409,27.048396,36.7657471,-11.3822889,138.999954
5410,27.053303,36.7108154,-11.40769,138.781509
5411,27.058323,36.6174316,-11.4280109,138.639267
5412,27.063307,36.5515137,-11.4584913,138.425903
5413,27.068317,36.4581299,-11.4788122,138.288742
5414,27.073302,36.3922119,-11.5042124,138.085541
5415,27.078318,36.2988281,-11.519453,137.958542
5416,27.083303,36.2384033,-11.5397739,137.780746
5417,27.088318,36.1450195,-11.5600939,137.668991
5418,27.093308,36.0791016,-11.5804148,137.501358
5419,27.098307,35.9967041,-11.5956554,137.394684
5420,27.103321,35.9417725,-11.6108961,137.232132
5421,27.108316,35.859375,-11.6210566,137.130539
5422,27.113323,35.7989502,-11.6413774,136.962906
5423,27.118307,35.7220459,-11.6515379,136.856232
5424,27.123319,35.6726074,-11.6616983,136.683517
5425,27.128305,35.5957031,-11.6718588,136.571762
5426,27.133321,35.5407715,-11.6870995,136.383804
5427,27.138303,35.4638672,-11.7023401,136.251724
5428,27.143322,35.4089355,-11.7175808,136.043442
5429,27.148307,35.3320312,-11.722661,135.901199
5430,27.153323,35.2770996,-11.7480621,135.692917
5431,27.158305,35.189209,-11.7582226,135.540512
5432,27.163323,35.1287842,-11.7836237,135.327148
5433,27.168302,35.0408936,-11.7988644,135.184906
5434,27.173318,34.9804687,-11.8293447,134.971542
5435,27.178306,34.887085,-11.8496656,134.834381
5436,27.183322,34.8266602,-11.8750668,134.63118
5437,27.188308,34.7332764,-11.9004669,134.4991
5438,27.193321,34.6728516,-11.9207878,134.311142
5439,27.198307,34.5794678,-11.9411087,134.189224
5440,27.203326,34.5135498,-11.9665089,134.006348
5441,27.208304,34.4256592,-11.9766693,133.894592
5442,27.213305,34.3597412,-11.9969902,133.721878
5443,27.218319,34.2718506,-12.0071507,133.610123
5444,27.223319,34.2114258,-12.0223913,133.44249
5445,27.228320,34.1564941,-12.0274715,133.330734
5446,27.233306,34.1564941,-12.0325518,133.163101
5447,27.238319,34.0136719,-12.037632,133.046265
5448,27.243305,33.9093018,-12.0427122,132.853226
5449,27.248319,33.8818359,-12.0528727,132.721146
5450,27.253307,33.7774658,-12.0630331,132.507782
5451,27.258322,33.75,-12.0731936,132.36554
5452,27.263307,33.6676025,-12.083354,132.147095
5453,27.268320,33.6126709,-12.0985947,132.004852
5454,27.273305,33.5302734,-12.1138353,131.791489
5455,27.278320,33.4698486,-12.129076,131.649246
5456,27.283319,33.3764648,-12.1493969,131.446045
5457,27.288321,33.31604,-12.1646376,131.324127
5458,27.293303,33.2226562,-12.195118,131.136169
5459,27.298318,33.1622314,-12.2103586,131.014252
5460,27.303308,33.0743408,-12.240839,130.836456
5461,27.308316,33.013916,-12.2509995,130.714539
5462,27.313307,32.9260254,-12.2662401,130.531662
5463,27.318304,32.8656006,-12.2764006,130.419907
5464,27.323322,32.7832031,-12.2916412,130.242111
5465,27.328308,32.7227783,-12.2967215,130.125275
5466,27.333320,32.6403809,-12.3068819,129.95256
5467,27.338323,32.5854492,-12.3119621,129.835724
5468,27.343319,32.5030518,-12.3170424,129.66301
5469,27.348307,32.442627,-12.3272028,129.551254
5470,27.353320,32.3602295,-12.332283,129.368378
5471,27.358306,32.2833252,-12.3373632,129.24646
5472,27.363322,32.2338867,-12.3475237,129.043259
5473,27.368301,32.1569824,-12.3576841,128.906097
5474,27.373319,32.1020508,-12.3678446,128.697815
5475,27.378304,32.0196533,-12.3830853,128.550491
5476,27.383319,31.9647217,-12.3983259,128.332047
5477,27.388301,31.8823242,-12.4135666,128.179642
5478,27.393322,31.8218994,-12.4338875,127.971359
5479,27.398303,31.7340088,-12.4491282,127.824036
5480,27.403318,31.673584,-12.4745283,127.615753
5481,27.408308,31.5802002,-12.489769,127.483673
5482,27.413320,31.5197754,-12.5202503,127.265228
5483,27.418307,31.4318848,-12.535491,127.128067
5484,27.423323,31.37146,-12.5558119,126.940109
5485,27.428302,31.2780762,-12.5710526,126.818192
5486,27.433315,31.2176514,-12.5913734,126.650558
5487,27.438306,31.1352539,-12.6015339,126.538803
5488,27.443323,31.0803223,-12.6167746,126.381332
5489,27.448316,30.9979248,-12.626935,126.269577
5490,27.453320,30.9429932,-12.6370955,126.117187
5491,27.458305,30.8660889,-12.6523361,126.010513
5492,27.463315,30.8166504,-12.6574163,125.847961
5493,27.468306,30.7452393,-12.6675768,125.680328
5494,27.473316,30.6958008,-12.6777372,125.558411
5495,27.478302,30.6243896,-12.6929779,125.370453
5496,27.483308,30.5749512,-12.7031384,125.243454
5497,27.488317,30.5255127,-12.7132988,125.035172
5498,27.493307,30.4486084,-12.7234592,124.887848
5499,27.498322,30.3936768,-12.7590199,124.659248
5500,27.503307,30.3662109,-12.7742605,124.50177
5501,27.508316,30.2783203,-12.7945814,124.273163
5502,27.513307,30.1959229,-12.8149023,124.09536
5503,27.518315,30.135498,-12.8504629,123.861671
5504,27.523308,30.0421143,-12.8809423,123.714355
5505,27.528320,29.9761963,-12.916503,123.485756
5506,27.533305,29.8828125,-12.9419031,123.338432
5507,27.538322,29.8168945,-12.9774637,123.13015
5508,27.543303,29.7235107,-13.0028639,122.99807
5509,27.548323,29.6575928,-13.028265,122.79995
5510,27.553305,29.5587158,-13.0485859,122.693275
5511,27.558303,29.498291,-13.0689068,122.530724
5512,27.563318,29.4104004,-13.0841475,122.424049
5513,27.568308,29.3499756,-13.1044683,122.276733
5514,27.573323,29.262085,-13.1146288,122.16497
5515,27.578306,29.2071533,-13.1349497,122.012573
5516,27.583316,29.1357422,-13.1501904,121.90081
5517,27.588302,29.0863037,-13.1755905,121.743332
5518,27.593318,29.0148926,-13.1959114,121.621407
5519,27.598307,28.9654541,-13.2213125,121.443611
5520,27.603320,28.9160156,-13.2416334,121.301369
5521,27.608302,28.8500977,-13.2721138,121.093086
5522,27.613319,28.7786865,-13.2873545,120.945763
5523,27.618322,28.7786865,-13.3229151,120.712082
5524,27.623321,28.6138916,-13.343235,120.569839
5525,27.628308,28.55896,-13.3787947,120.346313
5526,27.633322,28.55896,-13.4041948,120.19899
5527,27.638304,28.4106445,-13.4295959,119.995789
5528,27.643323,28.3172607,-13.4499159,119.86879
5529,27.648305,28.2513428,-13.475317,119.701157
5530,27.653318,28.157959,-13.4905577,119.58432
5531,27.658301,28.1030273,-13.5159578,119.437004
5532,27.663322,28.0151367,-13.5261183,119.340485
5533,27.668308,27.9602051,-13.5464392,119.183006
5534,27.673301,27.8723145,-13.5515194,119.086487
5535,27.678321,27.8173828,-13.5718403,118.923935
5536,27.683306,27.7404785,-13.5820007,118.822334
5537,27.688320,27.69104,-13.5972414,118.659782
5538,27.693302,27.6141357,-13.6023216,118.553108
5539,27.698317,27.5646973,-13.6124821,118.385468
5540,27.703302,27.4822998,-13.6226425,118.26355
5541,27.708320,27.4328613,-13.632803,118.080673
5542,27.713308,27.355957,-13.6429634,117.953674
5543,27.718315,27.3010254,-13.6683645,117.765717
5544,27.723309,27.2186279,-13.6836042,117.633636
5545,27.728316,27.1636963,-13.7090044,117.430435
5546,27.733317,27.0812988,-13.7293243,117.288193
5547,27.738319,27.020874,-13.7547255,117.084991
5548,27.743308,26.9329834,-13.7699652,116.952911
5549,27.748320,26.8725586,-13.8055258,116.770035
5550,27.753306,26.7791748,-13.8055258,116.770035
5551,27.758318,26.71875,-13.810606,116.744637
5552,27.763301,26.6308594,-13.8309269,116.673515
5553,27.768317,26.5704346,-13.8664875,116.546509
5554,27.773305,26.4770508,-13.8868084,116.460144
5555,27.778303,26.4221191,-13.9122095,116.322975
5556,27.783322,26.3397217,-13.9325304,116.226456
5557,27.788307,26.28479,-13.968091,116.063904
5558,27.793317,26.2023926,-13.9782515,116.0131
5559,27.798302,26.1474609,-13.9884119,115.891182
5560,27.803315,26.0705566,-13.9934921,115.774345
5561,27.808308,26.015625,-13.9985723,115.59655
5562,27.813322,25.9387207,-14.0036526,115.484795
5563,27.818304,25.8837891,-14.013813,115.306999
5564,27.823321,25.8068848,-14.0239735,115.185081
5565,27.828304,25.7574463,-14.0442934,114.91584
5566,27.833318,25.680542,-14.0493736,114.804085
5567,27.838303,25.6256104,-14.0595341,114.626289
5568,27.843318,25.5432129,-14.0646143,114.494209
5569,27.848308,25.4882813,-14.079855,114.291008
5570,27.853317,25.4608154,-14.0900154,114.148766
5571,27.858307,25.378418,-14.1052561,113.930321
5572,27.863315,25.2850342,-14.1154165,113.798241
5573,27.868305,25.2246094,-14.1408176,113.610283
5574,27.873304,25.1367188,-14.1509781,113.488365
5575,27.878316,25.0762939,-14.171299,113.31057
5576,27.883306,24.9829102,-14.1814594,113.203896
5577,27.888316,24.9279785,-14.1967001,113.036263
5578,27.893306,24.8345947,-14.2017803,112.924507
5579,27.898318,24.7796631,-14.2119408,112.761955
5580,27.903317,24.6972656,-14.2119408,112.6502
5581,27.908316,24.6478271,-14.2271814,112.482567
5582,27.913305,24.5654297,-14.2322617,112.36573
5583,27.918318,24.510498,-14.2424221,112.198097
5584,27.923303,24.4335938,-14.2475023,112.071098
5585,27.928322,24.3841553,-14.262743,111.893303
5586,27.933307,24.307251,-14.2678232,111.756142
5587,27.938316,24.2523193,-14.2830639,111.558022
5588,27.943301,24.1699219,-14.2983046,111.425941
5589,27.948320,24.1149902,-14.3135452,111.217659
5590,27.953306,24.0325928,-14.3287859,111.075417
5591,27.958316,24.0325928,-14.3440266,110.867134
5592,27.963321,23.9447021,-14.3592672,110.735054
5593,27.968318,23.9447021,-14.3846684,110.531853
5594,27.973302,23.7084961,-14.3897486,110.399773
5595,27.978328,23.6480713,-14.4151497,110.211815
5596,27.983308,23.5546875,-14.4151497,110.211815
5597,27.988306,23.4942627,-14.4151497,110.211815
5598,27.993322,23.4063721,-14.4151497,110.211815
5599,27.998308,23.3459473,-14.4151497,110.211815
5600,28.003320,23.2525635,-14.4151497,110.211815
5601,28.008303,23.1976318,-14.4151497,110.211815
5602,28.013323,23.104248,-14.4151497,110.211815
5603,28.018305,23.0438232,-14.4151497,110.211815
5604,28.023317,22.9614258,-14.4151497,110.211815
5605,28.028304,22.901001,-14.4202299,110.171173
5606,28.033318,22.8186035,-14.4303904,110.100052
5607,28.038307,22.7581787,-14.4507113,109.967964
5608,28.043317,22.6757813,-14.4659519,109.876518
5609,28.048307,22.6208496,-14.491353,109.724129
5610,28.053318,22.532959,-14.5065937,109.612373
5611,28.058308,22.4780273,-14.5319948,109.429497
5612,28.063322,22.3956299,-14.537075,109.388855
5613,28.068308,22.3406982,-14.5472355,109.226295
5614,28.073322,22.2528076,-14.5573959,109.094215
5615,28.078304,22.197876,-14.5777168,108.891014
5616,28.083318,22.1099854,-14.5878773,108.748772
5617,28.088308,22.0550537,-14.6132774,108.540489
5618,28.093321,21.9726563,-14.6285181,108.408409
5619,28.098308,21.9122314,-14.6589985,108.200127
5620,28.103321,21.8188477,-14.6793194,108.073128
5621,28.108306,21.7584229,-14.6945601,107.880089
5622,28.113315,21.6650391,-14.7250414,107.697212
5623,28.118301,21.5991211,-14.7402821,107.575294
5624,28.123302,21.5112305,-14.760603,107.40258
5625,28.128318,21.4508057,-14.7758436,107.290825
5626,28.133307,21.3903809,-14.7961645,107.118111
5627,28.138315,21.2969971,-14.806325,107.001274
5628,28.143306,21.2420654,-14.8215656,106.82856
5629,28.148316,21.159668,-14.8266459,106.706642
5630,28.153306,21.1047363,-14.8317261,106.523766
5631,28.158319,21.0168457,-14.8418865,106.401848
5632,28.163304,20.9619141,-14.8469667,106.21389
5633,28.168323,20.8795166,-14.8571272,106.086891
5634,28.173303,20.8190918,-14.8672876,105.893852
5635,28.178321,20.7366943,-14.8774481,105.761772
5636,28.183301,20.6762695,-14.8876085,105.563652
5637,28.188490,20.5883789,-14.897769,105.426491
5638,28.193303,20.5609131,-14.9028492,105.223289
5639,28.198301,20.4730225,-14.9180899,105.091209
5640,28.203320,20.3851318,-14.9282503,104.882927
5641,28.208307,20.324707,-14.943491,104.745766
5642,28.213322,20.2313232,-14.9536514,104.537483
5643,28.218304,20.1708984,-14.9688921,104.405403
5644,28.223321,20.0775146,-14.9841328,104.212364
5645,28.228303,20.0115967,-14.989213,104.080284
5646,28.233323,19.9182129,-15.0044537,103.892326
5647,28.238308,19.8522949,-15.0146141,103.770409
5648,28.243319,19.7644043,-15.0247746,103.582451
5649,28.248315,19.7039795,-15.0298548,103.455452
5650,28.253322,19.6105957,-15.0400152,103.262413
5651,28.258304,19.5501709,-15.0501757,103.135414
5652,28.263319,19.4622803,-15.0552559,102.947456
5653,28.268305,19.4018555,-15.0603361,102.815376
5654,28.273318,19.3084717,-15.0704966,102.612175
5655,28.278308,19.25354,-15.0755768,102.485176
5656,28.283316,19.1601563,-15.0755768,102.276894
5657,28.288303,19.0997314,-15.0857372,102.134651
5658,28.293319,19.0722656,-15.0958977,101.921288
5659,28.298301,19.0722656,-15.1009779,101.768883
5660,28.303305,18.8305664,-15.1060581,101.540276
5661,28.308318,18.7701416,-15.1111383,101.38279
5662,28.313303,18.682251,-15.1162186,101.154182
5663,28.318316,18.6218262,-15.126379,101.017021
5664,28.323304,18.5229492,-15.1314592,100.793503
5665,28.328317,18.4570313,-15.1416197,100.641106
5666,28.333306,18.3966064,-15.1416197,100.636024
5667,28.338323,18.2977295,-15.1619406,100.539505
5668,28.343304,18.2373047,-15.1873417,100.387108
5669,28.348316,18.1439209,-15.1975021,100.290588
5670,28.353301,18.0834961,-15.2127428,100.148346
5671,28.358344,17.9901123,-15.2229033,100.051826
5672,28.363319,17.9351807,-15.2381439,99.9045105
5673,28.368316,17.8527832,-15.2432241,99.8283157
5674,28.373301,17.7978516,-15.2533846,99.7267151
5675,28.378318,17.7154541,-15.2533846,99.6047974
5676,28.383303,17.6660156,-15.263545,99.4219208
5677,28.388305,17.5891113,-15.2686253,99.3000031
5678,28.393318,17.5396729,-15.2787857,99.1069641
5679,28.398306,17.4627686,-15.2838659,98.9799652
5680,28.403322,17.4133301,-15.2991066,98.7716827
5681,28.408304,17.3364258,-15.309267,98.6243591
5682,28.413321,17.2869873,-15.3245077,98.4008331
5683,28.418317,17.210083,-15.3346682,98.2535095
5684,28.423320,17.1551514,-15.3549891,98.0350647
5685,28.428302,17.0672607,-15.3651495,97.8928223
5686,28.433320,17.0123291,-15.3956308,97.6845398
5687,28.438306,16.9244385,-15.4159517,97.5524597
5688,28.443320,16.8640137,-15.4413528,97.3543396
5689,28.448306,16.7706299,-15.4565935,97.2222595
5690,28.453317,16.7047119,-15.4769144,97.0292206
5691,28.458307,16.6113281,-15.4921551,96.9022217
5692,28.463323,16.5563965,-15.5073957,96.7041016
5693,28.468303,16.4630127,-15.5226364,96.5771027
5694,28.473323,16.4025879,-15.5378771,96.3789825
5695,28.478316,16.3146973,-15.5480375,96.2570648
5696,28.483322,16.2597656,-15.558198,96.0792694
5697,28.488305,16.171875,-15.5683584,95.9624329
5698,28.493306,16.1169434,-15.5785189,95.7846375
5699,28.498319,16.0290527,-15.5835991,95.6627197
5700,28.503308,15.9796143,-15.5937595,95.474762
5701,28.508319,15.90271,-15.60392,95.3477631
5702,28.513304,15.8532715,-15.6140804,95.1343994
5703,28.518317,15.7763672,-15.6242409,94.9870758
5704,28.523303,15.7159424,-15.6344013,94.768631
5705,28.528322,15.7159424,-15.6445618,94.6162262
5706,28.533304,15.5731201,-15.6547222,94.3825455
5707,28.538316,15.5181885,-15.6750431,94.2453842
5708,28.543301,15.4248047,-15.6852036,94.0218658
5709,28.548322,15.3588867,-15.7004442,93.8948669
5710,28.553304,15.2929688,-15.7258453,93.6662674
5711,28.558320,15.1940918,-15.741086,93.5138702
5712,28.563304,15.1281738,-15.7664871,93.3309937
5713,28.568442,15.03479,-15.7817268,93.18367
5714,28.573303,14.9688721,-15.807128,93.0058746
5715,28.578301,14.8754883,-15.8172884,92.8788757
5716,28.583323,14.8150635,-15.8325291,92.690918
5717,28.588301,14.7271729,-15.8325291,92.5690002
5718,28.593316,14.666748,-15.8376093,92.3912048
5719,28.598319,14.5788574,-15.8376093,92.2743683
5720,28.603322,14.5239258,-15.8426895,92.0914917
5721,28.608305,14.4470215,-15.8477697,91.9644928
5722,28.613318,14.3920898,-15.8477697,91.7663727
5723,28.618308,14.3096924,-15.8579302,91.6241302
5724,28.623317,14.2602539,-15.8579302,91.486969
5725,28.628301,14.1503906,-15.8579302,91.486969
5726,28.633317,14.1503906,-15.8579302,91.3802872
5727,28.638303,14.1503906,-15.8579302,91.2888412
5728,28.643318,14.0185547,-15.8579302,91.1313705
5729,28.648318,13.8592529,-15.8680906,91.0196152
5730,28.653323,13.793335,-15.8884115,90.8469009
5731,28.658306,13.6999512,-15.9087324,90.7249832
5732,28.663320,13.6395264,-15.9239731,90.5929031
5733,28.668303,13.5461426,-15.9341335,90.5217819
5734,28.673396,13.4857178,-15.9493742,90.3389053
5735,28.678307,13.3978271,-15.9595346,90.2169876
5736,28.683382,13.3374023,-15.9747753,90.0290298
5737,28.688308,13.2495117,-15.9849358,89.9121933
5738,28.693332,13.1945801,-16.0001755,89.7343979
5739,28.698316,13.1066895,-15.990015,89.6226425
5740,28.703321,13.0462646,-15.9950953,89.4651718
5741,28.708323,12.9638672,-16.0001755,89.3635788
5742,28.713308,12.9034424,-16.0001755,89.2061081
5743,28.718318,12.8210449,-16.0052547,89.1045151
5744,28.723307,12.7716064,-16.0052547,88.936882
5745,28.728315,12.6947021,-16.010334,88.8200455
5746,28.733301,12.6452637,-16.0154133,88.6371689
5747,28.738320,12.5683594,-16.0204926,88.4339676
5748,28.743305,12.5134277,-16.0255718,88.2917252
5749,28.748319,12.4310303,-16.0357304,88.0885239
5750,28.753304,12.3760986,-16.0509701,87.9462814
5751,28.758323,12.2937012,-16.0611286,87.737999
5752,28.763321,12.2387695,-16.0763683,87.6110001
5753,28.768320,12.1783447,-16.0966873,87.4128799
5754,28.773305,12.0904541,-16.111927,87.285881
5755,28.778321,12.0300293,-16.1373272,87.0928421
5756,28.783306,11.9476318,-16.1525669,86.9709244
5757,28.788320,11.887207,-16.1830482,86.7778854
5758,28.793303,11.8048096,-16.198288,86.6508865
5759,28.798322,11.7443848,-16.2186069,86.4629288
5760,28.803305,11.6564941,-16.2338467,86.3511734
5761,28.808303,11.5960693,-16.264328,86.1682968
5762,28.813318,11.5081787,-16.2694073,86.0616226
5763,28.818321,11.4477539,-16.2795658,85.9041443
5764,28.823316,11.3653564,-16.2897263,85.7923889
5765,28.828306,11.3104248,-16.3049641,85.6450729
5766,28.833322,11.2280273,-16.3100433,85.5333099
5767,28.838303,11.1730957,-16.3354435,85.3656769
5768,28.843315,11.1016846,-16.3456039,85.2488327
5769,28.848305,11.0522461,-16.3608437,85.0456314
5770,28.853320,10.9863281,-16.3760834,84.903389
5771,28.858302,10.9368896,-16.3913212,84.6951065
5772,28.863321,10.8599854,-16.4065609,84.5630264
5773,28.868301,10.8050537,-16.4319592,84.3496628
5774,28.873323,10.7501221,-16.4471989,84.2175827
5775,28.878316,10.6677246,-16.4675179,84.0042191
5776,28.883318,10.612793,-16.4878368,83.8670578
5777,28.888307,10.5249023,-16.5233974,83.6841812
5778,28.893321,10.4644775,-16.5437183,83.5571823
5779,28.898304,10.3820801,-16.5792789,83.3793869
5780,28.903308,10.3216553,-16.6046791,83.2625504
5781,28.908316,10.2337646,-16.6504002,83.0745926
5782,28.913301,10.1733398,-16.6707211,82.957756
5783,28.918316,10.0854492,-16.7113609,82.7850418
5784,28.923301,10.0305176,-16.7367611,82.6529617
5785,28.928316,9.94262695,-16.7723217,82.4904099
5786,28.933318,9.88220215,-16.7824802,82.3380127
5787,28.938322,9.79431152,-16.8180408,82.1805344
5788,28.943303,9.73937988,-16.8282013,82.0484543
5789,28.948322,9.65698242,-16.8790016,81.8096924
5790,28.953306,9.60205078,-16.8891602,81.6776123
5791,28.958318,9.51965332,-16.8993187,81.4439316
5792,28.963303,9.46472168,-16.904398,81.3067703
5793,28.968317,9.36035156,-16.9247169,81.0832443
5794,28.973306,9.36035156,-16.9348755,80.9206848
5795,28.978322,9.36035156,-16.9602757,80.7124023
5796,28.983323,9.17358398,-16.9755154,80.5396805
5797,28.988315,9.11865234,-17.0161552,80.3110809
5798,28.993306,9.03076172,-17.0466366,80.1688385
5799,28.998317,8.97583008,-17.077116,79.9249954
5800,29.003305,8.88244629,-17.1177559,79.7878342
5801,29.008318,8.82202148,-17.1329956,79.5795517
5802,29.013304,8.72314453,-17.1634769,79.4525528
5803,29.018318,8.66271973,-17.1787148,79.2595139
5804,29.023307,8.56384277,-17.1990337,79.1477585
5805,29.028323,8.50341797,-17.2549133,78.9750443
5806,29.033304,8.41003418,-17.3006344,78.8531265
5807,29.038321,8.34411621,-17.3666763,78.6600876
5808,29.043321,8.25073242,-17.4174767,78.5280075
5809,29.048307,8.19030762,-17.468277,78.3400497
5810,29.053322,8.09692383,-17.5038376,78.2130508
5811,29.058304,8.03649902,-17.5343189,78.0200119
5812,29.063322,7.94311523,-17.5444775,77.893013
5813,29.068305,7.87719727,-17.5495567,77.6999741
5814,29.073320,7.77832031,-17.5495567,77.5780563
5815,29.078307,7.71789551,-17.5495567,77.3850174
5816,29.083321,7.62451172,-17.5444775,77.2630997
5817,29.088303,7.56958008,-17.5444775,77.0700607
5818,29.093317,7.47619629,-17.5393982,76.9430618
5819,29.098316,7.42126465,-17.5343189,76.7551041
5820,29.103316,7.33337402,-17.5292397,76.6281052
5821,29.108301,7.27294922,-17.5292397,76.4350662
5822,29.113318,7.19055176,-17.5343189,76.3131485
5823,29.118302,7.13012695,-17.5393982,76.1302719
5824,29.123323,7.04772949,-17.5495567,76.0083542
5825,29.128302,6.99279785,-17.554636,75.83564
5826,29.133316,6.91040039,-17.5597153,75.7289658
5827,29.138303,6.85546875,-17.5647945,75.5613327
5828,29.143329,6.77856445,-17.5749531,75.4546585
5829,29.148317,6.72912598,-17.5800323,75.2819443
5830,29.153323,6.65222168,-17.5901909,75.1752701
5831,29.158319,6.6027832,-17.5952702,74.9923935
5832,29.163304,6.52587891,-17.5952702,74.8755569
5833,29.168320,6.47094727,-17.5952702,74.6875992
5834,29.173308,6.39404297,-17.5952702,74.5656815
5835,29.178316,6.34460449,-17.5901909,74.3726425
5836,29.183306,6.29516602,-17.5901909,74.2405624
5837,29.188316,6.21276855,-17.5901909,74.0424423
5838,29.193306,6.15783691,-17.5901909,73.9052811
5839,29.198318,6.07543945,-17.6003494,73.6919174
5840,29.203308,6.02050781,-17.6054287,73.549675
5841,29.208323,5.93261719,-17.6206665,73.3312302
5842,29.213306,5.87768555,-17.6359062,73.1889877
5843,29.218322,5.82275391,-17.6562271,72.9552994
5844,29.223302,5.73486328,-17.6663857,72.797821
5845,29.228319,5.66894531,-17.6714649,72.584465
5846,29.233305,5.58105469,-17.6917858,72.406662
5847,29.238330,5.52062988,-17.7070255,72.1983795
5848,29.243319,5.42724609,-17.7171841,72.0713806
5849,29.248302,5.36132813,-17.7324238,71.8732605
5850,29.253317,5.26794434,-17.7425823,71.756424
5851,29.258315,5.20751953,-17.7527409,71.5887909
5852,29.263317,5.11413574,-17.7628994,71.4770355
5853,29.268304,5.0592041,-17.7730579,71.3195572
5854,29.273320,4.97680664,-17.7832165,71.212883
5855,29.278301,4.921875,-17.7882957,71.0401688
5856,29.283316,4.83947754,-17.7984543,70.918251
5857,29.288301,4.79003906,-17.7984543,70.8674545
5858,29.293321,4.71862793,-17.7984543,70.8674545
5859,29.298304,4.66918945,-17.7984543,70.8674545
5860,29.303308,4.59228516,-17.7984543,70.8674545
5861,29.308320,4.53735352,-17.7984543,70.8674545
5862,29.313301,4.5098877,-17.8035336,70.8420563
5863,29.318322,4.40002441,-17.8238525,70.7302933
5864,29.323305,4.34509277,-17.8390923,70.6337738
5865,29.328319,4.34509277,-17.8695736,70.4864578
5866,29.333301,4.19677734,-17.8898945,70.3797836
5867,29.338321,4.07592773,-17.9305344,70.2070694
5868,29.343302,3.98254395,-17.9559345,70.0851517
5869,29.348317,3.92211914,-17.966095,69.983551
5870,29.353305,3.83422852,-17.9762535,69.8717957
5871,29.358315,3.76831055,-18.0219727,69.5873184
5872,29.363304,3.68041992,-18.0575333,69.4298401
5873,29.368317,3.61450195,-18.0778522,69.2368011
5874,29.373306,3.52111816,-18.0880108,69.1047211
5875,29.378320,3.46069336,-18.1134109,68.9269257
5876,29.383302,3.37280273,-18.1184902,68.7999268
5877,29.388323,3.31787109,-18.133728,68.6221313
5878,29.393305,3.23547363,-18.133728,68.4951324
5879,29.398320,3.17504883,-18.1489658,68.3122559
5880,29.403303,3.14758301,-18.1489658,68.1750946
5881,29.408321,3.04321289,-18.1642056,67.9871368
5882,29.413305,3.01574707,-18.1743641,67.8499756
5883,29.418323,2.90588379,-18.1896038,67.6467743
5884,29.423308,2.87841797,-18.1997623,67.5248566
5885,29.428316,2.76306152,-18.2150021,67.3216553
5886,29.433302,2.7355957,-18.2251606,67.1946564
5887,29.438303,2.62023926,-18.2403984,66.9914551
5888,29.443318,2.55981445,-18.2505569,66.8542938
5889,29.448308,2.47192383,-18.2657967,66.6510925
5890,29.453317,2.41149902,-18.2759552,66.5037689
5891,29.458307,2.3236084,-18.2962742,66.2954865
5892,29.463321,2.26318359,-18.3013535,66.153244
5893,29.468308,2.1697998,-18.3115139,65.9398804
5894,29.473319,2.109375,-18.3318348,65.8078003
5895,29.478327,2.01599121,-18.3369141,65.6147614
5896,29.483322,1.95556641,-18.3419933,65.4928436
5897,29.488304,1.86218262,-18.3572311,65.3150482
5898,29.493320,1.80175781,-18.3572311,65.1982117
5899,29.498302,1.70837402,-18.3572311,65.0254974
5900,29.503318,1.65344238,-18.3572311,64.9086609
5901,29.508308,1.57104492,-18.3521519,64.7308655
5902,29.513319,1.51611328,-18.3470726,64.6089478
5903,29.518306,1.43920898,-18.3470726,64.4159088
5904,29.523317,1.38427734,-18.3470726,64.2787476
5905,29.528304,1.30187988,-18.3521519,64.0603027
5906,29.533305,1.24694824,-18.3623104,63.9129829
5907,29.538319,1.16455078,-18.3673897,63.679306
5908,29.543306,1.10961914,-18.3673897,63.5218239
5909,29.548323,1.01623535,-18.3826294,63.2779846
5910,29.553304,0.955810547,-18.3877087,63.1255875
5911,29.558322,0.862426758,-18.4029484,62.8817482
5912,29.563302,0.796508789,-18.4080276,62.703949
5913,29.568320,0.73059082,-18.4131069,62.5007477
5914,29.573305,0.631713867,-18.4181862,62.2416687
5915,29.578317,0.565795898,-18.4232655,62.0892677
5916,29.583306,0.466918945,-18.4385033,61.8708267
5917,29.588320,0.401000977,-18.4385033,61.7336655
5918,29.593318,0.296630859,-18.4435825,61.5304642
5919,29.598316,0.230712891,-18.4486618,61.4034653
5920,29.603301,0.126342773,-18.4486618,61.2104263
5921,29.608317,0.0604248047,-18.4435825,61.093586
5922,29.613302,-0.0274658203,-18.4385033,60.9208641
5923,29.618317,-0.0933837891,-18.4385033,60.8141823
5924,29.623302,-0.186767578,-18.433424,60.6465416
5925,29.628318,-0.247192383,-18.433424,60.5449409
5926,29.633303,-0.335083008,-18.4283447,60.3874626
5927,29.638362,-0.390014648,-18.4283447,60.2757034
5928,29.643305,-0.477905273,-18.433424,60.0979004
5929,29.648308,-0.52734375,-18.4435825,59.9759789
5930,29.653323,-0.604248047,-18.4537411,59.7778625
5931,29.658305,-0.659179688,-18.4689808,59.6407013
5932,29.663321,-0.736083984,-18.4892998,59.4222641
5933,29.668303,-0.796508789,-18.494379,59.2749443
5934,29.673318,-0.884399414,-18.5197792,59.0412674
5935,29.678304,-0.911865234,-18.5248585,58.8939476
5936,29.683318,-0.911865234,-18.5502586,58.6653481
5937,29.688308,-1.12609863,-18.5654984,58.5129509
5938,29.693319,-1.15905762,-18.5908985,58.2995911
5939,29.698301,-1.15905762,-18.6061382,58.1624298
5940,29.703317,-1.31835937,-18.6213779,57.9389114
5941,29.708322,-1.44470215,-18.6264572,57.8169899
5942,29.713322,-1.47766113,-18.6366177,57.5833092
5943,29.718304,-1.59851074,-18.6416969,57.4410667
5944,29.723320,-1.63146973,-18.6518574,57.2531052
5945,29.728303,-1.75231934,-18.6620159,57.1261024
5946,29.733315,-1.77978516,-18.6721764,56.943222
5947,29.738302,-1.8951416,-18.6823349,56.8213005
5948,29.743323,-1.92810059,-18.6975746,56.6485786
5949,29.748304,-2.0324707,-18.7026539,56.5266609
5950,29.753318,-2.05993652,-18.7229729,56.3437843
5951,29.758308,-2.1697998,-18.7331314,56.2117043
5952,29.763320,-2.19726562,-18.7534504,55.9983444
5953,29.768316,-2.30163574,-18.7686901,55.856102
5954,29.773303,-2.32910156,-18.7839279,55.6224251
5955,29.778316,-2.43347168,-18.8042488,55.4598656
5956,29.783306,-2.4609375,-18.8347282,55.2160263
5957,29.788320,-2.58178711,-18.8601284,55.058548
5958,29.793301,-2.61474609,-18.8855286,54.8248672
5959,29.798323,-2.74108887,-18.9007683,54.6775475
5960,29.803306,-2.76855469,-18.9261684,54.4743462
5961,29.808316,-2.90039063,-18.9464874,54.3422661
5962,29.813304,-2.93884277,-18.9718876,54.1543045
5963,29.818317,-3.07067871,-18.9769669,54.0222244
5964,29.823317,-3.13659668,-18.9922047,53.8190231
5965,29.828321,-3.2244873,-19.0023651,53.8139458
5966,29.833306,-3.28491211,-19.0023651,53.8190269
5967,29.838319,-3.37280273,-19.0074463,53.8190269
5968,29.843301,-3.43322754,-18.763607,53.7225037
5969,29.848318,-3.52111816,-18.7686863,53.6107445
5970,29.853303,-3.5760498,-18.783926,53.4380226
5971,29.858319,-3.63647461,-18.7940845,53.3262596
5972,29.863304,-3.72436523,-18.8042431,53.1383018
5973,29.868323,-3.77380371,-18.8194828,53.0062218
5974,29.873307,-3.85620117,-18.8347225,52.7877808
5975,29.878316,-3.90563965,-18.844883,52.6353836
5976,29.883322,-3.98254395,-18.865202,52.4169426
5977,29.888320,-4.04296875,-18.8753605,52.2594604
5978,29.893305,-4.13635254,-18.8956795,52.0257797
5979,29.898307,-4.19128418,-18.905838,51.8784599
5980,29.903317,-4.28466797,-18.9312382,51.6701775
5981,29.908304,-4.34509277,-18.9464779,51.5380974
5982,29.913317,-4.44396973,-18.9667969,51.3399773
5983,29.918307,-4.5098877,-18.9769573,51.2129784
5984,29.923320,-4.60327148,-18.9871159,51.030098
5985,29.928307,-4.66369629,-18.9871159,50.8878593
5986,29.933321,-4.75158691,-19.0023556,50.6948166
5987,29.938301,-4.81201172,-19.0074348,50.552578
5988,29.943318,-4.89990234,-19.0074348,50.3442993
5989,29.948304,-4.96032715,-19.0023556,50.2020569
5990,29.953322,-5.05371094,-18.9921951,50.0090179
5991,29.958304,-5.11962891,-18.9921951,49.8871002
5992,29.963322,-5.2130127,-18.9820347,49.7042198
5993,29.968305,-5.2734375,-18.9769554,49.5823021
5994,29.973319,-5.36132813,-18.9718761,49.4095802
5995,29.978302,-5.42175293,-18.9667969,49.2876625
5996,29.983319,-5.51513672,-18.9667969,49.0997047
5997,29.988301,-5.57006836,-18.9667969,48.9676247
5998,29.993316,-5.64697266,-18.9667969,48.7491837
5999,29.998307,-5.7019043,-18.9769554,48.5967865
6000,30.003319,-5.77880859,-18.9820347,48.3732681
6001,30.008320,-5.84472656,-18.9921951,48.220871
6002,30.013305,-5.93811035,-19.0125141,48.00243
6003,30.018318,-5.99853516,-19.0226727,47.8652687
6004,30.023306,-6.09191895,-19.0480709,47.6671524
6005,30.028315,-6.15234375,-19.0582294,47.5401535
6006,30.033304,-6.24572754,-19.0734692,47.3420372
6007,30.038322,-6.31164551,-19.0887089,47.2201195
6008,30.043307,-6.4050293,-19.1039486,47.016922
6009,30.048322,-6.4654541,-19.1141071,46.8848419
6010,30.053307,-6.55334473,-19.1141071,46.6765594
6011,30.058316,-6.61376953,-19.1191864,46.5343208
6012,30.063306,-6.70166016,-19.1242657,46.3412819
6013,30.068323,-6.76208496,-19.1191864,46.2041206
6014,30.073308,-6.85546875,-19.1141071,46.0110817
6015,30.078320,-6.91589355,-19.1090279,45.8840828
6016,30.083305,-7.00927734,-19.1090279,45.7062836
6017,30.088315,-7.06970215,-19.1039486,45.5843658
6018,30.093301,-7.09716797,-19.1039486,45.3964043
6019,30.098320,-7.17956543,-19.1039486,45.2846413
6020,30.103301,-7.26745605,-19.1141071,45.1119194
6021,30.108318,-7.26745605,-19.1242657,45.0001564
6022,30.113308,-7.40478516,-19.1445847,44.8274345
6023,30.118321,-7.48168945,-19.1547432,44.7105942
6024,30.123302,-7.53662109,-19.1852226,44.5429535
6025,30.128316,-7.61352539,-19.2106228,44.4210358
6026,30.133308,-7.66296387,-19.2411022,44.2432365
6027,30.138301,-7.73986816,-19.2715816,44.121315
6028,30.143319,-7.78930664,-19.302063,43.9435158
6029,30.148304,-7.86621094,-19.3274632,43.8215942
6030,30.153317,-7.92114258,-19.3630238,43.6336327
6031,30.158302,-7.99804688,-19.3884239,43.5167923
6032,30.163318,-8.05297852,-19.4290638,43.3339157
6033,30.168307,-8.13537598,-19.4443035,43.2170753
6034,30.173316,-8.19030762,-19.4697037,43.0443535
6035,30.178317,-8.27270508,-19.4798622,42.9325943
6036,30.183319,-8.32763672,-19.4951,42.7649498
6037,30.188306,-8.41003418,-19.5052586,42.6531868
6038,30.193319,-8.46496582,-19.5103378,42.4855423
6039,30.198303,-8.54187012,-19.5154171,42.3687019
6040,30.203318,-8.59680176,-19.5255756,42.1909027
6041,30.208301,-8.67370605,-19.5306549,42.068985
6042,30.213317,-8.7286377,-19.5408134,41.8708649
6043,30.218307,-8.80554199,-19.550972,41.7387848
6044,30.223322,-8.88244629,-19.571291,41.5508232
6045,30.228308,-8.93737793,-19.5916119,41.4238243
6046,30.233319,-9.01977539,-19.6220932,41.2409477
6047,30.238306,-9.07470703,-19.6373329,41.11903
6048,30.243319,-9.16259766,-19.6728935,40.9310722
6049,30.248301,-9.21203613,-19.6932144,40.8040733
6050,30.253307,-9.28894043,-19.7338543,40.6110344
6051,30.258316,-9.34387207,-19.7541752,40.4789543
6052,30.263301,-9.42077637,-19.794817,40.2960777
6053,30.268318,-9.48120117,-19.8202171,40.169075
6054,30.273307,-9.56359863,-19.8303776,40.1131935
6055,30.278319,-9.62402344,-19.8303776,40.1131935
6056,30.283308,-9.7064209,-19.8303776,40.1131935
6057,30.288319,-9.7668457,-19.8303776,40.1131935
6058,30.293304,-9.85473633,-19.8303776,40.1131935
6059,30.298315,-9.91516113,-19.8303776,40.1131935
6060,30.303301,-10.0085449,-19.8303776,40.1131935
6061,30.308318,-10.0579834,-19.8303776,40.0877914
6062,30.313303,-10.1348877,-19.8456154,40.0014343
6063,30.318322,-10.1843262,-19.8506947,39.9252319
6064,30.323304,-10.2337646,-19.8710136,39.7931519
6065,30.328323,-10.3051758,-19.8811722,39.6915512
6066,30.333308,-10.3546143,-19.9014912,39.5086708
6067,30.338317,-10.4315186,-19.9218121,39.3765907
6068,30.343306,-10.480957,-19.9370518,39.2851486
6069,30.348323,-10.5633545,-19.942131,39.1683083
6070,30.353304,-10.6182861,-19.9675312,38.9600258
6071,30.358302,-10.7061768,-19.9776897,38.812706
6072,30.363321,-10.7611084,-20.0081711,38.5993462
6073,30.368304,-10.8215332,-20.028492,38.4571037
6074,30.373320,-10.8215332,-20.0589733,38.2488213
6075,30.378303,-10.980835,-20.0691319,38.1167412
6076,30.383321,-11.0412598,-20.0894508,37.9237022
6077,30.388303,-11.1401367,-20.0996094,37.8068619
6078,30.393322,-11.2005615,-20.1046886,37.63414
6079,30.398307,-11.2994385,-20.1097679,37.522377
6080,30.403322,-11.3653564,-20.1097679,37.3547325
6081,30.408307,-11.4587402,-20.1097679,37.2429695
6082,30.413320,-11.5136719,-20.1148472,37.0702477
6083,30.418302,-11.6015625,-20.1148472,36.9584885
6084,30.423319,-11.6564941,-20.1148472,36.795929
6085,30.428302,-11.7388916,-20.1148472,36.6994095
6086,30.433319,-11.7938232,-20.1250057,36.5520859
6087,30.438301,-11.8762207,-20.1351643,36.4403267
6088,30.443322,-11.9256592,-20.1504021,36.2777634
6089,30.448304,-12.0025635,-20.1605606,36.160923
6090,30.453320,-12.052002,-20.1808796,35.98312
6091,30.458301,-12.1234131,-20.2011986,35.8459587
6092,30.463322,-12.1728516,-20.2062778,35.6224403
6093,30.468308,-12.2442627,-20.2265968,35.3938446
6094,30.473320,-12.3046875,-20.2367554,35.2312851
6095,30.478305,-12.3925781,-20.2570744,35.0890427
6096,30.483320,-12.4475098,-20.2621536,34.8553619
6097,30.488302,-12.5408936,-20.2723122,34.7080421
6098,30.493319,-12.6452637,-20.2773914,34.5048409
6099,30.498306,-12.6452637,-20.28755,34.3168793
6100,30.503321,-12.8210449,-20.28755,34.2152786
6101,30.508317,-12.8210449,-20.2977085,34.0831985
6102,30.513328,-12.9858398,-20.3078671,33.9968376
6103,30.518303,-13.0792236,-20.3180256,33.8799934
6104,30.523319,-13.1396484,-20.3281841,33.7936325
6105,30.528303,-13.2220459,-20.3383427,33.6564751
6106,30.533304,-13.2659912,-20.3485012,33.5548744
6107,30.538316,-13.326416,-20.3688202,33.4024734
6108,30.543309,-13.3703613,-20.3840599,33.3008728
6109,30.548322,-13.4417725,-20.4094601,33.1433907
6110,30.553302,-13.4857178,-20.429781,33.0316315
6111,30.558321,-13.5571289,-20.4602623,32.8589134
6112,30.563404,-13.6010742,-20.4856625,32.7420731
6113,30.568322,-13.6724854,-20.5161419,32.5439529
6114,30.573303,-13.7219238,-20.5415421,32.416954
6115,30.578320,-13.7878418,-20.5821819,32.2137527
6116,30.583305,-13.8372803,-20.6025009,32.0562744
6117,30.588323,-13.9141846,-20.6329823,31.8124332
6118,30.593301,-13.9691162,-20.648222,31.654953
6119,30.598316,-14.0515137,-20.6736221,31.4111118
6120,30.603302,-14.1064453,-20.6837807,31.2485523
6121,30.608303,-14.1998291,-20.6888599,31.1723518
6122,30.613319,-14.2657471,-20.6939392,31.1215515
6123,30.618301,-14.3701172,-20.709177,30.9996319
6124,30.623323,-14.4360352,-20.7193356,30.9081936
6125,30.628306,-14.5349121,-20.7294941,30.7710361
6126,30.633322,-14.5953369,-20.7396526,30.6795979
6127,30.638301,-14.6887207,-20.7548904,30.5271969
6128,30.643322,-14.7546387,-20.765049,30.420517
6129,30.648304,-14.8370361,-20.7752075,30.354475
6130,30.653320,-14.8919678,-20.7853661,30.2579556
6131,30.658304,-14.9688721,-20.8107643,30.0903149
6132,30.663316,-15.0183105,-20.826004,29.9277554
6133,30.668306,-15.1062012,-20.8717251,29.6534348
6134,30.673320,-15.1611328,-20.9072857,29.4603939
6135,30.678319,-15.2490234,-20.9530048,29.1454353
6136,30.683317,-15.3094482,-20.9885654,28.9422359
6137,30.688302,-15.4248047,-21.0393658,28.5764751
6138,30.693332,-15.5126953,-21.0698452,28.3529549
6139,30.698321,-15.6500244,-21.1155663,28.0176754
6140,30.703303,-15.737915,-21.1460476,27.7992363
6141,30.708319,-15.8862305,-21.1714478,27.4944363
6142,30.713304,-15.9851074,-21.1866875,27.291235
6143,30.718318,-16.138916,-21.2070065,27.0118351
6144,30.723305,-16.237793,-21.2070065,26.8340359
6145,30.728320,-16.3861084,-21.2222443,26.5647945
6146,30.733305,-16.473999,-21.2273235,26.3920727
6147,30.738320,-16.6113281,-21.2374821,26.1482315
6148,30.743305,-16.7047119,-21.2374821,26.0821915
6149,30.748316,-16.8310547,-21.2374821,26.0821915
6150,30.753301,-16.9134521,-21.2374821,26.0821915
6151,30.758316,-17.0288086,-21.2476406,26.0110722
6152,30.763307,-17.1112061,-21.2628803,25.9043922
6153,30.768322,-17.2320557,-21.2933617,25.7062721
6154,30.773304,-17.30896,-21.3086014,25.5640335
6155,30.778319,-17.4298096,-21.3289204,25.3303528
6156,30.783304,-17.512207,-21.3543205,25.1525517
6157,30.788318,-17.5506592,-21.4051208,24.8883915
6158,30.793323,-17.6879883,-21.4102001,24.8223515
6159,30.798301,-17.8308105,-21.4254379,24.5581913
6160,30.803319,-17.9241943,-21.4355965,24.35499
6161,30.808301,-18.0615234,-21.4508343,24.0603504
6162,30.813321,-18.1549072,-21.4559135,23.8723907
6163,30.818306,-18.2922363,-21.4660721,23.5980701
6164,30.823317,-18.380127,-21.4711514,23.4101105
6165,30.828304,-18.5174561,-21.4813099,23.1256313
6166,30.833316,-18.5998535,-21.4863892,22.9325924
6167,30.838302,-18.7207031,-21.4965477,22.6227112
6168,30.843319,-18.8031006,-21.501627,22.4144306
6169,30.848318,-18.9294434,-21.521946,22.119791
6170,30.853321,-19.017334,-21.5422668,21.9115105
6171,30.858303,-19.1546631,-21.567667,21.59655
6172,30.863323,-19.2425537,-21.5879879,21.3831902
6173,30.868305,-19.3743896,-21.6133881,21.0682297
6174,30.873320,-19.4677734,-21.6235466,20.8650284
6175,30.878302,-19.6105957,-21.6387844,20.5653076
6176,30.883322,-19.7094727,-21.6438637,20.3773479
6177,30.888307,-19.8468018,-21.6540222,20.1182671
6178,30.893318,-19.9346924,-21.6641808,19.9353867
6179,30.898305,-20.0610352,-21.6743393,19.6559868
6180,30.903323,-20.1489258,-21.6844978,19.4680271
6181,30.908321,-20.2368164,-21.6997356,19.1683064
6182,30.913303,-20.3137207,-21.7098942,18.9600277
6183,30.918319,-20.3961182,-21.7302132,18.6298294
6184,30.923308,-20.3961182,-21.7403717,18.4113884
6185,30.928317,-20.5883789,-21.7606907,18.0659485
6186,30.933305,-20.8081055,-21.7860909,17.8525887
6187,30.938323,-20.9509277,-21.8165722,17.5376301
6188,30.943308,-21.0443115,-21.8318119,17.3242702
6189,30.948323,-21.1816406,-21.8521309,17.0245514
6190,30.953306,-21.2750244,-21.8622913,16.8162708
6191,30.958319,-21.4178467,-21.8775291,16.5267105
6192,30.963305,-21.5112305,-21.8927689,16.3489113
6193,30.968315,-21.6430664,-21.9232483,16.0644302
6194,30.973306,-21.7254639,-21.9334087,15.8764696
6195,30.978322,-21.8518066,-21.9486465,15.58183
6196,30.983308,-21.9342041,-21.9638863,15.3837099
6197,30.988317,-22.0605469,-21.9943657,15.0687504
6198,30.993302,-22.1429443,-22.0096054,14.8503103
6199,30.998303,-22.2692871,-22.0400867,14.5099497
6200,31.003318,-22.3516846,-22.0604076,14.2864294
6201,31.008308,-22.4890137,-22.0908871,13.9460688
6202,31.013321,-22.5878906,-22.1061268,13.7276287
6203,31.018319,-22.7307129,-22.1213646,13.4126692
6204,31.023316,-22.8295898,-22.1315231,13.2043896
6205,31.028307,-22.9779053,-22.1467609,12.8995895
6206,31.033320,-23.0712891,-22.1518402,12.6963902
6207,31.038303,-23.170166,-22.1670799,12.4169893
6208,31.043315,-23.3129883,-22.1772385,12.2391891
6209,31.048308,-23.4063721,-22.1823177,11.9699488
6210,31.053318,-23.5272217,-22.1924763,11.7870684
6211,31.058304,-23.6096191,-22.2026348,11.5025873
6212,31.063321,-23.7304688,-22.2127934,11.3095465
6213,31.068307,-23.8128662,-22.2280331,10.9996662
6214,31.073318,-23.9337158,-22.2432728,10.7863064
6215,31.078322,-24.0161133,-22.2585125,10.4713469
6216,31.083323,-24.1369629,-22.2686729,10.2630672
6217,31.088305,-24.2138672,-22.2839108,9.96334743
6218,31.093303,-24.3566895,-22.2940712,9.77030659
6219,31.098319,-24.4500732,-22.3042297,9.49090576
6220,31.103301,-24.5874023,-22.3042297,9.31310558
6221,31.108323,-24.6862793,-22.309309,9.0641861
6222,31.113304,-24.8126221,-22.309309,8.90670681
6223,31.118315,-24.9005127,-22.3143883,8.66794777
6224,31.123304,-25.0323486,-22.3143883,8.50030804
6225,31.128318,-25.1202393,-22.3245468,8.25138855
6226,31.133317,-25.2355957,-22.3245468,8.07358837
6227,31.138322,-25.3125,-22.3397865,7.78402853
6228,31.143302,-25.4223633,-22.3550262,7.58590841
6229,31.148317,-25.4992676,-22.370266,7.29126835
6230,31.153307,-25.6201172,-22.3905869,7.08298826
6231,31.158322,-25.6970215,-22.4210682,6.77818823
6232,31.163303,-25.8178711,-22.4413891,6.56990814
6233,31.168316,-25.8947754,-22.4718685,6.27018785
6234,31.173306,-26.0266113,-22.4820271,6.07714796
6235,31.178323,-26.114502,-22.5074253,5.80282784
6236,31.183305,-26.2463379,-22.5277462,5.61994743
6237,31.188347,-26.3287354,-22.5480652,5.37102699
6238,31.193320,-26.4550781,-22.5582256,5.20846701
6239,31.198317,-26.5429688,-22.5785446,4.95954657
6240,31.203302,-26.6253662,-22.5937843,4.7969861
6241,31.208321,-26.751709,-22.609024,4.54806566
6242,31.213301,-26.8286133,-22.6293449,4.37534571
6243,31.218321,-26.9439697,-22.6547451,4.11626577
6244,31.223306,-27.020874,-22.675066,3.92830563
6245,31.228318,-27.1362305,-22.7004662,3.74034572
6246,31.233308,-27.2131348,-22.7004662,3.74034572
6247,31.238323,-27.3339844,-22.7004662,3.74034572
6248,31.243316,-27.4108887,-22.7004662,3.74034572
6249,31.248321,-27.5262451,-22.7106266,3.6997056
6250,31.253307,-27.6196289,-22.7309475,3.59302545
6251,31.258322,-27.7514648,-22.7665081,3.39490533
6252,31.263307,-27.8393555,-22.786829,3.26790524
6253,31.268318,-27.9272461,-22.807148,3.06978512
6254,31.273304,-28.059082,-22.8122272,2.92754507
6255,31.278322,-28.1469727,-22.8122272,2.69894505
6256,31.283304,-28.2733154,-22.8020687,2.62274504
6257,31.288322,-28.3612061,-22.8020687,2.41954494
6258,31.293304,-28.4820557,-22.8173084,2.23158503
6259,31.298360,-28.5644531,-22.8376293,1.94202507
6260,31.303306,-28.6798096,-22.852869,1.74898517
6261,31.308301,-28.762207,-22.8833504,1.43402505
6262,31.313322,-28.8446045,-22.9087505,1.22574496
6263,31.318307,-28.927002,-22.9493904,0.915865004
6264,31.323323,-28.927002,-22.9646301,0.727904975
6265,31.328305,-29.1467285,-22.9900284,0.453585029
6266,31.333320,-29.1467285,-23.0052681,0.270705044
6267,31.338302,-29.4598389,-23.025589,0.0217850506
6268,31.343319,-29.597168,-23.0408287,-0.14077495
6269,31.348305,-29.6905518,-23.0509872,-0.374454945
6270,31.353318,-29.8114014,-23.0560665,-0.537014961
6271,31.358318,-29.8937988,-23.0713043,-0.79101491
6272,31.363318,-30.0201416,-23.0763836,-0.963734865
6273,31.368305,-30.1025391,-23.0865421,-1.24821472
6274,31.373319,-30.2178955,-23.0865421,-1.43617463
6275,31.378303,-30.2947998,-23.1017818,-1.74605465
6276,31.383319,-30.4101563,-23.1221027,-1.94417465
6277,31.388304,-30.4815674,-23.1475029,-2.23881459
6278,31.393320,-30.6134033,-23.1779842,-2.4267745
6279,31.398303,-30.7012939,-23.2135448,-2.6960144
6280,31.403323,-30.8276367,-23.2338638,-2.86873436
6281,31.408305,-30.9155273,-23.259264,-3.11257434
6282,31.413321,-31.0418701,-23.279583,-3.27513433
6283,31.418323,-31.1242676,-23.2846622,-3.52405429
6284,31.423319,-31.2451172,-23.2999001,-3.69677424
6285,31.428302,-31.3275146,-23.3100586,-3.97109413
6286,31.433322,-31.4483643,-23.3151379,-4.16413403
6287,31.438304,-31.5252686,-23.3202171,-4.46893406
6288,31.443305,-31.6461182,-23.3303757,-4.6721344
6289,31.448323,-31.7230225,-23.3405342,-4.99217463
6290,31.453308,-31.8548584,-23.355772,-5.31221485
6291,31.458322,-31.942749,-23.376091,-5.52049494
6292,31.463302,-32.074585,-23.4014912,-5.83037472
6293,31.468317,-32.1679687,-23.4268913,-6.0386548
6294,31.473303,-32.3052979,-23.4726105,-6.34345484
6295,31.478322,-32.3986816,-23.5030899,-6.54157495
6296,31.483307,-32.5360107,-23.5386505,-6.8209753
6297,31.488316,-32.6293945,-23.5640507,-6.99877548
6298,31.493306,-32.7557373,-23.5996113,-7.26293564
6299,31.498320,-32.8326416,-23.614851,-7.43565607
6300,31.503302,-32.9150391,-23.6504097,-7.70489645
6301,31.508321,-33.0413818,-23.655489,-7.90809631
6302,31.513306,-33.1182861,-23.6808891,-8.2027359
6303,31.518320,-33.2336426,-23.6910477,-8.40593624
6304,31.523306,-33.3105469,-23.721529,-8.72089672
6305,31.528307,-33.4313965,-23.7418499,-8.92917728
6306,31.533319,-33.5137939,-23.7774105,-9.25429726
6307,31.538305,-33.651123,-23.8180504,-9.4828968
6308,31.543322,-33.7390137,-23.8688507,-9.82325649
6309,31.548304,-33.8708496,-23.8790092,-10.0366163
6310,31.553323,-33.9642334,-23.9196491,-10.3312569
6311,31.558305,-34.1070557,-23.93997,-10.5192165
6312,31.563318,-34.2004395,-23.9704494,-10.7782965
6313,31.568305,-34.3432617,-23.980608,-10.9357758
6314,31.573319,-34.4256592,-24.0060081,-11.1745348
6315,31.578301,-34.552002,-24.0212479,-11.3320141
6316,31.583316,-34.6343994,-24.0364857,-11.5961742
6317,31.588307,-34.755249,-24.0517254,-11.7739744
6318,31.593319,-34.8376465,-24.0720444,-12.0635357
6319,31.598304,-34.9530029,-24.0822029,-12.2616558
6320,31.603319,-34.9530029,-24.1126842,-12.5816956
6321,31.608306,-35.1068115,-24.1228428,-12.7899752
6322,31.613322,-35.2331543,-24.1380806,-13.1150951
6323,31.618301,-35.3265381,-24.1533203,-13.3335352
6324,31.623302,-35.458374,-24.1736393,-13.6434145
6325,31.628319,-35.5517578,-24.188879,-13.8364544
6326,31.633308,-35.6890869,-24.2091999,-14.1158552
6327,31.638319,-35.7824707,-24.2193584,-14.2936554
6328,31.643303,-35.925293,-24.2244377,-14.5628958
6329,31.648323,-36.0186768,-24.229517,-14.7254553
6330,31.653307,-36.1505127,-24.2345963,-14.979455
6331,31.658321,-36.2329102,-24.2396755,-15.1572552
6332,31.663306,-36.3537598,-24.2396755,-15.436656
6333,31.668318,-36.4361572,-24.2447548,-15.6246166
6334,31.673307,-36.5570068,-24.2549152,-15.9294157
6335,31.678321,-36.6394043,-24.2650738,-16.1275368
6336,31.683303,-36.7657471,-24.2752323,-16.4526558
6337,31.688321,-36.8481445,-24.2803116,-16.6609364
6338,31.693304,-36.9799805,-24.2955513,-16.9809761
6339,31.698339,-37.0733643,-24.3057117,-17.1892548
6340,31.703318,-37.2106934,-24.3158722,-17.4838943
6341,31.708307,-37.3040771,-24.3311119,-17.671854
6342,31.713321,-37.3040771,-24.3412704,-17.9410954
6343,31.718307,-37.4908447,-24.3463497,-18.1138172
6344,31.723322,-37.4908447,-24.3565083,-18.3627377
6345,31.728304,-37.7160645,-24.3565083,-18.5252972
6346,31.733321,-37.9248047,-24.3565083,-18.7792988
6347,31.738308,-38.0072021,-24.3615875,-18.9621792
6348,31.743323,-38.0841064,-24.3666668,-19.2364998
6349,31.748305,-38.2049561,-24.3717461,-19.4346199
6350,31.753319,-38.2818604,-24.3819065,-19.7495804
6351,31.758302,-38.40271,-24.3869858,-19.9680195
6352,31.763323,-38.4851074,-24.3971443,-20.2931385
6353,31.768305,-38.605957,-24.4022236,-20.5115776
6354,31.773322,-38.6993408,-24.4225426,-20.8316174
6355,31.778304,-38.8366699,-24.4276218,-21.0348186
6356,31.783332,-38.9245605,-24.4479408,-21.3294582
6357,31.788320,-39.0673828,-24.4530201,-21.5174179
6358,31.793305,-39.1552734,-24.4682598,-21.7764988
6359,31.798316,-39.2926025,-24.4784184,-21.9441395
6360,31.803302,-39.3859863,-24.4987373,-22.2032204
6361,31.808322,-39.5233154,-24.5038166,-22.3708611
6362,31.813317,-39.6057129,-24.5139751,-22.6401024
6363,31.818321,-39.7265625,-24.5241337,-22.8382225
6364,31.823303,-39.80896,-24.5393734,-23.1481037
6365,31.828317,-39.9298096,-24.5495338,-23.3614635
6366,31.833307,-40.012207,-24.5698528,-23.696743
6367,31.838318,-40.1385498,-24.5850925,-23.9304237
6368,31.843303,-40.2209473,-24.6003323,-24.2809429
6369,31.848317,-40.3527832,-24.615572,-24.5146217
6370,31.853305,-40.446167,-24.6511326,-24.8702221
6371,31.858315,-40.5944824,-24.6765327,-25.0937424
6372,31.863304,-40.6933594,-24.6917725,-25.4442616
6373,31.868322,-40.8416748,-24.7171726,-25.6423817
6374,31.873307,-40.9350586,-24.7374916,-25.9370213
6375,31.878302,-41.0778809,-24.7476501,-26.1148224
6376,31.883321,-41.1712646,-24.7679691,-26.3789845
6377,31.888307,-41.3085937,-24.7730484,-26.5517063
6378,31.893321,-41.3964844,-24.7882881,-26.8209476
6379,31.898308,-41.517334,-24.7933674,-27.003828
6380,31.903317,-41.5997314,-24.8086052,-27.3137093
6381,31.908307,-41.7205811,-24.8136845,-27.5270691
6382,31.913320,-41.8084717,-24.8289223,-27.8623486
6383,31.918305,-41.9348145,-24.844162,-28.0909481
6384,31.923320,-42.0227051,-24.8543205,-28.4313087
6385,31.928301,-42.154541,-24.8593998,-28.6446686
6386,31.933319,-42.2479248,-24.8695602,-28.9596291
6387,31.938306,-42.3962402,-24.8746395,-29.1679096
6388,31.943387,-42.489624,-24.8898773,-29.4676285
6389,31.948306,-42.6379395,-24.8898773,-29.6555882
6390,31.953303,-42.7313232,-24.9000359,-29.9248295
6391,31.958320,-42.8686523,-24.9051151,-30.0924702
6392,31.963306,-42.9620361,-24.9051151,-30.3413906
6393,31.968318,-43.0993652,-24.9101944,-30.5090313
6394,31.973303,-43.1872559,-24.9152737,-30.7681122
6395,31.978317,-43.2641602,-24.9152737,-30.940834
6396,31.983475,-43.3850098,-24.9203529,-31.2202339
6397,31.988321,-43.4674072,-24.9254322,-31.4132729
6398,31.993301,-43.4674072,-24.9254322,-31.611393
6399,31.998318,-43.6761475,-24.9254322,-31.611393
6400,32.003302,-43.7585449,-24.9254322,-31.611393
6401,32.008319,-43.8848877,-24.9254322,-31.611393
6402,32.013301,-43.9727783,-24.9305115,-31.7079124
6403,32.018319,-44.1156006,-24.9355907,-31.8247528
6404,32.023301,-44.2089844,-24.9508286,-32.0330315
6405,32.028321,-44.3518066,-24.9609871,-32.1803513
6406,32.033306,-44.4451904,-24.9609871,-32.4038696
6407,32.038323,-44.5825195,-24.9609871,-32.561348
6408,32.043318,-44.6704102,-24.9508286,-32.7848701
6409,32.048348,-44.8022461,-24.9508286,-32.8509102
6410,32.053305,-44.8956299,-24.9609871,-33.0896683
6411,32.058495,-45.0109863,-24.9711456,-33.3589058
6412,32.063308,-45.0878906,-24.9863853,-33.5468636
6413,32.068301,-45.2032471,-25.0016251,-33.7348213
6414,32.073323,-45.2801514,-25.0321064,-34.0243797
6415,32.078305,-45.4064941,-25.0625877,-34.3495026
6416,32.083320,-45.4888916,-25.0879879,-34.6035042
6417,32.088307,-45.6097412,-25.1133881,-34.7813034
6418,32.093323,-45.6921387,-25.1591091,-35.0403862
6419,32.098452,-45.8294678,-25.1845093,-35.3045464
6420,32.103320,-45.8294678,-25.2048302,-35.4772682
6421,32.108305,-46.005249,-25.2200699,-35.6398277
6422,32.113316,-46.005249,-25.24547,-35.8785858
6423,32.118302,-46.2194824,-25.2657909,-36.0360641
6424,32.123317,-46.3842773,-25.2911911,-36.2748222
6425,32.128307,-46.505127,-25.3064308,-36.4475441
6426,32.133319,-46.5820312,-25.3267498,-36.721859
6427,32.138307,-46.7028809,-25.3419895,-36.9148979
6428,32.143308,-46.7797852,-25.3623085,-37.2095375
6429,32.148318,-46.9006348,-25.3826294,-37.4076576
6430,32.153319,-46.9830322,-25.4131107,-37.7175407
6431,32.158320,-47.1148682,-25.4435902,-37.920742
6432,32.163301,-47.1972656,-25.4791508,-38.2153816
6433,32.168317,-47.3291016,-25.5045509,-38.4033394
6434,32.173305,-47.4169922,-25.5248699,-38.6573372
6435,32.178322,-47.5543213,-25.5553493,-38.8351364
6436,32.183302,-47.6422119,-25.5553493,-38.9062576
6437,32.188322,-47.6861572,-25.5553493,-38.9062576
6438,32.193302,-47.8619385,-25.5553493,-38.9062576
6439,32.198319,-47.9058838,-25.5553493,-38.9062576
6440,32.203301,-48.0706787,-25.5553493,-38.9062576
6441,32.208322,-48.114624,-25.5553493,-38.9265785
6442,32.213318,-48.2739258,-25.5655079,-39.0332603
6443,32.218315,-48.3178711,-25.5655079,-39.1501007
6444,32.223309,-48.4771729,-25.5655079,-39.1501007
6445,32.228323,-48.5595703,-25.5655079,-39.1501007
6446,32.233303,-48.6859131,-25.5655079,-39.1501007
6447,32.238319,-48.7738037,-25.5655079,-39.1501007
6448,32.243304,-48.9056396,-25.5655079,-39.1501007
6449,32.248316,-48.9935303,-25.5705872,-39.2262993
6450,32.253302,-49.1253662,-25.5705872,-39.2262993
6451,32.258316,-49.2132568,-25.5705872,-39.2516975
6452,32.263302,-49.3450928,-25.5807457,-39.3329811
6453,32.268319,-49.4384766,-25.5959854,-39.4904633
6454,32.273322,-49.5648193,-25.6112251,-39.6022263
6455,32.278333,-49.6417236,-25.6366253,-39.7800255
6456,32.283320,-49.7570801,-25.6620255,-39.9171867
6457,32.288307,-49.8339844,-25.7229862,-40.1508636
6458,32.293321,-49.9493408,-25.7483864,-40.2372246
6459,32.298305,-50.0262451,-25.7687054,-40.4353447
6460,32.303320,-50.1361084,-25.7839451,-40.6334648
6461,32.308302,-50.2130127,-25.8042641,-40.9382668
6462,32.313322,-50.3283691,-25.8144226,-41.141468
6463,32.318307,-50.4162598,-25.8398228,-41.4513512
6464,32.323319,-50.5480957,-25.8499813,-41.6494713
6465,32.328306,-50.6359863,-25.8703003,-41.9339485
6466,32.333319,-50.7678223,-25.88554,-42.1168251
6467,32.338306,-50.8557129,-25.905859,-42.3708267
6468,32.343316,-50.9875488,-25.9210987,-42.5283051
6469,32.348303,-51.0754395,-25.9464989,-42.7569008
6470,32.353304,-51.0754395,-25.9566574,-42.9042206
6471,32.358317,-51.2731934,-25.9718952,-43.1328201
6472,32.363308,-51.3446045,-25.9820538,-43.2953796
6473,32.368317,-51.4544678,-26.0074539,-43.564621
6474,32.373316,-51.5313721,-26.0176125,-43.7627411
6475,32.378319,-51.6412354,-26.0582523,-44.0624619
6476,32.383307,-51.7181396,-26.0887337,-44.2707443
6477,32.388317,-51.8334961,-26.1141338,-44.768589
6478,32.393306,-51.9049072,-26.1192131,-44.92099
6479,32.398318,-52.0422363,-26.1649342,-45.2054672
6480,32.403304,-52.130127,-26.1903343,-45.3985062
6481,32.408318,-52.2674561,-26.2360554,-45.6728249
6482,32.413303,-52.3553467,-26.2563763,-45.8404655
6483,32.418317,-52.4871826,-26.2868576,-46.089386
6484,32.423307,-52.5750732,-26.3020973,-46.2468643
6485,32.428318,-52.7069092,-26.3274975,-46.4957848
6486,32.433320,-52.7947998,-26.3427372,-46.6583443
6487,32.438322,-52.8717041,-26.3681374,-46.9174232
6488,32.443303,-52.8717041,-26.3884563,-47.1002998
6489,32.448301,-53.0639648,-26.424017,-47.4000206
6490,32.453317,-53.1793213,-26.4494171,-47.6133804
6491,32.458302,-53.2617187,-26.4849777,-47.9435806
6492,32.463316,-53.2617187,-26.5103779,-48.1620216
6493,32.468306,-53.4759521,-26.5510197,-48.4820671
6494,32.473316,-53.4759521,-26.581501,-48.6852684
6495,32.478307,-53.7011719,-26.6221409,-48.979908
6496,32.483316,-53.8989258,-26.6424618,-49.1678658
6497,32.488316,-53.9483643,-26.6678619,-49.4320221
6498,32.493322,-54.1351318,-26.6881828,-49.6148987
6499,32.498304,-54.1790771,-26.7085018,-49.8790588
6500,32.503318,-54.3548584,-26.7237415,-50.0568581
6501,32.508304,-54.3988037,-26.7542229,-50.3311768
6502,32.513318,-54.574585,-26.7694626,-50.5292969
6503,32.518303,-54.6185303,-26.799942,-50.8239365
6504,32.523321,-54.7888184,-26.8202629,-51.0271378
6505,32.528303,-54.8327637,-26.8456631,-51.3319397
6506,32.533323,-55.0030518,-26.865984,-51.535141
6507,32.538302,-55.0524902,-26.8964653,-51.8348618
6508,32.543323,-55.244751,-26.911705,-52.0279007
6509,32.548321,-55.2886963,-26.9371052,-52.3174591
6510,32.553306,-55.480957,-26.9523449,-52.5003357
6511,32.558318,-55.5249023,-26.9726639,-52.7644958
6512,32.563303,-55.7116699,-26.9777431,-52.9422951
6513,32.568321,-55.8050537,-26.9929829,-53.1962929
6514,32.573301,-55.9368896,-26.9980621,-53.3639336
6515,32.578317,-56.0247803,-27.0082207,-53.6230164
6516,32.583305,-56.1456299,-27.0132999,-53.8058929
6517,32.588320,-56.2335205,-27.0132999,-54.0751305
6518,32.593304,-56.3543701,-27.0183792,-54.258007
6519,32.598332,-56.4367676,-27.0183792,-54.5475655
6520,32.603302,-56.5576172,-27.0285378,-54.7456856
6521,32.608319,-56.6345215,-27.0386963,-55.0403252
6522,32.613301,-56.7169189,-27.0386963,-55.2384453
6523,32.618307,-56.8432617,-27.0488548,-55.5330849
6524,32.623319,-56.9256592,-27.0539341,-55.7210426
6525,32.628301,-57.0574951,-27.0640926,-55.9953613
6526,32.633321,-57.1398926,-27.0742512,-56.1782417
6527,32.638303,-57.2662354,-27.0844116,-56.4424019
6528,32.643322,-57.3486328,-27.0894909,-56.6202011
6529,32.648307,-57.4694824,-27.0945702,-56.8843613
6530,32.653323,-57.557373,-27.0996494,-57.0570831
6531,32.658317,-57.6727295,-27.0996494,-57.331398
6532,32.663322,-57.7496338,-27.109808,-57.5193558
6533,32.668305,-57.8649902,-27.1199665,-57.8190765
6534,32.673316,-57.9473877,-27.130125,-58.027359
6535,32.678306,-58.0682373,-27.1453629,-58.3524818
6536,32.683322,-58.1506348,-27.1555214,-58.5607643
6537,32.688304,-58.2769775,-27.1758404,-58.8808098
6538,32.693316,-58.359375,-27.1910801,-59.0941696
6539,32.698307,-58.4967041,-27.2063198,-59.4091339
6540,32.703303,-58.5900879,-27.2266407,-59.6224937
6541,32.708321,-58.727417,-27.2520409,-59.9171333
6542,32.713320,-58.8208008,-27.2622013,-60.1101723
6543,32.718316,-58.9581299,-27.2774391,-60.3794098
6544,32.723307,-59.0515137,-27.2875977,-60.5622864
6545,32.728316,-59.1888428,-27.3028355,-60.8213654
6546,32.733301,-59.2767334,-27.3079147,-60.989006
6547,32.738316,-59.4030762,-27.3231525,-61.2633209
6548,32.743306,-59.4909668,-27.333313,-61.4411201
6549,32.748322,-59.6118164,-27.3434715,-61.7255974
6550,32.753303,-59.699707,-27.3485508,-61.9287987
6551,32.758322,-59.8205566,-27.3587093,-62.1269188
6552,32.763303,-59.9084473,-27.3587093,-62.1269188
6553,32.768317,-60.0292969,-27.3587093,-62.1269188
6554,32.773319,-60.1171875,-27.3587093,-62.1269188
6555,32.778318,-60.2600098,-27.3587093,-62.1269188
6556,32.783307,-60.3588867,-27.3587093,-62.1269188
6557,32.788388,-60.501709,-27.3587093,-62.1269188
6558,32.793302,-60.6005859,-27.3536301,-62.2081985
6559,32.798305,-60.7434082,-27.3282299,-62.3809166
6560,32.803320,-60.836792,-27.3028297,-62.5129967
6561,32.808302,-60.8807373,-27.2672691,-62.7212791
6562,32.813319,-60.9741211,-27.2367897,-62.8685989
6563,32.818302,-61.1499023,-27.1859894,-63.1225967
6564,32.823318,-61.1499023,-27.1555099,-63.2902374
6565,32.828321,-61.3476562,-27.1555099,-63.4273987
6566,32.833319,-61.4685059,-27.1605892,-63.6305962
6567,32.838305,-61.5563965,-27.1707478,-63.9607964
6568,32.843315,-61.6827393,-27.175827,-64.1792374
6569,32.848306,-61.7706299,-27.1910648,-64.504364
6570,32.853320,-61.9024658,-27.2012234,-64.7075653
6571,32.858303,-61.9958496,-27.2164612,-65.0072861
6572,32.863316,-62.144165,-27.2266197,-65.2054062
6573,32.868307,-62.243042,-27.2367783,-65.4797211
6574,32.873333,-62.3913574,-27.2418575,-65.6524353
6575,32.878308,-62.479248,-27.2418575,-65.9013596
6576,32.883304,-62.611084,-27.2469368,-66.0639267
6577,32.888317,-62.6989746,-27.2469368,-66.0639267
6578,32.893305,-62.8308105,-27.2469368,-66.0639267
6579,32.898322,-62.9077148,-27.2469368,-66.0639267
6580,32.903307,-63.0230713,-27.2469368,-66.0639267
6581,32.908318,-63.0999756,-27.2469368,-66.0639267
6582,32.913304,-63.215332,-27.2469368,-66.0639267
6583,32.918318,-63.2977295,-27.2469368,-66.0639267
6584,32.923303,-63.4295654,-27.2469368,-66.0639267
6585,32.928316,-63.5174561,-27.2570953,-66.2366409
6586,32.933301,-63.649292,-27.2621746,-66.3738022
6587,32.938319,-63.7866211,-27.2621746,-66.6024094
6588,32.943304,-63.885498,-27.2621746,-66.8310165
6589,32.948323,-64.0283203,-27.2621746,-66.9986572
6590,32.953302,-64.1217041,-27.2469368,-67.2475815
6591,32.958320,-64.25354,-27.2469368,-67.3186951
6592,32.963308,-64.3359375,-27.2520161,-67.4964981
6593,32.968317,-64.4622803,-27.2621746,-67.6590652
6594,32.973305,-64.5446777,-27.2824936,-67.9181442
6595,32.978322,-64.6600342,-27.2977333,-68.1010208
6596,32.983308,-64.7369385,-27.312973,-68.2940598
6597,32.988319,-64.8468018,-27.333292,-68.609024
6598,32.993301,-64.9237061,-27.3637733,-68.9341507
6599,32.998308,-65.055542,-27.3840942,-69.1475143
6600,33.003321,-65.1434326,-27.4196548,-69.472641
6601,33.008319,-65.2752686,-27.4552155,-69.6860046
6602,33.013322,-65.3686523,-27.5060158,-69.9958878
6603,33.018305,-65.5059814,-27.5415764,-70.1940079
6604,33.023321,-65.5993652,-27.5720558,-70.458168
6605,33.028303,-65.7366943,-27.597456,-70.6258087
6606,33.033321,-65.8300781,-27.6228542,-70.874733
6607,33.038303,-65.9509277,-27.6380939,-71.0373001
6608,33.043316,-66.0333252,-27.6584129,-71.2912979
6609,33.048307,-66.159668,-27.6685715,-71.4589386
6610,33.053321,-66.2420654,-27.6888924,-71.7281723
6611,33.058318,-66.3189697,-27.7041321,-71.9161301
6612,33.063328,-66.4343262,-27.7193699,-72.2056885
6613,33.068322,-66.4727783,-27.7193699,-72.2056885
6614,33.073304,-66.5826416,-27.7193699,-72.2056885
6615,33.078318,-66.6595459,-27.7193699,-72.2056885
6616,33.083302,-66.7913818,-27.7295284,-72.332695
6617,33.088319,-66.8792725,-27.739687,-72.4393692
6618,33.093307,-67.0056152,-27.7447662,-72.6171646
6619,33.098320,-67.0935059,-27.7498455,-72.7441635
6620,33.103301,-67.230835,-27.7447662,-72.952446
6621,33.108319,-67.3242187,-27.739687,-73.1099319
6622,33.113320,-67.4615479,-27.7346077,-73.2775726
6623,33.118318,-67.5549316,-27.739687,-73.3842545
6624,33.123308,-67.6812744,-27.7600079,-73.6280975
6625,33.128318,-67.7636719,-27.7701683,-73.7957382
6626,33.133303,-67.8900146,-27.7904873,-74.0700531
6627,33.138317,-67.9779053,-27.8006458,-74.2580109
6628,33.143302,-68.0987549,-27.8158836,-74.5475693
6629,33.148316,-68.1756592,-27.8311234,-74.7456894
6630,33.153302,-68.2965088,-27.8463631,-75.0352478
6631,33.158317,-68.3789062,-27.866684,-75.2232056
6632,33.163327,-68.505249,-27.8870029,-75.5026016
6633,33.168323,-68.5931396,-27.9073238,-75.6854782
6634,33.173323,-68.7249756,-27.932724,-75.9445572
6635,33.178305,-68.8513184,-27.9378033,-76.1020432
6636,33.183319,-68.8513184,-27.9581223,-76.3306503
6637,33.188306,-69.0545654,-27.9682808,-76.4881287
6638,33.193318,-69.0545654,-27.9835186,-76.7167358
6639,33.198308,-69.2578125,-27.9885979,-76.8691406
6640,33.203322,-69.3676758,-27.9987564,-77.102829
6641,33.208308,-69.4445801,-28.0038357,-77.2755432
6642,33.213321,-69.5599365,-28.0139942,-77.5498581
6643,33.218317,-69.6368408,-28.0241528,-77.7479782
6644,33.223322,-69.7521973,-28.0393925,-78.0324554
6645,33.228308,-69.8345947,-28.049551,-78.2458191
6646,33.233319,-69.9499512,-28.0851116,-78.550621
6647,33.238302,-70.0378418,-28.115593,-78.7487411
6648,33.243448,-70.1696777,-28.1613121,-79.0382996
6649,33.248301,-70.2630615,-28.1917915,-79.216095
6650,33.253307,-70.3948975,-28.2324314,-79.4650116
6651,33.258321,-70.4882812,-28.2578316,-79.6275787
6652,33.263303,-70.6201172,-28.2933922,-79.8663406
6653,33.268321,-70.7025146,-28.3137131,-80.0238266
6654,33.273317,-70.8343506,-28.3391132,-80.2625961
6655,33.278320,-70.916748,-28.354353,-80.435318
6656,33.283305,-71.0321045,-28.3695927,-80.7147141
6657,33.288315,-71.1035156,-28.3848324,-80.9128342
6658,33.293304,-71.2188721,-28.4153118,-81.2176361
6659,33.298322,-71.2957764,-28.440712,-81.4360733
6660,33.303302,-71.4276123,-28.4813519,-81.7713547
6661,33.308323,-71.5100098,-28.5118313,-81.9897995
6662,33.313303,-71.6418457,-28.5118313,-81.9897995
6663,33.318316,-71.7352295,-28.5118313,-81.9897995
6664,33.323306,-71.8890381,-28.5118313,-81.9897995
6665,33.328318,-71.987915,-28.5219917,-82.0406036
6666,33.333319,-72.1417236,-28.5473919,-82.1676102
6667,33.338321,-72.2406006,-28.5575504,-82.2641296
6668,33.343306,-72.3724365,-28.5727882,-82.4114456
6669,33.348320,-72.4658203,-28.5727882,-82.5181198
6670,33.353308,-72.6031494,-28.5778675,-82.7060776
6671,33.358321,-72.6855469,-28.5778675,-82.84832
6672,33.363306,-72.8009033,-28.5778675,-82.9651566
6673,33.368321,-72.8778076,-28.5778675,-83.1429596
6674,33.373302,-72.9931641,-28.5931053,-83.432518
6675,33.378317,-73.0755615,-28.608345,-83.6306381
6676,33.383303,-73.2073975,-28.6337452,-83.9405212
6677,33.388306,-73.2952881,-28.6489849,-84.1437225
6678,33.393320,-73.427124,-28.6794662,-84.4485245
6679,33.398307,-73.5150146,-28.694706,-84.6517258
6680,33.403317,-73.6578369,-28.7251873,-84.9412842
6681,33.408304,-73.7512207,-28.7455082,-85.1190796
6682,33.413318,-73.8885498,-28.7658272,-85.3680038
6683,33.418304,-73.9764404,-28.7709064,-85.5254898
6684,33.423315,-74.09729,-28.7810669,-85.754097
6685,33.428305,-74.1796875,-28.7861462,-85.9166641
6686,33.433319,-74.3005371,-28.7963047,-86.1808167
6687,33.438301,-74.3444824,-28.801384,-86.3636932
6688,33.443319,-74.4543457,-28.8115425,-86.6481705
6689,33.448301,-74.53125,-28.821703,-86.8462906
6690,33.453316,-74.6466064,-28.8267822,-87.1510925
6691,33.458306,-74.7180176,-28.8318615,-87.3441315
6692,33.463318,-74.8498535,-28.84202,-87.6438522
6693,33.468305,-74.9377441,-28.8521805,-87.8470535
6694,33.473461,-75.0695801,-28.8572598,-88.1416931
6695,33.478303,-75.1574707,-28.8674202,-88.3398132
6696,33.483329,-75.2893066,-28.882658,-88.6242905
6697,33.488321,-75.3771973,-28.8877373,-88.8020859
6698,33.493306,-75.5145264,-28.8928165,-89.0611572
6699,33.498318,-75.602417,-28.8928165,-89.2287979
6700,33.503307,-75.7232666,-28.8978958,-89.4878693
6701,33.508319,-75.8056641,-28.9080544,-89.6555099
6702,33.513301,-75.9320068,-28.9182129,-89.9399872
6703,33.518318,-76.0089111,-28.9283733,-90.1431885
6704,33.523303,-76.1297607,-28.9436131,-90.4276657
6705,33.528316,-76.206665,-28.9537735,-90.630867
6706,33.533301,-76.3220215,-28.9740925,-90.9509125
6707,33.538323,-76.4044189,-28.9842529,-91.1744308
6708,33.543306,-76.4044189,-29.0198135,-91.5351105
6709,33.548320,-76.4044189,-29.0198135,-91.5351105
6710,33.553305,-76.6680908,-29.0198135,-91.5351105
6711,33.558319,-76.6680908,-29.0198135,-91.5351105
6712,33.563316,-76.8933105,-29.0198135,-91.5351105
6713,33.568322,-77.1405029,-29.0147343,-91.5909958
6714,33.573303,-77.2833252,-29.009655,-91.7484741
6715,33.578321,-77.376709,-28.9944172,-91.875473
6716,33.583306,-77.5030518,-28.9893379,-92.068512
6717,33.588319,-77.5854492,-28.9791794,-92.2869568
6718,33.593302,-77.711792,-28.9741001,-92.4495239
6719,33.598319,-77.7941895,-28.9639416,-92.6679611
6720,33.603305,-77.9095459,-28.9690208,-92.7543182
6721,33.608385,-77.9919434,-28.994421,-93.0489578
6722,33.613316,-78.1072998,-29.0096607,-93.2674026
6723,33.618301,-78.1896973,-29.0299816,-93.6026917
6724,33.623319,-78.3270264,-29.0452213,-93.8262177
6725,33.628304,-78.4204102,-29.0706196,-94.1462631
6726,33.633320,-78.5577393,-29.0858593,-94.3494644
6727,33.638305,-78.6456299,-29.1112595,-94.6390228
6728,33.643319,-78.7884521,-29.1214199,-94.8218994
6729,33.648301,-78.8873291,-29.1214199,-94.9996948
6730,33.653316,-79.0301514,-29.1315784,-95.2333755
6731,33.658303,-79.1235352,-29.1366577,-95.487381
6732,33.663321,-79.2498779,-29.141737,-95.6550217
6733,33.668301,-79.3322754,-29.1518955,-95.9242554
6734,33.673321,-79.4586182,-29.1518955,-96.1020508
6735,33.678306,-79.5410156,-29.1620541,-96.3916092
6736,33.683322,-79.6673584,-29.1671333,-96.5998917
6737,33.688308,-79.7497559,-29.1823711,-96.914856
6738,33.693317,-79.8706055,-29.1976109,-97.1333008
6739,33.698302,-79.9530029,-29.2077694,-97.4482651
6740,33.703322,-80.1013184,-29.2230091,-97.6514664
6741,33.708301,-80.1947021,-29.2382469,-97.9410248
6742,33.713316,-80.3375244,-29.2484055,-98.1239014
6743,33.718303,-80.4364014,-29.2585659,-98.3778992
6744,33.723319,-80.5297852,-29.2636452,-98.5506134
6745,33.728307,-80.6671143,-29.2687244,-98.7995377
6746,33.733308,-80.760498,-29.2687244,-98.9621048
6747,33.738317,-80.892334,-29.2738037,-99.2211761
6748,33.743305,-80.9747314,-29.2738037,-99.4040527
6749,33.748322,-81.0955811,-29.2738037,-99.6834488
6750,33.753302,-81.1724854,-29.278883,-99.8815689
6751,33.758319,-81.2988281,-29.278883,-100.176208
6752,33.763304,-81.3812256,-29.2890434,-100.384491
6753,33.768316,-81.5075684,-29.2992039,-100.684212
6754,33.773308,-81.595459,-29.3093624,-100.882332
6755,33.778319,-81.7272949,-29.319521,-101.182053
6756,33.783317,-81.8206787,-29.3347607,-101.375092
6757,33.788319,-81.963501,-29.3449192,-101.659569
6758,33.793304,-82.0568848,-29.3550797,-101.837364
6759,33.798321,-82.1502686,-29.3754005,-102.101517
6760,33.803305,-82.2875977,-29.3906403,-102.274239
6761,33.808319,-82.3754883,-29.4058781,-102.523163
6762,33.813304,-82.5073242,-29.4160366,-102.700958
6763,33.818330,-82.600708,-29.4363556,-102.975273
6764,33.823323,-82.7215576,-29.4515953,-103.173393
6765,33.828305,-82.8039551,-29.4617538,-103.462952
6766,33.833320,-82.9248047,-29.4769936,-103.666153
6767,33.838306,-83.0072021,-29.4769936,-103.666153
6768,33.843321,-83.1390381,-29.4769936,-103.666153
6769,33.848303,-83.2269287,-29.4769936,-103.666153
6770,33.853322,-83.3587646,-29.4820728,-103.737267
6771,33.858301,-83.4466553,-29.5176334,-103.930305
6772,33.863318,-83.5894775,-29.553194,-104.077629
6773,33.868307,-83.6828613,-29.6090755,-104.311317
6774,33.873320,-83.8201904,-29.6446362,-104.473885
6775,33.878301,-83.9135742,-29.6954365,-104.732956
6776,33.883320,-84.039917,-29.7106762,-104.900597
6777,33.888306,-84.1278076,-29.7208347,-105.002197
6778,33.893320,-84.2541504,-29.7309933,-105.159676
6779,33.898303,-84.3365479,-29.7462311,-105.423828
6780,33.903322,-84.4519043,-29.7563896,-105.611786
6781,33.908301,-84.4903564,-29.7767086,-105.911507
6782,33.913317,-84.6496582,-29.7970295,-106.119789
6783,33.918308,-84.6496582,-29.8275089,-106.439835
6784,33.923306,-84.7705078,-29.8529091,-106.648117
6785,33.928321,-84.7705078,-29.8833904,-106.947838
6786,33.933302,-85.1385498,-29.9037094,-107.140877
6787,33.938319,-85.2319336,-29.93927,-107.420273
6788,33.943304,-85.3198242,-29.9595909,-107.603149
6789,33.948316,-85.4626465,-29.9849911,-107.862228
6790,33.953305,-85.5505371,-29.9951496,-108.03495
6791,33.958321,-85.6878662,-30.0205498,-108.268639
6792,33.963302,-85.7702637,-30.025629,-108.421043
6793,33.968316,-85.8911133,-30.0357876,-108.659813
6794,33.973301,-85.9680176,-30.0459461,-108.837608
6795,33.978319,-86.0888672,-30.0561047,-109.117004
6796,33.983301,-86.1657715,-30.0662651,-109.304962
6797,33.988320,-86.2756348,-30.0865841,-109.609764
6798,33.993306,-86.3525391,-30.1018238,-109.807884
6799,33.998317,-86.4678955,-30.127224,-110.102524
6800,34.003319,-86.5557861,-30.1373844,-110.295563
6801,34.008352,-86.6821289,-30.1577034,-110.58004
6802,34.013308,-86.7700195,-30.1678619,-110.762917
6803,34.018331,-86.9018555,-30.1881809,-111.027069
6804,34.023317,-86.9897461,-30.1983395,-111.19471
6805,34.028307,-87.1160889,-30.2135792,-111.448715
6806,34.033322,-87.2039795,-30.2186584,-111.606201
6807,34.038301,-87.3303223,-30.228817,-111.83989
6808,34.043318,-87.4072266,-30.2389755,-111.992294
6809,34.048305,-87.522583,-30.2491341,-112.241219
6810,34.053321,-87.5994873,-30.2542133,-112.41394
6811,34.058304,-87.7148437,-30.269453,-112.693336
6812,34.063321,-87.791748,-30.2846928,-112.896538
6813,34.068302,-87.9071045,-30.3100929,-113.20134
6814,34.073321,-87.9840088,-30.3253326,-113.409622
6815,34.078303,-88.1048584,-30.3608932,-113.709343
6816,34.083333,-88.1982422,-30.3862934,-113.907463
6817,34.088303,-88.3300781,-30.421854,-114.207184
6818,34.093304,-88.4234619,-30.421854,-114.207184
6819,34.098316,-88.5552979,-30.4269333,-114.313866
6820,34.103306,-88.6486816,-30.4523335,-114.440865
6821,34.108323,-88.7805176,-30.5031338,-114.659309
6822,34.113308,-88.8739014,-30.5285339,-114.796471
6823,34.118319,-89.0057373,-30.5742531,-115.004753
6824,34.123316,-89.0826416,-30.5996532,-115.152077
6825,34.128319,-89.1925049,-30.6250534,-115.334961
6826,34.133302,-89.2694092,-30.6352119,-115.411163
6827,34.138317,-89.3792725,-30.6555309,-115.655006
6828,34.143305,-89.4561768,-30.6656895,-115.832802
6829,34.148318,-89.5330811,-30.6910896,-116.117279
6830,34.153303,-89.6044922,-30.7063293,-116.315399
6831,34.158334,-89.7198486,-30.7368107,-116.625282
6832,34.163308,-89.8022461,-30.7672901,-116.833565
6833,34.168429,-89.9395752,-30.80793,-117.143448
6834,34.173302,-90.0274658,-30.8384094,-117.336487
6835,34.178320,-90.1647949,-30.8790493,-117.610802
6836,34.183316,-90.2526855,-30.8993702,-117.778442
6837,34.188307,-90.3845215,-30.9247704,-118.017212
6838,34.193318,-90.4724121,-30.9400101,-118.169617
6839,34.198302,-90.604248,-30.9654102,-118.398224
6840,34.203321,-90.6921387,-30.9755688,-118.550629
6841,34.208303,-90.8074951,-31.0009689,-118.804626
6842,34.213316,-90.8843994,-31.0212898,-118.977341
6843,34.218306,-90.9997559,-31.0619297,-119.378662
6844,34.223322,-91.0821533,-31.0771694,-119.571701
6845,34.228429,-91.2084961,-31.1178093,-119.891747
6846,34.233323,-91.2908936,-31.1381302,-120.089867
6847,34.238306,-91.4172363,-31.1736908,-120.389587
6848,34.243322,-91.505127,-31.199091,-120.587708
6849,34.248305,-91.6424561,-31.2346516,-120.86203
6850,34.253322,-91.6424561,-31.2549725,-121.039825
6851,34.258301,-91.6424561,-31.2803726,-121.288742
6852,34.263315,-91.9171143,-31.3108521,-121.456383
6853,34.268306,-92.1258545,-31.3260899,-121.700226
6854,34.273318,-92.208252,-31.3311691,-121.857712
6855,34.278308,-92.3345947,-31.3514881,-122.11171
6856,34.283319,-92.411499,-31.3565674,-122.284424
6857,34.288320,-92.5213623,-31.3667259,-122.553658
6858,34.293319,-92.5982666,-31.3819656,-122.746696
6859,34.298307,-92.713623,-31.3870449,-123.071815
6860,34.303322,-92.7960205,-31.3972034,-123.280098
6861,34.308301,-92.9223633,-31.4175224,-123.5849
6862,34.313318,-93.0047607,-31.427681,-123.793182
6863,34.318301,-93.1256104,-31.448,-124.087822
6864,34.323321,-93.2189941,-31.4734001,-124.280861
6865,34.328305,-93.3563232,-31.4835587,-124.560265
6866,34.333316,-93.4442139,-31.4937172,-124.819336
6867,34.338302,-93.581543,-31.4987965,-124.981903
6868,34.343303,-93.6639404,-31.508955,-125.220665
6869,34.348323,-93.7902832,-31.508955,-125.378151
6870,34.353308,-93.8726807,-31.508955,-125.627068
6871,34.358316,-93.9935303,-31.508955,-125.804863
6872,34.363306,-94.0704346,-31.5140343,-126.069016
6873,34.368322,-94.1473389,-31.5140343,-126.256973
6874,34.373304,-94.2626953,-31.5191135,-126.536369
6875,34.378318,-94.3341064,-31.5241928,-126.739571
6876,34.383308,-94.4549561,-31.5445118,-127.044373
6877,34.388306,-94.5428467,-31.5546703,-127.242493
6878,34.393318,-94.6636963,-31.56991,-127.557457
6879,34.398303,-94.7460937,-31.5851498,-127.765739
6880,34.403318,-94.8834229,-31.6054688,-128.055298
6881,34.408304,-94.9713135,-31.6156292,-128.233109
6882,34.413322,-95.1086426,-31.6308689,-128.507446
6883,34.418308,-95.2020264,-31.6410275,-128.690338
6884,34.423321,-95.3338623,-31.6562653,-128.969757
6885,34.428302,-95.4217529,-31.6613445,-129.152649
6886,34.433322,-95.5480957,-31.6765842,-129.452362
6887,34.438304,-95.6359863,-31.6816635,-129.650482
6888,34.443322,-95.7623291,-31.7019844,-129.950195
6889,34.448305,-95.8447266,-31.7121429,-130.153381
6890,34.453317,-95.9710693,-31.7223015,-130.463242
6891,34.458302,-96.0479736,-31.73246,-130.681671
6892,34.463318,-96.1798096,-31.752779,-130.996613
6893,34.468308,-96.262207,-31.7730999,-131.209961
6894,34.473318,-96.3500977,-31.7985001,-131.519821
6895,34.478304,-96.4764404,-31.8137398,-131.717941
6896,34.483305,-96.5643311,-31.8340588,-132.002441
6897,34.488316,-96.7016602,-31.8442173,-132.180252
6898,34.493304,-96.7895508,-31.8645363,-132.45459
6899,34.498320,-96.9268799,-31.8696156,-132.622238
6900,34.503302,-97.0147705,-31.8848553,-132.896561
6901,34.508316,-97.1356201,-31.8950138,-133.084534
6902,34.513301,-97.2180176,-31.9051723,-133.379166
6903,34.518316,-97.3388672,-31.9153309,-133.582352
6904,34.523320,-97.4212646,-31.9305706,-133.902374
6905,34.528320,-97.5476074,-31.9458103,-134.110641
6906,34.533308,-97.6300049,-31.9661293,-134.430664
6907,34.538320,-97.7508545,-31.9762897,-134.659256
6908,34.543305,-97.8387451,-31.9966106,-134.989441
6909,34.548323,-97.9760742,-32.0016899,-135.202789
6910,34.553308,-98.069458,-32.0321693,-135.51265
6911,34.558318,-98.2067871,-32.0474091,-135.705688
6912,34.563308,-98.3001709,-32.0677299,-135.990189
6913,34.568319,-98.3935547,-32.0778885,-136.167999
6914,34.573301,-98.4869385,-32.0880508,-136.427094
6915,34.578317,-98.4869385,-32.0982132,-136.604904
6916,34.583307,-98.7176514,-32.1032944,-136.863998
6917,34.588322,-98.7176514,-32.1134567,-137.041809
6918,34.593302,-99.0142822,-32.1134567,-137.321228
6919,34.598323,-99.0966797,-32.1236191,-137.514282
6920,34.603308,-99.2230225,-32.1236191,-137.803848
6921,34.608322,-99.3109131,-32.1236191,-138.001968
6922,34.613302,-99.4317627,-32.1337776,-138.306747
6923,34.618308,-99.5196533,-32.14394,-138.509949
6924,34.623316,-99.6514893,-32.3725395,-138.64711
6925,34.628307,-99.744873,-32.3725395,-138.835068
6926,34.633321,-99.8822021,-32.3725395,-139.119568
6927,34.638319,-99.9755859,-32.3725395,-139.297379
6928,34.643322,-100.107422,-32.3674583,-139.571716
6929,34.648304,-100.200806,-32.3623772,-139.749527
6930,34.653317,-100.332642,-32.3623772,-140.00354
6931,34.658307,-100.420532,-32.3623772,-140.181351
6932,34.663319,-100.552368,-32.3623772,-140.440445
6933,34.668305,-100.634766,-32.3623772,-140.623337
6934,34.673319,-100.755615,-32.3623772,-140.907837
6935,34.678304,-100.838013,-32.3623772,-141.111023
6936,34.683322,-100.958862,-32.3674583,-141.420883
6937,34.688301,-101.046753,-32.3776169,-141.639313
6938,34.693317,-101.173096,-32.3979378,-141.959335
6939,34.698308,-101.260986,-32.4131775,-142.167603
6940,34.703316,-101.392822,-32.4385796,-142.467331
6941,34.708304,-101.491699,-32.4487419,-142.665451
6942,34.713317,-101.640015,-32.4690628,-142.955017
6943,34.718302,-101.733398,-32.4843025,-143.132828
6944,34.723323,-101.876221,-32.5046234,-143.397003
6945,34.728301,-101.969604,-32.5147858,-143.55957
6946,34.733315,-102.106934,-32.5351028,-143.808502
6947,34.738301,-102.194824,-32.5503426,-143.976151
6948,34.743318,-102.32666,-32.5757408,-144.240326
6949,34.748319,-102.403564,-32.5909805,-144.423218
6950,34.753321,-102.518921,-32.6214561,-144.712784
6951,34.758303,-102.601318,-32.6316147,-144.905838
6952,34.763322,-102.722168,-32.6722565,-145.210632
6953,34.768305,-102.810059,-32.6925774,-145.403671
6954,34.773302,-102.936401,-32.7281342,-145.698318
6955,34.778320,-103.024292,-32.7484512,-145.891373
6956,34.783304,-103.156128,-32.7738495,-146.170792
6957,34.788316,-103.249512,-32.7840118,-146.343521
6958,34.793304,-103.342896,-32.8094101,-146.597534
6959,34.798319,-103.485718,-32.8246498,-146.760101
6960,34.803315,-103.573608,-32.8449707,-146.99379
6961,34.808322,-103.699951,-32.8602104,-147.151276
6962,34.813302,-103.782349,-32.8856087,-147.390045
6963,34.818322,-103.903198,-32.9008484,-147.562775
6964,34.823304,-103.985596,-32.9211693,-147.847275
6965,34.828319,-104.100952,-32.9414864,-148.060623
6966,34.833302,-104.18335,-32.9668846,-148.380646
6967,34.838319,-104.260254,-32.9922829,-148.599075
6968,34.843301,-104.381104,-33.0176849,-148.914032
6969,34.848308,-104.474487,-33.0430832,-149.137543
6970,34.853323,-104.611816,-33.07864,-149.437271
6971,34.858305,-104.7052,-33.0989571,-149.63031
6972,34.863318,-104.848022,-33.1294403,-149.904648
6973,34.868304,-104.941406,-33.14468,-150.082458
6974,34.873322,-105.078735,-33.1751556,-150.336472
6975,34.878307,-105.172119,-33.1903954,-150.493958
6976,34.883316,-105.309448,-33.2056351,-150.742889
6977,34.888303,-105.386353,-33.2157936,-150.910538
6978,34.893316,-105.512695,-33.2310333,-151.174713
6979,34.898303,-105.5896,-33.246273,-151.357605
6980,34.903315,-105.710449,-33.2665939,-151.652252
6981,34.908302,-105.792847,-33.2767525,-151.855438
6982,34.913321,-105.908203,-33.3021507,-152.144989
6983,34.918316,-105.985107,-33.3123131,-152.34819
6984,34.923317,-106.105957,-33.3377113,-152.663147
6985,34.928307,-106.193848,-33.3580284,-152.866333
6986,34.933316,-106.325684,-33.3834267,-153.171127
6987,34.938306,-106.413574,-33.3986664,-153.3591
6988,34.943319,-106.550903,-33.4189873,-153.648682
6989,34.948301,-106.594849,-33.434227,-153.831573
6990,34.953318,-106.732178,-33.4494705,-154.085587
6991,34.958305,-106.732178,-33.4545517,-154.253235
6992,34.963318,-106.962891,-33.4647141,-154.486923
6993,34.968322,-106.962891,-33.4748764,-154.644409
6994,34.973323,-107.254028,-33.4850388,-154.893341
6995,34.978305,-107.336426,-33.4952011,-155.071152
6996,34.983329,-107.446289,-33.5104446,-155.335327
6997,34.988315,-107.5177,-33.5256882,-155.604584
6998,34.993301,-107.627563,-33.5358505,-155.797623
6999,34.998316,-107.698975,-33.5561714,-156.082108
7000,35.003305,-107.808838,-33.5714111,-156.280228
7001,35.008316,-107.885742,-33.5968094,-156.564728
7002,35.013304,-107.995605,-33.6171265,-156.752686
7003,35.018320,-108.07251,-33.6425285,-157.037186
7004,35.023315,-108.193359,-33.6628456,-157.220062
7005,35.028319,-108.275757,-33.6831665,-157.514709
7006,35.033301,-108.319702,-33.693325,-157.69252
7007,35.038308,-108.48999,-33.7136459,-157.946518
7008,35.043320,-108.528442,-33.7238083,-158.129395
7009,35.048301,-108.693237,-33.7441254,-158.383408
7010,35.053316,-108.737183,-33.7644424,-158.540894
7011,35.058302,-108.896484,-33.7746048,-158.779663
7012,35.063317,-108.94043,-33.7949219,-158.947311
7013,35.068307,-109.099731,-33.8203201,-159.22673
7014,35.073315,-109.138184,-33.8457184,-159.419785
7015,35.078301,-109.291992,-33.8863564,-159.714432
7016,35.083322,-109.37439,-33.9117546,-159.917618
7017,35.088305,-109.500732,-33.942234,-160.222412
7018,35.093318,-109.588623,-33.9676323,-160.415466
7019,35.098308,-109.720459,-34.0031891,-160.689804
7020,35.103318,-109.80835,-34.0235062,-160.852371
7021,35.108308,-109.934692,-34.0489044,-161.096222
7022,35.113323,-110.022583,-34.0743027,-161.258789
7023,35.118308,-110.154419,-34.0997009,-161.50264
7024,35.123319,-110.236816,-34.1098633,-161.675369
7025,35.128302,-110.357666,-34.1301842,-161.934464
7026,35.133320,-110.43457,-34.1454239,-162.117355
7027,35.138302,-110.549927,-34.1606674,-162.386612
7028,35.143318,-110.632324,-34.1708298,-162.569504
7029,35.148303,-110.753174,-34.1860695,-162.859085
7030,35.153321,-110.835571,-34.1962318,-163.057205
7031,35.158308,-110.956421,-34.2165489,-163.250244
7032,35.163316,-111.038818,-34.2165489,-163.250244
7033,35.168303,-111.176147,-34.2165489,-163.250244
7034,35.173485,-111.264038,-34.2114677,-163.321365
7035,35.178304,-111.401367,-34.2013054,-163.463593
7036,35.183304,-111.489258,-34.1962242,-163.565186
7037,35.188323,-111.615601,-34.1860619,-163.727737
7038,35.193308,-111.697998,-34.1860619,-163.844574
7039,35.198318,-111.818848,-34.1758995,-164.195099
7040,35.203306,-111.901245,-34.1809807,-164.342422
7041,35.208316,-112.016602,-34.1860619,-164.581192
7042,35.213307,-112.093506,-34.1860619,-164.743759
7043,35.218321,-112.17041,-34.1860619,-165.013016
7044,35.223303,-112.280273,-34.191143,-165.20607
7045,35.228320,-112.368164,-34.1962242,-165.485489
7046,35.233302,-112.489014,-34.2013054,-165.678543
7047,35.238320,-112.576904,-34.2114677,-165.957962
7048,35.243321,-112.703247,-34.2216301,-166.145935
7049,35.248319,-112.791138,-34.241951,-166.405029
7050,35.253307,-112.91748,-34.2521133,-166.572678
7051,35.258323,-113.005371,-34.2622757,-166.826691
7052,35.263303,-113.137207,-34.2571945,-166.897812
7053,35.268317,-113.214111,-34.2571945,-166.897812
7054,35.273303,-113.334961,-34.2571945,-166.897812
7055,35.278322,-113.417358,-34.2571945,-166.897812
7056,35.283304,-113.538208,-34.2571945,-166.897812
7057,35.288322,-113.615112,-34.2571945,-166.897812
7058,35.293307,-113.730469,-34.2571945,-166.897812
7059,35.298317,-113.807373,-34.247036,-167.01973
7060,35.303306,-113.922729,-34.2368736,-167.141647
7061,35.308332,-113.966675,-34.2165527,-167.34993
7062,35.313304,-113.966675,-34.201313,-167.497253
7063,35.318302,-113.966675,-34.201313,-167.741104
7064,35.323320,-114.296265,-34.2114754,-167.923996
7065,35.328306,-114.296265,-34.2317924,-168.132294
7066,35.333319,-114.515991,-34.2368736,-168.238968
7067,35.338305,-114.691772,-34.2571945,-168.533615
7068,35.343316,-114.735718,-34.2775154,-168.721588
7069,35.348306,-114.916992,-34.3029137,-169.001007
7070,35.353481,-114.960937,-34.3181534,-169.194061
7071,35.358303,-115.142212,-34.3435516,-169.478546
7072,35.363320,-115.186157,-34.3587914,-169.666519
7073,35.368303,-115.356445,-34.3740349,-169.940857
7074,35.373320,-115.394897,-34.3841934,-170.12883
7075,35.378304,-115.559692,-34.4095917,-170.41333
7076,35.383317,-115.603638,-34.4248314,-170.616531
7077,35.388303,-115.768433,-34.4502335,-170.92131
7078,35.393320,-115.812378,-34.4654732,-171.124496
7079,35.398306,-115.977173,-34.4908714,-171.419128
7080,35.403323,-116.021118,-34.5061111,-171.612183
7081,35.408301,-116.196899,-34.5315094,-171.88652
7082,35.413317,-116.246338,-34.5467491,-172.064331
7083,35.418308,-116.427612,-34.56707,-172.328506
7084,35.423323,-116.471558,-34.5772324,-172.501236
7085,35.428302,-116.647339,-34.5975533,-172.775574
7086,35.433322,-116.729736,-34.6026344,-172.97876
7087,35.438301,-116.856079,-34.612793,-173.258179
7088,35.443318,-116.94397,-34.6229553,-173.451218
7089,35.448308,-117.075806,-34.6331177,-173.740784
7090,35.453317,-117.163696,-34.64328,-173.943985
7091,35.458303,-117.295532,-34.6585236,-174.25386
7092,35.463304,-117.383423,-34.6686859,-174.467209
7093,35.468318,-117.471313,-34.6839294,-174.777069
7094,35.473323,-117.614136,-34.6940918,-174.970123
7095,35.478320,-117.70752,-34.7042542,-175.269836
7096,35.483305,-117.844849,-34.7093353,-175.462891
7097,35.488323,-117.938232,-34.7194977,-175.747391
7098,35.493308,-118.075562,-34.7194977,-175.925201
7099,35.498317,-118.168945,-34.72966,-176.189377
7100,35.503303,-118.311768,-34.72966,-176.351944
7101,35.508319,-118.394165,-34.7347412,-176.611038
7102,35.513308,-118.520508,-34.7347412,-176.79393
7103,35.518318,-118.608398,-34.7347412,-177.073334
7104,35.523319,-118.734741,-34.7347412,-177.266373
7105,35.528318,-118.817139,-34.7347412,-177.555939
7106,35.533306,-118.937988,-34.7398224,-177.754059
7107,35.538315,-119.020386,-34.7550621,-178.058853
7108,35.543301,-119.146729,-34.7652245,-178.26712
7109,35.548316,-119.234619,-34.7855453,-178.571915
7110,35.553307,-119.371948,-34.7957077,-178.775116
7111,35.558321,-119.459839,-34.8109512,-179.059616
7112,35.563303,-119.597168,-34.8211136,-179.247589
7113,35.568301,-119.690552,-34.8363571,-179.511765
7114,35.573321,-119.827881,-34.8465157,-179.684494
7115,35.578306,-119.921265,-34.8617592,-179.943588
7116,35.583320,-120.058594,-34.8668404,-180.12648
7117,35.588305,-120.140991,-34.8871613,-180.400818
7118,35.593320,-120.267334,-34.8922424,-180.58371
7119,35.598305,-120.349731,-34.9125633,-180.883423
7120,35.603322,-120.470581,-34.9227257,-181.09169
7121,35.608301,-120.558472,-34.9430466,-181.416794
7122,35.613302,-120.690308,-34.9582863,-181.630142
7123,35.618320,-120.772705,-34.9836845,-181.97049
7124,35.623407,-120.904541,-34.9989243,-182.178757
7125,35.628301,-121.003418,-35.0243225,-182.493698
7126,35.633321,-121.14624,-35.0344849,-182.686737
7127,35.638315,-121.239624,-35.0598831,-182.976303
7128,35.643304,-121.387939,-35.0700455,-183.164276
7129,35.648319,-121.47583,-35.0903664,-183.428452
7130,35.653307,-121.613159,-35.1005287,-183.606262
7131,35.658322,-121.706543,-35.1208496,-183.855194
7132,35.663302,-121.838379,-35.1360893,-184.038086
7133,35.668321,-121.882324,-35.1564064,-184.31749
7134,35.673301,-121.964722,-35.1665688,-184.520691
7135,35.678321,-121.964722,-35.191967,-184.835648
7136,35.683323,-122.200928,-35.2021294,-185.048996
7137,35.688323,-122.371216,-35.2275276,-185.384262
7138,35.693308,-122.420654,-35.2478485,-185.607773
7139,35.698319,-122.55249,-35.2834053,-185.917633
7140,35.703307,-122.645874,-35.2935677,-186.115753
7141,35.708318,-122.783203,-35.3138885,-186.4104
7142,35.713306,-122.88208,-35.3240471,-186.588211
7143,35.718317,-123.024902,-35.3392868,-186.852386
7144,35.723303,-123.123779,-35.3392868,-187.020035
7145,35.728317,-123.261108,-35.344368,-187.253723
7146,35.733302,-123.343506,-35.3494492,-187.41629
7147,35.738331,-123.469849,-35.3494492,-187.670303
7148,35.743316,-123.552246,-35.3494492,-187.848114
7149,35.748307,-123.673096,-35.3494492,-188.132614
7150,35.753321,-123.75,-35.3494492,-188.330734
7151,35.758303,-123.865356,-35.3596115,-188.645676
7152,35.763320,-123.942261,-35.3596115,-188.853943
7153,35.768302,-124.06311,-35.3748512,-189.163803
7154,35.773317,-124.151001,-35.3748512,-189.265396
7155,35.778307,-124.28833,-35.3748512,-189.265396
7156,35.783322,-124.376221,-35.3748512,-189.265396
7157,35.788304,-124.51355,-35.3799324,-189.331436
7158,35.793316,-124.60144,-35.3951721,-189.43811
7159,35.798301,-124.73877,-35.4307289,-189.626068
7160,35.803316,-124.82666,-35.451046,-189.758148
7161,35.808307,-124.958496,-35.4713669,-189.956268
7162,35.813316,-125.079346,-35.491684,-190.103592
7163,35.818306,-125.161743,-35.5272408,-190.347443
7164,35.823323,-125.282593,-35.5323219,-190.433807
7165,35.828306,-125.359497,-35.5374031,-190.713226
7166,35.833317,-125.480347,-35.5526428,-190.906265
7167,35.838302,-125.557251,-35.5628052,-191.195847
7168,35.843322,-125.678101,-35.5729637,-191.388901
7169,35.848303,-125.760498,-35.5932846,-191.678467
7170,35.853318,-125.886841,-35.6085243,-191.881668
7171,35.858301,-125.969238,-35.6440811,-192.166153
7172,35.863315,-126.101074,-35.6593208,-192.349045
7173,35.868307,-126.183472,-35.6847191,-192.618301
7174,35.873301,-126.309814,-35.6948814,-192.791031
7175,35.878318,-126.397705,-35.7202797,-193.045044
7176,35.883303,-126.524048,-35.730442,-193.293976
7177,35.888322,-126.606445,-35.7406044,-193.461624
7178,35.893307,-126.727295,-35.7558441,-193.715637
7179,35.898321,-126.804199,-35.7710838,-193.898529
7180,35.903308,-126.925049,-35.7863235,-194.177948
7181,35.908323,-127.001953,-35.8015633,-194.376068
7182,35.913316,-127.122803,-35.8269615,-194.665649
7183,35.918319,-127.199707,-35.8472786,-194.858704
7184,35.923304,-127.320557,-35.877758,-195.143204
7185,35.928321,-127.402954,-35.9031563,-195.326096
7186,35.933303,-127.485352,-35.9387131,-195.590271
7187,35.938322,-127.617187,-35.9641113,-195.768082
7188,35.943307,-127.699585,-35.9996719,-196.027176
7189,35.948320,-127.825928,-36.019989,-196.179581
7190,35.953306,-127.913818,-36.0555458,-196.433594
7191,35.958321,-128.040161,-36.0758629,-196.596161
7192,35.963308,-128.122559,-36.1012611,-196.845093
7193,35.968305,-128.248901,-36.1215782,-197.002579
7194,35.973321,-128.248901,-36.1469765,-197.251511
7195,35.978306,-128.408203,-36.1622162,-197.429321
7196,35.983322,-128.490601,-36.1825371,-197.713821
7197,35.988308,-128.61145,-36.1977768,-197.90686
7198,35.993322,-128.693848,-36.2180939,-198.211655
7199,35.998304,-128.814697,-36.2384148,-198.404694
7200,36.003316,-128.897095,-36.263813,-198.714569
7201,36.008303,-129.023437,-36.263813,-198.714569
7202,36.013319,-129.111328,-36.263813,-198.714569
7203,36.018301,-129.243164,-36.263813,-198.714569
7204,36.023316,-129.336548,-36.2688942,-198.770447
7205,36.028319,-129.468384,-36.2841339,-198.866959
7206,36.033317,-129.550781,-36.3146095,-199.02951
7207,36.038307,-129.671631,-36.3298492,-199.146347
7208,36.043323,-129.754028,-36.3501701,-199.324142
7209,36.048308,-129.874878,-36.3603325,-199.461304
7210,36.053301,-129.951782,-36.375576,-199.679749
7211,36.058320,-130.061646,-36.3806572,-199.73056
7212,36.063305,-130.13855,-36.3959007,-199.954086
7213,36.068320,-130.253906,-36.4060631,-200.147141
7214,36.073305,-130.330811,-36.426384,-200.436722
7215,36.078321,-130.45166,-36.4365463,-200.634842
7216,36.083327,-130.534058,-36.4517899,-200.939636
7217,36.088322,-130.654907,-36.4619522,-201.142822
7218,36.093307,-130.748291,-36.4822731,-201.422241
7219,36.098322,-130.891113,-36.4873543,-201.594971
7220,36.103302,-130.984497,-36.4975128,-201.83374
7221,36.108318,-131.077881,-36.502594,-201.991226
7222,36.113306,-131.204224,-36.5178375,-202.20459
7223,36.118319,-131.292114,-36.5229187,-202.341751
7224,36.123304,-131.456909,-36.5330811,-202.560196
7225,36.128321,-131.539307,-36.5432434,-202.70752
7226,36.133306,-131.64917,-36.5534058,-202.931046
7227,36.138308,-131.64917,-36.5635681,-203.08345
7228,36.143320,-131.824951,-36.5788116,-203.327301
7229,36.148302,-131.934814,-36.588974,-203.500031
7230,36.153320,-132.011719,-36.5991364,-203.784531
7231,36.158302,-132.127075,-36.6092987,-203.987717
7232,36.163321,-132.203979,-36.6194611,-204.31282
7233,36.168303,-132.335815,-36.6296234,-204.536331
7234,36.173319,-132.423706,-36.6347046,-204.866516
7235,36.178301,-132.561035,-36.6397858,-205.074783
7236,36.183322,-132.654419,-36.6448669,-205.379578
7237,36.188307,-132.791748,-36.6448669,-205.562469
7238,36.193320,-132.885132,-36.6499481,-205.811401
7239,36.198307,-133.027954,-36.6550293,-205.963806
7240,36.203323,-133.121338,-36.6601105,-206.17717
7241,36.208306,-133.253174,-36.6601105,-206.319412
7242,36.213303,-133.324585,-36.6702728,-206.542938
7243,36.218315,-133.434448,-36.675354,-206.700424
7244,36.223306,-133.505859,-36.6956749,-206.939194
7245,36.228317,-133.615723,-36.7058372,-207.111923
7246,36.233302,-133.692627,-36.7261581,-207.386261
7247,36.238322,-133.80249,-36.7464752,-207.579315
7248,36.243302,-133.873901,-36.7718735,-207.873962
7249,36.248321,-133.994751,-36.7871132,-208.08223
7250,36.253302,-134.088135,-36.8125114,-208.397171
7251,36.258317,-134.225464,-36.8277512,-208.600372
7252,36.263316,-134.313354,-36.8379135,-208.87471
7253,36.268306,-134.450684,-36.8480759,-209.042358
7254,36.273319,-134.544067,-36.8582382,-209.281128
7255,36.278301,-134.675903,-36.8684006,-209.428452
7256,36.283321,-134.769287,-36.8734818,-209.687546
7257,36.288304,-134.901123,-36.8887215,-209.860275
7258,36.293322,-134.978027,-36.8988838,-210.129517
7259,36.298308,-135.093384,-36.9090462,-210.307327
7260,36.303320,-135.170288,-36.9242897,-210.607056
7261,36.308302,-135.285645,-36.9395294,-210.805176
7262,36.313317,-135.373535,-36.9598503,-211.094742
7263,36.318321,-135.499878,-36.97509,-211.282715
7264,36.323319,-135.582275,-36.9954109,-211.562134
7265,36.328308,-135.714111,-37.0055733,-211.729782
7266,36.333321,-135.807495,-37.0258942,-211.973633
7267,36.338308,-135.944824,-37.0309753,-212.131119
7268,36.343319,-136.032715,-37.0411377,-212.364807
7269,36.348306,-136.164551,-37.0513,-212.527374
7270,36.353332,-136.246948,-37.0513,-212.79155
7271,36.358320,-136.367798,-37.0513,-212.979523
7272,36.363305,-136.444702,-37.0513,-213.279236
7273,36.368317,-136.571045,-37.0513,-213.492584
7274,36.373319,-136.658936,-37.0462189,-213.812607
7275,36.378321,-136.790771,-37.0462189,-214.031036
7276,36.383301,-136.878662,-37.0411377,-214.361221
7277,36.388323,-137.015991,-37.0411377,-214.57457
7278,36.393306,-137.109375,-37.0411377,-214.874283
7279,36.398323,-137.25769,-37.0411377,-215.067322
7280,36.403308,-137.351074,-37.0411377,-215.336578
7281,36.408317,-137.493896,-37.0360565,-215.422943
7282,36.413302,-137.581787,-37.0309753,-215.468658
7283,36.418315,-137.713623,-37.0157356,-215.560089
7284,36.423305,-137.801514,-36.9903374,-215.732803
7285,36.428321,-137.927856,-36.9750977,-215.854721
7286,36.433315,-138.015747,-36.9598541,-216.052841
7287,36.438319,-138.147583,-36.9547729,-216.200165
7288,36.443308,-138.235474,-36.9547729,-216.444016
7289,36.448316,-138.361816,-36.9547729,-216.504974
7290,36.453301,-138.449707,-36.9496918,-216.708176
7291,36.458318,-138.587036,-36.9496918,-216.875824
7292,36.463303,-138.674927,-36.9496918,-217.119675
7293,36.468318,-138.762817,-36.9547729,-217.277161
7294,36.473303,-138.878174,-36.9700165,-217.526093
7295,36.478319,-138.960571,-36.9750977,-217.68866
7296,36.483304,-139.075928,-36.9801788,-217.922348
7297,36.488322,-139.11438,-36.9903412,-218.095078
7298,36.493320,-139.235229,-36.9903412,-218.349091
7299,36.498458,-139.356079,-36.9903412,-218.526901
7300,36.503303,-139.438477,-36.9903412,-218.80632
7301,36.508301,-139.559326,-37.0055809,-218.973969
7302,36.513322,-139.641724,-37.0055809,-219.258469
7303,36.518304,-139.768066,-37.0106621,-219.436279
7304,36.523320,-139.855957,-37.0157433,-219.68013
7305,36.528307,-139.9823,-37.0259056,-219.837616
7306,36.533319,-140.064697,-37.0411453,-220.056061
7307,36.538306,-140.185547,-37.0614662,-220.203384
7308,36.543322,-140.267944,-37.0919456,-220.431992
7309,36.548427,-140.388794,-37.1071854,-220.594559
7310,36.553320,-140.460205,-37.1376648,-220.843491
7311,36.558305,-140.570068,-37.163063,-221.01622
7312,36.563318,-140.641479,-37.1833801,-221.285477
7313,36.568301,-140.751343,-37.1935425,-221.47345
7314,36.573318,-140.839233,-37.2087822,-221.75795
7315,36.578308,-140.965576,-37.2189445,-221.945923
7316,36.583323,-141.053467,-37.2291069,-222.230423
7317,36.588306,-141.17981,-37.2341881,-222.423462
7318,36.593320,-141.273193,-37.2443504,-222.707962
7319,36.598307,-141.410522,-37.2443504,-222.890854
7320,36.603322,-141.498413,-37.2494316,-223.144867
7321,36.608323,-141.635742,-37.2545128,-223.312515
7322,36.613304,-141.71814,-37.259594,-223.551285
7323,36.618317,-141.800537,-37.2697563,-223.70369
7324,36.623304,-141.882935,-37.2900734,-223.922134
7325,36.628317,-142.047729,-37.3002357,-224.069458
7326,36.633303,-142.047729,-37.3154793,-224.298065
7327,36.638318,-142.157593,-37.330719,-224.455551
7328,36.643306,-142.157593,-37.3408813,-224.704483
7329,36.648320,-142.333374,-37.3459625,-224.877213
7330,36.653305,-142.333374,-37.3510437,-225.141388
7331,36.658318,-142.531128,-37.3561249,-225.329361
7332,36.663303,-142.531128,-37.3561249,-225.60878
7333,36.668316,-142.860718,-37.3612061,-225.801819
7334,36.673301,-142.948608,-37.3713684,-226.096466
7335,36.678316,-143.080444,-37.3713684,-226.294586
7336,36.683301,-143.173828,-37.3713684,-226.609528
7337,36.688323,-143.305664,-37.3764496,-226.797501
7338,36.693308,-143.393555,-37.3764496,-227.082001
7339,36.698301,-143.530884,-37.3866081,-227.27504
7340,36.703323,-143.624268,-37.3967705,-227.554459
7341,36.708305,-143.756104,-37.4018517,-227.727188
7342,36.713320,-143.843994,-37.412014,-227.981201
7343,36.718322,-143.970337,-37.4170952,-228.143768
7344,36.723321,-144.058228,-37.4272575,-228.372375
7345,36.728308,-144.18457,-37.4323387,-228.514618
7346,36.733322,-144.261475,-37.4475822,-228.727982
7347,36.738301,-144.338379,-37.4526634,-228.880386
7348,36.743320,-144.459229,-37.467907,-229.108994
7349,36.748307,-144.536133,-37.4729881,-229.276642
7350,36.753323,-144.651489,-37.4882278,-229.530655
7351,36.758308,-144.7229,-37.5034676,-229.703384
7352,36.763322,-144.838257,-37.5187111,-229.962479
7353,36.768318,-144.915161,-37.5339546,-230.211411
7354,36.773321,-145.036011,-37.544117,-230.373978
7355,36.778307,-145.118408,-37.5593567,-230.541626
7356,36.783318,-145.239258,-37.5745964,-230.80072
7357,36.788305,-145.321655,-37.5898361,-231.064896
7358,36.793315,-145.442505,-37.6101532,-231.232544
7359,36.798302,-145.524902,-37.6203117,-231.476395
7360,36.803320,-145.640259,-37.6304741,-231.628799
7361,36.808303,-145.722656,-37.6406364,-231.847244
7362,36.813308,-145.843506,-37.650795,-231.984406
7363,36.818320,-145.925903,-37.6660347,-232.207932
7364,36.823315,-146.046753,-37.6761971,-232.365417
7365,36.828318,-146.12915,-37.6965179,-232.599106
7366,36.833307,-146.25,-37.7015991,-232.761673
7367,36.838321,-146.326904,-37.72192,-232.995361
7368,36.843301,-146.447754,-37.7320824,-233.142685
7369,36.848319,-146.524658,-37.7524033,-233.371292
7370,36.853303,-146.640015,-37.7778015,-233.528778
7371,36.858318,-146.722412,-37.8082809,-233.752304
7372,36.863303,-146.837769,-37.828598,-233.919952
7373,36.868321,-146.914673,-37.8590736,-234.168884
7374,36.873307,-147.035522,-37.8844719,-234.331451
7375,36.878315,-147.11792,-37.9149513,-234.585464
7376,36.883303,-147.23877,-37.9251099,-234.753113
7377,36.888323,-147.321167,-37.9403496,-234.991882
7378,36.893303,-147.44751,-37.9505081,-235.149368
7379,36.898319,-147.5354,-37.9657478,-235.393219
7380,36.903308,-147.667236,-37.970829,-235.565948
7381,36.908319,-147.755127,-37.9911461,-235.81488
7382,36.913305,-147.886963,-37.9962273,-235.997772
7383,36.918413,-147.96936,-38.011467,-236.282272
7384,36.923303,-148.101196,-38.0216293,-236.475327
7385,36.928306,-148.183594,-38.0317917,-236.77504
7386,36.933317,-148.320923,-38.0470314,-236.957932
7387,36.938322,-148.408813,-38.0622711,-237.222107
7388,36.943318,-148.546143,-38.082592,-237.389755
7389,36.948303,-148.634033,-38.1079903,-237.638687
7390,36.953316,-148.765869,-38.12323,-237.791092
7391,36.958301,-148.85376,-38.1435509,-238.019699
7392,36.963317,-148.980103,-38.1537094,-238.167023
7393,36.968307,-149.067993,-38.1638718,-238.39563
7394,36.973320,-149.188843,-38.1689529,-238.542953
7395,36.978306,-149.265747,-38.1740341,-238.781723
7396,36.983316,-149.386597,-38.1791153,-238.929047
7397,36.988307,-149.463501,-38.1791153,-239.167816
7398,36.993317,-149.584351,-38.1791153,-239.340546
7399,36.998304,-149.661255,-38.1791153,-239.59964
7400,37.003321,-149.782104,-38.1841965,-239.772369
7401,37.008304,-149.859009,-38.19944,-240.036545
7402,37.013320,-149.990845,-38.2045212,-240.199112
7403,37.018306,-150.078735,-38.2146835,-240.448044
7404,37.023326,-150.166626,-38.2248421,-240.600449
7405,37.028304,-150.254517,-38.2400818,-240.829056
7406,37.033315,-150.380859,-38.2553215,-240.976379
7407,37.038301,-150.46875,-38.270565,-241.194824
7408,37.043320,-150.595093,-38.2858047,-241.342148
7409,37.048308,-150.67749,-38.2959671,-241.55043
7410,37.053306,-150.803833,-38.3010483,-241.697754
7411,37.058317,-150.875244,-38.3112106,-241.936523
7412,37.063302,-150.990601,-38.3162918,-242.088928
7413,37.068321,-151.067505,-38.3315353,-242.33786
7414,37.073306,-151.182861,-38.3416977,-242.500427
7415,37.078317,-151.259766,-38.35186,-242.764603
7416,37.083306,-151.380615,-38.3721771,-242.932251
7417,37.088322,-151.45752,-38.3874168,-243.206589
7418,37.093307,-151.578369,-38.4026566,-243.394562
7419,37.098346,-151.66626,-38.4331322,-243.673981
7420,37.103321,-151.798096,-38.4585304,-243.84671
7421,37.108318,-151.885986,-38.4839287,-244.090561
7422,37.113308,-152.017822,-38.5042458,-244.237885
7423,37.118318,-152.105713,-38.5347214,-244.466492
7424,37.123303,-152.237549,-38.5499611,-244.603653
7425,37.128318,-152.319946,-38.5753593,-244.827179
7426,37.133307,-152.446289,-38.5905991,-244.979584
7427,37.138316,-152.5177,-38.61092,-245.218353
7428,37.143304,-152.627563,-38.6210823,-245.391083
7429,37.148357,-152.698975,-38.6413994,-245.665421
7430,37.153319,-152.814331,-38.6667976,-245.848312
7431,37.158304,-152.896729,-38.6871185,-246.158173
7432,37.163318,-153.012085,-38.6972771,-246.376602
7433,37.168308,-153.088989,-38.7125168,-246.696625
7434,37.173321,-153.088989,-38.7277565,-246.904892
7435,37.178304,-153.270264,-38.7582359,-247.20462
7436,37.183318,-153.270264,-38.7683983,-247.387512
7437,37.188308,-153.511963,-38.7836418,-247.646606
7438,37.193316,-153.511963,-38.7836418,-247.809174
7439,37.198303,-153.841553,-38.788723,-248.047943
7440,37.203323,-153.978882,-38.7938042,-248.205429
7441,37.208308,-154.077759,-38.7988853,-248.464523
7442,37.213319,-154.204102,-38.7988853,-248.637253
7443,37.218305,-154.281006,-38.8039665,-248.896332
7444,37.223316,-154.407349,-38.8090477,-249.069061
7445,37.228301,-154.489746,-38.8192101,-249.353561
7446,37.233320,-154.616089,-38.8293686,-249.541534
7447,37.238306,-154.709473,-38.8344498,-249.815872
7448,37.243322,-154.841309,-38.8395309,-249.988602
7449,37.248304,-154.929199,-38.8446121,-250.242615
7450,37.253315,-155.066528,-38.8547745,-250.410263
7451,37.258303,-155.159912,-38.8547745,-250.643951
7452,37.263321,-155.297241,-38.8547745,-250.796356
7453,37.268304,-155.390625,-38.8547745,-251.035126
7454,37.273321,-155.478516,-38.8547745,-251.187531
7455,37.278304,-155.604858,-38.8547745,-251.411057
7456,37.283317,-155.687256,-38.8496933,-251.573624
7457,37.288303,-155.813599,-38.8395309,-251.817474
7458,37.293429,-155.934448,-38.8344498,-251.990204
7459,37.298303,-156.011353,-38.8344498,-252.264542
7460,37.303304,-156.09375,-38.8344498,-252.452515
7461,37.308322,-156.2146,-38.8344498,-252.752228
7462,37.313307,-156.296997,-38.8344498,-252.955414
7463,37.318323,-156.428833,-38.8446121,-253.255127
7464,37.323306,-156.516724,-38.8446121,-253.453247
7465,37.328323,-156.64856,-38.8496933,-253.737732
7466,37.333304,-156.73645,-38.8547745,-253.915543
7467,37.338322,-156.879272,-38.8598557,-254.179718
7468,37.343305,-156.972656,-38.8649368,-254.347366
7469,37.348316,-157.115479,-38.8649368,-254.601379
7470,37.353304,-157.203369,-38.870018,-254.758865
7471,37.358322,-157.335205,-38.8750992,-254.992554
7472,37.363302,-157.417603,-38.8750992,-254.992554
7473,37.368317,-157.549438,-38.8750992,-254.992554
7474,37.373323,-157.631836,-38.8750992,-255.083984
7475,37.378320,-157.747192,-38.8903427,-255.256699
7476,37.383302,-157.824097,-38.9055824,-255.398941
7477,37.388321,-157.944946,-38.9309807,-255.617386
7478,37.393303,-158.027344,-38.9462204,-255.779953
7479,37.398321,-158.148193,-38.9716187,-256.049194
7480,37.403307,-158.230591,-38.9919395,-256.201599
7481,37.408304,-158.356934,-39.0071793,-256.35907
7482,37.413322,-158.444824,-39.022419,-256.547028
7483,37.418308,-158.582153,-39.0427399,-256.831512
7484,37.423318,-158.675537,-39.0529022,-257.01947
7485,37.428316,-158.812866,-39.0783005,-257.293793
7486,37.433322,-158.900757,-39.0884628,-257.471588
7487,37.438304,-159.038086,-39.1087837,-257.750977
7488,37.443320,-159.125977,-39.1240234,-257.949097
7489,37.448303,-159.263306,-39.134182,-258.233582
7490,37.453316,-159.351196,-39.1443443,-258.426636
7491,37.458307,-159.483032,-39.1646652,-258.716187
7492,37.463316,-159.56543,-39.1849861,-258.914307
7493,37.468303,-159.697266,-39.2103882,-259.208954
7494,37.473317,-159.785156,-39.2307053,-259.407074
7495,37.478307,-159.922485,-39.2510262,-259.701721
7496,37.483318,-160.015869,-39.2611885,-259.884583
7497,37.488301,-160.153198,-39.2815094,-260.153809
7498,37.493330,-160.246582,-39.2916718,-260.331604
7499,37.498308,-160.339966,-39.3018341,-260.580505
7500,37.503301,-160.477295,-39.3069153,-260.73291
7501,37.508322,-160.570679,-39.3119965,-260.966583
7502,37.513307,-160.702515,-39.3119965,-261.12912
7503,37.518316,-160.779419,-39.3272362,-261.403442
7504,37.523301,-160.900269,-39.3323174,-261.5914
7505,37.528319,-160.977173,-39.3526382,-261.891113
7506,37.533304,-161.054077,-39.367878,-262.104492
7507,37.538319,-161.185913,-39.3932762,-262.424561
7508,37.543304,-161.268311,-39.4135933,-262.648071
7509,37.548321,-161.394653,-39.4389915,-262.968109
7510,37.553307,-161.482544,-39.4542313,-263.176392
7511,37.558315,-161.630859,-39.4847069,-263.471039
7512,37.563309,-161.729736,-39.4948692,-263.664093
7513,37.568317,-161.878052,-39.5202675,-263.948578
7514,37.573308,-161.971436,-39.5304298,-264.131439
7515,37.578323,-162.114258,-39.5507507,-264.400665
7516,37.583305,-162.202148,-39.5659904,-264.573395
7517,37.588318,-162.339478,-39.5710716,-264.807068
7518,37.593308,-162.432861,-39.5710716,-264.964539
7519,37.598306,-162.553711,-39.581234,-265.21344
7520,37.603319,-162.636108,-39.5863152,-265.376007
7521,37.608301,-162.756958,-39.5964737,-265.624908
7522,37.613321,-162.833862,-39.606636,-265.787476
7523,37.618303,-162.949219,-39.6269569,-266.07196
7524,37.623320,-163.026123,-39.6320381,-266.24469
7525,37.628305,-163.135986,-39.6574364,-266.519012
7526,37.633318,-163.174438,-39.6675949,-266.696808
7527,37.638306,-163.33374,-39.6879158,-266.97113
7528,37.643304,-163.33374,-39.7031555,-267.138763
7529,37.648321,-163.498535,-39.7234764,-267.392731
7530,37.653306,-163.498535,-39.7285576,-267.550201
7531,37.658323,-163.701782,-39.7488747,-267.794037
7532,37.663319,-163.701782,-39.7641144,-267.956573
7533,37.668321,-163.998413,-39.7793579,-268.195343
7534,37.673307,-164.080811,-39.7895164,-268.373138
7535,37.678317,-164.196167,-39.80476,-268.637268
7536,37.683302,-164.273071,-39.8149223,-268.809998
7537,37.688321,-164.388428,-39.8301659,-269.08432
7538,37.693301,-164.465332,-39.8504829,-269.267181
7539,37.698321,-164.586182,-39.8758812,-269.5466
7540,37.703303,-164.668579,-39.8911209,-269.729462
7541,37.708323,-164.789429,-39.9165192,-270.00885
7542,37.713306,-164.871826,-39.9419174,-270.191742
7543,37.718318,-165.003662,-39.9673157,-270.455902
7544,37.723317,-165.08606,-39.977478,-270.628601
7545,37.728323,-165.217896,-40.0028763,-270.872406
7546,37.733302,-165.305786,-40.018116,-271.034943
7547,37.738318,-165.432129,-40.0333557,-271.258423
7548,37.743303,-165.514526,-40.0435181,-271.410828
7549,37.748317,-165.646362,-40.0536804,-271.65976
7550,37.753306,-165.723267,-40.0587616,-271.822296
7551,37.758323,-165.844116,-40.0638428,-272.08136
7552,37.763304,-165.921021,-40.0638428,-272.248993
7553,37.768321,-166.036377,-40.0790863,-272.523285
7554,37.773320,-166.113281,-40.094326,-272.706177
7555,37.778358,-166.239624,-40.1197243,-272.990662
7556,37.783304,-166.316528,-40.134964,-273.183716
7557,37.788307,-166.360474,-40.1654396,-273.468201
7558,37.793318,-166.525269,-40.1806793,-273.64093
7559,37.798306,-166.618652,-40.2010002,-273.900024
7560,37.803322,-166.755981,-40.2162399,-274.057495
7561,37.808307,-166.849365,-40.2263985,-274.280975
7562,37.813319,-166.981201,-40.2365608,-274.428284
7563,37.818304,-167.063599,-40.241642,-274.626404
7564,37.823321,-167.189941,-40.2518044,-274.76355
7565,37.828303,-167.272339,-40.2568855,-274.971802
7566,37.833319,-167.393188,-40.2568855,-275.114014
7567,37.838301,-167.459106,-40.2619667,-275.332428
7568,37.843317,-167.557983,-40.2670479,-275.47464
7569,37.848307,-167.623901,-40.2772102,-275.693054
7570,37.853322,-167.728271,-40.2873726,-275.840363
7571,37.858304,-167.799683,-40.3076935,-276.058777
7572,37.863317,-167.909546,-40.3178558,-276.200989
7573,37.868301,-167.980957,-40.3178558,-276.200989
7574,37.873302,-168.096313,-40.3178558,-276.200989
7575,37.878316,-168.173218,-40.3178558,-276.200989
7576,37.883386,-168.294067,-40.3178558,-276.200989
7577,37.888323,-168.370972,-40.3178558,-276.200989
7578,37.893303,-168.491821,-40.3178558,-276.200989
7579,37.898319,-168.579712,-40.3178558,-276.200989
7580,37.903304,-168.711548,-40.3178558,-276.200989
7581,37.908307,-168.799438,-40.3178558,-276.200989
7582,37.913320,-168.931274,-40.3178558,-276.206055
7583,37.918303,-169.019165,-40.3178558,-276.373688
7584,37.923321,-169.151001,-40.3483353,-276.541321
7585,37.928303,-169.233398,-40.4194527,-276.785126
7586,37.933316,-169.365234,-40.4550133,-276.927338
7587,37.938301,-169.442139,-40.4854889,-277.059448
7588,37.943318,-169.562988,-40.5058098,-277.201691
7589,37.948308,-169.639893,-40.531208,-277.44043
7590,37.953320,-169.760742,-40.5413704,-277.5979
7591,37.958302,-169.84314,-40.5667686,-277.821411
7592,37.963320,-169.881592,-40.5820084,-277.978882
7593,37.968303,-170.040894,-40.6074066,-278.222717
7594,37.973317,-170.123291,-40.6328049,-278.385284
7595,37.978307,-170.244141,-40.6582069,-278.659607
7596,37.983321,-170.321045,-40.6836052,-278.847565
7597,37.988308,-170.436401,-40.7242432,-279.126984
7598,37.993353,-170.518799,-40.7394829,-279.320038
7599,37.998316,-170.645142,-40.7750397,-279.619751
7600,38.003301,-170.727539,-40.8055191,-279.802643
7601,38.008318,-170.859375,-40.8055191,-279.787415
7602,38.013306,-170.941772,-40.8055191,-279.787415
7603,38.018322,-171.079102,-40.8106003,-279.792511
7604,38.023303,-171.172485,-40.7089996,-279.909363
7605,38.028320,-171.315308,-40.7496376,-280.158264
7606,38.033306,-171.403198,-40.7750359,-280.310669
7607,38.038316,-171.535034,-40.8004341,-280.544342
7608,38.043301,-171.622925,-40.8156738,-280.696716
7609,38.048322,-171.749268,-40.8410721,-280.930389
7610,38.053320,-171.831665,-40.861393,-281.174194
7611,38.058323,-171.952515,-40.8766327,-281.346924
7612,38.063306,-172.029419,-40.8969536,-281.61615
7613,38.068317,-172.144775,-40.9172745,-281.793945
7614,38.073306,-172.22168,-40.9325142,-282.083527
7615,38.078317,-172.348022,-40.9477539,-282.271484
7616,38.083303,-172.43042,-40.9680748,-282.571198
7617,38.088376,-172.556763,-40.9934731,-282.774384
7618,38.093308,-172.644653,-41.0239487,-283.069
7619,38.098327,-172.781982,-41.0442657,-283.256958
7620,38.103317,-172.875366,-41.069664,-283.521118
7621,38.108316,-172.875366,-41.0849037,-283.698914
7622,38.113321,-173.111572,-41.1001472,-283.947815
7623,38.118308,-173.199463,-41.1052284,-284.10022
7624,38.123320,-173.199463,-41.1204681,-284.318665
7625,38.128301,-173.413696,-41.1255493,-284.471069
7626,38.133318,-173.583984,-41.1357117,-284.689484
7627,38.138308,-173.622437,-41.1407928,-284.841858
7628,38.143321,-173.770752,-41.145874,-284.91806
7629,38.148303,-173.809204,-41.145874,-284.91806
7630,38.153318,-173.95752,-41.145874,-284.91806
7631,38.158303,-173.995972,-41.145874,-284.91806
7632,38.163322,-174.14978,-41.145874,-284.91806
7633,38.168301,-174.188232,-41.145874,-284.91806
7634,38.173322,-174.342041,-41.145874,-284.91806
7635,38.178304,-174.385986,-41.1407928,-284.979004
7636,38.183321,-174.567261,-41.1306305,-285.156799
7637,38.188308,-174.611206,-41.1306305,-285.299011
7638,38.193319,-174.79248,-41.145874,-285.527618
7639,38.198308,-174.841919,-41.1661911,-285.685089
7640,38.203305,-175.023193,-41.2119102,-285.944153
7641,38.208317,-175.067139,-41.2423897,-286.116882
7642,38.213302,-175.248413,-41.2576294,-286.2388
7643,38.218316,-175.292358,-41.2677917,-286.406433
7644,38.223305,-175.457153,-41.2779541,-286.685822
7645,38.228318,-175.501099,-41.2830353,-286.777252
7646,38.233308,-175.671387,-41.2830353,-286.777252
7647,38.238318,-175.709839,-41.2830353,-286.777252
7648,38.243304,-175.880127,-41.2830353,-286.777252
7649,38.248320,-175.924072,-41.2830353,-286.777252
7650,38.253302,-176.09436,-41.2830353,-286.777252
7651,38.258315,-176.138306,-41.2830353,-286.777252
7652,38.263308,-176.325073,-41.2830353,-286.883942
7653,38.268340,-176.369019,-41.2728729,-286.990631
7654,38.273321,-176.550293,-41.2728729,-287.173553
7655,38.278303,-176.594238,-41.2779541,-287.295502
7656,38.283322,-176.759033,-41.3033524,-287.498688
7657,38.288307,-176.846924,-41.3338318,-287.645996
7658,38.293316,-176.967773,-41.3744736,-287.83902
7659,38.298306,-177.044678,-41.3846359,-287.925385
7660,38.303323,-177.160034,-41.4100342,-288.184448
7661,38.308301,-177.236938,-41.4201965,-288.382568
7662,38.313323,-177.319336,-41.4506721,-288.702637
7663,38.318305,-177.445679,-41.4760704,-288.910919
7664,38.323422,-177.588501,-41.5217896,-289.215698
7665,38.328303,-177.676392,-41.5471878,-289.423981
7666,38.333322,-177.769775,-41.5878258,-289.713562
7667,38.338308,-177.912598,-41.6081429,-289.90152
7668,38.343321,-178.011475,-41.6436996,-290.180908
7669,38.348303,-178.154297,-41.6589394,-290.506042
7670,38.353316,-178.247681,-41.6589394,-290.744781
7671,38.358308,-178.38501,-41.6691017,-290.912415
7672,38.363319,-178.4729,-41.6792641,-291.176575
7673,38.368307,-178.604736,-41.6894264,-291.359467
7674,38.373308,-178.692627,-41.6995888,-291.664246
7675,38.378317,-178.829956,-41.7097511,-291.877625
7676,38.383307,-178.917847,-41.7351494,-292.202759
7677,38.388321,-179.055176,-41.7503891,-292.421204
7678,38.393309,-179.14856,-41.7808647,-292.751404
7679,38.398320,-179.291382,-41.7961044,-292.959686
7680,38.403305,-179.395752,-41.8215027,-293.274658
7681,38.408317,-179.544067,-41.8367424,-293.472778
7682,38.413305,-179.642944,-41.8570633,-293.752167
7683,38.418321,-179.79126,-41.8672256,-293.924896
7684,38.423302,-179.884644,-41.8875465,-294.173798
7685,38.428316,179.972534,-41.8926277,-294.331268
7686,38.433307,179.87915,-41.9027901,-294.564941
7687,38.438316,179.752808,-41.9078712,-294.722412
7688,38.443306,179.675903,-41.9180336,-294.966217
7689,38.448315,179.555054,-41.9180336,-295.138947
7690,38.453305,179.478149,-41.9332771,-295.428497
7691,38.458315,179.351807,-41.9434395,-295.626617
7692,38.463309,179.269409,-41.9637604,-295.931427
7693,38.468317,179.143066,-41.9790001,-296.139709
7694,38.473306,179.143066,-41.9942436,-296.434357
7695,38.478394,178.928833,-41.9993248,-296.622314
7696,38.483304,178.928833,-42.004406,-296.896606
7697,38.488302,178.69812,-42.0247269,-297.054077
7698,38.493320,178.604736,-42.029808,-297.267426
7699,38.498317,178.478394,-42.0399666,-297.409637
7700,38.503321,178.401489,-42.0450478,-297.602692
7701,38.508308,178.28064,-42.0501289,-297.744934
7702,38.513316,178.203735,-42.0552101,-297.968414
7703,38.518306,178.093872,-42.0602913,-298.120819
7704,38.523320,178.022461,-42.0704536,-298.384979
7705,38.528306,177.918091,-42.0704536,-298.578033
7706,38.533322,177.852173,-42.080616,-298.882812
7707,38.538308,177.731323,-42.0958557,-299.091095
7708,38.543322,177.648926,-42.1110954,-299.40097
7709,38.548319,177.522583,-42.1263351,-299.5737
7710,38.553321,177.434692,-42.1517334,-299.842926
7711,38.558304,177.30835,-42.1568146,-300.010559
7712,38.563320,177.220459,-42.187294,-300.244232
7713,38.568303,177.088623,-42.1974564,-300.391541
7714,38.573320,176.995239,-42.2228546,-300.609985
7715,38.578307,176.951294,-42.2279358,-300.747131
7716,38.583319,176.846924,-42.2482567,-300.975739
7717,38.588303,176.77002,-42.2634964,-301.138306
7718,38.593320,176.665649,-42.293972,-301.412598
7719,38.598305,176.588745,-42.3142929,-301.600555
7720,38.603316,176.478882,-42.3447723,-301.879944
7721,38.608319,176.407471,-42.3650894,-302.08313
7722,38.613307,176.297607,-42.4006462,-302.382843
7723,38.618316,176.182251,-42.4311256,-302.580963
7724,38.623306,176.182251,-42.4768448,-302.870514
7725,38.628317,175.957031,-42.502243,-303.053375
7726,38.633307,175.825195,-42.542881,-303.307373
7727,38.638319,175.737305,-42.5682793,-303.480072
7728,38.643305,175.737305,-42.5987549,-303.728973
7729,38.648321,175.512085,-42.6089134,-303.886444
7730,38.653307,175.512085,-42.6343117,-304.120117
7731,38.658323,175.292358,-42.644474,-304.277588
7732,38.663308,175.171509,-42.6597176,-304.516327
7733,38.668315,175.089111,-42.6698799,-304.678864
7734,38.673304,174.968262,-42.6800423,-304.937958
7735,38.678319,174.891357,-42.6902008,-305.115753
7736,38.683308,174.776001,-42.7105217,-305.390076
7737,38.688318,174.699097,-42.7156029,-305.572968
7738,38.693308,174.578247,-42.7410011,-305.862518
7739,38.698316,174.501343,-42.7663994,-306.065735
7740,38.703306,174.375,-42.8070374,-306.375641
7741,38.708328,174.287109,-42.8324356,-306.578827
7742,38.713320,174.160767,-42.8578339,-306.873474
7743,38.718301,174.072876,-42.8883133,-307.061432
7744,38.723346,173.935547,-42.9086342,-307.330658
7745,38.728320,173.847656,-42.9238739,-307.493195
7746,38.733321,173.710327,-42.9492722,-307.726868
7747,38.738306,173.622437,-42.9594345,-307.879242
7748,38.743320,173.496094,-42.9746742,-308.107849
7749,38.748306,173.413696,-42.9848366,-308.26532
7750,38.753316,173.292847,-43.0051575,-308.514221
7751,38.758303,173.210449,-43.0153198,-308.686951
7752,38.763316,173.100586,-43.0305634,-308.95108
7753,38.768303,173.023682,-43.0458031,-309.139038
7754,38.773323,172.908325,-43.0712013,-309.433685
7755,38.778305,172.787476,-43.0915184,-309.62674
7756,38.783323,172.699585,-43.1321564,-309.926453
7757,38.788305,172.573242,-43.1524734,-310.124573
7758,38.793317,172.490845,-43.1880302,-310.398895
7759,38.798305,172.402954,-43.2134285,-310.576691
7760,38.803306,172.265625,-43.2439041,-310.825623
7761,38.808315,172.128296,-43.2693024,-310.983093
7762,38.813308,172.040405,-43.2947006,-311.216766
7763,38.818322,171.914062,-43.3200989,-311.374237
7764,38.823307,171.831665,-43.3353424,-311.612976
7765,38.828318,171.716309,-43.3505821,-311.780609
7766,38.833303,171.633911,-43.3759804,-312.044769
7767,38.838316,171.557007,-43.4013824,-312.222565
7768,38.843316,171.436157,-43.4267807,-312.50705
7769,38.848320,171.359253,-43.4420204,-312.700104
7770,38.853308,171.238403,-43.4877396,-312.989685
7771,38.858320,171.156006,-43.518219,-313.182739
7772,38.863308,171.018677,-43.5537758,-313.47229
7773,38.868315,170.925293,-43.5893364,-313.650085
7774,38.873301,170.787964,-43.6299744,-313.898987
7775,38.878318,170.700073,-43.6553726,-314.056458
7776,38.883306,170.562744,-43.6960106,-314.279968
7777,38.888316,170.46936,-43.7112503,-314.417114
7778,38.893301,170.332031,-43.7468071,-314.625397
7779,38.898318,170.244141,-43.7722054,-314.767639
7780,38.903318,170.128784,-43.8026848,-315.001312
7781,38.908315,170.05188,-43.8179245,-315.163879
7782,38.913302,169.93103,-43.8433266,-315.42804
7783,38.918319,169.854126,-43.8636436,-315.610901
7784,38.923304,169.727783,-43.8941231,-315.910614
7785,38.928306,169.645386,-43.9195213,-316.1138
7786,38.933319,169.524536,-43.9601593,-316.41861
7787,38.938301,169.436646,-43.9855576,-316.611633
7788,38.943317,169.293823,-44.0211143,-316.901184
7789,38.948308,169.200439,-44.0465126,-317.078979
7790,38.953322,169.057617,-44.0820694,-317.338043
7791,38.958308,168.964233,-44.0973091,-317.505676
7792,38.963323,168.826904,-44.1125526,-317.734283
7793,38.968305,168.739014,-44.122715,-317.891754
7794,38.973319,168.607178,-44.1379547,-318.130524
7795,38.978304,168.519287,-44.1481171,-318.298157
7796,38.983319,168.403931,-44.168438,-318.562317
7797,38.988301,168.327026,-44.1735191,-318.745178
7798,38.993316,168.294067,-44.1989174,-319.03476
7799,38.998306,168.294067,-44.2090797,-319.237946
7800,39.003321,168.052368,-44.234478,-319.542755
7801,39.008317,167.964478,-44.2446404,-319.751038
7802,39.013321,167.838135,-44.2700386,-320.071075
7803,39.018301,167.755737,-44.2852783,-320.269196
7804,39.023318,167.612915,-44.3055992,-320.563812
7805,39.028306,167.519531,-44.3208389,-320.736511
7806,39.033318,167.376709,-44.3360825,-320.990479
7807,39.038305,167.283325,-44.3411636,-321.158112
7808,39.043316,167.151489,-44.3411636,-321.381622
7809,39.048301,167.063599,-44.3411636,-321.539093
7810,39.053316,166.937256,-44.3462448,-321.777832
7811,39.058302,166.849365,-44.351326,-322.021637
7812,39.063316,166.734009,-44.351326,-322.184174
7813,39.068323,166.657104,-44.351326,-322.433105
7814,39.073304,166.541748,-44.351326,-322.605835
7815,39.078321,166.464844,-44.3665657,-322.89032
7816,39.083307,166.343994,-44.3767242,-323.083344
7817,39.088317,166.261597,-44.4021225,-323.393219
7818,39.093302,166.135254,-44.4275208,-323.601501
7819,39.098320,166.052856,-44.4529228,-323.906311
7820,39.103301,165.915527,-44.4732399,-324.099335
7821,39.108319,165.822144,-44.5037193,-324.38382
7822,39.113302,165.723267,-44.5240402,-324.566711
7823,39.118322,165.580444,-44.5443611,-324.830872
7824,39.123320,165.443115,-44.5646782,-325.003601
7825,39.128321,165.349731,-44.5799217,-325.267761
7826,39.133306,165.305786,-44.5951614,-325.435394
7827,39.138316,165.305786,-44.6154823,-325.694489
7828,39.143301,165.075073,-44.630722,-325.867187
7829,39.148323,165.075073,-44.6408844,-326.131348
7830,39.153308,164.745483,-44.6561241,-326.309143
7831,39.158316,164.663086,-44.676445,-326.588531
7832,39.163306,164.536743,-44.6967659,-326.781586
7833,39.168319,164.459839,-44.7272453,-327.081299
7834,39.173301,164.333496,-44.7526436,-327.284485
7835,39.178317,164.251099,-44.7932816,-327.589264
7836,39.183318,164.11377,-44.8136024,-327.787384
7837,39.188358,164.020386,-44.8440781,-328.071869
7838,39.193306,163.883057,-44.8643951,-328.234406
7839,39.198304,163.789673,-44.8948708,-328.483307
7840,39.203323,163.646851,-44.9101105,-328.645844
7841,39.208305,163.553467,-44.9355087,-328.899811
7842,39.213318,163.416138,-44.9558258,-329.067444
7843,39.218305,163.322754,-44.9710655,-329.331604
7844,39.223318,163.196411,-44.9812279,-329.519562
7845,39.228305,163.108521,-44.9964676,-329.809113
7846,39.233320,162.982178,-45.0117073,-330.012329
7847,39.238302,162.894287,-45.0371056,-330.312042
7848,39.243318,162.762451,-45.0472679,-330.5
7849,39.248303,162.669067,-45.0625114,-330.784485
7850,39.253322,162.537231,-45.0726738,-330.957184
7851,39.258304,162.449341,-45.0879173,-331.206085
7852,39.263319,162.317505,-45.0929985,-331.348297
7853,39.268305,162.229614,-45.1031609,-331.551483
7854,39.273306,162.097778,-45.1031609,-331.678497
7855,39.278317,162.015381,-45.1031609,-331.86142
7856,39.283307,161.905518,-45.1031609,-331.973175
7857,39.288319,161.834106,-45.108242,-332.171295
7858,39.293316,161.724243,-45.108242,-332.3237
7859,39.298317,161.652832,-45.1082458,-332.542145
7860,39.303302,161.548462,-45.1184044,-332.735199
7861,39.308320,161.482544,-45.1387253,-333.029816
7862,39.313306,161.378174,-45.1438065,-333.227936
7863,39.318322,161.30127,-45.1742821,-333.532715
7864,39.323307,161.158447,-45.1895218,-333.740997
7865,39.328321,161.065063,-45.2047653,-334.020416
7866,39.333301,160.927734,-45.2149277,-334.182953
7867,39.338318,160.834351,-45.2200089,-334.391205
7868,39.343302,160.697021,-45.22509,-334.513123
7869,39.348321,160.603638,-45.22509,-334.680786
7870,39.353303,160.510254,-45.2301712,-334.787476
7871,39.358322,160.378418,-45.2301712,-334.944977
7872,39.363308,160.317993,-45.2200089,-335.061829
7873,39.368318,160.224609,-45.2098465,-335.265015
7874,39.373306,160.158691,-45.2047653,-335.427551
7875,39.378320,160.065308,-45.2047653,-335.701843
7876,39.383301,159.993896,-45.2098465,-335.925354
7877,39.388307,159.884033,-45.2403259,-336.306366
7878,39.393320,159.812622,-45.2606468,-336.585754
7879,39.398305,159.708252,-45.3114471,-337.007385
7880,39.403323,159.592896,-45.3470078,-337.286774
7881,39.408321,159.417114,-45.4028893,-337.682983
7882,39.413321,159.301758,-45.4384499,-337.916656
7883,39.418303,159.13147,-45.4689293,-338.206207
7884,39.423322,159.016113,-45.4892464,-338.363678
7885,39.428304,158.840332,-45.5044899,-338.561798
7886,39.433322,158.730469,-45.5146523,-338.688812
7887,39.438307,158.554687,-45.5248146,-338.881866
7888,39.443319,158.494263,-45.5298958,-339.013947
7889,39.448305,158.400879,-45.534977,-339.232361
7890,39.453316,158.340454,-45.5400581,-339.394897
7891,39.458306,158.307495,-45.5553017,-339.653992
7892,39.463318,158.175659,-45.5705414,-339.836853
7893,39.468318,158.104248,-45.6010208,-340.116241
7894,39.473319,157.999878,-45.6264191,-340.309296
7895,39.478306,157.928467,-45.6619797,-340.609009
7896,39.483322,157.802124,-45.6873779,-340.812225
7897,39.488304,157.714233,-45.7381783,-341.13736
7898,39.493319,157.576904,-45.7737389,-341.355804
7899,39.498306,157.489014,-45.819458,-341.66568
7900,39.503320,157.346191,-45.8499374,-341.868896
7901,39.508302,157.241821,-45.8905754,-342.143188
7902,39.513318,157.093506,-45.9108925,-342.331146
7903,39.518303,156.994629,-45.9413681,-342.600372
7904,39.523326,156.8573,-45.9616852,-342.773102
7905,39.528320,156.769409,-45.9820061,-343.0271
7906,39.533305,156.643066,-45.9921684,-343.199829
7907,39.538321,156.555176,-46.0175667,-343.469055
7908,39.543306,156.428833,-46.0378876,-343.651917
7909,39.548322,156.351929,-46.068367,-343.941498
7910,39.553307,156.231079,-46.0836067,-344.129456
7911,39.558317,156.148682,-46.109005,-344.41394
7912,39.563302,156.022339,-46.1242447,-344.601898
7913,39.568320,155.934448,-46.1445656,-344.866058
7914,39.573304,155.802612,-46.1598053,-345.033691
7915,39.578322,155.714722,-46.1801224,-345.27243
7916,39.583320,155.588379,-46.1852036,-345.434967
7917,39.588316,155.500488,-46.2055244,-345.653381
7918,39.593301,155.368652,-46.2106056,-345.810852
7919,39.598319,155.280762,-46.2258453,-346.049591
7920,39.603308,155.165405,-46.2360039,-346.227386
7921,39.608322,155.088501,-46.2614021,-346.491547
7922,39.613307,155.088501,-46.2766418,-346.669342
7923,39.618320,154.940186,-46.3020401,-346.963989
7924,39.623305,154.863281,-46.3172798,-347.157043
7925,39.628323,154.863281,-46.3528366,-347.451691
7926,39.633303,154.654541,-46.3579178,-347.634552
7927,39.638374,154.654541,-46.3782387,-347.903778
7928,39.643316,154.35791,-46.3934784,-348.096802
7929,39.648432,154.220581,-46.4087181,-348.3508
7930,39.653308,154.13269,-46.4290352,-348.503204
7931,39.658306,153.995361,-46.4442787,-348.74704
7932,39.663319,153.907471,-46.4544411,-348.90451
7933,39.668306,153.781128,-46.4646034,-349.14325
7934,39.673320,153.693237,-46.4747658,-349.310883
7935,39.678302,153.566895,-46.4849281,-349.575043
7936,39.683320,153.48999,-46.4900093,-349.757904
7937,39.688303,153.374634,-46.5103264,-350.042389
7938,39.693316,153.292236,-46.5255661,-350.240509
7939,39.698306,153.17688,-46.5662041,-350.545319
7940,39.703318,153.088989,-46.5916023,-350.753601
7941,39.708304,152.962646,-46.6322403,-351.068573
7942,39.713319,152.874756,-46.6525574,-351.271759
7943,39.718302,152.74292,-46.6677971,-351.368286
7944,39.723320,152.644043,-46.6677971,-351.368286
7945,39.728303,152.501221,-46.6677971,-351.368286
7946,39.733307,152.402344,-46.6677971,-351.368286
7947,39.738319,152.259521,-46.6677971,-351.368286
7948,39.743308,152.177124,-46.6677971,-351.368286
7949,39.748318,152.061768,-46.6677971,-351.368286
7950,39.753301,151.97937,-46.6677971,-351.368286
7951,39.758318,151.858521,-46.6677971,-351.368286
7952,39.763307,151.792603,-46.6728783,-351.424164
7953,39.768318,151.682739,-46.7033539,-351.576569
7954,39.773306,151.616821,-46.723671,-351.703583
7955,39.778319,151.512451,-46.7592278,-351.911835
7956,39.783304,151.424561,-46.784626,-352.069305
7957,39.788316,151.292725,-46.8354263,-352.328369
7958,39.793301,151.210327,-46.8760681,-352.516327
7959,39.798321,151.078491,-46.9014664,-352.638245
7960,39.803302,150.985107,-46.9319458,-352.800781
7961,39.808322,150.842285,-46.9725838,-353.054779
7962,39.813307,150.748901,-46.997982,-353.207184
7963,39.818318,150.606079,-47.0335388,-353.430695
7964,39.823301,150.529175,-47.0538597,-353.654205
7965,39.828323,150.408325,-47.079258,-353.867554
7966,39.833302,150.331421,-47.0945015,-354.121552
7967,39.838308,150.210571,-47.1046638,-354.279022
7968,39.843321,150.133667,-47.1249847,-354.517761
7969,39.848303,150.018311,-47.1351471,-354.680298
7970,39.853321,149.941406,-47.155468,-354.959686
7971,39.858306,149.82605,-47.1707077,-355.15274
7972,39.863321,149.732666,-47.196106,-355.442322
7973,39.868320,149.595337,-47.216423,-355.63028
7974,39.873323,149.507446,-47.2418213,-355.904572
7975,39.878301,149.370117,-47.2519836,-356.082367
7976,39.883317,149.282227,-47.2672234,-356.326172
7977,39.888304,149.194336,-47.2773857,-356.478577
7978,39.893323,149.0625,-47.302784,-356.71225
7979,39.898307,148.974609,-47.3078651,-356.86972
7980,39.903319,148.85376,-47.3231087,-357.103394
7981,39.908305,148.776855,-47.333271,-357.260864
7982,39.913320,148.666992,-47.3434334,-357.519928
7983,39.918302,148.590088,-47.3535957,-357.70282
7984,39.923323,148.474731,-47.3688393,-357.987305
7985,39.928305,148.392334,-47.384079,-358.190491
7986,39.933315,148.271484,-47.4094772,-358.500366
7987,39.938302,148.189087,-47.4247169,-358.703552
7988,39.943328,148.062744,-47.4501152,-359.008331
7989,39.948321,147.96936,-47.4653549,-359.206451
7990,39.953303,147.826538,-47.4805946,-359.475677
7991,39.958317,147.733154,-47.490757,-359.648376
7992,39.963305,147.595825,-47.5060005,-359.88205
7993,39.968322,147.502441,-47.5161591,-360.024261
7994,39.973302,147.370605,-47.5212402,-360.263
7995,39.978316,147.277222,-47.5263214,-360.435699
7996,39.983321,147.150879,-47.5415649,-360.684601
7997,39.988322,147.073975,-47.5517273,-360.852234
7998,39.993302,146.958618,-47.5618896,-361.12146
7999,39.998322,146.958618,-47.5720482,-361.309418
8000,40.003307,146.80481,-47.5923691,-361.593903
8001,40.008321,146.68396,-47.6025276,-361.69043
8002,40.013306,146.601562,-47.6025276,-361.69043
8003,40.018323,146.480713,-47.6025276,-361.69043
8004,40.023308,146.398315,-47.6025276,-361.69043
8005,40.028323,146.266479,-47.6076088,-361.75647
8006,40.033309,146.178589,-47.633007,-361.908875
8007,40.038317,146.046753,-47.6482468,-362.025726
8008,40.043306,145.958862,-47.673645,-362.208649
8009,40.048320,145.838013,-47.6888847,-362.335663
8010,40.053308,145.755615,-47.6939659,-362.549011
8011,40.058306,145.629272,-47.6939659,-362.706482
8012,40.063319,145.552368,-47.6939659,-362.818237
8013,40.068301,145.431519,-47.7041245,-362.980804
8014,40.073321,145.354614,-47.7244415,-363.255127
8015,40.078304,145.233765,-47.7447624,-363.453247
8016,40.083322,145.151367,-47.775238,-363.747894
8017,40.088316,145.019531,-47.7955589,-363.940918
8018,40.093320,144.931641,-47.8412781,-364.235565
8019,40.098305,144.799805,-47.8717575,-364.428589
8020,40.103322,144.706421,-47.9073143,-364.713043
8021,40.108304,144.563599,-47.9327126,-364.895935
8022,40.113321,144.470215,-47.9631882,-365.165161
8023,40.118304,144.332886,-47.9885864,-365.348022
8024,40.123320,144.239502,-48.0139847,-365.622314
8025,40.128308,144.107666,-48.0292244,-365.80011
8026,40.133306,144.019775,-48.0546227,-366.069336
8027,40.138322,143.893433,-48.064785,-366.257294
8028,40.143303,143.805542,-48.0851059,-366.541779
8029,40.148320,143.684692,-48.0952682,-366.734833
8030,40.153303,143.602295,-48.1054268,-367.039612
8031,40.158321,143.475952,-48.1206665,-367.247894
8032,40.163301,143.475952,-48.1206665,-367.247894
8033,40.168322,143.256226,-48.1206665,-367.247894
8034,40.173302,143.21228,-48.1257477,-367.329193
8035,40.178320,143.21228,-48.1409874,-367.446045
8036,40.183305,142.981567,-48.1765442,-367.654297
8037,40.188317,142.981567,-48.1968613,-367.801605
8038,40.193307,142.662964,-48.2273369,-368.025116
8039,40.198316,142.56958,-48.2425766,-368.192749
8040,40.203301,142.432251,-48.2578201,-368.456909
8041,40.208317,142.349854,-48.2578201,-368.50769
8042,40.213306,142.218018,-48.2679825,-368.751526
8043,40.218322,142.130127,-48.2781448,-368.939484
8044,40.223306,142.003784,-48.2933884,-369.213776
8045,40.228303,141.915894,-48.3035507,-369.396637
8046,40.233321,141.789551,-48.3187943,-369.660797
8047,40.238303,141.707153,-48.3238754,-369.838593
8048,40.243321,141.580811,-48.334034,-370.097687
8049,40.248307,141.49292,-48.3441963,-370.270416
8050,40.253319,141.361084,-48.3543587,-370.524414
8051,40.258306,141.273193,-48.364521,-370.692047
8052,40.263317,141.146851,-48.3696022,-370.935852
8053,40.268320,141.064453,-48.3746834,-371.093323
8054,40.273306,140.93811,-48.3797646,-371.311737
8055,40.278322,140.855713,-48.3848457,-371.453949
8056,40.283307,140.734863,-48.3899269,-371.652069
8057,40.288322,140.657959,-48.3899269,-371.789215
8058,40.293305,140.542603,-48.3899269,-371.789215
8059,40.298322,140.465698,-48.3899269,-371.819702
8060,40.303303,140.355835,-48.3645287,-371.94162
8061,40.308321,140.284424,-48.3442116,-372.048309
8062,40.313301,140.180054,-48.3238907,-372.226135
8063,40.318319,140.108643,-48.3188095,-372.353149
8064,40.323322,139.993286,-48.3086472,-372.571594
8065,40.328321,139.916382,-48.303566,-372.734161
8066,40.333302,139.795532,-48.3086472,-372.871338
8067,40.338319,139.718628,-48.3289642,-373.044037
8068,40.343301,139.586792,-48.3594398,-373.379303
8069,40.348316,139.487915,-48.3797569,-373.602814
8070,40.353306,139.3396,-48.4102325,-373.933014
8071,40.358305,139.240723,-48.4356308,-374.146362
8072,40.363323,139.092407,-48.4661102,-374.451141
8073,40.368305,138.988037,-48.4813499,-374.649261
8074,40.373321,138.834229,-48.5067482,-374.92865
8075,40.378303,138.735352,-48.5473862,-375.263916
8076,40.383322,138.592529,-48.5677071,-375.467102
8077,40.388308,138.510132,-48.5931091,-375.716003
8078,40.393319,138.383789,-48.6083488,-375.914154
8079,40.398306,138.301392,-48.6185112,-376.0513
8080,40.403321,138.180542,-48.654068,-376.269714
8081,40.408308,138.098145,-48.6743889,-376.411957
8082,40.413316,137.977295,-48.6896286,-376.635468
8083,40.418307,137.894897,-48.7099495,-376.782776
8084,40.423321,137.8125,-48.7251892,-377.006287
8085,40.428307,137.697144,-48.7455101,-377.224701
8086,40.433321,137.614746,-48.7607498,-377.366913
8087,40.438303,137.49939,-48.7861481,-377.590424
8088,40.443326,137.416992,-48.7963104,-377.742828
8089,40.448303,137.301636,-48.8217087,-377.996826
8090,40.453304,137.230225,-48.831871,-378.179718
8091,40.458321,137.114868,-48.8521919,-378.454041
8092,40.463306,137.037964,-48.872509,-378.647095
8093,40.468316,136.911621,-48.913147,-378.95697
8094,40.473301,136.82373,-48.9334641,-379.175415
8095,40.478322,136.785278,-48.9791832,-379.495453
8096,40.483304,136.61499,-49.0045815,-379.703735
8097,40.488316,136.61499,-49.0299797,-379.98819
8098,40.493318,136.367798,-49.0503006,-380.160889
8099,40.498317,136.268921,-49.0756989,-380.399628
8100,40.503303,136.120605,-49.08078,-380.54184
8101,40.508329,136.038208,-49.0909424,-380.745026
8102,40.513316,135.911865,-49.0960236,-380.877106
8103,40.518330,135.823975,-49.1011047,-381.09552
8104,40.523317,135.697632,-49.1011047,-381.247925
8105,40.528304,135.626221,-49.1112633,-381.49173
8106,40.533322,135.521851,-49.1214256,-381.664459
8107,40.538304,135.455933,-49.1366692,-381.938751
8108,40.543322,135.351562,-49.1519089,-382.126709
8109,40.548305,135.269165,-49.1823883,-382.406097
8110,40.553316,135.142822,-49.2027092,-382.583893
8111,40.558302,135.065918,-49.238266,-382.848053
8112,40.563315,134.939575,-49.238266,-382.848053
8113,40.568301,134.851685,-49.238266,-382.848053
8114,40.573320,134.719849,-49.238266,-382.848053
8115,40.578303,134.631958,-49.238266,-382.848053
8116,40.583307,134.500122,-49.238266,-382.848053
8117,40.588318,134.417725,-49.238266,-382.848053
8118,40.593308,134.296875,-49.238266,-382.848053
8119,40.598317,134.219971,-49.2433472,-382.893768
8120,40.603303,134.093628,-49.2585869,-382.985229
8121,40.608323,134.016724,-49.2687492,-383.157959
8122,40.613308,133.978271,-49.2789116,-383.290039
8123,40.618321,133.824463,-49.2992325,-383.51355
8124,40.623302,133.747559,-49.3246307,-383.686279
8125,40.628322,133.747559,-49.3855934,-383.975861
8126,40.633302,133.533325,-49.4008331,-384.046997
8127,40.638320,133.533325,-49.4465523,-384.265442
8128,40.643305,133.313599,-49.4821129,-384.443237
8129,40.648319,133.132324,-49.5329132,-384.681976
8130,40.653315,132.989502,-49.5633926,-384.829285
8131,40.658318,132.901611,-49.6040306,-385.042603
8132,40.663303,132.852173,-49.6294289,-385.179749
8133,40.668321,132.687378,-49.6700668,-385.372803
8134,40.673306,132.648926,-49.6903839,-385.525177
8135,40.678316,132.495117,-49.7208595,-385.768982
8136,40.683305,132.456665,-49.751339,-385.951843
8137,40.688322,132.302856,-49.7868958,-386.231232
8138,40.693307,132.264404,-49.812294,-386.439514
8139,40.698429,132.110596,-49.8630905,-386.734131
8140,40.703306,132.077637,-49.8935699,-386.932251
8141,40.708304,131.896362,-49.9342079,-387.221832
8142,40.713317,131.852417,-49.9646873,-387.399628
8143,40.718305,131.665649,-50.0104065,-387.663788
8144,40.723316,131.621704,-50.0307236,-387.831421
8145,40.728303,131.434937,-50.0662804,-388.065094
8146,40.733322,131.390991,-50.0865974,-388.222565
8147,40.738301,131.209717,-50.1119957,-388.446075
8148,40.743322,131.116333,-50.1221581,-388.608643
8149,40.748306,131.00647,-50.1424789,-388.847382
8150,40.753317,130.968018,-50.1526375,-389.020111
8151,40.758307,130.814209,-50.1678772,-389.294403
8152,40.763322,130.78125,-50.1780396,-389.477295
8153,40.768303,130.621948,-50.2034378,-389.777008
8154,40.773316,130.578003,-50.2186775,-389.980225
8155,40.778302,130.418701,-50.249157,-390.300262
8156,40.783317,130.336304,-50.2745552,-390.503448
8157,40.788308,130.198975,-50.310112,-390.808228
8158,40.793322,130.105591,-50.3304291,-391.001282
8159,40.798301,129.968262,-50.3609085,-391.275604
8160,40.803318,129.874878,-50.3761482,-391.443237
8161,40.808305,129.743042,-50.4015465,-391.687073
8162,40.813322,129.649658,-50.4117088,-391.854706
8163,40.818303,129.517822,-50.4269524,-392.093445
8164,40.823315,129.424438,-50.4371147,-392.250916
8165,40.828306,129.309082,-50.4523582,-392.515076
8166,40.833302,129.226685,-50.4574394,-392.687805
8167,40.838318,129.105835,-50.4625206,-392.962097
8168,40.843303,129.028931,-50.4726791,-393.144958
8169,40.848316,128.902588,-50.4828415,-393.43454
8170,40.853306,128.82019,-50.4980812,-393.627563
8171,40.858319,128.693848,-50.5082436,-393.912018
8172,40.863305,128.61145,-50.5234833,-394.110138
8173,40.868319,128.479614,-50.5285645,-394.206665
8174,40.873304,128.391724,-50.5285645,-394.206665
8175,40.878320,128.265381,-50.5234833,-394.292999
8176,40.883319,128.17749,-50.5133209,-394.389526
8177,40.888323,128.051147,-50.4980774,-394.557159
8178,40.893304,127.96875,-50.4929962,-394.668915
8179,40.898316,127.842407,-50.487915,-394.851807
8180,40.903304,127.76001,-50.487915,-394.988953
8181,40.908318,127.644653,-50.4828339,-395.17691
8182,40.913307,127.567749,-50.4828339,-395.248016
8183,40.918321,127.457886,-50.4929962,-395.486786
8184,40.923306,127.380981,-50.5082359,-395.669647
8185,40.928316,127.298584,-50.5285568,-395.938873
8186,40.933306,127.177734,-50.5437965,-396.126831
8187,40.938320,127.177734,-50.5793533,-396.396088
8188,40.943306,126.97998,-50.5996704,-396.573883
8189,40.948316,126.936035,-50.6250687,-396.832947
8190,40.953301,126.760254,-50.6504669,-397.00058
8191,40.958302,126.672363,-50.6860237,-397.254578
8192,40.963321,126.540527,-50.7012634,-397.427277
8193,40.968303,126.45813,-50.7266617,-397.691437
8194,40.973321,126.331787,-50.7419014,-397.879395
8195,40.978303,126.24939,-50.772377,-398.174042
8196,40.983317,126.12854,-50.7876167,-398.382324
8197,40.988304,126.040649,-50.813015,-398.687134
8198,40.993323,125.90332,-50.8384132,-398.991913
8199,40.998316,125.81543,-50.8434944,-399.190033
8200,41.003322,125.683594,-50.8638153,-399.494812
8201,41.008305,125.59021,-50.8688965,-399.692932
8202,41.013320,125.447388,-50.8892136,-399.982513
8203,41.018302,125.354004,-50.8993759,-400.175568
8204,41.023306,125.211182,-50.9095383,-400.439728
8205,41.028319,125.117798,-50.9197006,-400.617523
8206,41.033304,124.980469,-50.9197006,-400.617523
8207,41.038318,124.887085,-50.9197006,-400.617523
8208,41.043306,124.749756,-50.9197006,-400.617523
8209,41.048316,124.661865,-50.9197006,-400.617523
8210,41.053318,124.530029,-50.9197006,-400.617523
8211,41.058320,124.442139,-50.9197006,-400.617523
8212,41.063301,124.315796,-50.9197006,-400.617523
8213,41.068322,124.271851,-50.9197006,-400.617523
8214,41.073303,124.18396,-50.9197006,-400.617523
8215,41.078322,124.002686,-50.9197006,-400.617523
8216,41.083307,123.914795,-50.9197006,-400.617523
8217,41.088323,123.87085,-50.9197006,-400.617523
8218,41.093303,123.684082,-50.9197006,-400.617523
8219,41.098316,123.684082,-50.9197006,-400.617523
8220,41.103304,123.447876,-50.9197006,-400.617523
8221,41.108318,123.261108,-50.9197006,-400.617523
8222,41.113307,123.217163,-50.9197006,-400.617523
8223,41.118321,123.035889,-50.9197006,-400.617523
8224,41.123303,122.98645,-50.9197006,-400.617523
8225,41.128321,122.816162,-50.9197006,-400.617523
8226,41.133307,122.772217,-50.9197006,-400.617523
8227,41.138315,122.607422,-50.9197006,-400.617523
8228,41.143303,122.56897,-50.9197006,-400.617523
8229,41.148320,122.398682,-50.9197006,-400.703888
8230,41.153301,122.354736,-50.9197006,-400.891846
8231,41.158306,122.178955,-50.9197006,-401.039154
8232,41.163320,122.140503,-50.9247818,-401.277893
8233,41.168306,122.003174,-50.929863,-401.445526
8234,41.173316,121.90979,-50.9451065,-401.719849
8235,41.178301,121.766968,-50.9603462,-401.892548
8236,41.183322,121.673584,-50.9705086,-402.014465
8237,41.188301,121.536255,-50.9857483,-402.192261
8238,41.193321,121.448364,-51.0060692,-402.451355
8239,41.198307,121.316528,-51.0162277,-402.608826
8240,41.203316,121.228638,-51.0314674,-402.857727
8241,41.208301,121.102295,-51.0467072,-403.035522
8242,41.213321,121.025391,-51.0721092,-403.314911
8243,41.218303,120.910034,-51.0771904,-403.497772
8244,41.223493,120.827637,-51.1025887,-403.787354
8245,41.228303,120.71228,-51.1178284,-403.980408
8246,41.233492,120.585937,-51.148304,-404.280151
8247,41.238302,120.50354,-51.1737022,-404.478271
8248,41.243306,120.38269,-51.2041817,-404.778015
8249,41.248323,120.289307,-51.2346611,-404.976135
8250,41.253308,120.151978,-51.2702179,-405.265717
8251,41.258321,120.064087,-51.2956161,-405.443512
8252,41.263306,119.926758,-51.3260918,-405.707672
8253,41.268320,119.833374,-51.3464088,-405.880402
8254,41.273305,119.696045,-51.3718071,-406.124207
8255,41.278322,119.608154,-51.3819695,-406.276581
8256,41.283302,119.470825,-51.3972092,-406.51535
8257,41.288321,119.388428,-51.4073677,-406.68808
8258,41.293301,119.267578,-51.4276848,-406.962372
8259,41.298321,119.185181,-51.4429245,-407.165558
8260,41.303301,119.064331,-51.458168,-407.475433
8261,41.308319,118.981934,-51.4734077,-407.688782
8262,41.313304,118.850098,-51.498806,-408.003723
8263,41.318318,118.762207,-51.5140457,-408.212006
8264,41.323304,118.630371,-51.539444,-408.501556
8265,41.328318,118.536987,-51.559761,-408.684418
8266,41.333308,118.399658,-51.5851593,-408.948578
8267,41.338339,118.306274,-51.6054764,-409.121307
8268,41.343304,118.168945,-51.635952,-409.385468
8269,41.348302,118.081055,-51.6562691,-409.563263
8270,41.353322,117.954712,-51.6664314,-409.81723
8271,41.358308,117.872314,-51.6816711,-409.989929
8272,41.363319,117.740479,-51.6918335,-410.254059
8273,41.368301,117.663574,-51.6969147,-410.452179
8274,41.373320,117.548218,-51.7172356,-410.751923
8275,41.378319,117.471313,-51.7223167,-410.955109
8276,41.383322,117.355957,-51.7375603,-411.249756
8277,41.388301,117.27356,-51.7528,-411.458038
8278,41.393320,117.147217,-51.7781982,-411.757751
8279,41.398307,117.059326,-51.7883606,-411.955872
8280,41.403319,116.932983,-51.8239174,-412.240356
8281,41.408308,116.850586,-51.8340797,-412.418152
8282,41.413320,116.71875,-51.8544006,-412.682312
8283,41.418303,116.630859,-51.8594818,-412.844849
8284,41.423323,116.499023,-51.8798027,-413.109009
8285,41.428305,116.499023,-51.8899651,-413.271576
8286,41.433321,116.372681,-51.9052086,-413.515411
8287,41.438308,116.251831,-51.9255295,-413.68811
8288,41.443316,116.174927,-51.9306107,-413.947174
8289,41.448307,116.054077,-51.9458504,-414.130035
8290,41.453305,115.977173,-51.9661713,-414.409424
8291,41.458319,115.856323,-51.981411,-414.602478
8292,41.463301,115.779419,-51.9915695,-414.693909
8293,41.468320,115.658569,-51.9915695,-414.693909
8294,41.473308,115.576172,-51.9915695,-414.698975
8295,41.478317,115.449829,-52.0118866,-414.805664
8296,41.483302,115.361938,-52.0576057,-415.003784
8297,41.488321,115.235596,-52.0880852,-415.151093
8298,41.493319,115.147705,-52.1388855,-415.374603
8299,41.498320,115.015869,-52.1693649,-415.527008
8300,41.503306,114.927979,-52.2150841,-415.775909
8301,41.508321,114.796143,-52.2404823,-415.902893
8302,41.513307,114.719238,-52.2608032,-416.029907
8303,41.518320,114.598389,-52.2760429,-416.192444
8304,41.523302,114.515991,-52.3014412,-416.446442
8305,41.528316,114.395142,-52.3166809,-416.624237
8306,41.533305,114.318237,-52.3420792,-416.903625
8307,41.538316,114.202881,-52.3623962,-417.101746
8308,41.543450,114.125977,-52.3928719,-417.406525
8309,41.548320,114.01062,-52.4131889,-417.609711
8310,41.553301,113.928223,-52.4436646,-417.909424
8311,41.558307,113.796387,-52.4690628,-418.11261
8312,41.563316,113.713989,-52.514782,-418.402161
8313,41.568302,113.582153,-52.5503426,-418.590118
8314,41.573322,113.48877,-52.5909805,-418.859344
8315,41.578305,113.356934,-52.6214561,-419.032043
8316,41.583320,113.26355,-52.6316185,-419.280945
8317,41.588307,113.175659,-52.6519394,-419.529846
8318,41.593322,113.005371,-52.6621017,-419.692383
8319,41.598304,113.005371,-52.6824226,-419.951477
8320,41.603316,112.796631,-52.6976624,-420.124207
8321,41.608301,112.796631,-52.7230606,-420.403595
8322,41.613319,112.593384,-52.7383003,-420.591553
8323,41.618302,112.593384,-52.75354,-420.77951
8324,41.623320,112.390137,-52.7789383,-421.079224
8325,41.628303,112.263794,-52.7992592,-421.384003
8326,41.633316,112.175903,-52.8195763,-421.587189
8327,41.638307,112.038574,-52.8500557,-421.871674
8328,41.643323,111.950684,-52.8754539,-422.049469
8329,41.648302,111.813354,-52.8754539,-422.049469
8330,41.653303,111.730957,-52.8754539,-422.049469
8331,41.658321,111.599121,-52.8754539,-422.049469
8332,41.663303,111.51123,-52.8754539,-422.079956
8333,41.668322,111.384888,-52.8754539,-422.217133
8334,41.673307,111.307983,-52.8754539,-422.333984
8335,41.678322,111.192627,-52.8906975,-422.532104
8336,41.683307,111.115723,-52.8957787,-422.674347
8337,41.688320,111.000366,-52.9160995,-422.923279
8338,41.693308,110.917969,-52.9364166,-423.101074
8339,41.698318,110.797119,-52.9516563,-423.243317
8340,41.703303,110.714722,-52.9668961,-423.416046
8341,41.708320,110.588379,-52.9872169,-423.705627
8342,41.713306,110.489502,-53.0024567,-423.893585
8343,41.718319,110.352173,-53.0227776,-424.152679
8344,41.723301,110.258789,-53.0380173,-424.31015
8345,41.728323,110.12146,-53.0532608,-424.533661
8346,41.733302,110.033569,-53.058342,-424.680969
8347,41.738308,109.907227,-53.0786629,-424.909576
8348,41.743315,109.819336,-53.0888214,-425.061981
8349,41.748305,109.692993,-53.1142197,-425.321045
8350,41.753323,109.621582,-53.1294594,-425.49884
8351,41.758305,109.506226,-53.1497803,-425.783325
8352,41.763319,109.434814,-53.1700974,-425.981445
8353,41.768316,109.313965,-53.1954994,-426.281158
8354,41.773316,109.231567,-53.2158203,-426.489441
8355,41.778306,109.105225,-53.2462959,-426.79422
8356,41.783323,109.017334,-53.2716942,-426.99234
8357,41.788301,108.885498,-53.3021698,-427.286987
8358,41.793320,108.797607,-53.3275681,-427.464783
8359,41.798301,108.654785,-53.3580437,-427.723846
8360,41.803318,108.561401,-53.3783607,-427.886414
8361,41.808308,108.429565,-53.4088364,-428.11499
8362,41.813320,108.341675,-53.4291573,-428.262299
8363,41.818305,108.220825,-53.4596329,-428.495972
8364,41.823317,108.132935,-53.4748726,-428.648376
8365,41.828319,108.012085,-53.5002708,-428.887115
8366,41.833322,107.940674,-53.5205879,-429.044586
8367,41.838304,107.825317,-53.5459862,-429.298584
8368,41.843323,107.753906,-53.5612259,-429.476379
8369,41.848302,107.63855,-53.5917015,-429.760834
8370,41.853322,107.556152,-53.6221809,-429.943726
8371,41.858301,107.435303,-53.6577377,-430.218018
8372,41.863461,107.358398,-53.683136,-430.405975
8373,41.868303,107.232056,-53.723774,-430.680298
8374,41.873305,107.144165,-53.744091,-430.852997
8375,41.878317,107.006836,-53.7745705,-431.106964
8376,41.883302,106.918945,-53.7898102,-431.264435
8377,41.888316,106.787109,-53.8202896,-431.498108
8378,41.893305,106.704712,-53.8355293,-431.665741
8379,41.898318,106.578369,-53.8507729,-431.914642
8380,41.903303,106.495972,-53.8609352,-432.082275
8381,41.908322,106.369629,-53.8812523,-432.351501
8382,41.913307,106.287231,-53.8914108,-432.534363
8383,41.918319,106.166382,-53.9066544,-432.823914
8384,41.923301,106.089478,-53.9117355,-433.032196
8385,41.928320,105.963135,-53.9371338,-433.367493
8386,41.933305,105.875244,-53.9472923,-433.601166
8387,41.938319,105.78186,-53.9726906,-433.951691
8388,41.943316,105.78186,-53.9676132,-433.941528
8389,41.948317,105.556641,-53.9777756,-433.941528
8390,41.953302,105.457764,-53.967617,-433.941528
8391,41.958319,105.303955,-53.9726982,-434.083771
8392,41.963301,105.199585,-53.9726982,-434.261566
8393,41.968322,105.05127,-53.967617,-434.515564
8394,41.973307,104.957886,-53.967617,-434.678101
8395,41.978321,104.815063,-53.9625359,-434.91684
8396,41.983303,104.727173,-53.9625359,-435.079407
8397,41.988317,104.584351,-53.9625359,-435.328308
8398,41.993304,104.507446,-53.967617,-435.511169
8399,41.998318,104.39209,-53.9828606,-435.80072
8400,42.003317,104.320679,-53.9930229,-435.993744
8401,42.008307,104.205322,-54.0133438,-436.298553
8402,42.013320,104.111938,-54.0285835,-436.506836
8403,42.018306,103.980103,-54.0539818,-436.821808
8404,42.023319,103.892212,-54.0692215,-437.040253
8405,42.028307,103.754883,-54.0946198,-437.365387
8406,42.033317,103.656006,-54.0997009,-437.563507
8407,42.038307,103.513184,-54.1098633,-437.853058
8408,42.043317,103.414307,-54.1098633,-438.035919
8409,42.048304,103.265991,-54.1149445,-438.310242
8410,42.053317,103.172607,-54.1149445,-438.472778
8411,42.058302,103.035278,-54.1251068,-438.716614
8412,42.063315,102.947388,-54.1251068,-438.874084
8413,42.068305,102.810059,-54.1403465,-439.102661
8414,42.073318,102.727661,-54.1505089,-439.270294
8415,42.078303,102.617798,-54.1759071,-439.549683
8416,42.083321,102.617798,-54.2114639,-439.742737
8417,42.088307,102.43103,-54.2419434,-440.037384
8418,42.093319,102.348633,-54.2775002,-440.342194
8419,42.098307,102.304687,-54.3028984,-440.540314
8420,42.103332,102.304687,-54.3384552,-440.855286
8421,42.108322,102.095947,-54.3841743,-441.063568
8422,42.113304,102.095947,-54.4095726,-441.368378
8423,42.118323,101.727905,-54.4248123,-441.556335
8424,42.123322,101.634521,-54.440052,-441.84079
8425,42.128320,101.497192,-54.4502144,-442.018585
8426,42.133301,101.409302,-54.4654579,-442.267487
8427,42.138319,101.277466,-54.4705391,-442.440216
8428,42.143307,101.184082,-54.4806976,-442.618011
8429,42.148317,101.057739,-54.49086,-442.8974
8430,42.153306,100.980835,-54.4959412,-443.186951
8431,42.158321,100.865479,-54.5264206,-443.395233
8432,42.163306,100.788574,-54.5569,-443.710205
8433,42.168322,100.673218,-54.5772171,-443.918488
8434,42.173307,100.579834,-54.6076927,-444.208038
8435,42.178322,100.442505,-54.6229324,-444.395996
8436,42.183307,100.354614,-54.6432533,-444.670319
8437,42.188320,100.217285,-54.6686516,-444.85321
8438,42.193304,100.123901,-54.6838951,-445.112274
8439,42.198321,99.9920654,-54.6940575,-445.285004
8440,42.203302,99.8986816,-54.709301,-445.539001
8441,42.208304,99.7668457,-54.7143822,-445.706635
8442,42.213319,99.6844482,-54.7296219,-445.970764
8443,42.218301,99.5581055,-54.7347031,-446.158722
8444,42.223319,99.4702148,-54.7499428,-446.448303
8445,42.228320,99.3878174,-54.7601013,-446.651489
8446,42.233321,99.2614746,-54.775341,-446.971558
8447,42.238303,99.173584,-54.7804222,-447.195099
8448,42.243317,99.0472412,-54.8007431,-447.520233
8449,42.248304,98.9648437,-54.8159828,-447.728516
8450,42.253321,98.8220215,-54.8363037,-448.023163
8451,42.258305,98.7286377,-54.8413849,-448.195862
8452,42.263321,98.5858154,-54.8617058,-448.449829
8453,42.268303,98.4869385,-54.866787,-448.612366
8454,42.273322,98.3551025,-54.8769493,-448.856201
8455,42.278304,98.2727051,-54.8871117,-449.018738
8456,42.283322,98.1463623,-54.8921928,-449.272736
8457,42.288321,98.0584717,-54.897274,-449.455597
8458,42.293545,97.9376221,-54.9023552,-449.729919
8459,42.298304,97.8607178,-54.9125175,-449.907715
8460,42.303322,97.7398682,-54.9328384,-450.171875
8461,42.308305,97.6629639,-54.9480782,-450.34967
8462,42.313303,97.5366211,-54.9785538,-450.613831
8463,42.318316,97.4542236,-55.003952,-450.776367
8464,42.323304,97.3278809,-55.04459,-451.020203
8465,42.328315,97.2454834,-55.0699883,-451.192932
8466,42.333304,97.130127,-55.1106262,-451.436768
8467,42.338322,97.0477295,-55.1360245,-451.599304
8468,42.343302,96.932373,-55.1614227,-451.848206
8469,42.348323,96.8554687,-55.1817398,-452.010742
8470,42.353308,96.7346191,-55.2122192,-452.269836
8471,42.358319,96.6577148,-55.2223778,-452.457794
8472,42.363301,96.5368652,-55.2426987,-452.737183
8473,42.368320,96.4599609,-55.252861,-452.930237
8474,42.373305,96.3391113,-55.2681046,-453.224884
8475,42.378321,96.2567139,-55.2782669,-453.428101
8476,42.383306,96.1358643,-55.2985878,-453.748169
8477,42.388316,96.05896,-55.3138275,-453.951385
8478,42.393305,95.9326172,-55.3493843,-454.240967
8479,42.398317,95.8447266,-55.3747826,-454.418762
8480,42.403303,95.7183838,-55.4205017,-454.687988
8481,42.408319,95.6304932,-55.4560623,-454.855621
8482,42.413304,95.5096436,-55.5017815,-455.089294
8483,42.418305,95.4272461,-55.5373421,-455.236603
8484,42.423323,95.3063965,-55.5830612,-455.465179
8485,42.428301,95.2679443,-55.6084595,-455.612488
8486,42.433318,95.2679443,-55.6541786,-455.856293
8487,42.438304,95.0372314,-55.6744957,-456.018829
8488,42.443316,94.9658203,-55.7100525,-456.28299
8489,42.448303,94.8504639,-55.7202148,-456.455719
8490,42.453321,94.7735596,-55.7405357,-456.735138
8491,42.458316,94.65271,-55.7506981,-456.933258
8492,42.463322,94.5703125,-55.7811775,-457.24823
8493,42.468304,94.4494629,-55.7964172,-457.456512
8494,42.473317,94.3615723,-55.8218155,-457.781647
8495,42.478307,94.2297363,-55.8370552,-457.979767
8496,42.483320,94.1418457,-55.8776932,-458.274414
8497,42.488301,94.0484619,-55.9030914,-458.457306
8498,42.493316,93.916626,-55.9437294,-458.71637
8499,42.498303,93.8287354,-55.9691277,-458.889069
8500,42.503320,93.6968994,-56.0046844,-459.127838
8501,42.508307,93.6090088,-56.0199242,-459.295471
8502,42.513341,93.482666,-56.0402451,-459.539307
8503,42.518319,93.4057617,-56.0554848,-459.717102
8504,42.523318,93.2904053,-56.0859604,-459.986328
8505,42.528308,93.2080078,-56.1012001,-460.179382
8506,42.533320,93.0871582,-56.1265984,-460.47403
8507,42.538306,93.0047607,-56.1519966,-460.692474
8508,42.543317,92.8729248,-56.1773949,-461.022675
8509,42.548303,92.7905273,-56.1926346,-461.241119
8510,42.553316,92.6531982,-56.2180328,-461.556091
8511,42.558306,92.5598145,-56.2383499,-461.749115
8512,42.563318,92.4169922,-56.2637482,-462.013245
8513,42.568318,92.3181152,-56.2840652,-462.185944
8514,42.573318,92.2686768,-56.3094635,-462.424683
8515,42.578301,92.0928955,-56.3247032,-462.592316
8516,42.583319,92.0050049,-56.3501015,-462.841248
8517,42.588305,91.9171143,-56.3653412,-463.008881
8518,42.593306,91.9171143,-56.3856621,-463.278137
8519,42.598323,91.708374,-56.3958206,-463.476257
8520,42.603308,91.5161133,-56.4161415,-463.75058
8521,42.608318,91.439209,-56.4313812,-463.938538
8522,42.613303,91.3183594,-56.4567795,-464.233185
8523,42.618318,91.2304687,-56.4770966,-464.431305
8524,42.623303,91.104126,-56.5075722,-464.736115
8525,42.628323,91.0217285,-56.5278893,-464.944397
8526,42.633305,90.8843994,-56.5583649,-465.254272
8527,42.638316,90.7910156,-56.5837631,-465.452393
8528,42.643301,90.6536865,-56.6091652,-465.726685
8529,42.648322,90.5657959,-56.6244049,-465.894318
8530,42.653306,90.43396,-56.6498032,-466.138123
8531,42.658317,90.3460693,-56.6701202,-466.295593
8532,42.663306,90.2142334,-56.6955185,-466.539429
8533,42.668321,90.1263428,-56.7107582,-466.707062
8534,42.673307,90.0109863,-56.7412338,-466.971222
8535,42.678323,89.934082,-56.7564735,-467.149017
8536,42.683323,89.8242187,-56.7818718,-467.443665
8537,42.688322,89.7473145,-56.8021927,-467.733215
8538,42.693307,89.6264648,-56.8326721,-467.916077
8539,42.698318,89.5440674,-56.8580704,-468.225952
8540,42.703303,89.4177246,-56.8733101,-468.434235
8541,42.708319,89.3353271,-56.8987083,-468.733948
8542,42.713303,89.197998,-56.9190254,-468.937134
8543,42.718308,89.1101074,-56.9495049,-469.221619
8544,42.723321,88.9727783,-56.9596634,-469.389252
8545,42.728307,88.8793945,-56.9952202,-469.627991
8546,42.733323,88.7475586,-57.0155411,-469.790558
8547,42.738301,88.659668,-57.0409393,-470.029297
8548,42.743317,88.5772705,-57.0511017,-470.181702
8549,42.748303,88.4454346,-57.0815811,-470.430603
8550,42.753317,88.3685303,-57.0968208,-470.603302
8551,42.758304,88.2531738,-57.1222191,-470.872528
8552,42.763317,88.1762695,-57.1374588,-471.055389
8553,42.768307,88.0609131,-57.1679382,-471.355103
8554,42.773317,87.9840088,-57.1882553,-471.568451
8555,42.778305,87.8521729,-57.2136536,-471.893585
8556,42.783318,87.7642822,-57.2339706,-472.117126
8557,42.788301,87.6379395,-57.2644501,-472.442261
8558,42.793323,87.5445557,-57.2796898,-472.660706
8559,42.798305,87.3907471,-57.305088,-472.960419
8560,42.803316,87.2918701,-57.3152504,-473.148376
8561,42.808307,87.1435547,-57.3254128,-473.412537
8562,42.813303,87.0446777,-57.3406525,-473.58017
8563,42.818317,86.9073486,-57.3508148,-473.823975
8564,42.823307,86.819458,-57.3609734,-473.986511
8565,42.828322,86.6766357,-57.3812943,-474.245605
8566,42.833307,86.5942383,-57.3863754,-474.423401
8567,42.838322,86.4788818,-57.4066963,-474.712982
8568,42.843307,86.4019775,-57.4168587,-474.911102
8569,42.848318,86.2811279,-57.4371796,-475.215912
8570,42.853306,86.1987305,-57.4473381,-475.434357
8571,42.858319,86.0668945,-57.4575005,-475.652802
8572,42.863304,85.9790039,-57.4828987,-475.977936
8573,42.868321,85.847168,-57.508297,-476.30307
8574,42.873307,85.7537842,-57.5133781,-476.50119
8575,42.878317,85.5999756,-57.5235405,-476.805969
8576,42.883307,85.5010986,-57.5286217,-476.998993
8577,42.888319,85.4022217,-57.5286217,-477.263153
8578,42.893301,85.2593994,-57.5337029,-477.420624
8579,42.898319,85.1715088,-57.5438652,-477.654297
8580,42.903304,85.0341797,-57.5489464,-477.816864
8581,42.908319,84.9462891,-57.5641899,-478.070862
8582,42.913317,84.8254395,-57.5692711,-478.253723
8583,42.918321,84.7485352,-57.5845108,-478.54837
8584,42.923302,84.6386719,-57.5997505,-478.756653
8585,42.928323,84.5672607,-57.6251526,-479.086853
8586,42.933304,84.4519043,-57.6454697,-479.31546
8587,42.938317,84.3640137,-57.6759453,-479.640594
8588,42.943302,84.2266846,-57.7013435,-479.869202
8589,42.948308,84.1387939,-57.7267418,-480.174011
8590,42.953323,84.0014648,-57.7419815,-480.356903
8591,42.958305,83.9080811,-57.7673836,-480.62616
8592,42.963316,83.7597656,-57.7826233,-480.788696
8593,42.968307,83.6608887,-57.8080215,-481.027435
8594,42.973322,83.5235596,-57.8080215,-481.093475
8595,42.978303,83.4466553,-57.8080215,-481.093475
8596,42.983321,83.3642578,-57.8080215,-481.093475
8597,42.988303,83.2489014,-57.8080215,-481.093475
8598,42.993316,83.1665039,-57.8080215,-481.093475
8599,42.998306,83.0566406,-57.8080215,-481.174744
8600,43.003319,82.9797363,-57.8080215,-481.291595
8601,43.008301,82.869873,-57.8080215,-481.504913
8602,43.013318,82.7929687,-57.8181839,-481.662384
8603,43.018305,82.6556396,-57.8334236,-481.906219
8604,43.023321,82.5622559,-57.8486633,-482.078949
8605,43.028316,82.4688721,-57.8689842,-482.338013
8606,43.033322,82.4688721,-57.8740654,-482.398956
8607,43.038304,82.232666,-57.8943863,-482.637726
8608,43.043322,82.232666,-57.909626,-482.815521
8609,43.048304,81.897583,-57.9248695,-483.069519
8610,43.053323,81.8096924,-57.9401093,-483.237152
8611,43.058305,81.6888428,-57.9553528,-483.501312
8612,43.063326,81.6064453,-57.9705925,-483.684174
8613,43.068322,81.4801025,-57.9909134,-483.968658
8614,43.073307,81.3977051,-58.0010757,-484.171844
8615,43.078316,81.2713623,-58.026474,-484.476624
8616,43.083301,81.1889648,-58.0467911,-484.67981
8617,43.088316,81.0626221,-58.0721893,-484.989685
8618,43.093306,80.9747314,-58.087429,-485.197968
8619,43.098323,80.826416,-58.1077499,-485.497681
8620,43.103304,80.7330322,-58.1229897,-485.690704
8621,43.108316,80.59021,-58.1433105,-485.95993
8622,43.113301,80.4968262,-58.1534729,-486.117401
8623,43.118318,80.3594971,-58.1636353,-486.346008
8624,43.123304,80.2716064,-58.1687164,-486.498413
8625,43.128316,80.1397705,-58.18396,-486.721924
8626,43.133301,80.057373,-58.1890411,-486.88446
8627,43.138321,79.9420166,-58.1992035,-487.148621
8628,43.143301,79.8706055,-58.2093658,-487.336578
8629,43.148321,79.755249,-58.2246094,-487.631226
8630,43.153303,79.6783447,-58.2296906,-487.829346
8631,43.158316,79.5574951,-58.26017,-488.129059
8632,43.163307,79.4750977,-58.2754097,-488.332275
8633,43.168319,79.354248,-58.3058891,-488.621857
8634,43.173308,79.2718506,-58.3262062,-488.81488
8635,43.178395,79.1400146,-58.3516045,-489.094269
8636,43.183304,79.0466309,-58.3668442,-489.266998
8637,43.188395,78.9147949,-58.3922424,-489.526062
8638,43.193304,78.8269043,-58.4074821,-489.688599
8639,43.198326,78.7005615,-58.427803,-489.927338
8640,43.203322,78.6181641,-58.4379654,-490.089874
8641,43.208306,78.4973145,-58.4582863,-490.328613
8642,43.213319,78.414917,-58.473526,-490.506409
8643,43.218306,78.2995605,-58.4938469,-490.785797
8644,43.223323,78.2226562,-58.514164,-490.978821
8645,43.228305,78.145752,-58.5344849,-491.263306
8646,43.233315,78.0249023,-58.5497246,-491.461426
8647,43.238303,77.9425049,-58.580204,-491.761139
8648,43.243318,77.8161621,-58.6056023,-491.959259
8649,43.248304,77.7282715,-58.6513214,-492.253906
8650,43.253323,77.6019287,-58.6767197,-492.452026
8651,43.258320,77.5140381,-58.7173615,-492.721252
8652,43.263321,77.3822021,-58.7427597,-492.904114
8653,43.268303,77.2943115,-58.7732353,-493.158112
8654,43.273316,77.1679687,-58.7935524,-493.325745
8655,43.278303,77.0855713,-58.8189507,-493.574646
8656,43.283321,76.9592285,-58.8494301,-493.818481
8657,43.288303,76.8768311,-58.8748283,-493.981018
8658,43.293317,76.7559814,-58.9002266,-494.245178
8659,43.298307,76.6790771,-58.9205475,-494.42804
8660,43.303358,76.5637207,-58.9459457,-494.712524
8661,43.308305,76.4868164,-58.9662666,-494.905548
8662,43.313322,76.37146,-59.0119858,-495.195129
8663,43.318316,76.2835693,-59.0475464,-495.398346
8664,43.323301,76.1572266,-59.0881844,-495.687897
8665,43.328316,76.0748291,-59.1186638,-495.88092
8666,43.333301,75.9484863,-59.1694641,-496.150177
8667,43.338317,75.8551025,-59.2050247,-496.333038
8668,43.343307,75.8551025,-59.2456627,-496.597198
8669,43.348321,75.6298828,-59.2761421,-496.764832
8670,43.353306,75.536499,-59.3116989,-497.018829
8671,43.358322,75.4101562,-59.3320198,-497.1763
8672,43.363307,75.3277588,-59.3523407,-497.409973
8673,43.368322,75.1959229,-59.3726578,-497.57254
8674,43.373316,75.1135254,-59.3929787,-497.826538
8675,43.378321,74.9981689,-59.403141,-497.999237
8676,43.383301,74.9212646,-59.4183846,-498.253235
8677,43.388320,74.8059082,-59.4336243,-498.446259
8678,43.393306,74.7344971,-59.4641037,-498.730713
8679,43.398318,74.6136475,-59.4793434,-498.918671
8680,43.403308,74.53125,-59.509819,-499.198059
8681,43.408322,74.4049072,-59.5352173,-499.375854
8682,43.413308,74.3280029,-59.5656929,-499.645081
8683,43.418383,74.196167,-59.58601,-499.812714
8684,43.423305,74.1082764,-59.6215668,-500.066711
8685,43.428307,73.9709473,-59.6418839,-500.234344
8686,43.433322,73.8830566,-59.6622047,-500.493408
8687,43.438305,73.7567139,-59.6825218,-500.6763
8688,43.443318,73.6743164,-59.7028427,-500.945557
8689,43.448304,73.5479736,-59.7231598,-501.143677
8690,43.453322,73.4655762,-59.7434769,-501.438324
8691,43.458304,73.3447266,-59.7587166,-501.636444
8692,43.463321,73.2623291,-59.7942734,-501.941254
8693,43.468307,73.1359863,-59.8247528,-502.149536
8694,43.473320,73.0535889,-59.8603134,-502.464508
8695,43.478302,72.9656982,-59.8806305,-502.672791
8696,43.483317,72.9656982,-59.9263496,-502.972504
8697,43.488320,72.7404785,-59.9517479,-503.165558
8698,43.493379,72.5592041,-59.9771461,-503.424622
8699,43.498306,72.5152588,-59.9974632,-503.587158
8700,43.503305,72.3449707,-60.0228615,-503.83606
8701,43.508322,72.3010254,-60.0431786,-504.003693
8702,43.513302,72.1307373,-60.0634995,-504.252625
8703,43.518323,72.0922852,-60.0838165,-504.435516
8704,43.523304,71.9384766,-60.1092148,-504.709808
8705,43.528319,71.9000244,-60.1193771,-504.89267
8706,43.533308,71.7407227,-60.1447754,-505.187317
8707,43.538321,71.7022705,-60.1600151,-505.380371
8708,43.543317,71.5429687,-60.1854134,-505.695343
8709,43.548320,71.5045166,-60.2057304,-505.898529
8710,43.553302,71.3397217,-60.2412872,-506.203308
8711,43.558321,71.2957764,-60.2666855,-506.406525
8712,43.563306,71.1199951,-60.2971649,-506.685913
8713,43.568318,71.0760498,-60.317482,-506.863708
8714,43.573307,70.9002686,-60.3428802,-507.117706
8715,43.578320,70.8563232,-60.35812,-507.275177
8716,43.583308,70.680542,-60.3835182,-507.518982
8717,43.588321,70.6365967,-60.3987579,-507.686615
8718,43.593301,70.4608154,-60.4190788,-507.935516
8719,43.598322,70.3839111,-60.4343185,-508.103149
8720,43.603321,70.2630615,-60.4698753,-508.316498
8721,43.608318,70.2246094,-60.4800339,-508.397766
8722,43.613308,70.0708008,-60.4952774,-508.443481
8723,43.618322,70.010376,-60.4952774,-508.438416
8724,43.623305,69.9279785,-60.4952774,-508.397797
8725,43.628303,69.8675537,-60.5003586,-508.36731
8726,43.633321,69.8016357,-60.5003586,-508.331757
8727,43.638303,69.8181152,-60.5105209,-508.331757
8728,43.643317,69.8455811,-60.5105209,-508.331757
8729,43.648307,69.8675537,-60.5105209,-508.331757
8730,43.653323,69.8895264,-60.5105209,-508.331757
8731,43.658305,69.8895264,-60.5054398,-508.331757
8732,43.663316,69.8950195,-60.5054398,-508.331757
8733,43.668301,69.8950195,-60.5054398,-508.331757
8734,43.673318,69.9005127,-60.5054398,-508.331757
8735,43.678308,69.9005127,-60.5054398,-508.331757
8736,43.683317,69.9060059,-60.5054398,-508.331757
8737,43.688304,69.9060059,-60.5054398,-508.331757
8738,43.693395,69.911499,-60.5054398,-508.331757
8739,43.698309,69.911499,-60.5054398,-508.331757
8740,43.703301,69.911499,-60.5054398,-508.331757
8741,43.708322,69.911499,-60.5054398,-508.331757
8742,43.713319,69.9060059,-60.5054398,-508.331757
8743,43.718323,69.9060059,-60.5054398,-508.336823
8744,43.723304,69.9060059,-60.5054398,-508.331757
8745,43.728318,69.9060059,-60.5054398,-508.331757
8746,43.733301,69.9005127,-60.5054398,-508.331757
8747,43.738318,69.9005127,-60.5054398,-508.331757
8748,43.743303,69.9060059,-60.5054398,-508.331757
8749,43.748321,69.9060059,-60.5054398,-508.331757
8750,43.753306,69.9060059,-60.5054398,-508.331757
8751,43.758320,69.9060059,-60.5054398,-508.331757
8752,43.763301,69.9060059,-60.5054398,-508.331757
8753,43.768315,69.9060059,-60.5054398,-508.331757
8754,43.773321,69.9060059,-60.5054398,-508.331757
8755,43.778317,69.9060059,-60.5054398,-508.331757
8756,43.783302,69.9060059,-60.5054398,-508.331757
8757,43.788315,69.9060059,-60.5054398,-508.331757
8758,43.793301,69.9060059,-60.5054398,-508.331757
8759,43.798323,69.9060059,-60.5054398,-508.331757
8760,43.803305,69.9060059,-60.5054398,-508.331757
8761,43.808322,69.9060059,-60.5054398,-508.331757
8762,43.813304,69.911499,-60.5054398,-508.331757
8763,43.818319,69.911499,-60.5054398,-508.331757
8764,43.823512,69.911499,-60.5054398,-508.331757
8765,43.828363,69.911499,-60.5054398,-508.331757
8766,43.833303,69.911499,-60.5054398,-508.331757
8767,43.838323,69.911499,-60.5054398,-508.331757
8768,43.843303,69.911499,-60.5054398,-508.331757
8769,43.848325,69.911499,-60.5054398,-508.331757
8770,43.853319,69.911499,-60.5054398,-508.331757
8771,43.858301,69.911499,-60.5054398,-508.331757
8772,43.863315,69.911499,-60.5054398,-508.331757
8773,43.868306,69.911499,-60.5054398,-508.331757
8774,43.873321,69.911499,-60.5054398,-508.331757
8775,43.878303,69.911499,-60.5054398,-508.331757
8776,43.883321,69.911499,-60.5054398,-508.331757
8777,43.888317,69.911499,-60.5054398,-508.331757
8778,43.893320,69.911499,-60.5054398,-508.331757
8779,43.898305,69.911499,-60.5054398,-508.331757
8780,43.903315,69.911499,-60.5054398,-508.331757
8781,43.908301,69.911499,-60.5054398,-508.331757
8782,43.913317,69.911499,-60.5054398,-508.331757
8783,43.918302,69.911499,-60.5054398,-508.331757
8784,43.923318,69.911499,-60.5054398,-508.331757
8785,43.928304,69.911499,-60.5054398,-508.331757
8786,43.933319,69.911499,-60.5054398,-508.331757
8787,43.938317,69.911499,-60.5054398,-508.331757
8788,43.943461,69.911499,-60.5054398,-508.331757
8789,43.948308,69.911499,-60.5054398,-508.331757
8790,43.953331,69.911499,-60.5054398,-508.331757
8791,43.958321,69.911499,-60.5054398,-508.331757
8792,43.963305,69.911499,-60.5054398,-508.331757
8793,43.968317,69.911499,-60.5054398,-508.331757
8794,43.973302,69.911499,-60.5054398,-508.331757
8795,43.978319,69.911499,-60.5054398,-508.331757
8796,43.983303,69.911499,-60.5054398,-508.331757
8797,43.988317,69.911499,-60.5054398,-508.331757
8798,43.993306,69.911499,-60.5054398,-508.331757
8799,43.998322,69.911499,-60.5054398,-508.331757
8800,44.003307,69.911499,-60.5054398,-508.331757
8801,44.008322,69.911499,-60.5054398,-508.331757
8802,44.013304,69.911499,-60.5054398,-508.331757
8803,44.018327,69.911499,-60.5054398,-508.331757
8804,44.023316,69.911499,-60.5054398,-508.331757
8805,44.028304,69.911499,-60.5054398,-508.331757
8806,44.033318,69.911499,-60.5054398,-508.331757
8807,44.038307,69.911499,-60.5054398,-508.331757
8808,44.043318,69.911499,-60.5054398,-508.331757
8809,44.048308,69.911499,-60.5054398,-508.331757
8810,44.053321,69.911499,-60.5054398,-508.331757
8811,44.058303,69.911499,-60.5054398,-508.331757
8812,44.063320,69.911499,-60.5054398,-508.331757
8813,44.068307,69.911499,-60.5054398,-508.331757
8814,44.073321,69.911499,-60.5054398,-508.331757
8815,44.078307,69.911499,-60.5054398,-508.331757
8816,44.083318,69.911499,-60.5054398,-508.331757
8817,44.088308,69.911499,-60.5054398,-508.331757
8818,44.093323,69.911499,-60.5054398,-508.331757
8819,44.098308,69.911499,-60.5054398,-508.331757
8820,44.103315,69.911499,-60.5054398,-508.331757
8821,44.108318,69.911499,-60.5054398,-508.331757
8822,44.113473,69.911499,-60.5054398,-508.331757
8823,44.118307,69.911499,-60.5054398,-508.331757
8824,44.123308,69.911499,-60.5054398,-508.331757
8825,44.128319,69.911499,-60.5054398,-508.331757
8826,44.133301,69.911499,-60.5054398,-508.331757
8827,44.138322,69.911499,-60.5054398,-508.331757
8828,44.143307,69.911499,-60.5054398,-508.331757
8829,44.148320,69.911499,-60.5054398,-508.331757
8830,44.153302,69.911499,-60.5054398,-508.331757
8831,44.158316,69.911499,-60.5054398,-508.331757
8832,44.163301,69.911499,-60.5054398,-508.331757
8833,44.168321,69.911499,-60.5054398,-508.331757
8834,44.173301,69.911499,-60.5054398,-508.331757
8835,44.178319,69.911499,-60.5054398,-508.331757
8836,44.183308,69.911499,-60.5054398,-508.331757
8837,44.188317,69.911499,-60.5054398,-508.331757
8838,44.193301,69.911499,-60.5054398,-508.331757
8839,44.198318,69.911499,-60.5054398,-508.331757
8840,44.203301,69.911499,-60.5054398,-508.331757
8841,44.208323,69.911499,-60.5054398,-508.331757
8842,44.213305,69.911499,-60.5054398,-508.331757
8843,44.218318,69.911499,-60.5054398,-508.331757
8844,44.223306,69.911499,-60.5054398,-508.331757
8845,44.228316,69.911499,-60.5054398,-508.331757
8846,44.233301,69.911499,-60.5054398,-508.331757
8847,44.238322,69.911499,-60.5054398,-508.331757
8848,44.243304,69.911499,-60.5054398,-508.331757
8849,44.248301,69.911499,-60.5054398,-508.331757
8850,44.253316,69.911499,-60.5054398,-508.331757
8851,44.258305,69.911499,-60.5054398,-508.331757
8852,44.263320,69.911499,-60.5054398,-508.331757
8853,44.268302,69.911499,-60.5054398,-508.331757
8854,44.273321,69.911499,-60.5054398,-508.331757
8855,44.278303,69.911499,-60.5054398,-508.331757
8856,44.283319,69.911499,-60.5054398,-508.331757
8857,44.288308,69.911499,-60.5054398,-508.331757
8858,44.293315,69.911499,-60.5054398,-508.331757
8859,44.298305,69.911499,-60.5054398,-508.331757
8860,44.303323,69.911499,-60.5054398,-508.331757
8861,44.308305,69.911499,-60.5054398,-508.331757
8862,44.313318,69.911499,-60.5054398,-508.331757
8863,44.318303,69.911499,-60.5054398,-508.331757
8864,44.323320,69.911499,-60.5054398,-508.331757
8865,44.328317,69.911499,-60.5054398,-508.331757
8866,44.333307,69.911499,-60.5054398,-508.331757
8867,44.338319,69.911499,-60.5054398,-508.331757
8868,44.343304,69.911499,-60.5054398,-508.331757
8869,44.348322,69.911499,-60.5054398,-508.331757
8870,44.353303,69.911499,-60.5054398,-508.331757
8871,44.358322,69.911499,-60.5054398,-508.331757
8872,44.363307,69.911499,-60.5054398,-508.331757
8873,44.368320,69.911499,-60.5054398,-508.331757
8874,44.373308,69.911499,-60.5054398,-508.331757
8875,44.378316,69.911499,-60.5054398,-508.331757
8876,44.383301,69.911499,-60.5054398,-508.331757
8877,44.388320,69.911499,-60.5054398,-508.331757
8878,44.393302,69.911499,-60.5054398,-508.331757
8879,44.398321,69.911499,-60.5054398,-508.331757
8880,44.403306,69.911499,-60.5054398,-508.331757
8881,44.408318,69.911499,-60.5054398,-508.331757
8882,44.413303,69.911499,-60.5054398,-508.331757
8883,44.418319,69.911499,-60.5054398,-508.331757
8884,44.423307,69.911499,-60.5054398,-508.331757
8885,44.428322,69.911499,-60.5054398,-508.331757
8886,44.433302,69.911499,-60.5054398,-508.331757
8887,44.438322,69.911499,-60.5054398,-508.331757
8888,44.443303,69.911499,-60.5054398,-508.331757
8889,44.448323,69.911499,-60.5054398,-508.331757
8890,44.453322,69.911499,-60.5054398,-508.331757
8891,44.458301,69.911499,-60.5054398,-508.331757
8892,44.463322,69.911499,-60.5054398,-508.331757
8893,44.468305,69.911499,-60.5054398,-508.331757
8894,44.473322,69.911499,-60.5054398,-508.331757
8895,44.478301,69.911499,-60.5054398,-508.331757
8896,44.483320,69.911499,-60.5054398,-508.331757
8897,44.488301,69.911499,-60.5054398,-508.331757
8898,44.493319,69.911499,-60.5054398,-508.331757
8899,44.498305,69.911499,-60.5054398,-508.331757
8900,44.503322,69.911499,-60.5054398,-508.331757
8901,44.508307,69.911499,-60.5054398,-508.331757
8902,44.513319,69.911499,-60.5054398,-508.331757
8903,44.518302,69.911499,-60.5054398,-508.331757
8904,44.523428,69.911499,-60.5054398,-508.331757
8905,44.528307,69.911499,-60.5054398,-508.331757
8906,44.533305,69.911499,-60.5054398,-508.331757
8907,44.538318,69.911499,-60.5054398,-508.331757
8908,44.543307,69.911499,-60.5054398,-508.331757
8909,44.548323,69.911499,-60.5054398,-508.331757
8910,44.553307,69.911499,-60.5054398,-508.331757
8911,44.558319,69.911499,-60.5054398,-508.331757
8912,44.563304,69.911499,-60.5054398,-508.331757
8913,44.568319,69.911499,-60.5054398,-508.331757
8914,44.573304,69.911499,-60.5054398,-508.331757
8915,44.578322,69.911499,-60.5054398,-508.331757
8916,44.583307,69.911499,-60.5054398,-508.331757
8917,44.588320,69.911499,-60.5054398,-508.331757
8918,44.593302,69.911499,-60.5054398,-508.331757
8919,44.598316,69.911499,-60.5054398,-508.331757
8920,44.603302,69.911499,-60.5054398,-508.331757
8921,44.608316,69.911499,-60.5054398,-508.331757
8922,44.613306,69.911499,-60.5054398,-508.331757
8923,44.618316,69.911499,-60.5054398,-508.331757
8924,44.623301,69.911499,-60.5054398,-508.331757
8925,44.628320,69.911499,-60.5054398,-508.331757
8926,44.633301,69.911499,-60.5054398,-508.331757
8927,44.638431,69.911499,-60.5054398,-508.331757
8928,44.643308,69.911499,-60.5054398,-508.331757
8929,44.648306,69.911499,-60.5054398,-508.331757
8930,44.653319,69.911499,-60.5054398,-508.331757
8931,44.658302,69.911499,-60.5054398,-508.331757
8932,44.663318,69.911499,-60.5054398,-508.331757
8933,44.668305,69.911499,-60.5054398,-508.331757
8934,44.673320,69.911499,-60.5054398,-508.331757
8935,44.678316,69.911499,-60.5054398,-508.331757
8936,44.683316,69.911499,-60.5054398,-508.331757
8937,44.688301,69.911499,-60.5054398,-508.331757
8938,44.693321,69.911499,-60.5054398,-508.331757
8939,44.698307,69.911499,-60.5054398,-508.331757
8940,44.703316,69.911499,-60.5054398,-508.331757
8941,44.708307,69.911499,-60.5054398,-508.331757
8942,44.713318,69.911499,-60.5054398,-508.331757
8943,44.718301,69.911499,-60.5054398,-508.331757
8944,44.723307,69.911499,-60.5054398,-508.331757
8945,44.728322,69.911499,-60.5054398,-508.331757
8946,44.733321,69.911499,-60.5054398,-508.331757
8947,44.738322,69.911499,-60.5054398,-508.331757
8948,44.743307,69.911499,-60.5054398,-508.331757
8949,44.748319,69.911499,-60.5054398,-508.331757
8950,44.753305,69.911499,-60.5054398,-508.331757
8951,44.758323,69.911499,-60.5054398,-508.331757
8952,44.763308,69.911499,-60.5054398,-508.331757
8953,44.768319,69.911499,-60.5054398,-508.331757
8954,44.773307,69.911499,-60.5054398,-508.331757
8955,44.778321,69.911499,-60.5054398,-508.331757
8956,44.783317,69.911499,-60.5054398,-508.331757
8957,44.788321,69.911499,-60.5054398,-508.331757
8958,44.793303,69.911499,-60.5054398,-508.331757
8959,44.798321,69.911499,-60.5054398,-508.331757
8960,44.803304,69.911499,-60.5054398,-508.331757
8961,44.808318,69.911499,-60.5054398,-508.331757
8962,44.813305,69.911499,-60.5054398,-508.331757
8963,44.818318,69.911499,-60.5054398,-508.331757
8964,44.823306,69.911499,-60.5054398,-508.331757
8965,44.828318,69.911499,-60.5054398,-508.331757
8966,44.833307,69.911499,-60.5054398,-508.331757
8967,44.838305,69.911499,-60.5054398,-508.331757
8968,44.843315,69.911499,-60.5054398,-508.331757
8969,44.848305,69.911499,-60.5054398,-508.331757
8970,44.853320,69.911499,-60.5054398,-508.331757
8971,44.858303,69.911499,-60.5054398,-508.331757
8972,44.863318,69.911499,-60.5054398,-508.331757
8973,44.868308,69.911499,-60.5054398,-508.331757
8974,44.873319,69.911499,-60.5054398,-508.331757
8975,44.878303,69.911499,-60.5054398,-508.331757
8976,44.883321,69.911499,-60.5054398,-508.331757
8977,44.888303,69.911499,-60.5054398,-508.331757
8978,44.893323,69.911499,-60.5054398,-508.331757
8979,44.898317,69.911499,-60.5054398,-508.331757
8980,44.903317,69.911499,-60.5054398,-508.331757
8981,44.908303,69.911499,-60.5054398,-508.331757
8982,44.913319,69.911499,-60.5054398,-508.331757
8983,44.918301,69.911499,-60.5054398,-508.331757
8984,44.923323,69.911499,-60.5054398,-508.331757
8985,44.928302,69.911499,-60.5054398,-508.331757
8986,44.933315,69.911499,-60.5054398,-508.331757
8987,44.938307,69.911499,-60.5054398,-508.331757
8988,44.943322,69.911499,-60.5054398,-508.331757
8989,44.948308,69.911499,-60.5054398,-508.331757
8990,44.953301,69.911499,-60.5054398,-508.331757
8991,44.958322,69.911499,-60.5054398,-508.331757
8992,44.963307,69.911499,-60.5054398,-508.331757
8993,44.968318,69.911499,-60.5054398,-508.331757
8994,44.973306,69.911499,-60.5054398,-508.331757
8995,44.978323,69.911499,-60.5054398,-508.331757
8996,44.983304,69.911499,-60.5054398,-508.331757
8997,44.988318,69.911499,-60.5054398,-508.331757
8998,44.993304,69.911499,-60.5054398,-508.331757
8999,44.998316,69.911499,-60.5054398,-508.331757
9000,45.003302,69.911499,-60.5054398,-508.331757
9001,45.008315,69.911499,-60.5054398,-508.331757
9002,45.013326,69.911499,-60.5054398,-508.331757
9003,45.018321,69.911499,-60.5054398,-508.331757
9004,45.023306,69.911499,-60.5054398,-508.331757
9005,45.028318,69.911499,-60.5054398,-508.331757
9006,45.033307,69.911499,-60.5054398,-508.331757
9007,45.038318,69.911499,-60.5054398,-508.331757
9008,45.043301,69.911499,-60.5054398,-508.331757
9009,45.048328,69.911499,-60.5054398,-508.331757
9010,45.053317,69.911499,-60.5054398,-508.331757
9011,45.058303,69.911499,-60.5054398,-508.331757
9012,45.063322,69.911499,-60.5054398,-508.331757
9013,45.068304,69.911499,-60.5054398,-508.331757
9014,45.073317,69.911499,-60.5054398,-508.331757
9015,45.078321,69.911499,-60.5054398,-508.331757
9016,45.083317,69.911499,-60.5054398,-508.331757
9017,45.088303,69.911499,-60.5054398,-508.331757
9018,45.093321,69.911499,-60.5054398,-508.331757
9019,45.098307,69.911499,-60.5054398,-508.331757
9020,45.103317,69.911499,-60.5054398,-508.331757
9021,45.108304,69.911499,-60.5054398,-508.331757
9022,45.113323,69.911499,-60.5054398,-508.331757
9023,45.118301,69.911499,-60.5054398,-508.331757
9024,45.123320,69.911499,-60.5054398,-508.331757
9025,45.128303,69.911499,-60.5054398,-508.331757
9026,45.133316,69.911499,-60.5054398,-508.331757
9027,45.138305,69.911499,-60.5054398,-508.331757
9028,45.143322,69.911499,-60.5054398,-508.331757
9029,45.148308,69.911499,-60.5054398,-508.331757
9030,45.153318,69.911499,-60.5054398,-508.331757
9031,45.158301,69.911499,-60.5054398,-508.331757
9032,45.163321,69.911499,-60.5054398,-508.331757
9033,45.168307,69.911499,-60.5054398,-508.331757
9034,45.173301,69.911499,-60.5054398,-508.331757
9035,45.178318,69.911499,-60.5054398,-508.331757
9036,45.183352,69.911499,-60.5054398,-508.331757
9037,45.188319,69.911499,-60.5054398,-508.331757
9038,45.193304,69.911499,-60.5054398,-508.331757
9039,45.198316,69.911499,-60.5054398,-508.331757
9040,45.203305,69.911499,-60.5054398,-508.331757
9041,45.208319,69.911499,-60.5054398,-508.331757
9042,45.213304,69.911499,-60.5054398,-508.331757
9043,45.218323,69.911499,-60.5054398,-508.331757
9044,45.223308,69.911499,-60.5054398,-508.331757
9045,45.228319,69.911499,-60.5054398,-508.331757
9046,45.233304,69.911499,-60.5054398,-508.331757
9047,45.238316,69.911499,-60.5054398,-508.331757
9048,45.243302,69.911499,-60.5054398,-508.331757
9049,45.248322,69.911499,-60.5054398,-508.331757
9050,45.253308,69.911499,-60.5054398,-508.331757
9051,45.258315,69.911499,-60.5054398,-508.331757
9052,45.263306,69.911499,-60.5054398,-508.331757
9053,45.268319,69.911499,-60.5054398,-508.331757
9054,45.273302,69.911499,-60.5054398,-508.331757
9055,45.278321,69.911499,-60.5054398,-508.331757
9056,45.283307,69.911499,-60.5054398,-508.331757
9057,45.288323,69.911499,-60.5054398,-508.331757
9058,45.293321,69.911499,-60.5054398,-508.331757
9059,45.298303,69.911499,-60.5054398,-508.331757
9060,45.303319,69.911499,-60.5054398,-508.331757
9061,45.308306,69.911499,-60.5054398,-508.331757
9062,45.313320,69.911499,-60.5054398,-508.331757
9063,45.318302,69.911499,-60.5054398,-508.331757
9064,45.323321,69.911499,-60.5054398,-508.331757
9065,45.328304,69.911499,-60.5054398,-508.331757
9066,45.333317,69.911499,-60.5054398,-508.331757
9067,45.338308,69.911499,-60.5054398,-508.331757
9068,45.343319,69.911499,-60.5054398,-508.331757
9069,45.348301,69.911499,-60.5054398,-508.331757
9070,45.353319,69.911499,-60.5054398,-508.331757
9071,45.358305,69.911499,-60.5054398,-508.331757
9072,45.363322,69.911499,-60.5054398,-508.331757
9073,45.368308,69.911499,-60.5054398,-508.331757
9074,45.373317,69.911499,-60.5054398,-508.331757
9075,45.378307,69.911499,-60.5054398,-508.331757
9076,45.383321,69.911499,-60.5054398,-508.331757
9077,45.388303,69.911499,-60.5054398,-508.331757
9078,45.393320,69.911499,-60.5054398,-508.331757
9079,45.398307,69.911499,-60.5054398,-508.331757
9080,45.403322,69.911499,-60.5054398,-508.331757
9081,45.408304,69.911499,-60.5054398,-508.331757
9082,45.413320,69.911499,-60.5054398,-508.331757
9083,45.418302,69.911499,-60.5054398,-508.331757
9084,45.423322,69.911499,-60.5054398,-508.331757
9085,45.428304,69.911499,-60.5054398,-508.331757
9086,45.433318,69.911499,-60.5054398,-508.331757
9087,45.438307,69.911499,-60.5054398,-508.331757
9088,45.443306,69.911499,-60.5054398,-508.331757
9089,45.448320,69.911499,-60.5054398,-508.331757
9090,45.453302,69.911499,-60.5054398,-508.331757
9091,45.458317,69.911499,-60.5054398,-508.331757
9092,45.463318,69.911499,-60.5054398,-508.331757
9093,45.468322,69.911499,-60.5054398,-508.331757
9094,45.473302,69.911499,-60.5054398,-508.331757
9095,45.478322,69.911499,-60.5054398,-508.331757
9096,45.483307,69.911499,-60.5054398,-508.331757
9097,45.488322,69.911499,-60.5054398,-508.331757
9098,45.493302,69.911499,-60.5054398,-508.331757
9099,45.498317,69.911499,-60.5054398,-508.331757
9100,45.503301,69.911499,-60.5054398,-508.331757
9101,45.508323,69.911499,-60.5054398,-508.331757
9102,45.513308,69.911499,-60.5054398,-508.331757
9103,45.518410,69.911499,-60.5054398,-508.331757
9104,45.523308,69.911499,-60.5054398,-508.331757
9105,45.528316,69.911499,-60.5054398,-508.331757
9106,45.533304,69.911499,-60.5054398,-508.331757
9107,45.538326,69.911499,-60.5054398,-508.331757
9108,45.543321,69.911499,-60.5054398,-508.331757
9109,45.548303,69.911499,-60.5054398,-508.331757
9110,45.553320,69.911499,-60.5054398,-508.331757
9111,45.558305,69.911499,-60.5054398,-508.331757
9112,45.563315,69.911499,-60.5054398,-508.331757
9113,45.568308,69.911499,-60.5054398,-508.331757
9114,45.573434,69.911499,-60.5054398,-508.331757
9115,45.578305,69.911499,-60.5054398,-508.331757
9116,45.583319,69.911499,-60.5054398,-508.331757
9117,45.588306,69.911499,-60.5054398,-508.331757
9118,45.593323,69.911499,-60.5054398,-508.331757
9119,45.598305,69.911499,-60.5054398,-508.331757
9120,45.603322,69.911499,-60.5054398,-508.331757
9121,45.608304,69.911499,-60.5054398,-508.331757
9122,45.613317,69.911499,-60.5054398,-508.331757
9123,45.618307,69.911499,-60.5054398,-508.331757
9124,45.623304,69.911499,-60.5054398,-508.331757
9125,45.628319,69.911499,-60.5054398,-508.331757
9126,45.633307,69.911499,-60.5054398,-508.331757
9127,45.638321,69.911499,-60.5054398,-508.331757
9128,45.643306,69.911499,-60.5054398,-508.331757
9129,45.648317,69.911499,-60.5054398,-508.331757
9130,45.653305,69.911499,-60.5054398,-508.331757
9131,45.658308,69.911499,-60.5054398,-508.331757
9132,45.663317,69.911499,-60.5054398,-508.331757
9133,45.668302,69.911499,-60.5054398,-508.331757
9134,45.673316,69.911499,-60.5054398,-508.331757
9135,45.678301,69.911499,-60.5054398,-508.331757
9136,45.683319,69.911499,-60.5054398,-508.331757
9137,45.688304,69.911499,-60.5054398,-508.331757
9138,45.693316,69.911499,-60.5054398,-508.331757
9139,45.698308,69.911499,-60.5054398,-508.331757
9140,45.703317,69.911499,-60.5054398,-508.331757
9141,45.708307,69.911499,-60.5054398,-508.331757
9142,45.713323,69.911499,-60.5054398,-508.331757
9143,45.718305,69.911499,-60.5054398,-508.331757
9144,45.723322,69.911499,-60.5054398,-508.331757
9145,45.728303,69.911499,-60.5054398,-508.331757
9146,45.733317,69.911499,-60.5054398,-508.331757
9147,45.738308,69.911499,-60.5054398,-508.331757
9148,45.743321,69.911499,-60.5054398,-508.331757
9149,45.748303,69.911499,-60.5054398,-508.331757
9150,45.753322,69.911499,-60.5054398,-508.331757
9151,45.758307,69.911499,-60.5054398,-508.331757
9152,45.763366,69.911499,-60.5054398,-508.331757
9153,45.768301,69.911499,-60.5054398,-508.331757
9154,45.773323,69.911499,-60.5054398,-508.331757
9155,45.778306,69.911499,-60.5054398,-508.331757
9156,45.783328,69.911499,-60.5054398,-508.331757
9157,45.788320,69.911499,-60.5054398,-508.331757
9158,45.793301,69.911499,-60.5054398,-508.331757
9159,45.798322,69.911499,-60.5054398,-508.331757
9160,45.803321,69.911499,-60.5054398,-508.331757
9161,45.808320,69.911499,-60.5054398,-508.331757
9162,45.813308,69.911499,-60.5054398,-508.331757
9163,45.818319,69.911499,-60.5054398,-508.331757
9164,45.823308,69.911499,-60.5054398,-508.331757
9165,45.828322,69.911499,-60.5054398,-508.331757
9166,45.833308,69.911499,-60.5054398,-508.331757
9167,45.838322,69.911499,-60.5054398,-508.331757
9168,45.843304,69.911499,-60.5054398,-508.331757
9169,45.848323,69.911499,-60.5054398,-508.331757
9170,45.853304,69.911499,-60.5054398,-508.331757
9171,45.858322,69.911499,-60.5054398,-508.331757
9172,45.863308,69.911499,-60.5054398,-508.331757
9173,45.868319,69.911499,-60.5054398,-508.331757
9174,45.873307,69.911499,-60.5054398,-508.331757
9175,45.878317,69.911499,-60.5054398,-508.331757
9176,45.883302,69.911499,-60.5054398,-508.331757
9177,45.888318,69.911499,-60.5054398,-508.331757
9178,45.893303,69.911499,-60.5054398,-508.331757
9179,45.898323,69.911499,-60.5054398,-508.331757
9180,45.903305,69.911499,-60.5054398,-508.331757
9181,45.908321,69.911499,-60.5054398,-508.331757
9182,45.913315,69.911499,-60.5054398,-508.331757
9183,45.918302,69.911499,-60.5054398,-508.331757
9184,45.923316,69.911499,-60.5054398,-508.331757
9185,45.928307,69.911499,-60.5054398,-508.331757
9186,45.933316,69.911499,-60.5054398,-508.331757
9187,45.938301,69.911499,-60.5054398,-508.331757
9188,45.943319,69.911499,-60.5054398,-508.331757
9189,45.948305,69.911499,-60.5054398,-508.331757
9190,45.953316,69.911499,-60.5054398,-508.331757
9191,45.958305,69.911499,-60.5054398,-508.331757
9192,45.963319,69.911499,-60.5054398,-508.331757
9193,45.968321,69.911499,-60.5054398,-508.331757
9194,45.973318,69.911499,-60.5054398,-508.331757
9195,45.978308,69.911499,-60.5054398,-508.331757
9196,45.983320,69.911499,-60.5054398,-508.331757
9197,45.988302,69.911499,-60.5054398,-508.331757
9198,45.993322,69.911499,-60.5054398,-508.331757
9199,45.998303,69.911499,-60.5054398,-508.331757
9200,46.003319,69.911499,-60.5054398,-508.331757
9201,46.008302,69.911499,-60.5054398,-508.331757
9202,46.013306,69.911499,-60.5054398,-508.331757
9203,46.018320,69.911499,-60.5054398,-508.331757
9204,46.023319,69.911499,-60.5054398,-508.331757
9205,46.028323,69.911499,-60.5054398,-508.331757
9206,46.033308,69.911499,-60.5054398,-508.331757
9207,46.038318,69.911499,-60.5054398,-508.331757
9208,46.043303,69.911499,-60.5054398,-508.331757
9209,46.048322,69.911499,-60.5054398,-508.331757
9210,46.053304,69.911499,-60.5054398,-508.331757
9211,46.058317,69.911499,-60.5054398,-508.331757
9212,46.063305,69.911499,-60.5054398,-508.331757
9213,46.068321,69.911499,-60.5054398,-508.331757
9214,46.073302,69.911499,-60.5054398,-508.331757
9215,46.078316,69.911499,-60.5054398,-508.331757
9216,46.083316,69.911499,-60.5054398,-508.331757
9217,46.088316,69.911499,-60.5054398,-508.331757
9218,46.093304,69.911499,-60.5054398,-508.331757
9219,46.098317,69.911499,-60.5054398,-508.331757
9220,46.103302,69.911499,-60.5054398,-508.331757
9221,46.108317,69.911499,-60.5054398,-508.331757
9222,46.113303,69.911499,-60.5054398,-508.331757
9223,46.118306,69.911499,-60.5054398,-508.331757
9224,46.123315,69.911499,-60.5054398,-508.331757
9225,46.128305,69.911499,-60.5054398,-508.331757
9226,46.133322,69.911499,-60.5054398,-508.331757
9227,46.138315,69.911499,-60.5054398,-508.331757
9228,46.143318,69.911499,-60.5054398,-508.331757
9229,46.148308,69.911499,-60.5054398,-508.331757
9230,46.153318,69.911499,-60.5054398,-508.331757
9231,46.158307,69.911499,-60.5054398,-508.331757
9232,46.163322,69.911499,-60.5054398,-508.331757
9233,46.168301,69.911499,-60.5054398,-508.331757
9234,46.173318,69.911499,-60.5054398,-508.331757
9235,46.178308,69.911499,-60.5054398,-508.331757
9236,46.183306,69.911499,-60.5054398,-508.331757
9237,46.188317,69.911499,-60.5054398,-508.331757
9238,46.193315,69.911499,-60.5054398,-508.331757
9239,46.198321,69.911499,-60.5054398,-508.331757
9240,46.203302,69.911499,-60.5054398,-508.331757
9241,46.208321,69.911499,-60.5054398,-508.331757
9242,46.213301,69.911499,-60.5054398,-508.331757
9243,46.218319,69.911499,-60.5054398,-508.331757
9244,46.223302,69.911499,-60.5054398,-508.331757
9245,46.228323,69.911499,-60.5054398,-508.331757
9246,46.233305,69.911499,-60.5054398,-508.331757
9247,46.238320,69.911499,-60.5054398,-508.331757
9248,46.243302,69.911499,-60.5054398,-508.331757
9249,46.248318,69.911499,-60.5054398,-508.331757
9250,46.253321,69.911499,-60.5054398,-508.331757
9251,46.258320,69.911499,-60.5054398,-508.331757
9252,46.263305,69.911499,-60.5054398,-508.331757
9253,46.268341,69.911499,-60.5054398,-508.331757
9254,46.273306,69.911499,-60.5054398,-508.331757
9255,46.278320,69.911499,-60.5054398,-508.331757
9256,46.283301,69.911499,-60.5054398,-508.331757
9257,46.288340,69.911499,-60.5054398,-508.331757
9258,46.293301,69.911499,-60.5054398,-508.331757
9259,46.298340,69.911499,-60.5054398,-508.331757
9260,46.303302,69.911499,-60.5054398,-508.331757
9261,46.308319,69.911499,-60.5054398,-508.331757
9262,46.313304,69.911499,-60.5054398,-508.331757
9263,46.318329,69.911499,-60.5054398,-508.331757
9264,46.323322,69.911499,-60.5054398,-508.331757
9265,46.328304,69.911499,-60.5054398,-508.331757
9266,46.333316,69.911499,-60.5054398,-508.331757
9267,46.338301,69.911499,-60.5054398,-508.331757
9268,46.343317,69.911499,-60.5054398,-508.331757
9269,46.348302,69.911499,-60.5054398,-508.331757
9270,46.353316,69.911499,-60.5054398,-508.331757
9271,46.358306,69.911499,-60.5054398,-508.331757
9272,46.363323,69.911499,-60.5054398,-508.331757
9273,46.368322,69.911499,-60.5054398,-508.331757
9274,46.373319,69.911499,-60.5054398,-508.331757
9275,46.378306,69.911499,-60.5054398,-508.331757
9276,46.383320,69.911499,-60.5054398,-508.331757
9277,46.388308,69.911499,-60.5054398,-508.331757
9278,46.393321,69.911499,-60.5054398,-508.331757
9279,46.398306,69.911499,-60.5054398,-508.331757
9280,46.403321,69.911499,-60.5054398,-508.331757
9281,46.408303,69.911499,-60.5054398,-508.331757
9282,46.413317,69.911499,-60.5054398,-508.331757
9283,46.418303,69.911499,-60.5054398,-508.331757
9284,46.423319,69.911499,-60.5054398,-508.331757
9285,46.428315,69.911499,-60.5054398,-508.331757
9286,46.433301,69.911499,-60.5054398,-508.331757
9287,46.438322,69.911499,-60.5054398,-508.331757
9288,46.443307,69.911499,-60.5054398,-508.331757
9289,46.448318,69.911499,-60.5054398,-508.331757
9290,46.453301,69.911499,-60.5054398,-508.331757
9291,46.458318,69.911499,-60.5054398,-508.331757
9292,46.463303,69.911499,-60.5054398,-508.331757
9293,46.468321,69.911499,-60.5054398,-508.331757
9294,46.473301,69.911499,-60.5054398,-508.331757
9295,46.478320,69.911499,-60.5054398,-508.331757
9296,46.483322,69.911499,-60.5054398,-508.331757
9297,46.488321,69.911499,-60.5054398,-508.331757
9298,46.493303,69.911499,-60.5054398,-508.331757
9299,46.498319,69.911499,-60.5054398,-508.331757
9300,46.503301,69.911499,-60.5054398,-508.331757
9301,46.508307,69.911499,-60.5054398,-508.331757
9302,46.513322,69.911499,-60.5054398,-508.331757
9303,46.518305,69.911499,-60.5054398,-508.331757
9304,46.523316,69.911499,-60.5054398,-508.331757
9305,46.528306,69.911499,-60.5054398,-508.331757
9306,46.533320,69.911499,-60.5054398,-508.331757
9307,46.538323,69.911499,-60.5054398,-508.331757
9308,46.543319,69.911499,-60.5054398,-508.331757
9309,46.548305,69.911499,-60.5054398,-508.331757
9310,46.553322,69.911499,-60.5054398,-508.331757
9311,46.558304,69.911499,-60.5054398,-508.331757
9312,46.563321,69.911499,-60.5054398,-508.331757
9313,46.568303,69.911499,-60.5054398,-508.331757
9314,46.573322,69.911499,-60.5054398,-508.331757
9315,46.578301,69.911499,-60.5054398,-508.331757
9316,46.583318,69.911499,-60.5054398,-508.331757
9317,46.588308,69.911499,-60.5054398,-508.331757
9318,46.593323,69.911499,-60.5054398,-508.331757
9319,46.598315,69.911499,-60.5054398,-508.331757
9320,46.603318,69.911499,-60.5054398,-508.331757
9321,46.608304,69.911499,-60.5054398,-508.331757
9322,46.613321,69.911499,-60.5054398,-508.331757
9323,46.618303,69.911499,-60.5054398,-508.331757
9324,46.623317,69.911499,-60.5054398,-508.331757
9325,46.628307,69.911499,-60.5054398,-508.331757
9326,46.633319,69.911499,-60.5054398,-508.331757
9327,46.638307,69.911499,-60.5054398,-508.331757
9328,46.643333,69.911499,-60.5054398,-508.331757
9329,46.648320,69.911499,-60.5054398,-508.331757
9330,46.653321,69.911499,-60.5054398,-508.331757
9331,46.658316,69.911499,-60.5054398,-508.331757
9332,46.663305,69.911499,-60.5054398,-508.331757
9333,46.668318,69.911499,-60.5054398,-508.331757
9334,46.673304,69.911499,-60.5054398,-508.331757
9335,46.678322,69.911499,-60.5054398,-508.331757
9336,46.683306,69.911499,-60.5054398,-508.331757
9337,46.688322,69.911499,-60.5054398,-508.331757
9338,46.693302,69.911499,-60.5054398,-508.331757
9339,46.698321,69.911499,-60.5054398,-508.331757
9340,46.703304,69.911499,-60.5054398,-508.331757
9341,46.708302,69.911499,-60.5054398,-508.331757
9342,46.713321,69.911499,-60.5054398,-508.331757
9343,46.718303,69.911499,-60.5054398,-508.331757
9344,46.723323,69.911499,-60.5054398,-508.331757
9345,46.728301,69.911499,-60.5054398,-508.331757
9346,46.733319,69.911499,-60.5054398,-508.331757
9347,46.738304,69.911499,-60.5054398,-508.331757
9348,46.743319,69.911499,-60.5054398,-508.331757
9349,46.748304,69.911499,-60.5054398,-508.331757
9350,46.753323,69.911499,-60.5054398,-508.331757
9351,46.758301,69.911499,-60.5054398,-508.331757
9352,46.763472,69.911499,-60.5054398,-508.331757
9353,46.768303,69.911499,-60.5054398,-508.331757
9354,46.773322,69.911499,-60.5054398,-508.331757
9355,46.778305,69.911499,-60.5054398,-508.331757
9356,46.783336,69.911499,-60.5054398,-508.331757
9357,46.788306,69.911499,-60.5054398,-508.331757
9358,46.793307,69.911499,-60.5054398,-508.331757
9359,46.798323,69.911499,-60.5054398,-508.331757
9360,46.803304,69.911499,-60.5054398,-508.331757
9361,46.808318,69.911499,-60.5054398,-508.331757
9362,46.813308,69.911499,-60.5054398,-508.331757
9363,46.818320,69.911499,-60.5054398,-508.331757
9364,46.823318,69.911499,-60.5054398,-508.331757
9365,46.828318,69.911499,-60.5054398,-508.331757
9366,46.833303,69.911499,-60.5054398,-508.331757
9367,46.838315,69.911499,-60.5054398,-508.331757
9368,46.843305,69.911499,-60.5054398,-508.331757
9369,46.848320,69.911499,-60.5054398,-508.331757
9370,46.853308,69.911499,-60.5054398,-508.331757
9371,46.858320,69.911499,-60.5054398,-508.331757
9372,46.863305,69.911499,-60.5054398,-508.331757
9373,46.868318,69.911499,-60.5054398,-508.331757
9374,46.873303,69.911499,-60.5054398,-508.331757
9375,46.878322,69.911499,-60.5054398,-508.331757
9376,46.883303,69.911499,-60.5054398,-508.331757
9377,46.888321,69.911499,-60.5054398,-508.331757
9378,46.893306,69.911499,-60.5054398,-508.331757
9379,46.898316,69.911499,-60.5054398,-508.331757
9380,46.903301,69.911499,-60.5054398,-508.331757
9381,46.908318,69.911499,-60.5054398,-508.331757
9382,46.913306,69.911499,-60.5054398,-508.331757
9383,46.918318,69.911499,-60.5054398,-508.331757
9384,46.923303,69.911499,-60.5054398,-508.331757
9385,46.928316,69.911499,-60.5054398,-508.331757
9386,46.933304,69.911499,-60.5054398,-508.331757
9387,46.938319,69.911499,-60.5054398,-508.331757
9388,46.943309,69.911499,-60.5054398,-508.331757
9389,46.948317,69.911499,-60.5054398,-508.331757
9390,46.953302,69.911499,-60.5054398,-508.331757
9391,46.958305,69.911499,-60.5054398,-508.331757
9392,46.963323,69.911499,-60.5054398,-508.331757
9393,46.968305,69.911499,-60.5054398,-508.331757
9394,46.973317,69.911499,-60.5054398,-508.331757
9395,46.978301,69.911499,-60.5054398,-508.331757
9396,46.983320,69.911499,-60.5054398,-508.331757
9397,46.988322,69.911499,-60.5054398,-508.331757
9398,46.993316,69.911499,-60.5054398,-508.331757
9399,46.998306,69.911499,-60.5054398,-508.331757
9400,47.003322,69.911499,-60.5054398,-508.331757
9401,47.008305,69.911499,-60.5054398,-508.331757
9402,47.013320,69.911499,-60.5054398,-508.331757
9403,47.018307,69.911499,-60.5054398,-508.331757
9404,47.023320,69.911499,-60.5054398,-508.331757
9405,47.028307,69.911499,-60.5054398,-508.331757
9406,47.033318,69.911499,-60.5054398,-508.331757
9407,47.038308,69.911499,-60.5054398,-508.331757
9408,47.043320,69.911499,-60.5054398,-508.331757
9409,47.048305,69.911499,-60.5054398,-508.331757
9410,47.053321,69.911499,-60.5054398,-508.331757
9411,47.058303,69.911499,-60.5054398,-508.331757
9412,47.063317,69.911499,-60.5054398,-508.331757
9413,47.068307,69.911499,-60.5054398,-508.331757
9414,47.073320,69.911499,-60.5054398,-508.331757
9415,47.078307,69.911499,-60.5054398,-508.331757
9416,47.083308,69.911499,-60.5054398,-508.331757
9417,47.088316,69.911499,-60.5054398,-508.331757
9418,47.093301,69.911499,-60.5054398,-508.331757
9419,47.098316,69.911499,-60.5054398,-508.331757
9420,47.103323,69.911499,-60.5054398,-508.331757
9421,47.108318,69.911499,-60.5054398,-508.331757
9422,47.113303,69.911499,-60.5054398,-508.331757
9423,47.118321,69.911499,-60.5054398,-508.331757
9424,47.123306,69.911499,-60.5054398,-508.331757
9425,47.128318,69.911499,-60.5054398,-508.331757
9426,47.133306,69.911499,-60.5054398,-508.331757
9427,47.138316,69.911499,-60.5054398,-508.331757
9428,47.143307,69.911499,-60.5054398,-508.331757
9429,47.148320,69.911499,-60.5054398,-508.331757
9430,47.153303,69.911499,-60.5054398,-508.331757
9431,47.158318,69.911499,-60.5054398,-508.331757
9432,47.163304,69.911499,-60.5054398,-508.331757
9433,47.168307,69.911499,-60.5054398,-508.331757
9434,47.173322,69.911499,-60.5054398,-508.331757
9435,47.178308,69.911499,-60.5054398,-508.331757
9436,47.183322,69.911499,-60.5054398,-508.331757
9437,47.188304,69.911499,-60.5054398,-508.331757
9438,47.193320,69.911499,-60.5054398,-508.331757
9439,47.198305,69.911499,-60.5054398,-508.331757
9440,47.203316,69.911499,-60.5054398,-508.331757
9441,47.208303,69.911499,-60.5054398,-508.331757
9442,47.213317,69.911499,-60.5054398,-508.331757
9443,47.218318,69.911499,-60.5054398,-508.331757
9444,47.223319,69.911499,-60.5054398,-508.331757
9445,47.228306,69.911499,-60.5054398,-508.331757
9446,47.233322,69.911499,-60.5054398,-508.331757
9447,47.238306,69.911499,-60.5054398,-508.331757
9448,47.243332,69.911499,-60.5054398,-508.331757
9449,47.248316,69.911499,-60.5054398,-508.331757
9450,47.253309,69.911499,-60.5054398,-508.331757
9451,47.258318,69.911499,-60.5054398,-508.331757
9452,47.263303,69.911499,-60.5054398,-508.331757
9453,47.268320,69.911499,-60.5054398,-508.331757
9454,47.273304,69.911499,-60.5054398,-508.331757
9455,47.278321,69.911499,-60.5054398,-508.331757
9456,47.283307,69.911499,-60.5054398,-508.331757
9457,47.288321,69.911499,-60.5054398,-508.331757
9458,47.293306,69.911499,-60.5054398,-508.331757
9459,47.298320,69.911499,-60.5054398,-508.331757
9460,47.303308,69.911499,-60.5054398,-508.331757
9461,47.308321,69.911499,-60.5054398,-508.331757
9462,47.313301,69.911499,-60.5054398,-508.331757
9463,47.318316,69.911499,-60.5054398,-508.331757
9464,47.323322,69.911499,-60.5054398,-508.331757
9465,47.328315,69.911499,-60.5054398,-508.331757
9466,47.333308,69.911499,-60.5054398,-508.331757
9467,47.338320,69.911499,-60.5054398,-508.331757
9468,47.343305,69.911499,-60.5054398,-508.331757
9469,47.348319,69.911499,-60.5054398,-508.331757
9470,47.353301,69.911499,-60.5054398,-508.331757
9471,47.358332,69.911499,-60.5054398,-508.331757
9472,47.363319,69.911499,-60.5054398,-508.331757
9473,47.368308,69.911499,-60.5054398,-508.331757
9474,47.373322,69.911499,-60.5054398,-508.331757
9475,47.378307,69.911499,-60.5054398,-508.331757
9476,47.383315,69.911499,-60.5054398,-508.331757
9477,47.388301,69.911499,-60.5054398,-508.331757
9478,47.393320,69.911499,-60.5054398,-508.331757
9479,47.398302,69.911499,-60.5054398,-508.331757
9480,47.403317,69.911499,-60.5054398,-508.331757
9481,47.408307,69.911499,-60.5054398,-508.331757
9482,47.413323,69.911499,-60.5054398,-508.331757
9483,47.418301,69.911499,-60.5054398,-508.331757
9484,47.423316,69.911499,-60.5054398,-508.331757
9485,47.428303,69.911499,-60.5054398,-508.331757
9486,47.433323,69.911499,-60.5054398,-508.331757
9487,47.438305,69.911499,-60.5054398,-508.331757
9488,47.443320,69.911499,-60.5054398,-508.331757
9489,47.448306,69.911499,-60.5054398,-508.331757
9490,47.453356,69.911499,-60.5054398,-508.331757
9491,47.458302,69.911499,-60.5054398,-508.331757
9492,47.463303,69.911499,-60.5054398,-508.331757
9493,47.468320,69.911499,-60.5054398,-508.331757
9494,47.473302,69.911499,-60.5054398,-508.331757
9495,47.478320,69.911499,-60.5054398,-508.331757
9496,47.483302,69.911499,-60.5054398,-508.331757
9497,47.488321,69.911499,-60.5054398,-508.331757
9498,47.493319,69.911499,-60.5054398,-508.331757
9499,47.498322,69.911499,-60.5054398,-508.331757
9500,47.503302,69.911499,-60.5054398,-508.331757
9501,47.508318,69.911499,-60.5054398,-508.331757
9502,47.513303,69.911499,-60.5054398,-508.331757
9503,47.518321,69.911499,-60.5054398,-508.331757
9504,47.523301,69.911499,-60.5054398,-508.331757
9505,47.528320,69.911499,-60.5054398,-508.331757
9506,47.533306,69.911499,-60.5054398,-508.331757
9507,47.538321,69.911499,-60.5054398,-508.331757
9508,47.543304,69.911499,-60.5054398,-508.331757
9509,47.548319,69.911499,-60.5054398,-508.331757
9510,47.553301,69.911499,-60.5054398,-508.331757
9511,47.558322,69.911499,-60.5054398,-508.331757
9512,47.563303,69.911499,-60.5054398,-508.331757
9513,47.568318,69.911499,-60.5054398,-508.331757
9514,47.573303,69.911499,-60.5054398,-508.331757
9515,47.578318,69.911499,-60.5054398,-508.331757
9516,47.583302,69.911499,-60.5054398,-508.331757
9517,47.588308,69.911499,-60.5054398,-508.331757
9518,47.593317,69.911499,-60.5054398,-508.331757
9519,47.598303,69.911499,-60.5054398,-508.331757
9520,47.603321,69.911499,-60.5054398,-508.331757
9521,47.608320,69.911499,-60.5054398,-508.331757
9522,47.613317,69.911499,-60.5054398,-508.331757
9523,47.618308,69.911499,-60.5054398,-508.331757
9524,47.623318,69.911499,-60.5054398,-508.331757
9525,47.628307,69.911499,-60.5054398,-508.331757
9526,47.633318,69.911499,-60.5054398,-508.331757
9527,47.638308,69.911499,-60.5054398,-508.331757
9528,47.643315,69.911499,-60.5054398,-508.331757
9529,47.648301,69.911499,-60.5054398,-508.331757
9530,47.653319,69.911499,-60.5054398,-508.331757
9531,47.658305,69.911499,-60.5054398,-508.331757
9532,47.663320,69.911499,-60.5054398,-508.331757
9533,47.668319,69.911499,-60.5054398,-508.331757
9534,47.673319,69.911499,-60.5054398,-508.331757
9535,47.678306,69.911499,-60.5054398,-508.331757
9536,47.683318,69.911499,-60.5054398,-508.331757
9537,47.688301,69.911499,-60.5054398,-508.331757
9538,47.693307,69.911499,-60.5054398,-508.331757
9539,47.698317,69.911499,-60.5054398,-508.331757
9540,47.703302,69.911499,-60.5054398,-508.331757
9541,47.708323,69.911499,-60.5054398,-508.331757
9542,47.713308,69.911499,-60.5054398,-508.331757
9543,47.718315,69.911499,-60.5054398,-508.331757
9544,47.723301,69.911499,-60.5054398,-508.331757
9545,47.728317,69.911499,-60.5054398,-508.331757
9546,47.733302,69.911499,-60.5054398,-508.331757
9547,47.738322,69.911499,-60.5054398,-508.331757
9548,47.743304,69.911499,-60.5054398,-508.331757
9549,47.748320,69.911499,-60.5054398,-508.331757
9550,47.753302,69.911499,-60.5054398,-508.331757
9551,47.758318,69.911499,-60.5054398,-508.331757
9552,47.763301,69.911499,-60.5054398,-508.331757
9553,47.768318,69.911499,-60.5054398,-508.331757
9554,47.773318,69.911499,-60.5054398,-508.331757
9555,47.778319,69.911499,-60.5054398,-508.331757
9556,47.783304,69.911499,-60.5054398,-508.331757
9557,47.788318,69.911499,-60.5054398,-508.331757
9558,47.793306,69.911499,-60.5054398,-508.331757
9559,47.798322,69.911499,-60.5054398,-508.331757
9560,47.803304,69.911499,-60.5054398,-508.331757
9561,47.808317,69.911499,-60.5054398,-508.331757
9562,47.813307,69.911499,-60.5054398,-508.331757
9563,47.818317,69.911499,-60.5054398,-508.331757
9564,47.823319,69.911499,-60.5054398,-508.331757
9565,47.828316,69.911499,-60.5054398,-508.331757
9566,47.833301,69.911499,-60.5054398,-508.331757
9567,47.838327,69.911499,-60.5054398,-508.331757
9568,47.843317,69.911499,-60.5054398,-508.331757
9569,47.848307,69.911499,-60.5054398,-508.331757
9570,47.853318,69.911499,-60.5054398,-508.331757
9571,47.858303,69.911499,-60.5054398,-508.331757
9572,47.863322,69.911499,-60.5054398,-508.331757
9573,47.868301,69.911499,-60.5054398,-508.331757
9574,47.873322,69.911499,-60.5054398,-508.331757
9575,47.878308,69.911499,-60.5054398,-508.331757
9576,47.883318,69.911499,-60.5054398,-508.331757
9577,47.888308,69.911499,-60.5054398,-508.331757
9578,47.893316,69.911499,-60.5054398,-508.331757
9579,47.898301,69.911499,-60.5054398,-508.331757
9580,47.903319,69.911499,-60.5054398,-508.331757
9581,47.908302,69.911499,-60.5054398,-508.331757
9582,47.913306,69.911499,-60.5054398,-508.331757
9583,47.918318,69.911499,-60.5054398,-508.331757
9584,47.923307,69.911499,-60.5054398,-508.331757
9585,47.928322,69.911499,-60.5054398,-508.331757
9586,47.933307,69.911499,-60.5054398,-508.331757
9587,47.938319,69.911499,-60.5054398,-508.331757
9588,47.943304,69.911499,-60.5054398,-508.331757
9589,47.948321,69.911499,-60.5054398,-508.331757
9590,47.953303,69.911499,-60.5054398,-508.331757
9591,47.958323,69.911499,-60.5054398,-508.331757
9592,47.963308,69.911499,-60.5054398,-508.331757
9593,47.968301,69.911499,-60.5054398,-508.331757
9594,47.973320,69.911499,-60.5054398,-508.331757
9595,47.978306,69.911499,-60.5054398,-508.331757
9596,47.983318,69.911499,-60.5054398,-508.331757
9597,47.988304,69.911499,-60.5054398,-508.331757
9598,47.993320,69.911499,-60.5054398,-508.331757
9599,47.998319,69.911499,-60.5054398,-508.331757
9600,48.003315,69.911499,-60.5054398,-508.331757
9601,48.008306,69.911499,-60.5054398,-508.331757
9602,48.013315,69.911499,-60.5054398,-508.331757
9603,48.018302,69.911499,-60.5054398,-508.331757
9604,48.023316,69.911499,-60.5054398,-508.331757
9605,48.028301,69.911499,-60.5054398,-508.331757
9606,48.033323,69.911499,-60.5054398,-508.331757
9607,48.038301,69.911499,-60.5054398,-508.331757
9608,48.043317,69.911499,-60.5054398,-508.331757
9609,48.048303,69.911499,-60.5054398,-508.331757
9610,48.053318,69.911499,-60.5054398,-508.331757
9611,48.058323,69.911499,-60.5054398,-508.331757
9612,48.063318,69.911499,-60.5054398,-508.331757
9613,48.068305,69.911499,-60.5054398,-508.331757
9614,48.073319,69.911499,-60.5054398,-508.331757
9615,48.078306,69.911499,-60.5054398,-508.331757
9616,48.083317,69.911499,-60.5054398,-508.331757
9617,48.088305,69.911499,-60.5054398,-508.331757
9618,48.093399,69.911499,-60.5054398,-508.331757
9619,48.098305,69.911499,-60.5054398,-508.331757
9620,48.103306,69.911499,-60.5054398,-508.331757
9621,48.108323,69.911499,-60.5054398,-508.331757
9622,48.113308,69.911499,-60.5054398,-508.331757
9623,48.118318,69.911499,-60.5054398,-508.331757
9624,48.123308,69.911499,-60.5054398,-508.331757
9625,48.128318,69.911499,-60.5054398,-508.331757
9626,48.133304,69.911499,-60.5054398,-508.331757
9627,48.138321,69.911499,-60.5054398,-508.331757
9628,48.143307,69.911499,-60.5054398,-508.331757
9629,48.148318,69.911499,-60.5054398,-508.331757
9630,48.153305,69.911499,-60.5054398,-508.331757
9631,48.158321,69.911499,-60.5054398,-508.331757
9632,48.163301,69.911499,-60.5054398,-508.331757
9633,48.168319,69.911499,-60.5054398,-508.331757
9634,48.173308,69.911499,-60.5054398,-508.331757
9635,48.178323,69.911499,-60.5054398,-508.331757
9636,48.183308,69.911499,-60.5054398,-508.331757
9637,48.188323,69.911499,-60.5054398,-508.331757
9638,48.193301,69.911499,-60.5054398,-508.331757
9639,48.198384,69.911499,-60.5054398,-508.331757
9640,48.203306,69.911499,-60.5054398,-508.331757
9641,48.208326,69.911499,-60.5054398,-508.331757
9642,48.213320,69.911499,-60.5054398,-508.331757
9643,48.218317,69.911499,-60.5054398,-508.331757
9644,48.223322,69.911499,-60.5054398,-508.331757
9645,48.228308,69.911499,-60.5054398,-508.331757
9646,48.233319,69.911499,-60.5054398,-508.331757
9647,48.238304,69.911499,-60.5054398,-508.331757
9648,48.243319,69.911499,-60.5054398,-508.331757
9649,48.248304,69.911499,-60.5054398,-508.331757
9650,48.253319,69.911499,-60.5054398,-508.331757
9651,48.258305,69.911499,-60.5054398,-508.331757
9652,48.263315,69.911499,-60.5054398,-508.331757
9653,48.268320,69.911499,-60.5054398,-508.331757
9654,48.273317,69.911499,-60.5054398,-508.331757
9655,48.278307,69.911499,-60.5054398,-508.331757
9656,48.283316,69.911499,-60.5054398,-508.331757
9657,48.288307,69.911499,-60.5054398,-508.331757
9658,48.293320,69.911499,-60.5054398,-508.331757
9659,48.298306,69.911499,-60.5054398,-508.331757
9660,48.303317,69.911499,-60.5054398,-508.331757
9661,48.308302,69.911499,-60.5054398,-508.331757
9662,48.313319,69.911499,-60.5054398,-508.331757
9663,48.318301,69.911499,-60.5054398,-508.331757
9664,48.323317,69.911499,-60.5054398,-508.331757
9665,48.328317,69.911499,-60.5054398,-508.331757
9666,48.333322,69.911499,-60.5054398,-508.331757
9667,48.338304,69.911499,-60.5054398,-508.331757
9668,48.343302,69.911499,-60.5054398,-508.331757
9669,48.348315,69.911499,-60.5054398,-508.331757
9670,48.353306,69.911499,-60.5054398,-508.331757
9671,48.358320,69.911499,-60.5054398,-508.331757
9672,48.363305,69.911499,-60.5054398,-508.331757
9673,48.368322,69.911499,-60.5054398,-508.331757
9674,48.373302,69.911499,-60.5054398,-508.331757
9675,48.378317,69.911499,-60.5054398,-508.331757
9676,48.383302,69.911499,-60.5054398,-508.331757
9677,48.388318,69.911499,-60.5054398,-508.331757
9678,48.393303,69.911499,-60.5054398,-508.331757
9679,48.398320,69.911499,-60.5054398,-508.331757
9680,48.403303,69.911499,-60.5054398,-508.331757
9681,48.408322,69.911499,-60.5054398,-508.331757
9682,48.413304,69.911499,-60.5054398,-508.331757
9683,48.418304,69.911499,-60.5054398,-508.331757
9684,48.423318,69.911499,-60.5054398,-508.331757
9685,48.428308,69.911499,-60.5054398,-508.331757
9686,48.433321,69.911499,-60.5054398,-508.331757
9687,48.438303,69.911499,-60.5054398,-508.331757
9688,48.443318,69.911499,-60.5054398,-508.331757
9689,48.448304,69.911499,-60.5054398,-508.331757
9690,48.453319,69.911499,-60.5054398,-508.331757
9691,48.458305,69.911499,-60.5054398,-508.331757
9692,48.463317,69.911499,-60.5054398,-508.331757
9693,48.468308,69.911499,-60.5054398,-508.331757
9694,48.473316,69.911499,-60.5054398,-508.331757
9695,48.478306,69.911499,-60.5054398,-508.331757
9696,48.483322,69.911499,-60.5054398,-508.331757
9697,48.488304,69.911499,-60.5054398,-508.331757
9698,48.493316,69.911499,-60.5054398,-508.331757
9699,48.498317,69.911499,-60.5054398,-508.331757
9700,48.503320,69.911499,-60.5054398,-508.331757
9701,48.508302,69.911499,-60.5054398,-508.331757
9702,48.513323,69.911499,-60.5054398,-508.331757
9703,48.518308,69.911499,-60.5054398,-508.331757
9704,48.523321,69.911499,-60.5054398,-508.331757
9705,48.528304,69.911499,-60.5054398,-508.331757
9706,48.533319,69.911499,-60.5054398,-508.331757
9707,48.538307,69.911499,-60.5054398,-508.331757
9708,48.543308,69.911499,-60.5054398,-508.331757
9709,48.548316,69.911499,-60.5054398,-508.331757
9710,48.553322,69.911499,-60.5054398,-508.331757
9711,48.558322,69.911499,-60.5054398,-508.331757
9712,48.563302,69.911499,-60.5054398,-508.331757
9713,48.568318,69.911499,-60.5054398,-508.331757
9714,48.573306,69.911499,-60.5054398,-508.331757
9715,48.578321,69.911499,-60.5054398,-508.331757
9716,48.583304,69.911499,-60.5054398,-508.331757
9717,48.588322,69.911499,-60.5054398,-508.331757
9718,48.593304,69.911499,-60.5054398,-508.331757
9719,48.598322,69.911499,-60.5054398,-508.331757
9720,48.603307,69.911499,-60.5054398,-508.331757
9721,48.608445,69.911499,-60.5054398,-508.331757
9722,48.613306,69.911499,-60.5054398,-508.331757
9723,48.618304,69.911499,-60.5054398,-508.331757
9724,48.623318,69.911499,-60.5054398,-508.331757
9725,48.628303,69.911499,-60.5054398,-508.331757
9726,48.633322,69.911499,-60.5054398,-508.331757
9727,48.638307,69.911499,-60.5054398,-508.331757
9728,48.643322,69.911499,-60.5054398,-508.331757
9729,48.648306,69.911499,-60.5054398,-508.331757
9730,48.653323,69.911499,-60.5054398,-508.331757
9731,48.658305,69.911499,-60.5054398,-508.331757
9732,48.663316,69.911499,-60.5054398,-508.331757
9733,48.668304,69.911499,-60.5054398,-508.331757
9734,48.673321,69.911499,-60.5054398,-508.331757
9735,48.678305,69.911499,-60.5054398,-508.331757
9736,48.683316,69.911499,-60.5054398,-508.331757
9737,48.688307,69.911499,-60.5054398,-508.331757
9738,48.693316,69.911499,-60.5054398,-508.331757
9739,48.698302,69.911499,-60.5054398,-508.331757
9740,48.703303,69.911499,-60.5054398,-508.331757
9741,48.708322,69.911499,-60.5054398,-508.331757
9742,48.713304,69.911499,-60.5054398,-508.331757
9743,48.718319,69.911499,-60.5054398,-508.331757
9744,48.723304,69.911499,-60.5054398,-508.331757
9745,48.728318,69.911499,-60.5054398,-508.331757
9746,48.733307,69.911499,-60.5054398,-508.331757
9747,48.738322,69.911499,-60.5054398,-508.331757
9748,48.743308,69.911499,-60.5054398,-508.331757
9749,48.748318,69.911499,-60.5054398,-508.331757
9750,48.753303,69.911499,-60.5054398,-508.331757
9751,48.758322,69.911499,-60.5054398,-508.331757
9752,48.763303,69.911499,-60.5054398,-508.331757
9753,48.768316,69.911499,-60.5054398,-508.331757
9754,48.773316,69.911499,-60.5054398,-508.331757
9755,48.778316,69.911499,-60.5054398,-508.331757
9756,48.783306,69.911499,-60.5054398,-508.331757
9757,48.788304,69.911499,-60.5054398,-508.331757
9758,48.793316,69.911499,-60.5054398,-508.331757
9759,48.798307,69.911499,-60.5054398,-508.331757
9760,48.803316,69.911499,-60.5054398,-508.331757
9761,48.808302,69.911499,-60.5054398,-508.331757
9762,48.813322,69.911499,-60.5054398,-508.331757
9763,48.818304,69.911499,-60.5054398,-508.331757
9764,48.823323,69.911499,-60.5054398,-508.331757
9765,48.828317,69.911499,-60.5054398,-508.331757
9766,48.833315,69.911499,-60.5054398,-508.331757
9767,48.838303,69.911499,-60.5054398,-508.331757
9768,48.843316,69.911499,-60.5054398,-508.331757
9769,48.848303,69.911499,-60.5054398,-508.331757
9770,48.853320,69.911499,-60.5054398,-508.331757
9771,48.858307,69.911499,-60.5054398,-508.331757
9772,48.863308,69.911499,-60.5054398,-508.331757
9773,48.868319,69.911499,-60.5054398,-508.331757
9774,48.873301,69.911499,-60.5054398,-508.331757
9775,48.878317,69.911499,-60.5054398,-508.331757
9776,48.883306,69.911499,-60.5054398,-508.331757
9777,48.888320,69.911499,-60.5054398,-508.331757
9778,48.893305,69.911499,-60.5054398,-508.331757
9779,48.898322,69.911499,-60.5054398,-508.331757
9780,48.903303,69.911499,-60.5054398,-508.331757
9781,48.908318,69.911499,-60.5054398,-508.331757
9782,48.913303,69.911499,-60.5054398,-508.331757
9783,48.918319,69.911499,-60.5054398,-508.331757
9784,48.923301,69.911499,-60.5054398,-508.331757
9785,48.928320,69.911499,-60.5054398,-508.331757
9786,48.933302,69.911499,-60.5054398,-508.331757
9787,48.938319,69.911499,-60.5054398,-508.331757
9788,48.943322,69.911499,-60.5054398,-508.331757
9789,48.948317,69.911499,-60.5054398,-508.331757
9790,48.953303,69.911499,-60.5054398,-508.331757
9791,48.958317,69.911499,-60.5054398,-508.331757
9792,48.963303,69.911499,-60.5054398,-508.331757
9793,48.968315,69.911499,-60.5054398,-508.331757
9794,48.973304,69.911499,-60.5054398,-508.331757
9795,48.978307,69.911499,-60.5054398,-508.331757
9796,48.983319,69.911499,-60.5054398,-508.331757
9797,48.988306,69.911499,-60.5054398,-508.331757
9798,48.993322,69.911499,-60.5054398,-508.331757
9799,48.998317,69.911499,-60.5054398,-508.331757
9800,49.003319,69.911499,-60.5054398,-508.331757
9801,49.008303,69.911499,-60.5054398,-508.331757
9802,49.013320,69.911499,-60.5054398,-508.331757
9803,49.018305,69.911499,-60.5054398,-508.331757
9804,49.023322,69.911499,-60.5054398,-508.331757
9805,49.028304,69.911499,-60.5054398,-508.331757
9806,49.033319,69.911499,-60.5054398,-508.331757
9807,49.038301,69.911499,-60.5054398,-508.331757
9808,49.043320,69.911499,-60.5054398,-508.331757
9809,49.048303,69.911499,-60.5054398,-508.331757
9810,49.053320,69.911499,-60.5054398,-508.331757
9811,49.058303,69.911499,-60.5054398,-508.331757
9812,49.063318,69.911499,-60.5054398,-508.331757
9813,49.068305,69.911499,-60.5054398,-508.331757
9814,49.073323,69.911499,-60.5054398,-508.331757
9815,49.078301,69.911499,-60.5054398,-508.331757
9816,49.083319,69.911499,-60.5054398,-508.331757
9817,49.088305,69.911499,-60.5054398,-508.331757
9818,49.093306,69.911499,-60.5054398,-508.331757
9819,49.098323,69.911499,-60.5054398,-508.331757
9820,49.103303,69.911499,-60.5054398,-508.331757
9821,49.108322,69.911499,-60.5054398,-508.331757
9822,49.113316,69.911499,-60.5054398,-508.331757
9823,49.118318,69.911499,-60.5054398,-508.331757
9824,49.123308,69.911499,-60.5054398,-508.331757
9825,49.128318,69.911499,-60.5054398,-508.331757
9826,49.133308,69.911499,-60.5054398,-508.331757
9827,49.138320,69.911499,-60.5054398,-508.331757
9828,49.143308,69.911499,-60.5054398,-508.331757
9829,49.148323,69.911499,-60.5054398,-508.331757
9830,49.153301,69.911499,-60.5054398,-508.331757
9831,49.158319,69.911499,-60.5054398,-508.331757
9832,49.163466,69.911499,-60.5054398,-508.331757
9833,49.168317,69.911499,-60.5054398,-508.331757
9834,49.173306,69.911499,-60.5054398,-508.331757
9835,49.178329,69.911499,-60.5054398,-508.331757
9836,49.183320,69.911499,-60.5054398,-508.331757
9837,49.188307,69.911499,-60.5054398,-508.331757
9838,49.193317,69.911499,-60.5054398,-508.331757
9839,49.198304,69.911499,-60.5054398,-508.331757
9840,49.203316,69.911499,-60.5054398,-508.331757
9841,49.208302,69.911499,-60.5054398,-508.331757
9842,49.213317,69.911499,-60.5054398,-508.331757
9843,49.218320,69.911499,-60.5054398,-508.331757
9844,49.223318,69.911499,-60.5054398,-508.331757
9845,49.228308,69.911499,-60.5054398,-508.331757
9846,49.233323,69.911499,-60.5054398,-508.331757
9847,49.238307,69.911499,-60.5054398,-508.331757
9848,49.243317,69.911499,-60.5054398,-508.331757
9849,49.248307,69.911499,-60.5054398,-508.331757
9850,49.253317,69.911499,-60.5054398,-508.331757
9851,49.258307,69.911499,-60.5054398,-508.331757
9852,49.263317,69.911499,-60.5054398,-508.331757
9853,49.268304,69.911499,-60.5054398,-508.331757
9854,49.273320,69.911499,-60.5054398,-508.331757
9855,49.278302,69.911499,-60.5054398,-508.331757
9856,49.283316,69.911499,-60.5054398,-508.331757
9857,49.288306,69.911499,-60.5054398,-508.331757
9858,49.293302,69.911499,-60.5054398,-508.331757
9859,49.298318,69.911499,-60.5054398,-508.331757
9860,49.303308,69.911499,-60.5054398,-508.331757
9861,49.308317,69.911499,-60.5054398,-508.331757
9862,49.313302,69.911499,-60.5054398,-508.331757
9863,49.318319,69.911499,-60.5054398,-508.331757
9864,49.323305,69.911499,-60.5054398,-508.331757
9865,49.328322,69.911499,-60.5054398,-508.331757
9866,49.333316,69.911499,-60.5054398,-508.331757
9867,49.338316,69.911499,-60.5054398,-508.331757
9868,49.343301,69.911499,-60.5054398,-508.331757
9869,49.348319,69.911499,-60.5054398,-508.331757
9870,49.353308,69.911499,-60.5054398,-508.331757
9871,49.358319,69.911499,-60.5054398,-508.331757
9872,49.363307,69.911499,-60.5054398,-508.331757
9873,49.368323,69.911499,-60.5054398,-508.331757
9874,49.373308,69.911499,-60.5054398,-508.331757
9875,49.378322,69.911499,-60.5054398,-508.331757
9876,49.383304,69.911499,-60.5054398,-508.331757
9877,49.388327,69.911499,-60.5054398,-508.331757
9878,49.393323,69.911499,-60.5054398,-508.331757
9879,49.398307,69.911499,-60.5054398,-508.331757
9880,49.403322,69.911499,-60.5054398,-508.331757
9881,49.408304,69.911499,-60.5054398,-508.331757
9882,49.413317,69.911499,-60.5054398,-508.331757
9883,49.418307,69.911499,-60.5054398,-508.331757
9884,49.423319,69.911499,-60.5054398,-508.331757
9885,49.428301,69.911499,-60.5054398,-508.331757
9886,49.433315,69.911499,-60.5054398,-508.331757
9887,49.438306,69.911499,-60.5054398,-508.331757
9888,49.443323,69.911499,-60.5054398,-508.331757
9889,49.448302,69.911499,-60.5054398,-508.331757
9890,49.453322,69.911499,-60.5054398,-508.331757
9891,49.458305,69.911499,-60.5054398,-508.331757
9892,49.463316,69.911499,-60.5054398,-508.331757
9893,49.468301,69.911499,-60.5054398,-508.331757
9894,49.473302,69.911499,-60.5054398,-508.331757
9895,49.478321,69.911499,-60.5054398,-508.331757
9896,49.483306,69.911499,-60.5054398,-508.331757
9897,49.488315,69.911499,-60.5054398,-508.331757
9898,49.493304,69.911499,-60.5054398,-508.331757
9899,49.498316,69.911499,-60.5054398,-508.331757
9900,49.503301,69.911499,-60.5054398,-508.331757
9901,49.508317,69.911499,-60.5054398,-508.331757
9902,49.513318,69.911499,-60.5054398,-508.331757
9903,49.518315,69.911499,-60.5054398,-508.331757
9904,49.523301,69.911499,-60.5054398,-508.331757
9905,49.528319,69.911499,-60.5054398,-508.331757
9906,49.533305,69.911499,-60.5054398,-508.331757
9907,49.538318,69.911499,-60.5054398,-508.331757
9908,49.543306,69.911499,-60.5054398,-508.331757
9909,49.548319,69.911499,-60.5054398,-508.331757
9910,49.553308,69.911499,-60.5054398,-508.331757
9911,49.558316,69.911499,-60.5054398,-508.331757
9912,49.563304,69.911499,-60.5054398,-508.331757
9913,49.568323,69.911499,-60.5054398,-508.331757
9914,49.573323,69.911499,-60.5054398,-508.331757
9915,49.578320,69.911499,-60.5054398,-508.331757
9916,49.583302,69.911499,-60.5054398,-508.331757
9917,49.588318,69.911499,-60.5054398,-508.331757
9918,49.593308,69.911499,-60.5054398,-508.331757
9919,49.598319,69.911499,-60.5054398,-508.331757
9920,49.603307,69.911499,-60.5054398,-508.331757
9921,49.608305,69.911499,-60.5054398,-508.331757
9922,49.613323,69.911499,-60.5054398,-508.331757
9923,49.618305,69.911499,-60.5054398,-508.331757
9924,49.623322,69.911499,-60.5054398,-508.331757
9925,49.628304,69.911499,-60.5054398,-508.331757
9926,49.633317,69.911499,-60.5054398,-508.331757
9927,49.638304,69.911499,-60.5054398,-508.331757
9928,49.643316,69.911499,-60.5054398,-508.331757
9929,49.648307,69.911499,-60.5054398,-508.331757
9930,49.653320,69.911499,-60.5054398,-508.331757
9931,49.658302,69.911499,-60.5054398,-508.331757
9932,49.663319,69.911499,-60.5054398,-508.331757
9933,49.668304,69.911499,-60.5054398,-508.331757
9934,49.673318,69.911499,-60.5054398,-508.331757
9935,49.678308,69.911499,-60.5054398,-508.331757
9936,49.683317,69.911499,-60.5054398,-508.331757
9937,49.688307,69.911499,-60.5054398,-508.331757
9938,49.693320,69.911499,-60.5054398,-508.331757
9939,49.698301,69.911499,-60.5054398,-508.331757
9940,49.703319,69.911499,-60.5054398,-508.331757
9941,49.708301,69.911499,-60.5054398,-508.331757
9942,49.713320,69.911499,-60.5054398,-508.331757
9943,49.718307,69.911499,-60.5054398,-508.331757
9944,49.723330,69.911499,-60.5054398,-508.331757
9945,49.728320,69.911499,-60.5054398,-508.331757
9946,49.733305,69.911499,-60.5054398,-508.331757
9947,49.738322,69.911499,-60.5054398,-508.331757
9948,49.743323,69.911499,-60.5054398,-508.331757
9949,49.748322,69.911499,-60.5054398,-508.331757
9950,49.753303,69.911499,-60.5054398,-508.331757
9951,49.758320,69.911499,-60.5054398,-508.331757
9952,49.763304,69.911499,-60.5054398,-508.331757
9953,49.768316,69.911499,-60.5054398,-508.331757
9954,49.773306,69.911499,-60.5054398,-508.331757
9955,49.778320,69.911499,-60.5054398,-508.331757
9956,49.783302,69.911499,-60.5054398,-508.331757
9957,49.788318,69.911499,-60.5054398,-508.331757
9958,49.793306,69.911499,-60.5054398,-508.331757
9959,49.798322,69.911499,-60.5054398,-508.331757
9960,49.803307,69.911499,-60.5054398,-508.331757
9961,49.808321,69.911499,-60.5054398,-508.331757
9962,49.813301,69.911499,-60.5054398,-508.331757
9963,49.818323,69.911499,-60.5054398,-508.331757
9964,49.823307,69.911499,-60.5054398,-508.331757
9965,49.828322,69.911499,-60.5054398,-508.331757
9966,49.833304,69.911499,-60.5054398,-508.331757
9967,49.838302,69.911499,-60.5054398,-508.331757
9968,49.843322,69.911499,-60.5054398,-508.331757
9969,49.848304,69.911499,-60.5054398,-508.331757
9970,49.853316,69.911499,-60.5054398,-508.331757
9971,49.858318,69.911499,-60.5054398,-508.331757
9972,49.863317,69.911499,-60.5054398,-508.331757
9973,49.868307,69.911499,-60.5054398,-508.331757
9974,49.873319,69.911499,-60.5054398,-508.331757
9975,49.878301,69.911499,-60.5054398,-508.331757
9976,49.883320,69.911499,-60.5054398,-508.331757
9977,49.888305,69.911499,-60.5054398,-508.331757
9978,49.893321,69.911499,-60.5054398,-508.331757
9979,49.898308,69.911499,-60.5054398,-508.331757
9980,49.903321,69.911499,-60.5054398,-508.331757
9981,49.908301,69.911499,-60.5054398,-508.331757
9982,49.913319,69.911499,-60.5054398,-508.331757
9983,49.918320,69.911499,-60.5054398,-508.331757
9984,49.923318,69.911499,-60.5054398,-508.331757
9985,49.928304,69.911499,-60.5054398,-508.331757
9986,49.933323,69.911499,-60.5054398,-508.331757
9987,49.938308,69.911499,-60.5054398,-508.331757
9988,49.943301,69.911499,-60.5054398,-508.331757
9989,49.948322,69.911499,-60.5054398,-508.331757
9990,49.953303,69.911499,-60.5054398,-508.331757
9991,49.958320,69.911499,-60.5054398,-508.331757
9992,49.963302,69.911499,-60.5054398,-508.331757
9993,49.968316,69.911499,-60.5054398,-508.331757
9994,49.973319,69.911499,-60.5054398,-508.331757
9995,49.978321,69.911499,-60.5054398,-508.331757
9996,49.983303,69.911499,-60.5054398,-508.331757
9997,49.988316,69.911499,-60.5054398,-508.331757
9998,49.993304,69.911499,-60.5054398,-508.331757
9999,49.998316,69.911499,-60.5054398,-508.331757
10000,50.003302,69.911499,-60.5054398,-508.331757
10001,50.008320,69.911499,-60.5054398,-508.331757
10002,50.013305,69.911499,-60.5054398,-508.331757
10003,50.018323,69.911499,-60.5054398,-508.331757
10004,50.023301,69.911499,-60.5054398,-508.331757
10005,50.028316,69.911499,-60.5054398,-508.331757
10006,50.033318,69.911499,-60.5054398,-508.331757
10007,50.038316,69.911499,-60.5054398,-508.331757
10008,50.043306,69.911499,-60.5054398,-508.331757
10009,50.048305,69.911499,-60.5054398,-508.331757
10010,50.053318,69.911499,-60.5054398,-508.331757
10011,50.058307,69.911499,-60.5054398,-508.331757
10012,50.063320,69.911499,-60.5054398,-508.331757
10013,50.068302,69.911499,-60.5054398,-508.331757
10014,50.073323,69.911499,-60.5054398,-508.331757
10015,50.078308,69.911499,-60.5054398,-508.331757
10016,50.083318,69.911499,-60.5054398,-508.331757
10017,50.088333,69.911499,-60.5054398,-508.331757
10018,50.093317,69.911499,-60.5054398,-508.331757
10019,50.098303,69.911499,-60.5054398,-508.331757
10020,50.103321,69.911499,-60.5054398,-508.331757
10021,50.108303,69.911499,-60.5054398,-508.331757
10022,50.113317,69.911499,-60.5054398,-508.331757
10023,50.118307,69.911499,-60.5054398,-508.331757
10024,50.123321,69.911499,-60.5054398,-508.331757
10025,50.128307,69.911499,-60.5054398,-508.331757
10026,50.133318,69.911499,-60.5054398,-508.331757
10027,50.138301,69.911499,-60.5054398,-508.331757
10028,50.143319,69.911499,-60.5054398,-508.331757
10029,50.148315,69.911499,-60.5054398,-508.331757
10030,50.153323,69.911499,-60.5054398,-508.331757
10031,50.158306,69.911499,-60.5054398,-508.331757
10032,50.163327,69.911499,-60.5054398,-508.331757
10033,50.168302,69.911499,-60.5054398,-508.331757
10034,50.173308,69.911499,-60.5054398,-508.331757
10035,50.178319,69.911499,-60.5054398,-508.331757
10036,50.183304,69.911499,-60.5054398,-508.331757
10037,50.188316,69.911499,-60.5054398,-508.331757
10038,50.193305,69.911499,-60.5054398,-508.331757
10039,50.198323,69.911499,-60.5054398,-508.331757
10040,50.203317,69.911499,-60.5054398,-508.331757
10041,50.208321,69.911499,-60.5054398,-508.331757
10042,50.213306,69.911499,-60.5054398,-508.331757
10043,50.218323,69.911499,-60.5054398,-508.331757
10044,50.223304,69.911499,-60.5054398,-508.331757
10045,50.228317,69.911499,-60.5054398,-508.331757
10046,50.233302,69.911499,-60.5054398,-508.331757
10047,50.238317,69.911499,-60.5054398,-508.331757
10048,50.243302,69.911499,-60.5054398,-508.331757
10049,50.248321,69.911499,-60.5054398,-508.331757
10050,50.253305,69.911499,-60.5054398,-508.331757
10051,50.258317,69.911499,-60.5054398,-508.331757
10052,50.263305,69.911499,-60.5054398,-508.331757
10053,50.268328,69.911499,-60.5054398,-508.331757
10054,50.273322,69.911499,-60.5054398,-508.331757
10055,50.278304,69.911499,-60.5054398,-508.331757
10056,50.283321,69.911499,-60.5054398,-508.331757
10057,50.288307,69.911499,-60.5054398,-508.331757
10058,50.293321,69.911499,-60.5054398,-508.331757
10059,50.298308,69.911499,-60.5054398,-508.331757
10060,50.303323,69.911499,-60.5054398,-508.331757
10061,50.308305,69.911499,-60.5054398,-508.331757
10062,50.313319,69.911499,-60.5054398,-508.331757
10063,50.318307,69.911499,-60.5054398,-508.331757
10064,50.323323,69.911499,-60.5054398,-508.331757
10065,50.328308,69.911499,-60.5054398,-508.331757
10066,50.333316,69.911499,-60.5054398,-508.331757
10067,50.338301,69.911499,-60.5054398,-508.331757
10068,50.343316,69.911499,-60.5054398,-508.331757
10069,50.348301,69.911499,-60.5054398,-508.331757
10070,50.353322,69.911499,-60.5054398,-508.331757
10071,50.358308,69.911499,-60.5054398,-508.331757
10072,50.363317,69.911499,-60.5054398,-508.331757
10073,50.368320,69.911499,-60.5054398,-508.331757
10074,50.373383,69.911499,-60.5054398,-508.331757
10075,50.378301,69.911499,-60.5054398,-508.331757
10076,50.383302,69.911499,-60.5054398,-508.331757
10077,50.388316,69.911499,-60.5054398,-508.331757
10078,50.393305,69.911499,-60.5054398,-508.331757
10079,50.398322,69.911499,-60.5054398,-508.331757
10080,50.403307,69.911499,-60.5054398,-508.331757
10081,50.408318,69.911499,-60.5054398,-508.331757
10082,50.413303,69.911499,-60.5054398,-508.331757
10083,50.418322,69.911499,-60.5054398,-508.331757
10084,50.423303,69.911499,-60.5054398,-508.331757
10085,50.428319,69.911499,-60.5054398,-508.331757
10086,50.433302,69.911499,-60.5054398,-508.331757
10087,50.438308,69.911499,-60.5054398,-508.331757
10088,50.443319,69.911499,-60.5054398,-508.331757
10089,50.448301,69.911499,-60.5054398,-508.331757
10090,50.453315,69.911499,-60.5054398,-508.331757
10091,50.458305,69.911499,-60.5054398,-508.331757
10092,50.463317,69.911499,-60.5054398,-508.331757
10093,50.468303,69.911499,-60.5054398,-508.331757
10094,50.473320,69.911499,-60.5054398,-508.331757
10095,50.478306,69.911499,-60.5054398,-508.331757
10096,50.483322,69.911499,-60.5054398,-508.331757
10097,50.488320,69.911499,-60.5054398,-508.331757
10098,50.493323,69.911499,-60.5054398,-508.331757
10099,50.498305,69.911499,-60.5054398,-508.331757
10100,50.503323,69.911499,-60.5054398,-508.331757
10101,50.508305,69.911499,-60.5054398,-508.331757
10102,50.513318,69.911499,-60.5054398,-508.331757
10103,50.518308,69.911499,-60.5054398,-508.331757
10104,50.523317,69.911499,-60.5054398,-508.331757
10105,50.528307,69.911499,-60.5054398,-508.331757
10106,50.533319,69.911499,-60.5054398,-508.331757
10107,50.538301,69.911499,-60.5054398,-508.331757
10108,50.543317,69.911499,-60.5054398,-508.331757
10109,50.548304,69.911499,-60.5054398,-508.331757
10110,50.553319,69.911499,-60.5054398,-508.331757
10111,50.558305,69.911499,-60.5054398,-508.331757
10112,50.563319,69.911499,-60.5054398,-508.331757
10113,50.568302,69.911499,-60.5054398,-508.331757
10114,50.573319,69.911499,-60.5054398,-508.331757
10115,50.578304,69.911499,-60.5054398,-508.331757
10116,50.583317,69.911499,-60.5054398,-508.331757
10117,50.588307,69.911499,-60.5054398,-508.331757
10118,50.593329,69.911499,-60.5054398,-508.331757
10119,50.598318,69.911499,-60.5054398,-508.331757
10120,50.603317,69.911499,-60.5054398,-508.331757
10121,50.608323,69.911499,-60.5054398,-508.331757
10122,50.613301,69.911499,-60.5054398,-508.331757
10123,50.618316,69.911499,-60.5054398,-508.331757
10124,50.623301,69.911499,-60.5054398,-508.331757
10125,50.628323,69.911499,-60.5054398,-508.331757
10126,50.633305,69.911499,-60.5054398,-508.331757
10127,50.638318,69.911499,-60.5054398,-508.331757
10128,50.643306,69.911499,-60.5054398,-508.331757
10129,50.648320,69.911499,-60.5054398,-508.331757
10130,50.653305,69.911499,-60.5054398,-508.331757
10131,50.658319,69.911499,-60.5054398,-508.331757
10132,50.663307,69.911499,-60.5054398,-508.331757
10133,50.668318,69.911499,-60.5054398,-508.331757
10134,50.673304,69.911499,-60.5054398,-508.331757
10135,50.678316,69.911499,-60.5054398,-508.331757
10136,50.683302,69.911499,-60.5054398,-508.331757
10137,50.688316,69.911499,-60.5054398,-508.331757
10138,50.693302,69.911499,-60.5054398,-508.331757
10139,50.698320,69.911499,-60.5054398,-508.331757
10140,50.703305,69.911499,-60.5054398,-508.331757
10141,50.708319,69.911499,-60.5054398,-508.331757
10142,50.713306,69.911499,-60.5054398,-508.331757
10143,50.718304,69.911499,-60.5054398,-508.331757
10144,50.723323,69.911499,-60.5054398,-508.331757
10145,50.728308,69.911499,-60.5054398,-508.331757
10146,50.733315,69.911499,-60.5054398,-508.331757
10147,50.738301,69.911499,-60.5054398,-508.331757
10148,50.743320,69.911499,-60.5054398,-508.331757
10149,50.748302,69.911499,-60.5054398,-508.331757
10150,50.753323,69.911499,-60.5054398,-508.331757
10151,50.758305,69.911499,-60.5054398,-508.331757
10152,50.763317,69.911499,-60.5054398,-508.331757
10153,50.768308,69.911499,-60.5054398,-508.331757
10154,50.773323,69.911499,-60.5054398,-508.331757
10155,50.778303,69.911499,-60.5054398,-508.331757
10156,50.783321,69.911499,-60.5054398,-508.331757
10157,50.788303,69.911499,-60.5054398,-508.331757
10158,50.793317,69.911499,-60.5054398,-508.331757
10159,50.798307,69.911499,-60.5054398,-508.331757
10160,50.803319,69.911499,-60.5054398,-508.331757
10161,50.808304,69.911499,-60.5054398,-508.331757
10162,50.813320,69.911499,-60.5054398,-508.331757
10163,50.818308,69.911499,-60.5054398,-508.331757
10164,50.823320,69.911499,-60.5054398,-508.331757
10165,50.828307,69.911499,-60.5054398,-508.331757
10166,50.833301,69.911499,-60.5054398,-508.331757
10167,50.838319,69.911499,-60.5054398,-508.331757
10168,50.843305,69.911499,-60.5054398,-508.331757
10169,50.848316,69.911499,-60.5054398,-508.331757
10170,50.853304,69.911499,-60.5054398,-508.331757
10171,50.858319,69.911499,-60.5054398,-508.331757
10172,50.863303,69.911499,-60.5054398,-508.331757
10173,50.868318,69.911499,-60.5054398,-508.331757
10174,50.873320,69.911499,-60.5054398,-508.331757
10175,50.878321,69.911499,-60.5054398,-508.331757
10176,50.883306,69.911499,-60.5054398,-508.331757
10177,50.888321,69.911499,-60.5054398,-508.331757
10178,50.893303,69.911499,-60.5054398,-508.331757
10179,50.898321,69.911499,-60.5054398,-508.331757
10180,50.903307,69.911499,-60.5054398,-508.331757
10181,50.908303,69.911499,-60.5054398,-508.331757
10182,50.913319,69.911499,-60.5054398,-508.331757
10183,50.918304,69.911499,-60.5054398,-508.331757
10184,50.923323,69.911499,-60.5054398,-508.331757
10185,50.928321,69.911499,-60.5054398,-508.331757
10186,50.933323,69.911499,-60.5054398,-508.331757
10187,50.938305,69.911499,-60.5054398,-508.331757
10188,50.943322,69.911499,-60.5054398,-508.331757
10189,50.948301,69.911499,-60.5054398,-508.331757
10190,50.953320,69.911499,-60.5054398,-508.331757
10191,50.958306,69.911499,-60.5054398,-508.331757
10192,50.963321,69.911499,-60.5054398,-508.331757
10193,50.968303,69.911499,-60.5054398,-508.331757
10194,50.973321,69.911499,-60.5054398,-508.331757
10195,50.978306,69.911499,-60.5054398,-508.331757
10196,50.983319,69.911499,-60.5054398,-508.331757
10197,50.988317,69.911499,-60.5054398,-508.331757
10198,50.993407,69.911499,-60.5054398,-508.331757
10199,50.998304,69.911499,-60.5054398,-508.331757
10200,51.003305,69.911499,-60.5054398,-508.331757
10201,51.008321,69.911499,-60.5054398,-508.331757
10202,51.013306,69.911499,-60.5054398,-508.331757
10203,51.018323,69.911499,-60.5054398,-508.331757
10204,51.023308,69.911499,-60.5054398,-508.331757
10205,51.028317,69.911499,-60.5054398,-508.331757
10206,51.033302,69.911499,-60.5054398,-508.331757
10207,51.038317,69.911499,-60.5054398,-508.331757
10208,51.043305,69.911499,-60.5054398,-508.331757
10209,51.048318,69.911499,-60.5054398,-508.331757
10210,51.053307,69.911499,-60.5054398,-508.331757
10211,51.058321,69.911499,-60.5054398,-508.331757
10212,51.063305,69.911499,-60.5054398,-508.331757
10213,51.068322,69.911499,-60.5054398,-508.331757
10214,51.073302,69.911499,-60.5054398,-508.331757
10215,51.078316,69.911499,-60.5054398,-508.331757
10216,51.083306,69.911499,-60.5054398,-508.331757
10217,51.088316,69.911499,-60.5054398,-508.331757
10218,51.093301,69.911499,-60.5054398,-508.331757
10219,51.098321,69.911499,-60.5054398,-508.331757
10220,51.103320,69.911499,-60.5054398,-508.331757
10221,51.108323,69.911499,-60.5054398,-508.331757
10222,51.113308,69.911499,-60.5054398,-508.331757
10223,51.118318,69.911499,-60.5054398,-508.331757
10224,51.123307,69.911499,-60.5054398,-508.331757
10225,51.128431,69.911499,-60.5054398,-508.331757
10226,51.133308,69.911499,-60.5054398,-508.331757
10227,51.138308,69.911499,-60.5054398,-508.331757
10228,51.143316,69.911499,-60.5054398,-508.331757
10229,51.148306,69.911499,-60.5054398,-508.331757
10230,51.153316,69.911499,-60.5054398,-508.331757
10231,51.158303,69.911499,-60.5054398,-508.331757
10232,51.163320,69.911499,-60.5054398,-508.331757
10233,51.168304,69.911499,-60.5054398,-508.331757
10234,51.173318,69.911499,-60.5054398,-508.331757
10235,51.178303,69.911499,-60.5054398,-508.331757
10236,51.183318,69.911499,-60.5054398,-508.331757
10237,51.188303,69.911499,-60.5054398,-508.331757
10238,51.193321,69.911499,-60.5054398,-508.331757
10239,51.198304,69.911499,-60.5054398,-508.331757
10240,51.203322,69.911499,-60.5054398,-508.331757
10241,51.208301,69.911499,-60.5054398,-508.331757
10242,51.213319,69.911499,-60.5054398,-508.331757
10243,51.218322,69.911499,-60.5054398,-508.331757
10244,51.223316,69.911499,-60.5054398,-508.331757
10245,51.228303,69.911499,-60.5054398,-508.331757
10246,51.233318,69.911499,-60.5054398,-508.331757
10247,51.238307,69.911499,-60.5054398,-508.331757
10248,51.243304,69.911499,-60.5054398,-508.331757
10249,51.248321,69.911499,-60.5054398,-508.331757
10250,51.253302,69.911499,-60.5054398,-508.331757
10251,51.258317,69.911499,-60.5054398,-508.331757
10252,51.263306,69.911499,-60.5054398,-508.331757
10253,51.268316,69.911499,-60.5054398,-508.331757
10254,51.273306,69.911499,-60.5054398,-508.331757
10255,51.278320,69.911499,-60.5054398,-508.331757
10256,51.283302,69.911499,-60.5054398,-508.331757
10257,51.288317,69.911499,-60.5054398,-508.331757
10258,51.293303,69.911499,-60.5054398,-508.331757
10259,51.298316,69.911499,-60.5054398,-508.331757
10260,51.303308,69.911499,-60.5054398,-508.331757
10261,51.308317,69.911499,-60.5054398,-508.331757
10262,51.313303,69.911499,-60.5054398,-508.331757
10263,51.318318,69.911499,-60.5054398,-508.331757
10264,51.323304,69.911499,-60.5054398,-508.331757
10265,51.328306,69.911499,-60.5054398,-508.331757
10266,51.333323,69.911499,-60.5054398,-508.331757
10267,51.338321,69.911499,-60.5054398,-508.331757
10268,51.343321,69.911499,-60.5054398,-508.331757
10269,51.348303,69.911499,-60.5054398,-508.331757
10270,51.353322,69.911499,-60.5054398,-508.331757
10271,51.358301,69.911499,-60.5054398,-508.331757
10272,51.363321,69.911499,-60.5054398,-508.331757
10273,51.368301,69.911499,-60.5054398,-508.331757
10274,51.373317,69.911499,-60.5054398,-508.331757
10275,51.378307,69.911499,-60.5054398,-508.331757
10276,51.383321,69.911499,-60.5054398,-508.331757
10277,51.388323,69.911499,-60.5054398,-508.331757
10278,51.393319,69.911499,-60.5054398,-508.331757
10279,51.398305,69.911499,-60.5054398,-508.331757
10280,51.403321,69.911499,-60.5054398,-508.331757
10281,51.408303,69.911499,-60.5054398,-508.331757
10282,51.413318,69.911499,-60.5054398,-508.331757
10283,51.418308,69.911499,-60.5054398,-508.331757
10284,51.423319,69.911499,-60.5054398,-508.331757
10285,51.428306,69.911499,-60.5054398,-508.331757
10286,51.433319,69.911499,-60.5054398,-508.331757
10287,51.438304,69.911499,-60.5054398,-508.331757
10288,51.443341,69.911499,-60.5054398,-508.331757
10289,51.448307,69.911499,-60.5054398,-508.331757
10290,51.453308,69.911499,-60.5054398,-508.331757
10291,51.458319,69.911499,-60.5054398,-508.331757
10292,51.463307,69.911499,-60.5054398,-508.331757
10293,51.468316,69.911499,-60.5054398,-508.331757
10294,51.473306,69.911499,-60.5054398,-508.331757
10295,51.478316,69.911499,-60.5054398,-508.331757
10296,51.483306,69.911499,-60.5054398,-508.331757
10297,51.488323,69.911499,-60.5054398,-508.331757
10298,51.493308,69.911499,-60.5054398,-508.331757
10299,51.498321,69.911499,-60.5054398,-508.331757
10300,51.503302,69.911499,-60.5054398,-508.331757
10301,51.508320,69.911499,-60.5054398,-508.331757
10302,51.513301,69.911499,-60.5054398,-508.331757
10303,51.518307,69.911499,-60.5054398,-508.331757
10304,51.523318,69.911499,-60.5054398,-508.331757
10305,51.528303,69.911499,-60.5054398,-508.331757
10306,51.533322,69.911499,-60.5054398,-508.331757
10307,51.538304,69.911499,-60.5054398,-508.331757
10308,51.543318,69.911499,-60.5054398,-508.331757
10309,51.548305,69.911499,-60.5054398,-508.331757
10310,51.553317,69.911499,-60.5054398,-508.331757
10311,51.558302,69.911499,-60.5054398,-508.331757
10312,51.563323,69.911499,-60.5054398,-508.331757
10313,51.568308,69.911499,-60.5054398,-508.331757
10314,51.573316,69.911499,-60.5054398,-508.331757
10315,51.578302,69.911499,-60.5054398,-508.331757
10316,51.583320,69.911499,-60.5054398,-508.331757
10317,51.588305,69.911499,-60.5054398,-508.331757
10318,51.593318,69.911499,-60.5054398,-508.331757
10319,51.598303,69.911499,-60.5054398,-508.331757
10320,51.603329,69.911499,-60.5054398,-508.331757
10321,51.608320,69.911499,-60.5054398,-508.331757
10322,51.613316,69.911499,-60.5054398,-508.331757
10323,51.618316,69.911499,-60.5054398,-508.331757
10324,51.623306,69.911499,-60.5054398,-508.331757
10325,51.628318,69.911499,-60.5054398,-508.331757
10326,51.633303,69.911499,-60.5054398,-508.331757
10327,51.638316,69.911499,-60.5054398,-508.331757
10328,51.643305,69.911499,-60.5054398,-508.331757
10329,51.648316,69.911499,-60.5054398,-508.331757
10330,51.653309,69.911499,-60.5054398,-508.331757
10331,51.658322,69.911499,-60.5054398,-508.331757
10332,51.663306,69.911499,-60.5054398,-508.331757
10333,51.668318,69.911499,-60.5054398,-508.331757
10334,51.673308,69.911499,-60.5054398,-508.331757
10335,51.678319,69.911499,-60.5054398,-508.331757
10336,51.683302,69.911499,-60.5054398,-508.331757
10337,51.688308,69.911499,-60.5054398,-508.331757
10338,51.693319,69.911499,-60.5054398,-508.331757
10339,51.698301,69.911499,-60.5054398,-508.331757
10340,51.703321,69.911499,-60.5054398,-508.331757
10341,51.708302,69.911499,-60.5054398,-508.331757
10342,51.713321,69.911499,-60.5054398,-508.331757
10343,51.718303,69.911499,-60.5054398,-508.331757
10344,51.723320,69.911499,-60.5054398,-508.331757
10345,51.728308,69.911499,-60.5054398,-508.331757
10346,51.733319,69.911499,-60.5054398,-508.331757
10347,51.738301,69.911499,-60.5054398,-508.331757
10348,51.743318,69.911499,-60.5054398,-508.331757
10349,51.748305,69.911499,-60.5054398,-508.331757
10350,51.753318,69.911499,-60.5054398,-508.331757
10351,51.758301,69.911499,-60.5054398,-508.331757
10352,51.763319,69.911499,-60.5054398,-508.331757
10353,51.768302,69.911499,-60.5054398,-508.331757
10354,51.773306,69.911499,-60.5054398,-508.331757
10355,51.778322,69.911499,-60.5054398,-508.331757
10356,51.783307,69.911499,-60.5054398,-508.331757
10357,51.788316,69.911499,-60.5054398,-508.331757
10358,51.793303,69.911499,-60.5054398,-508.331757
10359,51.798317,69.911499,-60.5054398,-508.331757
10360,51.803303,69.911499,-60.5054398,-508.331757
10361,51.808318,69.911499,-60.5054398,-508.331757
10362,51.813303,69.911499,-60.5054398,-508.331757
10363,51.818321,69.911499,-60.5054398,-508.331757
10364,51.823308,69.911499,-60.5054398,-508.331757
10365,51.828316,69.911499,-60.5054398,-508.331757
10366,51.833304,69.911499,-60.5054398,-508.331757
10367,51.838318,69.911499,-60.5054398,-508.331757
10368,51.843304,69.911499,-60.5054398,-508.331757
10369,51.848322,69.911499,-60.5054398,-508.331757
10370,51.853308,69.911499,-60.5054398,-508.331757
10371,51.858320,69.911499,-60.5054398,-508.331757
10372,51.863302,69.911499,-60.5054398,-508.331757
10373,51.868308,69.911499,-60.5054398,-508.331757
10374,51.873315,69.911499,-60.5054398,-508.331757
10375,51.878306,69.911499,-60.5054398,-508.331757
10376,51.883319,69.911499,-60.5054398,-508.331757
10377,51.888308,69.911499,-60.5054398,-508.331757
10378,51.893320,69.911499,-60.5054398,-508.331757
10379,51.898319,69.911499,-60.5054398,-508.331757
10380,51.903320,69.911499,-60.5054398,-508.331757
10381,51.908302,69.911499,-60.5054398,-508.331757
10382,51.913318,69.911499,-60.5054398,-508.331757
10383,51.918308,69.911499,-60.5054398,-508.331757
10384,51.923319,69.911499,-60.5054398,-508.331757
10385,51.928301,69.911499,-60.5054398,-508.331757
10386,51.933323,69.911499,-60.5054398,-508.331757
10387,51.938305,69.911499,-60.5054398,-508.331757
10388,51.943316,69.911499,-60.5054398,-508.331757
10389,51.948307,69.911499,-60.5054398,-508.331757
10390,51.953321,69.911499,-60.5054398,-508.331757
10391,51.958321,69.911499,-60.5054398,-508.331757
10392,51.963302,69.911499,-60.5054398,-508.331757
10393,51.968322,69.911499,-60.5054398,-508.331757
10394,51.973307,69.911499,-60.5054398,-508.331757
10395,51.978315,69.911499,-60.5054398,-508.331757
10396,51.983304,69.911499,-60.5054398,-508.331757
10397,51.988318,69.911499,-60.5054398,-508.331757
10398,51.993303,69.911499,-60.5054398,-508.331757
10399,51.998322,69.911499,-60.5054398,-508.331757
10400,52.003307,69.911499,-60.5054398,-508.331757
10401,52.008318,69.911499,-60.5054398,-508.331757
10402,52.013308,69.911499,-60.5054398,-508.331757
10403,52.018317,69.911499,-60.5054398,-508.331757
10404,52.023307,69.911499,-60.5054398,-508.331757
10405,52.028320,69.911499,-60.5054398,-508.331757
10406,52.033305,69.911499,-60.5054398,-508.331757
10407,52.038318,69.911499,-60.5054398,-508.331757
10408,52.043307,69.911499,-60.5054398,-508.331757
10409,52.048318,69.911499,-60.5054398,-508.331757
10410,52.053303,69.911499,-60.5054398,-508.331757
10411,52.058322,69.911499,-60.5054398,-508.331757
10412,52.063304,69.911499,-60.5054398,-508.331757
10413,52.068323,69.911499,-60.5054398,-508.331757
10414,52.073305,69.911499,-60.5054398,-508.331757
10415,52.078318,69.911499,-60.5054398,-508.331757
10416,52.083301,69.911499,-60.5054398,-508.331757
10417,52.088325,69.911499,-60.5054398,-508.331757
10418,52.093316,69.911499,-60.5054398,-508.331757
10419,52.098306,69.911499,-60.5054398,-508.331757
10420,52.103316,69.911499,-60.5054398,-508.331757
10421,52.108301,69.911499,-60.5054398,-508.331757
10422,52.113323,69.911499,-60.5054398,-508.331757
10423,52.118315,69.911499,-60.5054398,-508.331757
10424,52.123322,69.911499,-60.5054398,-508.331757
10425,52.128308,69.911499,-60.5054398,-508.331757
10426,52.133319,69.911499,-60.5054398,-508.331757
10427,52.138301,69.911499,-60.5054398,-508.331757
10428,52.143316,69.911499,-60.5054398,-508.331757
10429,52.148307,69.911499,-60.5054398,-508.331757
10430,52.153316,69.911499,-60.5054398,-508.331757
10431,52.158302,69.911499,-60.5054398,-508.331757
10432,52.163319,69.911499,-60.5054398,-508.331757
10433,52.168305,69.911499,-60.5054398,-508.331757
10434,52.173320,69.911499,-60.5054398,-508.331757
10435,52.178303,69.911499,-60.5054398,-508.331757
10436,52.183321,69.911499,-60.5054398,-508.331757
10437,52.188303,69.911499,-60.5054398,-508.331757
10438,52.193301,69.911499,-60.5054398,-508.331757
10439,52.198321,69.911499,-60.5054398,-508.331757
10440,52.203303,69.911499,-60.5054398,-508.331757
10441,52.208316,69.911499,-60.5054398,-508.331757
10442,52.213306,69.911499,-60.5054398,-508.331757
10443,52.218317,69.911499,-60.5054398,-508.331757
10444,52.223320,69.911499,-60.5054398,-508.331757
10445,52.228318,69.911499,-60.5054398,-508.331757
10446,52.233307,69.911499,-60.5054398,-508.331757
10447,52.238316,69.911499,-60.5054398,-508.331757
10448,52.243305,69.911499,-60.5054398,-508.331757
10449,52.248317,69.911499,-60.5054398,-508.331757
10450,52.253308,69.911499,-60.5054398,-508.331757
10451,52.258316,69.911499,-60.5054398,-508.331757
10452,52.263301,69.911499,-60.5054398,-508.331757
10453,52.268321,69.911499,-60.5054398,-508.331757
10454,52.273307,69.911499,-60.5054398,-508.331757
10455,52.278320,69.911499,-60.5054398,-508.331757
10456,52.283301,69.911499,-60.5054398,-508.331757
10457,52.288321,69.911499,-60.5054398,-508.331757
10458,52.293306,69.911499,-60.5054398,-508.331757
10459,52.298320,69.911499,-60.5054398,-508.331757
10460,52.303305,69.911499,-60.5054398,-508.331757
10461,52.308316,69.911499,-60.5054398,-508.331757
10462,52.313301,69.911499,-60.5054398,-508.331757
10463,52.318320,69.911499,-60.5054398,-508.331757
10464,52.323302,69.911499,-60.5054398,-508.331757
10465,52.328317,69.911499,-60.5054398,-508.331757
10466,52.333302,69.911499,-60.5054398,-508.331757
10467,52.338321,69.911499,-60.5054398,-508.331757
10468,52.343322,69.911499,-60.5054398,-508.331757
10469,52.348305,69.911499,-60.5054398,-508.331757
10470,52.353321,69.911499,-60.5054398,-508.331757
10471,52.358306,69.911499,-60.5054398,-508.331757
10472,52.363321,69.911499,-60.5054398,-508.331757
10473,52.368307,69.911499,-60.5054398,-508.331757
10474,52.373316,69.911499,-60.5054398,-508.331757
10475,52.378306,69.911499,-60.5054398,-508.331757
10476,52.383323,69.911499,-60.5054398,-508.331757
10477,52.388301,69.911499,-60.5054398,-508.331757
10478,52.393318,69.911499,-60.5054398,-508.331757
10479,52.398320,69.911499,-60.5054398,-508.331757
10480,52.403321,69.911499,-60.5054398,-508.331757
10481,52.408304,69.911499,-60.5054398,-508.331757
10482,52.413322,69.911499,-60.5054398,-508.331757
10483,52.418306,69.911499,-60.5054398,-508.331757
10484,52.423323,69.911499,-60.5054398,-508.331757
10485,52.428301,69.911499,-60.5054398,-508.331757
10486,52.433318,69.911499,-60.5054398,-508.331757
10487,52.438308,69.911499,-60.5054398,-508.331757
10488,52.443322,69.911499,-60.5054398,-508.331757
10489,52.448308,69.911499,-60.5054398,-508.331757
10490,52.453317,69.911499,-60.5054398,-508.331757
10491,52.458315,69.911499,-60.5054398,-508.331757
10492,52.463389,69.911499,-60.5054398,-508.331757
10493,52.468303,69.911499,-60.5054398,-508.331757
10494,52.473301,69.911499,-60.5054398,-508.331757
10495,52.478318,69.911499,-60.5054398,-508.331757
10496,52.483305,69.911499,-60.5054398,-508.331757
10497,52.488320,69.911499,-60.5054398,-508.331757
10498,52.493308,69.911499,-60.5054398,-508.331757
10499,52.498316,69.911499,-60.5054398,-508.331757
10500,52.503301,69.911499,-60.5054398,-508.331757
10501,52.508318,69.911499,-60.5054398,-508.331757
10502,52.513322,69.911499,-60.5054398,-508.331757
10503,52.518323,69.911499,-60.5054398,-508.331757
10504,52.523305,69.911499,-60.5054398,-508.331757
10505,52.528320,69.911499,-60.5054398,-508.331757
10506,52.533302,69.911499,-60.5054398,-508.331757
10507,52.538317,69.911499,-60.5054398,-508.331757
10508,52.543307,69.911499,-60.5054398,-508.331757
10509,52.548318,69.911499,-60.5054398,-508.331757
10510,52.553304,69.911499,-60.5054398,-508.331757
10511,52.558322,69.911499,-60.5054398,-508.331757
10512,52.563308,69.911499,-60.5054398,-508.331757
10513,52.568321,69.911499,-60.5054398,-508.331757
10514,52.573307,69.911499,-60.5054398,-508.331757
10515,52.578308,69.911499,-60.5054398,-508.331757
10516,52.583322,69.911499,-60.5054398,-508.331757
10517,52.588304,69.911499,-60.5054398,-508.331757
10518,52.593321,69.911499,-60.5054398,-508.331757
10519,52.598304,69.911499,-60.5054398,-508.331757
10520,52.603321,69.911499,-60.5054398,-508.331757
10521,52.608303,69.911499,-60.5054398,-508.331757
10522,52.613320,69.911499,-60.5054398,-508.331757
10523,52.618305,69.911499,-60.5054398,-508.331757
10524,52.623322,69.911499,-60.5054398,-508.331757
10525,52.628308,69.911499,-60.5054398,-508.331757
10526,52.633318,69.911499,-60.5054398,-508.331757
10527,52.638308,69.911499,-60.5054398,-508.331757
10528,52.643323,69.911499,-60.5054398,-508.331757
10529,52.648302,69.911499,-60.5054398,-508.331757
10530,52.653318,69.911499,-60.5054398,-508.331757
10531,52.658308,69.911499,-60.5054398,-508.331757
10532,52.663317,69.911499,-60.5054398,-508.331757
10533,52.668304,69.911499,-60.5054398,-508.331757
10534,52.673323,69.911499,-60.5054398,-508.331757
10535,52.678306,69.911499,-60.5054398,-508.331757
10536,52.683318,69.911499,-60.5054398,-508.331757
10537,52.688316,69.911499,-60.5054398,-508.331757
10538,52.693304,69.911499,-60.5054398,-508.331757
10539,52.698322,69.911499,-60.5054398,-508.331757
10540,52.703302,69.911499,-60.5054398,-508.331757
10541,52.708323,69.911499,-60.5054398,-508.331757
10542,52.713308,69.911499,-60.5054398,-508.331757
10543,52.718323,69.911499,-60.5054398,-508.331757
10544,52.723305,69.911499,-60.5054398,-508.331757
10545,52.728319,69.911499,-60.5054398,-508.331757
10546,52.733304,69.911499,-60.5054398,-508.331757
10547,52.738323,69.911499,-60.5054398,-508.331757
10548,52.743307,69.911499,-60.5054398,-508.331757
10549,52.748318,69.911499,-60.5054398,-508.331757
10550,52.753303,69.911499,-60.5054398,-508.331757
10551,52.758322,69.911499,-60.5054398,-508.331757
10552,52.763307,69.911499,-60.5054398,-508.331757
10553,52.768318,69.911499,-60.5054398,-508.331757
10554,52.773303,69.911499,-60.5054398,-508.331757
10555,52.778319,69.911499,-60.5054398,-508.331757
10556,52.783301,69.911499,-60.5054398,-508.331757
10557,52.788318,69.911499,-60.5054398,-508.331757
10558,52.793301,69.911499,-60.5054398,-508.331757
10559,52.798316,69.911499,-60.5054398,-508.331757
10560,52.803323,69.911499,-60.5054398,-508.331757
10561,52.808304,69.911499,-60.5054398,-508.331757
10562,52.813322,69.911499,-60.5054398,-508.331757
10563,52.818307,69.911499,-60.5054398,-508.331757
10564,52.823316,69.911499,-60.5054398,-508.331757
10565,52.828306,69.911499,-60.5054398,-508.331757
10566,52.833316,69.911499,-60.5054398,-508.331757
10567,52.838301,69.911499,-60.5054398,-508.331757
10568,52.843321,69.911499,-60.5054398,-508.331757
10569,52.848304,69.911499,-60.5054398,-508.331757
10570,52.853318,69.911499,-60.5054398,-508.331757
10571,52.858319,69.911499,-60.5054398,-508.331757
10572,52.863320,69.911499,-60.5054398,-508.331757
10573,52.868307,69.911499,-60.5054398,-508.331757
10574,52.873318,69.911499,-60.5054398,-508.331757
10575,52.878308,69.911499,-60.5054398,-508.331757
10576,52.883321,69.911499,-60.5054398,-508.331757
10577,52.888303,69.911499,-60.5054398,-508.331757
10578,52.893308,69.911499,-60.5054398,-508.331757
10579,52.898319,69.911499,-60.5054398,-508.331757
10580,52.903304,69.911499,-60.5054398,-508.331757
10581,52.908321,69.911499,-60.5054398,-508.331757
10582,52.913319,69.911499,-60.5054398,-508.331757
10583,52.918319,69.911499,-60.5054398,-508.331757
10584,52.923301,69.911499,-60.5054398,-508.331757
10585,52.928317,69.911499,-60.5054398,-508.331757
10586,52.933307,69.911499,-60.5054398,-508.331757
10587,52.938319,69.911499,-60.5054398,-508.331757
10588,52.943307,69.911499,-60.5054398,-508.331757
10589,52.948316,69.911499,-60.5054398,-508.331757
10590,52.953305,69.911499,-60.5054398,-508.331757
10591,52.958318,69.911499,-60.5054398,-508.331757
10592,52.963306,69.911499,-60.5054398,-508.331757
10593,52.968304,69.911499,-60.5054398,-508.331757
10594,52.973320,69.911499,-60.5054398,-508.331757
10595,52.978307,69.911499,-60.5054398,-508.331757
10596,52.983323,69.911499,-60.5054398,-508.331757
10597,52.988305,69.911499,-60.5054398,-508.331757
10598,52.993320,69.911499,-60.5054398,-508.331757
10599,52.998306,69.911499,-60.5054398,-508.331757
10600,53.003316,69.911499,-60.5054398,-508.331757
10601,53.008305,69.911499,-60.5054398,-508.331757
10602,53.013318,69.911499,-60.5054398,-508.331757
10603,53.018303,69.911499,-60.5054398,-508.331757
10604,53.023322,69.911499,-60.5054398,-508.331757
10605,53.028308,69.911499,-60.5054398,-508.331757
10606,53.033318,69.911499,-60.5054398,-508.331757
10607,53.038302,69.911499,-60.5054398,-508.331757
10608,53.043318,69.911499,-60.5054398,-508.331757
10609,53.048301,69.911499,-60.5054398,-508.331757
10610,53.053307,69.911499,-60.5054398,-508.331757
10611,53.058319,69.911499,-60.5054398,-508.331757
10612,53.063304,69.911499,-60.5054398,-508.331757
10613,53.068320,69.911499,-60.5054398,-508.331757
10614,53.073304,69.911499,-60.5054398,-508.331757
10615,53.078320,69.911499,-60.5054398,-508.331757
10616,53.083305,69.911499,-60.5054398,-508.331757
10617,53.088318,69.911499,-60.5054398,-508.331757
10618,53.093307,69.911499,-60.5054398,-508.331757
10619,53.098320,69.911499,-60.5054398,-508.331757
10620,53.103301,69.911499,-60.5054398,-508.331757
10621,53.108321,69.911499,-60.5054398,-508.331757
10622,53.113306,69.911499,-60.5054398,-508.331757
10623,53.118319,69.911499,-60.5054398,-508.331757
10624,53.123302,69.911499,-60.5054398,-508.331757
10625,53.128317,69.911499,-60.5054398,-508.331757
10626,53.133302,69.911499,-60.5054398,-508.331757
10627,53.138306,69.911499,-60.5054398,-508.331757
10628,53.143318,69.911499,-60.5054398,-508.331757
10629,53.148321,69.911499,-60.5054398,-508.331757
10630,53.153320,69.911499,-60.5054398,-508.331757
10631,53.158305,69.911499,-60.5054398,-508.331757
10632,53.163322,69.911499,-60.5054398,-508.331757
10633,53.168308,69.911499,-60.5054398,-508.331757
10634,53.173318,69.911499,-60.5054398,-508.331757
10635,53.178308,69.911499,-60.5054398,-508.331757
10636,53.183320,69.911499,-60.5054398,-508.331757
10637,53.188303,69.911499,-60.5054398,-508.331757
10638,53.193322,69.911499,-60.5054398,-508.331757
10639,53.198308,69.911499,-60.5054398,-508.331757
10640,53.203316,69.911499,-60.5054398,-508.331757
10641,53.208321,69.911499,-60.5054398,-508.331757
10642,53.213321,69.911499,-60.5054398,-508.331757
10643,53.218307,69.911499,-60.5054398,-508.331757
10644,53.223322,69.911499,-60.5054398,-508.331757
10645,53.228304,69.911499,-60.5054398,-508.331757
10646,53.233322,69.911499,-60.5054398,-508.331757
10647,53.238301,69.911499,-60.5054398,-508.331757
10648,53.243320,69.911499,-60.5054398,-508.331757
10649,53.248303,69.911499,-60.5054398,-508.331757
10650,53.253319,69.911499,-60.5054398,-508.331757
10651,53.258301,69.911499,-60.5054398,-508.331757
10652,53.263347,69.911499,-60.5054398,-508.331757
10653,53.268316,69.911499,-60.5054398,-508.331757
10654,53.273301,69.911499,-60.5054398,-508.331757
10655,53.278315,69.911499,-60.5054398,-508.331757
10656,53.283308,69.911499,-60.5054398,-508.331757
10657,53.288323,69.911499,-60.5054398,-508.331757
10658,53.293303,69.911499,-60.5054398,-508.331757
10659,53.298322,69.911499,-60.5054398,-508.331757
10660,53.303303,69.911499,-60.5054398,-508.331757
10661,53.308321,69.911499,-60.5054398,-508.331757
10662,53.313302,69.911499,-60.5054398,-508.331757
10663,53.318320,69.911499,-60.5054398,-508.331757
10664,53.323302,69.911499,-60.5054398,-508.331757
10665,53.328319,69.911499,-60.5054398,-508.331757
10666,53.333306,69.911499,-60.5054398,-508.331757
10667,53.338320,69.911499,-60.5054398,-508.331757
10668,53.343308,69.911499,-60.5054398,-508.331757
10669,53.348323,69.911499,-60.5054398,-508.331757
10670,53.353303,69.911499,-60.5054398,-508.331757
10671,53.358322,69.911499,-60.5054398,-508.331757
10672,53.363307,69.911499,-60.5054398,-508.331757
10673,53.368319,69.911499,-60.5054398,-508.331757
10674,53.373301,69.911499,-60.5054398,-508.331757
10675,53.378307,69.911499,-60.5054398,-508.331757
10676,53.383318,69.911499,-60.5054398,-508.331757
10677,53.388318,69.911499,-60.5054398,-508.331757
10678,53.393318,69.911499,-60.5054398,-508.331757
10679,53.398307,69.911499,-60.5054398,-508.331757
10680,53.403318,69.911499,-60.5054398,-508.331757
10681,53.408308,69.911499,-60.5054398,-508.331757
10682,53.413318,69.911499,-60.5054398,-508.331757
10683,53.418304,69.911499,-60.5054398,-508.331757
10684,53.423323,69.911499,-60.5054398,-508.331757
10685,53.428301,69.911499,-60.5054398,-508.331757
10686,53.433321,69.911499,-60.5054398,-508.331757
10687,53.438308,69.911499,-60.5054398,-508.331757
10688,53.443321,69.911499,-60.5054398,-508.331757
10689,53.448308,69.911499,-60.5054398,-508.331757
10690,53.453317,69.911499,-60.5054398,-508.331757
10691,53.458307,69.911499,-60.5054398,-508.331757
10692,53.463323,69.911499,-60.5054398,-508.331757
10693,53.468305,69.911499,-60.5054398,-508.331757
10694,53.473318,69.911499,-60.5054398,-508.331757
10695,53.478308,69.911499,-60.5054398,-508.331757
10696,53.483317,69.911499,-60.5054398,-508.331757
10697,53.488307,69.911499,-60.5054398,-508.331757
10698,53.493322,69.911499,-60.5054398,-508.331757
10699,53.498321,69.911499,-60.5054398,-508.331757
10700,53.503302,69.911499,-60.5054398,-508.331757
10701,53.508319,69.911499,-60.5054398,-508.331757
10702,53.513304,69.911499,-60.5054398,-508.331757
10703,53.518316,69.911499,-60.5054398,-508.331757
10704,53.523301,69.911499,-60.5054398,-508.331757
10705,53.528317,69.911499,-60.5054398,-508.331757
10706,53.533302,69.911499,-60.5054398,-508.331757
10707,53.538323,69.911499,-60.5054398,-508.331757
10708,53.543307,69.911499,-60.5054398,-508.331757
10709,53.548319,69.911499,-60.5054398,-508.331757
10710,53.553317,69.911499,-60.5054398,-508.331757
10711,53.558317,69.911499,-60.5054398,-508.331757
10712,53.563304,69.911499,-60.5054398,-508.331757
10713,53.568319,69.911499,-60.5054398,-508.331757
10714,53.573301,69.911499,-60.5054398,-508.331757
10715,53.578317,69.911499,-60.5054398,-508.331757
10716,53.583302,69.911499,-60.5054398,-508.331757
10717,53.588304,69.911499,-60.5054398,-508.331757
10718,53.593320,69.911499,-60.5054398,-508.331757
10719,53.598301,69.911499,-60.5054398,-508.331757
10720,53.603323,69.911499,-60.5054398,-508.331757
10721,53.608323,69.911499,-60.5054398,-508.331757
10722,53.613319,69.911499,-60.5054398,-508.331757
10723,53.618304,69.911499,-60.5054398,-508.331757
10724,53.623322,69.911499,-60.5054398,-508.331757
10725,53.628301,69.911499,-60.5054398,-508.331757
10726,53.633318,69.911499,-60.5054398,-508.331757
10727,53.638308,69.911499,-60.5054398,-508.331757
10728,53.643322,69.911499,-60.5054398,-508.331757
10729,53.648308,69.911499,-60.5054398,-508.331757
10730,53.653316,69.911499,-60.5054398,-508.331757
10731,53.658317,69.911499,-60.5054398,-508.331757
10732,53.663319,69.911499,-60.5054398,-508.331757
10733,53.668304,69.911499,-60.5054398,-508.331757
10734,53.673321,69.911499,-60.5054398,-508.331757
10735,53.678306,69.911499,-60.5054398,-508.331757
10736,53.683316,69.911499,-60.5054398,-508.331757
10737,53.688301,69.911499,-60.5054398,-508.331757
10738,53.693318,69.911499,-60.5054398,-508.331757
10739,53.698305,69.911499,-60.5054398,-508.331757
10740,53.703323,69.911499,-60.5054398,-508.331757
10741,53.708302,69.911499,-60.5054398,-508.331757
10742,53.713441,69.911499,-60.5054398,-508.331757
10743,53.718318,69.911499,-60.5054398,-508.331757
10744,53.723302,69.911499,-60.5054398,-508.331757
10745,53.728315,69.911499,-60.5054398,-508.331757
10746,53.733304,69.911499,-60.5054398,-508.331757
10747,53.738321,69.911499,-60.5054398,-508.331757
10748,53.743301,69.911499,-60.5054398,-508.331757
10749,53.748322,69.911499,-60.5054398,-508.331757
10750,53.753303,69.911499,-60.5054398,-508.331757
10751,53.758320,69.911499,-60.5054398,-508.331757
10752,53.763302,69.911499,-60.5054398,-508.331757
10753,53.768317,69.911499,-60.5054398,-508.331757
10754,53.773307,69.911499,-60.5054398,-508.331757
10755,53.778322,69.911499,-60.5054398,-508.331757
10756,53.783307,69.911499,-60.5054398,-508.331757
10757,53.788319,69.911499,-60.5054398,-508.331757
10758,53.793305,69.911499,-60.5054398,-508.331757
10759,53.798317,69.911499,-60.5054398,-508.331757
10760,53.803302,69.911499,-60.5054398,-508.331757
10761,53.808318,69.911499,-60.5054398,-508.331757
10762,53.813303,69.911499,-60.5054398,-508.331757
10763,53.818315,69.911499,-60.5054398,-508.331757
10764,53.823309,69.911499,-60.5054398,-508.331757
10765,53.828320,69.911499,-60.5054398,-508.331757
10766,53.833306,69.911499,-60.5054398,-508.331757
10767,53.838347,69.911499,-60.5054398,-508.331757
10768,53.843318,69.911499,-60.5054398,-508.331757
10769,53.848305,69.911499,-60.5054398,-508.331757
10770,53.853317,69.911499,-60.5054398,-508.331757
10771,53.858301,69.911499,-60.5054398,-508.331757
10772,53.863318,69.911499,-60.5054398,-508.331757
10773,53.868304,69.911499,-60.5054398,-508.331757
10774,53.873323,69.911499,-60.5054398,-508.331757
10775,53.878304,69.911499,-60.5054398,-508.331757
10776,53.883316,69.911499,-60.5054398,-508.331757
10777,53.888302,69.911499,-60.5054398,-508.331757
10778,53.893318,69.911499,-60.5054398,-508.331757
10779,53.898308,69.911499,-60.5054398,-508.331757
10780,53.903316,69.911499,-60.5054398,-508.331757
10781,53.908303,69.911499,-60.5054398,-508.331757
10782,53.913317,69.911499,-60.5054398,-508.331757
10783,53.918308,69.911499,-60.5054398,-508.331757
10784,53.923470,69.911499,-60.5054398,-508.331757
10785,53.928304,69.911499,-60.5054398,-508.331757
10786,53.933411,69.911499,-60.5054398,-508.331757
10787,53.938301,69.911499,-60.5054398,-508.331757
10788,53.943431,69.911499,-60.5054398,-508.331757
10789,53.948305,69.911499,-60.5054398,-508.331757
10790,53.953306,69.911499,-60.5054398,-508.331757
10791,53.958323,69.911499,-60.5054398,-508.331757
10792,53.963305,69.911499,-60.5054398,-508.331757
10793,53.968319,69.911499,-60.5054398,-508.331757
10794,53.973301,69.911499,-60.5054398,-508.331757
10795,53.978318,69.911499,-60.5054398,-508.331757
10796,53.983308,69.911499,-60.5054398,-508.331757
10797,53.988317,69.911499,-60.5054398,-508.331757
10798,53.993306,69.911499,-60.5054398,-508.331757
10799,53.998315,69.911499,-60.5054398,-508.331757
10800,54.003304,69.911499,-60.5054398,-508.331757
10801,54.008321,69.911499,-60.5054398,-508.331757
10802,54.013307,69.911499,-60.5054398,-508.331757
10803,54.018308,69.911499,-60.5054398,-508.331757
10804,54.023322,69.911499,-60.5054398,-508.331757
10805,54.028301,69.911499,-60.5054398,-508.331757
10806,54.033322,69.911499,-60.5054398,-508.331757
10807,54.038308,69.911499,-60.5054398,-508.331757
10808,54.043322,69.911499,-60.5054398,-508.331757
10809,54.048308,69.911499,-60.5054398,-508.331757
10810,54.053318,69.911499,-60.5054398,-508.331757
10811,54.058317,69.911499,-60.5054398,-508.331757
10812,54.063319,69.911499,-60.5054398,-508.331757
10813,54.068305,69.911499,-60.5054398,-508.331757
10814,54.073315,69.911499,-60.5054398,-508.331757
10815,54.078303,69.911499,-60.5054398,-508.331757
10816,54.083321,69.911499,-60.5054398,-508.331757
10817,54.088306,69.911499,-60.5054398,-508.331757
10818,54.093316,69.911499,-60.5054398,-508.331757
10819,54.098303,69.911499,-60.5054398,-508.331757
10820,54.103320,69.911499,-60.5054398,-508.331757
10821,54.108303,69.911499,-60.5054398,-508.331757
10822,54.113317,69.911499,-60.5054398,-508.331757
10823,54.118319,69.911499,-60.5054398,-508.331757
10824,54.123308,69.911499,-60.5054398,-508.331757
10825,54.128318,69.911499,-60.5054398,-508.331757
10826,54.133306,69.911499,-60.5054398,-508.331757
10827,54.138320,69.911499,-60.5054398,-508.331757
10828,54.143301,69.911499,-60.5054398,-508.331757
10829,54.148318,69.911499,-60.5054398,-508.331757
10830,54.153308,69.911499,-60.5054398,-508.331757
10831,54.158318,69.911499,-60.5054398,-508.331757
10832,54.163308,69.911499,-60.5054398,-508.331757
10833,54.168318,69.911499,-60.5054398,-508.331757
10834,54.173308,69.911499,-60.5054398,-508.331757
10835,54.178323,69.911499,-60.5054398,-508.331757
10836,54.183304,69.911499,-60.5054398,-508.331757
10837,54.188316,69.911499,-60.5054398,-508.331757
10838,54.193301,69.911499,-60.5054398,-508.331757
10839,54.198318,69.911499,-60.5054398,-508.331757
10840,54.203307,69.911499,-60.5054398,-508.331757
10841,54.208318,69.911499,-60.5054398,-508.331757
10842,54.213306,69.911499,-60.5054398,-508.331757
10843,54.218306,69.911499,-60.5054398,-508.331757
10844,54.223321,69.911499,-60.5054398,-508.331757
10845,54.228340,69.911499,-60.5054398,-508.331757
10846,54.233321,69.911499,-60.5054398,-508.331757
10847,54.238307,69.911499,-60.5054398,-508.331757
10848,54.243318,69.911499,-60.5054398,-508.331757
10849,54.248306,69.911499,-60.5054398,-508.331757
10850,54.253318,69.911499,-60.5054398,-508.331757
10851,54.258308,69.911499,-60.5054398,-508.331757
10852,54.263321,69.911499,-60.5054398,-508.331757
10853,54.268303,69.911499,-60.5054398,-508.331757
10854,54.273315,69.911499,-60.5054398,-508.331757
10855,54.278322,69.911499,-60.5054398,-508.331757
10856,54.283323,69.911499,-60.5054398,-508.331757
10857,54.288305,69.911499,-60.5054398,-508.331757
10858,54.293321,69.911499,-60.5054398,-508.331757
10859,54.298303,69.911499,-60.5054398,-508.331757
10860,54.303316,69.911499,-60.5054398,-508.331757
10861,54.308307,69.911499,-60.5054398,-508.331757
10862,54.313318,69.911499,-60.5054398,-508.331757
10863,54.318307,69.911499,-60.5054398,-508.331757
10864,54.323320,69.911499,-60.5054398,-508.331757
10865,54.328306,69.911499,-60.5054398,-508.331757
10866,54.333307,69.911499,-60.5054398,-508.331757
10867,54.338320,69.911499,-60.5054398,-508.331757
10868,54.343308,69.911499,-60.5054398,-508.331757
10869,54.348322,69.911499,-60.5054398,-508.331757
10870,54.353308,69.911499,-60.5054398,-508.331757
10871,54.358316,69.911499,-60.5054398,-508.331757
10872,54.363306,69.911499,-60.5054398,-508.331757
10873,54.368321,69.911499,-60.5054398,-508.331757
10874,54.373302,69.911499,-60.5054398,-508.331757
10875,54.378323,69.911499,-60.5054398,-508.331757
10876,54.383301,69.911499,-60.5054398,-508.331757
10877,54.388447,69.911499,-60.5054398,-508.331757
10878,54.393308,69.911499,-60.5054398,-508.331757
10879,54.398323,69.911499,-60.5054398,-508.331757
10880,54.403308,69.911499,-60.5054398,-508.331757
10881,54.408326,69.911499,-60.5054398,-508.331757
10882,54.413322,69.911499,-60.5054398,-508.331757
10883,54.418301,69.911499,-60.5054398,-508.331757
10884,54.423316,69.911499,-60.5054398,-508.331757
10885,54.428306,69.911499,-60.5054398,-508.331757
10886,54.433323,69.911499,-60.5054398,-508.331757
10887,54.438301,69.911499,-60.5054398,-508.331757
10888,54.443316,69.911499,-60.5054398,-508.331757
10889,54.448323,69.911499,-60.5054398,-508.331757
10890,54.453321,69.911499,-60.5054398,-508.331757
10891,54.458303,69.911499,-60.5054398,-508.331757
10892,54.463316,69.911499,-60.5054398,-508.331757
10893,54.468301,69.911499,-60.5054398,-508.331757
10894,54.473316,69.911499,-60.5054398,-508.331757
10895,54.478301,69.911499,-60.5054398,-508.331757
10896,54.483318,69.911499,-60.5054398,-508.331757
10897,54.488305,69.911499,-60.5054398,-508.331757
10898,54.493330,69.911499,-60.5054398,-508.331757
10899,54.498319,69.911499,-60.5054398,-508.331757
10900,54.503304,69.911499,-60.5054398,-508.331757
10901,54.508321,69.911499,-60.5054398,-508.331757
10902,54.513304,69.911499,-60.5054398,-508.331757
10903,54.518319,69.911499,-60.5054398,-508.331757
10904,54.523308,69.911499,-60.5054398,-508.331757
10905,54.528320,69.911499,-60.5054398,-508.331757
10906,54.533304,69.911499,-60.5054398,-508.331757
10907,54.538316,69.911499,-60.5054398,-508.331757
10908,54.543304,69.911499,-60.5054398,-508.331757
10909,54.548321,69.911499,-60.5054398,-508.331757
10910,54.553306,69.911499,-60.5054398,-508.331757
10911,54.558320,69.911499,-60.5054398,-508.331757
10912,54.563306,69.911499,-60.5054398,-508.331757
10913,54.568317,69.911499,-60.5054398,-508.331757
10914,54.573307,69.911499,-60.5054398,-508.331757
10915,54.578308,69.911499,-60.5054398,-508.331757
10916,54.583322,69.911499,-60.5054398,-508.331757
10917,54.588304,69.911499,-60.5054398,-508.331757
10918,54.593318,69.911499,-60.5054398,-508.331757
10919,54.598304,69.911499,-60.5054398,-508.331757
10920,54.603321,69.911499,-60.5054398,-508.331757
10921,54.608303,69.911499,-60.5054398,-508.331757
10922,54.613322,69.911499,-60.5054398,-508.331757
10923,54.618301,69.911499,-60.5054398,-508.331757
10924,54.623316,69.911499,-60.5054398,-508.331757
10925,54.628307,69.911499,-60.5054398,-508.331757
10926,54.633322,69.911499,-60.5054398,-508.331757
10927,54.638304,69.911499,-60.5054398,-508.331757
10928,54.643323,69.911499,-60.5054398,-508.331757
10929,54.648308,69.911499,-60.5054398,-508.331757
10930,54.653320,69.911499,-60.5054398,-508.331757
10931,54.658303,69.911499,-60.5054398,-508.331757
10932,54.663320,69.911499,-60.5054398,-508.331757
10933,54.668318,69.911499,-60.5054398,-508.331757
10934,54.673306,69.911499,-60.5054398,-508.331757
10935,54.678317,69.911499,-60.5054398,-508.331757
10936,54.683307,69.911499,-60.5054398,-508.331757
10937,54.688316,69.911499,-60.5054398,-508.331757
10938,54.693301,69.911499,-60.5054398,-508.331757
10939,54.698317,69.911499,-60.5054398,-508.331757
10940,54.703307,69.911499,-60.5054398,-508.331757
10941,54.708318,69.911499,-60.5054398,-508.331757
10942,54.713303,69.911499,-60.5054398,-508.331757
10943,54.718322,69.911499,-60.5054398,-508.331757
10944,54.723303,69.911499,-60.5054398,-508.331757
10945,54.728322,69.911499,-60.5054398,-508.331757
10946,54.733307,69.911499,-60.5054398,-508.331757
10947,54.738316,69.911499,-60.5054398,-508.331757
10948,54.743307,69.911499,-60.5054398,-508.331757
10949,54.748318,69.911499,-60.5054398,-508.331757
10950,54.753304,69.911499,-60.5054398,-508.331757
10951,54.758383,69.911499,-60.5054398,-508.331757
10952,54.763305,69.911499,-60.5054398,-508.331757
10953,54.768389,69.911499,-60.5054398,-508.331757
10954,54.773306,69.911499,-60.5054398,-508.331757
10955,54.778304,69.911499,-60.5054398,-508.331757
10956,54.783319,69.911499,-60.5054398,-508.331757
10957,54.788318,69.911499,-60.5054398,-508.331757
10958,54.793319,69.911499,-60.5054398,-508.331757
10959,54.798304,69.911499,-60.5054398,-508.331757
10960,54.803317,69.911499,-60.5054398,-508.331757
10961,54.808305,69.911499,-60.5054398,-508.331757
10962,54.813320,69.911499,-60.5054398,-508.331757
10963,54.818303,69.911499,-60.5054398,-508.331757
10964,54.823317,69.911499,-60.5054398,-508.331757
10965,54.828304,69.911499,-60.5054398,-508.331757
10966,54.833323,69.911499,-60.5054398,-508.331757
10967,54.838306,69.911499,-60.5054398,-508.331757
10968,54.843321,69.911499,-60.5054398,-508.331757
10969,54.848307,69.911499,-60.5054398,-508.331757
10970,54.853318,69.911499,-60.5054398,-508.331757
10971,54.858308,69.911499,-60.5054398,-508.331757
10972,54.863319,69.911499,-60.5054398,-508.331757
10973,54.868301,69.911499,-60.5054398,-508.331757
10974,54.873318,69.911499,-60.5054398,-508.331757
10975,54.878304,69.911499,-60.5054398,-508.331757
10976,54.883321,69.911499,-60.5054398,-508.331757
10977,54.888303,69.911499,-60.5054398,-508.331757
10978,54.893323,69.911499,-60.5054398,-508.331757
10979,54.898321,69.911499,-60.5054398,-508.331757
10980,54.903323,69.911499,-60.5054398,-508.331757
10981,54.908307,69.911499,-60.5054398,-508.331757
10982,54.913317,69.911499,-60.5054398,-508.331757
10983,54.918307,69.911499,-60.5054398,-508.331757
10984,54.923316,69.911499,-60.5054398,-508.331757
10985,54.928302,69.911499,-60.5054398,-508.331757
10986,54.933303,69.911499,-60.5054398,-508.331757
10987,54.938318,69.911499,-60.5054398,-508.331757
10988,54.943303,69.911499,-60.5054398,-508.331757
10989,54.948318,69.911499,-60.5054398,-508.331757
10990,54.953322,69.911499,-60.5054398,-508.331757
10991,54.958317,69.911499,-60.5054398,-508.331757
10992,54.963307,69.911499,-60.5054398,-508.331757
10993,54.968318,69.911499,-60.5054398,-508.331757
10994,54.973302,69.911499,-60.5054398,-508.331757
10995,54.978320,69.911499,-60.5054398,-508.331757
10996,54.983308,69.911499,-60.5054398,-508.331757
10997,54.988323,69.911499,-60.5054398,-508.331757
10998,54.993303,69.911499,-60.5054398,-508.331757
10999,54.998318,69.911499,-60.5054398,-508.331757
11000,55.003307,69.911499,-60.5054398,-508.331757
11001,55.008320,69.911499,-60.5054398,-508.331757
11002,55.013317,69.911499,-60.5054398,-508.331757
11003,55.018323,69.911499,-60.5054398,-508.331757
11004,55.023306,69.911499,-60.5054398,-508.331757
11005,55.028424,69.911499,-60.5054398,-508.331757
11006,55.033306,69.911499,-60.5054398,-508.331757
11007,55.038302,69.911499,-60.5054398,-508.331757
11008,55.043316,69.911499,-60.5054398,-508.331757
11009,55.048306,69.911499,-60.5054398,-508.331757
11010,55.053320,69.911499,-60.5054398,-508.331757
11011,55.058305,69.911499,-60.5054398,-508.331757
11012,55.063323,69.911499,-60.5054398,-508.331757
11013,55.068320,69.911499,-60.5054398,-508.331757
11014,55.073323,69.911499,-60.5054398,-508.331757
11015,55.078301,69.911499,-60.5054398,-508.331757
11016,55.083321,69.911499,-60.5054398,-508.331757
11017,55.088303,69.911499,-60.5054398,-508.331757
11018,55.093321,69.911499,-60.5054398,-508.331757
11019,55.098303,69.911499,-60.5054398,-508.331757
11020,55.103316,69.911499,-60.5054398,-508.331757
11021,55.108307,69.911499,-60.5054398,-508.331757
11022,55.113319,69.911499,-60.5054398,-508.331757
11023,55.118305,69.911499,-60.5054398,-508.331757
11024,55.123307,69.911499,-60.5054398,-508.331757
11025,55.128320,69.911499,-60.5054398,-508.331757
11026,55.133306,69.911499,-60.5054398,-508.331757
11027,55.138317,69.911499,-60.5054398,-508.331757
11028,55.143302,69.911499,-60.5054398,-508.331757
11029,55.148322,69.911499,-60.5054398,-508.331757
11030,55.153303,69.911499,-60.5054398,-508.331757
11031,55.158320,69.911499,-60.5054398,-508.331757
11032,55.163306,69.911499,-60.5054398,-508.331757
11033,55.168317,69.911499,-60.5054398,-508.331757
11034,55.173302,69.911499,-60.5054398,-508.331757
11035,55.178323,69.911499,-60.5054398,-508.331757
11036,55.183332,69.911499,-60.5054398,-508.331757
11037,55.188346,69.911499,-60.5054398,-508.331757
11038,55.193317,69.911499,-60.5054398,-508.331757
11039,55.198307,69.911499,-60.5054398,-508.331757
11040,55.203322,69.911499,-60.5054398,-508.331757
11041,55.208304,69.911499,-60.5054398,-508.331757
11042,55.213322,69.911499,-60.5054398,-508.331757
11043,55.218301,69.911499,-60.5054398,-508.331757
11044,55.223322,69.911499,-60.5054398,-508.331757
11045,55.228301,69.911499,-60.5054398,-508.331757
11046,55.233323,69.911499,-60.5054398,-508.331757
11047,55.238308,69.911499,-60.5054398,-508.331757
11048,55.243322,69.911499,-60.5054398,-508.331757
11049,55.248307,69.911499,-60.5054398,-508.331757
11050,55.253317,69.911499,-60.5054398,-508.331757
11051,55.258302,69.911499,-60.5054398,-508.331757
11052,55.263319,69.911499,-60.5054398,-508.331757
11053,55.268308,69.911499,-60.5054398,-508.331757
11054,55.273318,69.911499,-60.5054398,-508.331757
11055,55.278305,69.911499,-60.5054398,-508.331757
11056,55.283319,69.911499,-60.5054398,-508.331757
11057,55.288306,69.911499,-60.5054398,-508.331757
11058,55.293317,69.911499,-60.5054398,-508.331757
11059,55.298323,69.911499,-60.5054398,-508.331757
11060,55.303308,69.911499,-60.5054398,-508.331757
11061,55.308318,69.911499,-60.5054398,-508.331757
11062,55.313306,69.911499,-60.5054398,-508.331757
11063,55.318316,69.911499,-60.5054398,-508.331757
11064,55.323301,69.911499,-60.5054398,-508.331757
11065,55.328321,69.911499,-60.5054398,-508.331757
11066,55.333304,69.911499,-60.5054398,-508.331757
11067,55.338316,69.911499,-60.5054398,-508.331757
11068,55.343301,69.911499,-60.5054398,-508.331757
11069,55.348315,69.911499,-60.5054398,-508.331757
11070,55.353321,69.911499,-60.5054398,-508.331757
11071,55.358315,69.911499,-60.5054398,-508.331757
11072,55.363301,69.911499,-60.5054398,-508.331757
11073,55.368322,69.911499,-60.5054398,-508.331757
11074,55.373307,69.911499,-60.5054398,-508.331757
11075,55.378318,69.911499,-60.5054398,-508.331757
11076,55.383306,69.911499,-60.5054398,-508.331757
11077,55.388321,69.911499,-60.5054398,-508.331757
11078,55.393302,69.911499,-60.5054398,-508.331757
11079,55.398302,69.911499,-60.5054398,-508.331757
11080,55.403321,69.911499,-60.5054398,-508.331757
11081,55.408317,69.911499,-60.5054398,-508.331757
11082,55.413322,69.911499,-60.5054398,-508.331757
11083,55.418304,69.911499,-60.5054398,-508.331757
11084,55.423323,69.911499,-60.5054398,-508.331757
11085,55.428306,69.911499,-60.5054398,-508.331757
11086,55.433319,69.911499,-60.5054398,-508.331757
11087,55.438308,69.911499,-60.5054398,-508.331757
11088,55.443322,69.911499,-60.5054398,-508.331757
11089,55.448307,69.911499,-60.5054398,-508.331757
11090,55.453321,69.911499,-60.5054398,-508.331757
11091,55.458304,69.911499,-60.5054398,-508.331757
11092,55.463317,69.911499,-60.5054398,-508.331757
11093,55.468315,69.911499,-60.5054398,-508.331757
11094,55.473329,69.911499,-60.5054398,-508.331757
11095,55.478303,69.911499,-60.5054398,-508.331757
11096,55.483301,69.911499,-60.5054398,-508.331757
11097,55.488318,69.911499,-60.5054398,-508.331757
11098,55.493301,69.911499,-60.5054398,-508.331757
11099,55.498321,69.911499,-60.5054398,-508.331757
11100,55.503301,69.911499,-60.5054398,-508.331757
11101,55.508321,69.911499,-60.5054398,-508.331757
11102,55.513307,69.911499,-60.5054398,-508.331757
11103,55.518367,69.911499,-60.5054398,-508.331757
11104,55.523308,69.911499,-60.5054398,-508.331757
11105,55.528320,69.911499,-60.5054398,-508.331757
11106,55.533302,69.911499,-60.5054398,-508.331757
11107,55.538317,69.911499,-60.5054398,-508.331757
11108,55.543307,69.911499,-60.5054398,-508.331757
11109,55.548305,69.911499,-60.5054398,-508.331757
11110,55.553319,69.911499,-60.5054398,-508.331757
11111,55.558304,69.911499,-60.5054398,-508.331757
11112,55.563321,69.911499,-60.5054398,-508.331757
11113,55.568303,69.911499,-60.5054398,-508.331757
11114,55.573321,69.911499,-60.5054398,-508.331757
11115,55.578322,69.911499,-60.5054398,-508.331757
11116,55.583323,69.911499,-60.5054398,-508.331757
11117,55.588301,69.911499,-60.5054398,-508.331757
11118,55.593316,69.911499,-60.5054398,-508.331757
11119,55.598303,69.911499,-60.5054398,-508.331757
11120,55.603316,69.911499,-60.5054398,-508.331757
11121,55.608306,69.911499,-60.5054398,-508.331757
11122,55.613316,69.911499,-60.5054398,-508.331757
11123,55.618307,69.911499,-60.5054398,-508.331757
11124,55.623317,69.911499,-60.5054398,-508.331757
11125,55.628301,69.911499,-60.5054398,-508.331757
11126,55.633318,69.911499,-60.5054398,-508.331757
11127,55.638308,69.911499,-60.5054398,-508.331757
11128,55.643322,69.911499,-60.5054398,-508.331757
11129,55.648303,69.911499,-60.5054398,-508.331757
11130,55.653320,69.911499,-60.5054398,-508.331757
11131,55.658302,69.911499,-60.5054398,-508.331757
11132,55.663303,69.911499,-60.5054398,-508.331757
11133,55.668321,69.911499,-60.5054398,-508.331757
11134,55.673306,69.911499,-60.5054398,-508.331757
11135,55.678317,69.911499,-60.5054398,-508.331757
11136,55.683302,69.911499,-60.5054398,-508.331757
11137,55.688318,69.911499,-60.5054398,-508.331757
11138,55.693301,69.911499,-60.5054398,-508.331757
11139,55.698321,69.911499,-60.5054398,-508.331757
11140,55.703305,69.911499,-60.5054398,-508.331757
11141,55.708319,69.911499,-60.5054398,-508.331757
11142,55.713308,69.911499,-60.5054398,-508.331757
11143,55.718317,69.911499,-60.5054398,-508.331757
11144,55.723302,69.911499,-60.5054398,-508.331757
11145,55.728320,69.911499,-60.5054398,-508.331757
11146,55.733302,69.911499,-60.5054398,-508.331757
11147,55.738323,69.911499,-60.5054398,-508.331757
11148,55.743323,69.911499,-60.5054398,-508.331757
11149,55.748320,69.911499,-60.5054398,-508.331757
11150,55.753306,69.911499,-60.5054398,-508.331757
11151,55.758302,69.911499,-60.5054398,-508.331757
11152,55.763319,69.911499,-60.5054398,-508.331757
11153,55.768301,69.911499,-60.5054398,-508.331757
11154,55.773321,69.911499,-60.5054398,-508.331757
11155,55.778307,69.911499,-60.5054398,-508.331757
11156,55.783315,69.911499,-60.5054398,-508.331757
11157,55.788301,69.911499,-60.5054398,-508.331757
11158,55.793316,69.911499,-60.5054398,-508.331757
11159,55.798320,69.911499,-60.5054398,-508.331757
11160,55.803321,69.911499,-60.5054398,-508.331757
11161,55.808307,69.911499,-60.5054398,-508.331757
11162,55.813319,69.911499,-60.5054398,-508.331757
11163,55.818301,69.911499,-60.5054398,-508.331757
11164,55.823317,69.911499,-60.5054398,-508.331757
11165,55.828302,69.911499,-60.5054398,-508.331757
11166,55.833316,69.911499,-60.5054398,-508.331757
11167,55.838306,69.911499,-60.5054398,-508.331757
11168,55.843302,69.911499,-60.5054398,-508.331757
11169,55.848320,69.911499,-60.5054398,-508.331757
11170,55.853305,69.911499,-60.5054398,-508.331757
11171,55.858323,69.911499,-60.5054398,-508.331757
11172,55.863308,69.911499,-60.5054398,-508.331757
11173,55.868317,69.911499,-60.5054398,-508.331757
11174,55.873302,69.911499,-60.5054398,-508.331757
11175,55.878323,69.911499,-60.5054398,-508.331757
11176,55.883308,69.911499,-60.5054398,-508.331757
11177,55.888323,69.911499,-60.5054398,-508.331757
11178,55.893303,69.911499,-60.5054398,-508.331757
11179,55.898323,69.911499,-60.5054398,-508.331757
11180,55.903303,69.911499,-60.5054398,-508.331757
11181,55.908321,69.911499,-60.5054398,-508.331757
11182,55.913318,69.911499,-60.5054398,-508.331757
11183,55.918316,69.911499,-60.5054398,-508.331757
11184,55.923305,69.911499,-60.5054398,-508.331757
11185,55.928318,69.911499,-60.5054398,-508.331757
11186,55.933308,69.911499,-60.5054398,-508.331757
11187,55.938322,69.911499,-60.5054398,-508.331757
11188,55.943307,69.911499,-60.5054398,-508.331757
11189,55.948326,69.911499,-60.5054398,-508.331757
11190,55.953318,69.911499,-60.5054398,-508.331757
11191,55.958308,69.911499,-60.5054398,-508.331757
11192,55.963322,69.911499,-60.5054398,-508.331757
11193,55.968304,69.911499,-60.5054398,-508.331757
11194,55.973323,69.911499,-60.5054398,-508.331757
11195,55.978305,69.911499,-60.5054398,-508.331757
11196,55.983321,69.911499,-60.5054398,-508.331757
11197,55.988301,69.911499,-60.5054398,-508.331757
11198,55.993317,69.911499,-60.5054398,-508.331757
11199,55.998307,69.911499,-60.5054398,-508.331757
11200,56.003317,69.911499,-60.5054398,-508.331757
11201,56.008304,69.911499,-60.5054398,-508.331757
11202,56.013319,69.911499,-60.5054398,-508.331757
11203,56.018303,69.911499,-60.5054398,-508.331757
11204,56.023469,69.911499,-60.5054398,-508.331757
11205,56.028320,69.911499,-60.5054398,-508.331757
11206,56.033308,69.911499,-60.5054398,-508.331757
11207,56.038321,69.911499,-60.5054398,-508.331757
11208,56.043301,69.911499,-60.5054398,-508.331757
11209,56.048316,69.911499,-60.5054398,-508.331757
11210,56.053306,69.911499,-60.5054398,-508.331757
11211,56.058322,69.911499,-60.5054398,-508.331757
11212,56.063307,69.911499,-60.5054398,-508.331757
11213,56.068318,69.911499,-60.5054398,-508.331757
11214,56.073303,69.911499,-60.5054398,-508.331757
11215,56.078316,69.911499,-60.5054398,-508.331757
11216,56.083303,69.911499,-60.5054398,-508.331757
11217,56.088321,69.911499,-60.5054398,-508.331757
11218,56.093306,69.911499,-60.5054398,-508.331757
11219,56.098322,69.911499,-60.5054398,-508.331757
11220,56.103302,69.911499,-60.5054398,-508.331757
11221,56.108318,69.911499,-60.5054398,-508.331757
11222,56.113303,69.911499,-60.5054398,-508.331757
11223,56.118322,69.911499,-60.5054398,-508.331757
11224,56.123304,69.911499,-60.5054398,-508.331757
11225,56.128369,69.911499,-60.5054398,-508.331757
11226,56.133307,69.911499,-60.5054398,-508.331757
11227,56.138301,69.911499,-60.5054398,-508.331757
11228,56.143320,69.911499,-60.5054398,-508.331757
11229,56.148305,69.911499,-60.5054398,-508.331757
11230,56.153318,69.911499,-60.5054398,-508.331757
11231,56.158303,69.911499,-60.5054398,-508.331757
11232,56.163316,69.911499,-60.5054398,-508.331757
11233,56.168301,69.911499,-60.5054398,-508.331757
11234,56.173316,69.911499,-60.5054398,-508.331757
11235,56.178302,69.911499,-60.5054398,-508.331757
11236,56.183317,69.911499,-60.5054398,-508.331757
11237,56.188305,69.911499,-60.5054398,-508.331757
11238,56.193322,69.911499,-60.5054398,-508.331757
11239,56.198303,69.911499,-60.5054398,-508.331757
11240,56.203323,69.911499,-60.5054398,-508.331757
11241,56.208306,69.911499,-60.5054398,-508.331757
11242,56.213381,69.911499,-60.5054398,-508.331757
11243,56.218302,69.911499,-60.5054398,-508.331757
11244,56.223303,69.911499,-60.5054398,-508.331757
11245,56.228319,69.911499,-60.5054398,-508.331757
11246,56.233305,69.911499,-60.5054398,-508.331757
11247,56.238318,69.911499,-60.5054398,-508.331757
11248,56.243303,69.911499,-60.5054398,-508.331757
11249,56.248319,69.911499,-60.5054398,-508.331757
11250,56.253301,69.911499,-60.5054398,-508.331757
11251,56.258316,69.911499,-60.5054398,-508.331757
11252,56.263301,69.911499,-60.5054398,-508.331757
11253,56.268319,69.911499,-60.5054398,-508.331757
11254,56.273301,69.911499,-60.5054398,-508.331757
11255,56.278320,69.911499,-60.5054398,-508.331757
11256,56.283306,69.911499,-60.5054398,-508.331757
11257,56.288317,69.911499,-60.5054398,-508.331757
11258,56.293302,69.911499,-60.5054398,-508.331757
11259,56.298333,69.911499,-60.5054398,-508.331757
11260,56.303306,69.911499,-60.5054398,-508.331757
11261,56.308319,69.911499,-60.5054398,-508.331757
11262,56.313315,69.911499,-60.5054398,-508.331757
11263,56.318306,69.911499,-60.5054398,-508.331757
11264,56.323320,69.911499,-60.5054398,-508.331757
11265,56.328303,69.911499,-60.5054398,-508.331757
11266,56.333318,69.911499,-60.5054398,-508.331757
11267,56.338308,69.911499,-60.5054398,-508.331757
11268,56.343319,69.911499,-60.5054398,-508.331757
11269,56.348307,69.911499,-60.5054398,-508.331757
11270,56.353323,69.911499,-60.5054398,-508.331757
11271,56.358321,69.911499,-60.5054398,-508.331757
11272,56.363323,69.911499,-60.5054398,-508.331757
11273,56.368305,69.911499,-60.5054398,-508.331757
11274,56.373316,69.911499,-60.5054398,-508.331757
11275,56.378307,69.911499,-60.5054398,-508.331757
11276,56.383316,69.911499,-60.5054398,-508.331757
11277,56.388303,69.911499,-60.5054398,-508.331757
11278,56.393328,69.911499,-60.5054398,-508.331757
11279,56.398315,69.911499,-60.5054398,-508.331757
11280,56.403330,69.911499,-60.5054398,-508.331757
11281,56.408315,69.911499,-60.5054398,-508.331757
11282,56.413319,69.911499,-60.5054398,-508.331757
11283,56.418316,69.911499,-60.5054398,-508.331757
11284,56.423304,69.911499,-60.5054398,-508.331757
11285,56.428319,69.911499,-60.5054398,-508.331757
11286,56.433308,69.911499,-60.5054398,-508.331757
11287,56.438319,69.911499,-60.5054398,-508.331757
11288,56.443304,69.911499,-60.5054398,-508.331757
11289,56.448316,69.911499,-60.5054398,-508.331757
11290,56.453306,69.911499,-60.5054398,-508.331757
11291,56.458425,69.911499,-60.5054398,-508.331757
11292,56.463306,69.911499,-60.5054398,-508.331757
11293,56.468315,69.911499,-60.5054398,-508.331757
11294,56.473323,69.911499,-60.5054398,-508.331757
11295,56.478304,69.911499,-60.5054398,-508.331757
11296,56.483318,69.911499,-60.5054398,-508.331757
11297,56.488308,69.911499,-60.5054398,-508.331757
11298,56.493317,69.911499,-60.5054398,-508.331757
11299,56.498303,69.911499,-60.5054398,-508.331757
11300,56.503317,69.911499,-60.5054398,-508.331757
11301,56.508302,69.911499,-60.5054398,-508.331757
11302,56.513321,69.911499,-60.5054398,-508.331757
11303,56.518316,69.911499,-60.5054398,-508.331757
11304,56.523322,69.911499,-60.5054398,-508.331757
11305,56.528308,69.911499,-60.5054398,-508.331757
11306,56.533320,69.911499,-60.5054398,-508.331757
11307,56.538307,69.911499,-60.5054398,-508.331757
11308,56.543320,69.911499,-60.5054398,-508.331757
11309,56.548306,69.911499,-60.5054398,-508.331757
11310,56.553321,69.911499,-60.5054398,-508.331757
11311,56.558306,69.911499,-60.5054398,-508.331757
11312,56.563319,69.911499,-60.5054398,-508.331757
11313,56.568301,69.911499,-60.5054398,-508.331757
11314,56.573316,69.911499,-60.5054398,-508.331757
11315,56.578305,69.911499,-60.5054398,-508.331757
11316,56.583319,69.911499,-60.5054398,-508.331757
11317,56.588302,69.911499,-60.5054398,-508.331757
11318,56.593308,69.911499,-60.5054398,-508.331757
11319,56.598316,69.911499,-60.5054398,-508.331757
11320,56.603301,69.911499,-60.5054398,-508.331757
11321,56.608321,69.911499,-60.5054398,-508.331757
11322,56.613301,69.911499,-60.5054398,-508.331757
11323,56.618316,69.911499,-60.5054398,-508.331757
11324,56.623301,69.911499,-60.5054398,-508.331757
11325,56.628318,69.911499,-60.5054398,-508.331757
11326,56.633307,69.911499,-60.5054398,-508.331757
11327,56.638321,69.911499,-60.5054398,-508.331757
11328,56.643304,69.911499,-60.5054398,-508.331757
11329,56.648321,69.911499,-60.5054398,-508.331757
11330,56.653303,69.911499,-60.5054398,-508.331757
11331,56.658319,69.911499,-60.5054398,-508.331757
11332,56.663301,69.911499,-60.5054398,-508.331757
11333,56.668430,69.911499,-60.5054398,-508.331757
11334,56.673308,69.911499,-60.5054398,-508.331757
11335,56.678318,69.911499,-60.5054398,-508.331757
11336,56.683315,69.911499,-60.5054398,-508.331757
11337,56.688305,69.911499,-60.5054398,-508.331757
11338,56.693315,69.911499,-60.5054398,-508.331757
11339,56.698301,69.911499,-60.5054398,-508.331757
11340,56.703317,69.911499,-60.5054398,-508.331757
11341,56.708301,69.911499,-60.5054398,-508.331757
11342,56.713316,69.911499,-60.5054398,-508.331757
11343,56.718303,69.911499,-60.5054398,-508.331757
11344,56.723321,69.911499,-60.5054398,-508.331757
11345,56.728304,69.911499,-60.5054398,-508.331757
11346,56.733466,69.911499,-60.5054398,-508.331757
11347,56.738303,69.911499,-60.5054398,-508.331757
11348,56.743316,69.911499,-60.5054398,-508.331757
11349,56.748301,69.911499,-60.5054398,-508.331757
11350,56.753319,69.911499,-60.5054398,-508.331757
11351,56.758302,69.911499,-60.5054398,-508.331757
11352,56.763331,69.911499,-60.5054398,-508.331757
11353,56.768317,69.911499,-60.5054398,-508.331757
11354,56.773303,69.911499,-60.5054398,-508.331757
11355,56.778321,69.911499,-60.5054398,-508.331757
11356,56.783303,69.911499,-60.5054398,-508.331757
11357,56.788317,69.911499,-60.5054398,-508.331757
11358,56.793320,69.911499,-60.5054398,-508.331757
11359,56.798316,69.911499,-60.5054398,-508.331757
11360,56.803308,69.911499,-60.5054398,-508.331757
11361,56.808323,69.911499,-60.5054398,-508.331757
11362,56.813303,69.911499,-60.5054398,-508.331757
11363,56.818318,69.911499,-60.5054398,-508.331757
11364,56.823303,69.911499,-60.5054398,-508.331757
11365,56.828319,69.911499,-60.5054398,-508.331757
11366,56.833305,69.911499,-60.5054398,-508.331757
11367,56.838321,69.911499,-60.5054398,-508.331757
11368,56.843303,69.911499,-60.5054398,-508.331757
11369,56.848318,69.911499,-60.5054398,-508.331757
11370,56.853316,69.911499,-60.5054398,-508.331757
11371,56.858315,69.911499,-60.5054398,-508.331757
11372,56.863301,69.911499,-60.5054398,-508.331757
11373,56.868319,69.911499,-60.5054398,-508.331757
11374,56.873305,69.911499,-60.5054398,-508.331757
11375,56.878318,69.911499,-60.5054398,-508.331757
11376,56.883306,69.911499,-60.5054398,-508.331757
11377,56.888323,69.911499,-60.5054398,-508.331757
11378,56.893308,69.911499,-60.5054398,-508.331757
11379,56.898321,69.911499,-60.5054398,-508.331757
11380,56.903306,69.911499,-60.5054398,-508.331757
11381,56.908320,69.911499,-60.5054398,-508.331757
11382,56.913323,69.911499,-60.5054398,-508.331757
11383,56.918305,69.911499,-60.5054398,-508.331757
11384,56.923320,69.911499,-60.5054398,-508.331757
11385,56.928303,69.911499,-60.5054398,-508.331757
11386,56.933323,69.911499,-60.5054398,-508.331757
11387,56.938303,69.911499,-60.5054398,-508.331757
11388,56.943322,69.911499,-60.5054398,-508.331757
11389,56.948304,69.911499,-60.5054398,-508.331757
11390,56.953316,69.911499,-60.5054398,-508.331757
11391,56.958306,69.911499,-60.5054398,-508.331757
11392,56.963318,69.911499,-60.5054398,-508.331757
11393,56.968308,69.911499,-60.5054398,-508.331757
11394,56.973319,69.911499,-60.5054398,-508.331757
11395,56.978306,69.911499,-60.5054398,-508.331757
11396,56.983318,69.911499,-60.5054398,-508.331757
11397,56.988301,69.911499,-60.5054398,-508.331757
11398,56.993319,69.911499,-60.5054398,-508.331757
11399,56.998307,69.911499,-60.5054398,-508.331757
11400,57.003319,69.911499,-60.5054398,-508.331757
11401,57.008301,69.911499,-60.5054398,-508.331757
11402,57.013323,69.911499,-60.5054398,-508.331757
11403,57.018305,69.911499,-60.5054398,-508.331757
11404,57.023322,69.911499,-60.5054398,-508.331757
11405,57.028308,69.911499,-60.5054398,-508.331757
11406,57.033322,69.911499,-60.5054398,-508.331757
11407,57.038304,69.911499,-60.5054398,-508.331757
11408,57.043378,69.911499,-60.5054398,-508.331757
11409,57.048305,69.911499,-60.5054398,-508.331757
11410,57.053350,69.911499,-60.5054398,-508.331757
11411,57.058301,69.911499,-60.5054398,-508.331757
11412,57.063331,69.911499,-60.5054398,-508.331757
11413,57.068318,69.911499,-60.5054398,-508.331757
11414,57.073303,69.911499,-60.5054398,-508.331757
11415,57.078318,69.911499,-60.5054398,-508.331757
11416,57.083303,69.911499,-60.5054398,-508.331757
11417,57.088321,69.911499,-60.5054398,-508.331757
11418,57.093306,69.911499,-60.5054398,-508.331757
11419,57.098322,69.911499,-60.5054398,-508.331757
11420,57.103305,69.911499,-60.5054398,-508.331757
11421,57.108316,69.911499,-60.5054398,-508.331757
11422,57.113301,69.911499,-60.5054398,-508.331757
11423,57.118322,69.911499,-60.5054398,-508.331757
11424,57.123304,69.911499,-60.5054398,-508.331757
11425,57.128318,69.911499,-60.5054398,-508.331757
11426,57.133302,69.911499,-60.5054398,-508.331757
11427,57.138319,69.911499,-60.5054398,-508.331757
11428,57.143320,69.911499,-60.5054398,-508.331757
11429,57.148318,69.911499,-60.5054398,-508.331757
11430,57.153306,69.911499,-60.5054398,-508.331757
11431,57.158317,69.911499,-60.5054398,-508.331757
11432,57.163305,69.911499,-60.5054398,-508.331757
11433,57.168320,69.911499,-60.5054398,-508.331757
11434,57.173305,69.911499,-60.5054398,-508.331757
11435,57.178319,69.911499,-60.5054398,-508.331757
11436,57.183301,69.911499,-60.5054398,-508.331757
11437,57.188462,69.911499,-60.5054398,-508.331757
11438,57.193303,69.911499,-60.5054398,-508.331757
11439,57.198301,69.911499,-60.5054398,-508.331757
11440,57.203316,69.911499,-60.5054398,-508.331757
11441,57.208302,69.911499,-60.5054398,-508.331757
11442,57.213319,69.911499,-60.5054398,-508.331757
11443,57.218301,69.911499,-60.5054398,-508.331757
11444,57.223320,69.911499,-60.5054398,-508.331757
11445,57.228306,69.911499,-60.5054398,-508.331757
11446,57.233322,69.911499,-60.5054398,-508.331757
11447,57.238304,69.911499,-60.5054398,-508.331757
11448,57.243319,69.911499,-60.5054398,-508.331757
11449,57.248305,69.911499,-60.5054398,-508.331757
11450,57.253318,69.911499,-60.5054398,-508.331757
11451,57.258305,69.911499,-60.5054398,-508.331757
11452,57.263321,69.911499,-60.5054398,-508.331757
11453,57.268306,69.911499,-60.5054398,-508.331757
11454,57.273323,69.911499,-60.5054398,-508.331757
11455,57.278305,69.911499,-60.5054398,-508.331757
11456,57.283320,69.911499,-60.5054398,-508.331757
11457,57.288305,69.911499,-60.5054398,-508.331757
11458,57.293322,69.911499,-60.5054398,-508.331757
11459,57.298306,69.911499,-60.5054398,-508.331757
11460,57.303417,69.911499,-60.5054398,-508.331757
11461,57.308304,69.911499,-60.5054398,-508.331757
11462,57.313406,69.911499,-60.5054398,-508.331757
11463,57.318301,69.911499,-60.5054398,-508.331757
11464,57.323316,69.911499,-60.5054398,-508.331757
11465,57.328318,69.911499,-60.5054398,-508.331757
11466,57.333302,69.911499,-60.5054398,-508.331757
11467,57.338318,69.911499,-60.5054398,-508.331757
11468,57.343306,69.911499,-60.5054398,-508.331757
11469,57.348318,69.911499,-60.5054398,-508.331757
11470,57.353303,69.911499,-60.5054398,-508.331757
11471,57.358320,69.911499,-60.5054398,-508.331757
11472,57.363302,69.911499,-60.5054398,-508.331757
11473,57.368321,69.911499,-60.5054398,-508.331757
11474,57.373302,69.911499,-60.5054398,-508.331757
11475,57.378322,69.911499,-60.5054398,-508.331757
11476,57.383304,69.911499,-60.5054398,-508.331757
11477,57.388318,69.911499,-60.5054398,-508.331757
11478,57.393303,69.911499,-60.5054398,-508.331757
11479,57.398307,69.911499,-60.5054398,-508.331757
11480,57.403318,69.911499,-60.5054398,-508.331757
11481,57.408303,69.911499,-60.5054398,-508.331757
11482,57.413317,69.911499,-60.5054398,-508.331757
11483,57.418303,69.911499,-60.5054398,-508.331757
11484,57.423320,69.911499,-60.5054398,-508.331757
11485,57.428306,69.911499,-60.5054398,-508.331757
11486,57.433317,69.911499,-60.5054398,-508.331757
11487,57.438316,69.911499,-60.5054398,-508.331757
11488,57.443319,69.911499,-60.5054398,-508.331757
11489,57.448305,69.911499,-60.5054398,-508.331757
11490,57.453319,69.911499,-60.5054398,-508.331757
11491,57.458306,69.911499,-60.5054398,-508.331757
11492,57.463321,69.911499,-60.5054398,-508.331757
11493,57.468307,69.911499,-60.5054398,-508.331757
11494,57.473318,69.911499,-60.5054398,-508.331757
11495,57.478304,69.911499,-60.5054398,-508.331757
11496,57.483318,69.911499,-60.5054398,-508.331757
11497,57.488318,69.911499,-60.5054398,-508.331757
11498,57.493322,69.911499,-60.5054398,-508.331757
11499,57.498305,69.911499,-60.5054398,-508.331757
11500,57.503322,69.911499,-60.5054398,-508.331757
11501,57.508305,69.911499,-60.5054398,-508.331757
11502,57.513303,69.911499,-60.5054398,-508.331757
11503,57.518322,69.911499,-60.5054398,-508.331757
11504,57.523307,69.911499,-60.5054398,-508.331757
11505,57.528319,69.911499,-60.5054398,-508.331757
11506,57.533308,69.911499,-60.5054398,-508.331757
11507,57.538323,69.911499,-60.5054398,-508.331757
11508,57.543320,69.911499,-60.5054398,-508.331757
11509,57.548322,69.911499,-60.5054398,-508.331757
11510,57.553307,69.911499,-60.5054398,-508.331757
11511,57.558319,69.911499,-60.5054398,-508.331757
11512,57.563304,69.911499,-60.5054398,-508.331757
11513,57.568316,69.911499,-60.5054398,-508.331757
11514,57.573301,69.911499,-60.5054398,-508.331757
11515,57.578321,69.911499,-60.5054398,-508.331757
11516,57.583306,69.911499,-60.5054398,-508.331757
11517,57.588316,69.911499,-60.5054398,-508.331757
11518,57.593321,69.911499,-60.5054398,-508.331757
11519,57.598323,69.911499,-60.5054398,-508.331757
11520,57.603304,69.911499,-60.5054398,-508.331757
11521,57.608302,69.911499,-60.5054398,-508.331757
11522,57.613322,69.911499,-60.5054398,-508.331757
11523,57.618308,69.911499,-60.5054398,-508.331757
11524,57.623320,69.911499,-60.5054398,-508.331757
11525,57.628301,69.911499,-60.5054398,-508.331757
11526,57.633322,69.911499,-60.5054398,-508.331757
11527,57.638304,69.911499,-60.5054398,-508.331757
11528,57.643318,69.911499,-60.5054398,-508.331757
11529,57.648301,69.911499,-60.5054398,-508.331757
11530,57.653322,69.911499,-60.5054398,-508.331757
11531,57.658307,69.911499,-60.5054398,-508.331757
11532,57.663316,69.911499,-60.5054398,-508.331757
11533,57.668302,69.911499,-60.5054398,-508.331757
11534,57.673318,69.911499,-60.5054398,-508.331757
11535,57.678303,69.911499,-60.5054398,-508.331757
11536,57.683322,69.911499,-60.5054398,-508.331757
11537,57.688304,69.911499,-60.5054398,-508.331757
11538,57.693319,69.911499,-60.5054398,-508.331757
11539,57.698317,69.911499,-60.5054398,-508.331757
11540,57.703307,69.911499,-60.5054398,-508.331757
11541,57.708316,69.911499,-60.5054398,-508.331757
11542,57.713301,69.911499,-60.5054398,-508.331757
11543,57.718316,69.911499,-60.5054398,-508.331757
11544,57.723301,69.911499,-60.5054398,-508.331757
11545,57.728323,69.911499,-60.5054398,-508.331757
11546,57.733303,69.911499,-60.5054398,-508.331757
11547,57.738317,69.911499,-60.5054398,-508.331757
11548,57.743302,69.911499,-60.5054398,-508.331757
11549,57.748390,69.911499,-60.5054398,-508.331757
11550,57.753306,69.911499,-60.5054398,-508.331757
11551,57.758307,69.911499,-60.5054398,-508.331757
11552,57.763318,69.911499,-60.5054398,-508.331757
11553,57.768308,69.911499,-60.5054398,-508.331757
11554,57.773323,69.911499,-60.5054398,-508.331757
11555,57.778305,69.911499,-60.5054398,-508.331757
11556,57.783323,69.911499,-60.5054398,-508.331757
11557,57.788308,69.911499,-60.5054398,-508.331757
11558,57.793316,69.911499,-60.5054398,-508.331757
11559,57.798301,69.911499,-60.5054398,-508.331757
11560,57.803321,69.911499,-60.5054398,-508.331757
11561,57.808303,69.911499,-60.5054398,-508.331757
11562,57.813321,69.911499,-60.5054398,-508.331757
11563,57.818303,69.911499,-60.5054398,-508.331757
11564,57.823317,69.911499,-60.5054398,-508.331757
11565,57.828308,69.911499,-60.5054398,-508.331757
11566,57.833317,69.911499,-60.5054398,-508.331757
11567,57.838304,69.911499,-60.5054398,-508.331757
11568,57.843330,69.911499,-60.5054398,-508.331757
11569,57.848322,69.911499,-60.5054398,-508.331757
11570,57.853308,69.911499,-60.5054398,-508.331757
11571,57.858323,69.911499,-60.5054398,-508.331757
11572,57.863303,69.911499,-60.5054398,-508.331757
11573,57.868321,69.911499,-60.5054398,-508.331757
11574,57.873302,69.911499,-60.5054398,-508.331757
11575,57.878315,69.911499,-60.5054398,-508.331757
11576,57.883304,69.911499,-60.5054398,-508.331757
11577,57.888318,69.911499,-60.5054398,-508.331757
11578,57.893308,69.911499,-60.5054398,-508.331757
11579,57.898323,69.911499,-60.5054398,-508.331757
11580,57.903304,69.911499,-60.5054398,-508.331757
11581,57.908321,69.911499,-60.5054398,-508.331757
11582,57.913303,69.911499,-60.5054398,-508.331757
11583,57.918320,69.911499,-60.5054398,-508.331757
11584,57.923304,69.911499,-60.5054398,-508.331757
11585,57.928317,69.911499,-60.5054398,-508.331757
11586,57.933302,69.911499,-60.5054398,-508.331757
11587,57.938322,69.911499,-60.5054398,-508.331757
11588,57.943307,69.911499,-60.5054398,-508.331757
11589,57.948317,69.911499,-60.5054398,-508.331757
11590,57.953304,69.911499,-60.5054398,-508.331757
11591,57.958521,69.911499,-60.5054398,-508.331757
11592,57.963307,69.911499,-60.5054398,-508.331757
11593,57.968318,69.911499,-60.5054398,-508.331757
11594,57.973303,69.911499,-60.5054398,-508.331757
11595,57.978317,69.911499,-60.5054398,-508.331757
11596,57.983305,69.911499,-60.5054398,-508.331757
11597,57.988323,69.911499,-60.5054398,-508.331757
11598,57.993308,69.911499,-60.5054398,-508.331757
11599,57.998318,69.911499,-60.5054398,-508.331757
11600,58.003307,69.911499,-60.5054398,-508.331757
11601,58.008466,69.911499,-60.5054398,-508.331757
11602,58.013303,69.911499,-60.5054398,-508.331757
11603,58.018323,69.911499,-60.5054398,-508.331757
11604,58.023318,69.911499,-60.5054398,-508.331757
11605,58.028305,69.911499,-60.5054398,-508.331757
11606,58.033319,69.911499,-60.5054398,-508.331757
11607,58.038301,69.911499,-60.5054398,-508.331757
11608,58.043320,69.911499,-60.5054398,-508.331757
11609,58.048306,69.911499,-60.5054398,-508.331757
11610,58.053323,69.911499,-60.5054398,-508.331757
11611,58.058308,69.911499,-60.5054398,-508.331757
11612,58.063321,69.911499,-60.5054398,-508.331757
11613,58.068322,69.911499,-60.5054398,-508.331757
11614,58.073320,69.911499,-60.5054398,-508.331757
11615,58.078305,69.911499,-60.5054398,-508.331757
11616,58.083321,69.911499,-60.5054398,-508.331757
11617,58.088304,69.911499,-60.5054398,-508.331757
11618,58.093318,69.911499,-60.5054398,-508.331757
11619,58.098306,69.911499,-60.5054398,-508.331757
11620,58.103318,69.911499,-60.5054398,-508.331757
11621,58.108305,69.911499,-60.5054398,-508.331757
11622,58.113317,69.911499,-60.5054398,-508.331757
11623,58.118305,69.911499,-60.5054398,-508.331757
11624,58.123316,69.911499,-60.5054398,-508.331757
11625,58.128320,69.911499,-60.5054398,-508.331757
11626,58.133322,69.911499,-60.5054398,-508.331757
11627,58.138304,69.911499,-60.5054398,-508.331757
11628,58.143318,69.911499,-60.5054398,-508.331757
11629,58.148301,69.911499,-60.5054398,-508.331757
11630,58.153316,69.911499,-60.5054398,-508.331757
11631,58.158303,69.911499,-60.5054398,-508.331757
11632,58.163319,69.911499,-60.5054398,-508.331757
11633,58.168301,69.911499,-60.5054398,-508.331757
11634,58.173307,69.911499,-60.5054398,-508.331757
11635,58.178323,69.911499,-60.5054398,-508.331757
11636,58.183322,69.911499,-60.5054398,-508.331757
11637,58.188318,69.911499,-60.5054398,-508.331757
11638,58.193307,69.911499,-60.5054398,-508.331757
11639,58.198322,69.911499,-60.5054398,-508.331757
11640,58.203302,69.911499,-60.5054398,-508.331757
11641,58.208319,69.911499,-60.5054398,-508.331757
11642,58.213304,69.911499,-60.5054398,-508.331757
11643,58.218315,69.911499,-60.5054398,-508.331757
11644,58.223301,69.911499,-60.5054398,-508.331757
11645,58.228316,69.911499,-60.5054398,-508.331757
11646,58.233306,69.911499,-60.5054398,-508.331757
11647,58.238304,69.911499,-60.5054398,-508.331757
11648,58.243317,69.911499,-60.5054398,-508.331757
11649,58.248301,69.911499,-60.5054398,-508.331757
11650,58.253323,69.911499,-60.5054398,-508.331757
11651,58.258305,69.911499,-60.5054398,-508.331757
11652,58.263322,69.911499,-60.5054398,-508.331757
11653,58.268308,69.911499,-60.5054398,-508.331757
11654,58.273318,69.911499,-60.5054398,-508.331757
11655,58.278303,69.911499,-60.5054398,-508.331757
11656,58.283321,69.911499,-60.5054398,-508.331757
11657,58.288307,69.911499,-60.5054398,-508.331757
11658,58.293316,69.911499,-60.5054398,-508.331757
11659,58.298425,69.911499,-60.5054398,-508.331757
11660,58.303323,69.911499,-60.5054398,-508.331757
11661,58.308302,69.911499,-60.5054398,-508.331757
11662,58.313323,69.911499,-60.5054398,-508.331757
11663,58.318305,69.911499,-60.5054398,-508.331757
11664,58.323319,69.911499,-60.5054398,-508.331757
11665,58.328301,69.911499,-60.5054398,-508.331757
11666,58.333323,69.911499,-60.5054398,-508.331757
11667,58.338305,69.911499,-60.5054398,-508.331757
11668,58.343301,69.911499,-60.5054398,-508.331757
11669,58.348321,69.911499,-60.5054398,-508.331757
11670,58.353303,69.911499,-60.5054398,-508.331757
11671,58.358317,69.911499,-60.5054398,-508.331757
11672,58.363321,69.911499,-60.5054398,-508.331757
11673,58.368319,69.911499,-60.5054398,-508.331757
11674,58.373304,69.911499,-60.5054398,-508.331757
11675,58.378319,69.911499,-60.5054398,-508.331757
11676,58.383308,69.911499,-60.5054398,-508.331757
11677,58.388318,69.911499,-60.5054398,-508.331757
11678,58.393307,69.911499,-60.5054398,-508.331757
11679,58.398323,69.911499,-60.5054398,-508.331757
11680,58.403308,69.911499,-60.5054398,-508.331757
11681,58.408316,69.911499,-60.5054398,-508.331757
11682,58.413307,69.911499,-60.5054398,-508.331757
11683,58.418317,69.911499,-60.5054398,-508.331757
11684,58.423307,69.911499,-60.5054398,-508.331757
11685,58.428315,69.911499,-60.5054398,-508.331757
11686,58.433306,69.911499,-60.5054398,-508.331757
11687,58.438321,69.911499,-60.5054398,-508.331757
11688,58.443307,69.911499,-60.5054398,-508.331757
11689,58.448319,69.911499,-60.5054398,-508.331757
11690,58.453304,69.911499,-60.5054398,-508.331757
11691,58.458330,69.911499,-60.5054398,-508.331757
11692,58.463319,69.911499,-60.5054398,-508.331757
11693,58.468301,69.911499,-60.5054398,-508.331757
11694,58.473316,69.911499,-60.5054398,-508.331757
11695,58.478316,69.911499,-60.5054398,-508.331757
11696,58.483319,69.911499,-60.5054398,-508.331757
11697,58.488305,69.911499,-60.5054398,-508.331757
11698,58.493315,69.911499,-60.5054398,-508.331757
11699,58.498306,69.911499,-60.5054398,-508.331757
11700,58.503317,69.911499,-60.5054398,-508.331757
11701,58.508304,69.911499,-60.5054398,-508.331757
11702,58.513317,69.911499,-60.5054398,-508.331757
11703,58.518302,69.911499,-60.5054398,-508.331757
11704,58.523319,69.911499,-60.5054398,-508.331757
11705,58.528304,69.911499,-60.5054398,-508.331757
11706,58.533323,69.911499,-60.5054398,-508.331757
11707,58.538317,69.911499,-60.5054398,-508.331757
11708,58.543320,69.911499,-60.5054398,-508.331757
11709,58.548303,69.911499,-60.5054398,-508.331757
11710,58.553301,69.911499,-60.5054398,-508.331757
11711,58.558321,69.911499,-60.5054398,-508.331757
11712,58.563306,69.911499,-60.5054398,-508.331757
11713,58.568317,69.911499,-60.5054398,-508.331757
11714,58.573304,69.911499,-60.5054398,-508.331757
11715,58.578322,69.911499,-60.5054398,-508.331757
11716,58.583303,69.911499,-60.5054398,-508.331757
11717,58.588318,69.911499,-60.5054398,-508.331757
11718,58.593304,69.911499,-60.5054398,-508.331757
11719,58.598323,69.911499,-60.5054398,-508.331757
11720,58.603308,69.911499,-60.5054398,-508.331757
11721,58.608320,69.911499,-60.5054398,-508.331757
11722,58.613302,69.911499,-60.5054398,-508.331757
11723,58.618319,69.911499,-60.5054398,-508.331757
11724,58.623301,69.911499,-60.5054398,-508.331757
11725,58.628307,69.911499,-60.5054398,-508.331757
11726,58.633322,69.911499,-60.5054398,-508.331757
11727,58.638308,69.911499,-60.5054398,-508.331757
11728,58.643317,69.911499,-60.5054398,-508.331757
11729,58.648320,69.911499,-60.5054398,-508.331757
11730,58.653318,69.911499,-60.5054398,-508.331757
11731,58.658303,69.911499,-60.5054398,-508.331757
11732,58.663317,69.911499,-60.5054398,-508.331757
11733,58.668307,69.911499,-60.5054398,-508.331757
11734,58.673321,69.911499,-60.5054398,-508.331757
11735,58.678307,69.911499,-60.5054398,-508.331757
11736,58.683315,69.911499,-60.5054398,-508.331757
11737,58.688306,69.911499,-60.5054398,-508.331757
11738,58.693322,69.911499,-60.5054398,-508.331757
11739,58.698305,69.911499,-60.5054398,-508.331757
11740,58.703320,69.911499,-60.5054398,-508.331757
11741,58.708320,69.911499,-60.5054398,-508.331757
11742,58.713322,69.911499,-60.5054398,-508.331757
11743,58.718304,69.911499,-60.5054398,-508.331757
11744,58.723323,69.911499,-60.5054398,-508.331757
11745,58.728305,69.911499,-60.5054398,-508.331757
11746,58.733316,69.911499,-60.5054398,-508.331757
11747,58.738306,69.911499,-60.5054398,-508.331757
11748,58.743332,69.911499,-60.5054398,-508.331757
11749,58.748323,69.911499,-60.5054398,-508.331757
11750,58.753305,69.911499,-60.5054398,-508.331757
11751,58.758318,69.911499,-60.5054398,-508.331757
11752,58.763318,69.911499,-60.5054398,-508.331757
11753,58.768317,69.911499,-60.5054398,-508.331757
11754,58.773308,69.911499,-60.5054398,-508.331757
11755,58.778316,69.911499,-60.5054398,-508.331757
11756,58.783305,69.911499,-60.5054398,-508.331757
11757,58.788320,69.911499,-60.5054398,-508.331757
11758,58.793305,69.911499,-60.5054398,-508.331757
11759,58.798321,69.911499,-60.5054398,-508.331757
11760,58.803302,69.911499,-60.5054398,-508.331757
11761,58.808323,69.911499,-60.5054398,-508.331757
11762,58.813308,69.911499,-60.5054398,-508.331757
11763,58.818322,69.911499,-60.5054398,-508.331757
11764,58.823304,69.911499,-60.5054398,-508.331757
11765,58.828323,69.911499,-60.5054398,-508.331757
11766,58.833301,69.911499,-60.5054398,-508.331757
11767,58.838305,69.911499,-60.5054398,-508.331757
11768,58.843315,69.911499,-60.5054398,-508.331757
11769,58.848301,69.911499,-60.5054398,-508.331757
11770,58.853319,69.911499,-60.5054398,-508.331757
11771,58.858304,69.911499,-60.5054398,-508.331757
11772,58.863319,69.911499,-60.5054398,-508.331757
11773,58.868301,69.911499,-60.5054398,-508.331757
11774,58.873322,69.911499,-60.5054398,-508.331757
11775,58.878304,69.911499,-60.5054398,-508.331757
11776,58.883316,69.911499,-60.5054398,-508.331757
11777,58.888306,69.911499,-60.5054398,-508.331757
11778,58.893317,69.911499,-60.5054398,-508.331757
11779,58.898308,69.911499,-60.5054398,-508.331757
11780,58.903317,69.911499,-60.5054398,-508.331757
11781,58.908303,69.911499,-60.5054398,-508.331757
11782,58.913322,69.911499,-60.5054398,-508.331757
11783,58.918308,69.911499,-60.5054398,-508.331757
11784,58.923318,69.911499,-60.5054398,-508.331757
11785,58.928304,69.911499,-60.5054398,-508.331757
11786,58.933318,69.911499,-60.5054398,-508.331757
11787,58.938303,69.911499,-60.5054398,-508.331757
11788,58.943322,69.911499,-60.5054398,-508.331757
11789,58.948301,69.911499,-60.5054398,-508.331757
11790,58.953303,69.911499,-60.5054398,-508.331757
11791,58.958318,69.911499,-60.5054398,-508.331757
11792,58.963308,69.911499,-60.5054398,-508.331757
11793,58.968318,69.911499,-60.5054398,-508.331757
11794,58.973307,69.911499,-60.5054398,-508.331757
11795,58.978316,69.911499,-60.5054398,-508.331757
11796,58.983305,69.911499,-60.5054398,-508.331757
11797,58.988317,69.911499,-60.5054398,-508.331757
11798,58.993306,69.911499,-60.5054398,-508.331757
11799,58.998317,69.911499,-60.5054398,-508.331757
11800,59.003319,69.911499,-60.5054398,-508.331757
11801,59.008321,69.911499,-60.5054398,-508.331757
11802,59.013302,69.911499,-60.5054398,-508.331757
11803,59.018319,69.911499,-60.5054398,-508.331757
11804,59.023301,69.911499,-60.5054398,-508.331757
11805,59.028317,69.911499,-60.5054398,-508.331757
11806,59.033303,69.911499,-60.5054398,-508.331757
11807,59.038305,69.911499,-60.5054398,-508.331757
11808,59.043323,69.911499,-60.5054398,-508.331757
11809,59.048305,69.911499,-60.5054398,-508.331757
11810,59.053319,69.911499,-60.5054398,-508.331757
11811,59.058304,69.911499,-60.5054398,-508.331757
11812,59.063323,69.911499,-60.5054398,-508.331757
11813,59.068303,69.911499,-60.5054398,-508.331757
11814,59.073316,69.911499,-60.5054398,-508.331757
11815,59.078303,69.911499,-60.5054398,-508.331757
11816,59.083322,69.911499,-60.5054398,-508.331757
11817,59.088301,69.911499,-60.5054398,-508.331757
11818,59.093322,69.911499,-60.5054398,-508.331757
11819,59.098301,69.911499,-60.5054398,-508.331757
11820,59.103321,69.911499,-60.5054398,-508.331757
11821,59.108304,69.911499,-60.5054398,-508.331757
11822,59.113317,69.911499,-60.5054398,-508.331757
11823,59.118320,69.911499,-60.5054398,-508.331757
11824,59.123318,69.911499,-60.5054398,-508.331757
11825,59.128301,69.911499,-60.5054398,-508.331757
11826,59.133318,69.911499,-60.5054398,-508.331757
11827,59.138301,69.911499,-60.5054398,-508.331757
11828,59.143307,69.911499,-60.5054398,-508.331757
11829,59.148316,69.911499,-60.5054398,-508.331757
11830,59.153301,69.911499,-60.5054398,-508.331757
11831,59.158316,69.911499,-60.5054398,-508.331757
11832,59.163307,69.911499,-60.5054398,-508.331757
11833,59.168321,69.911499,-60.5054398,-508.331757
11834,59.173301,69.911499,-60.5054398,-508.331757
11835,59.178319,69.911499,-60.5054398,-508.331757
11836,59.183307,69.911499,-60.5054398,-508.331757
11837,59.188318,69.911499,-60.5054398,-508.331757
11838,59.193306,69.911499,-60.5054398,-508.331757
11839,59.198323,69.911499,-60.5054398,-508.331757
11840,59.203305,69.911499,-60.5054398,-508.331757
11841,59.208322,69.911499,-60.5054398,-508.331757
11842,59.213304,69.911499,-60.5054398,-508.331757
11843,59.218316,69.911499,-60.5054398,-508.331757
11844,59.223302,69.911499,-60.5054398,-508.331757
11845,59.228303,69.911499,-60.5054398,-508.331757
11846,59.233319,69.911499,-60.5054398,-508.331757
11847,59.238320,69.911499,-60.5054398,-508.331757
11848,59.243319,69.911499,-60.5054398,-508.331757
11849,59.248305,69.911499,-60.5054398,-508.331757
11850,59.253319,69.911499,-60.5054398,-508.331757
11851,59.258305,69.911499,-60.5054398,-508.331757
11852,59.263323,69.911499,-60.5054398,-508.331757
11853,59.268305,69.911499,-60.5054398,-508.331757
11854,59.273317,69.911499,-60.5054398,-508.331757
11855,59.278307,69.911499,-60.5054398,-508.331757
11856,59.283317,69.911499,-60.5054398,-508.331757
11857,59.288316,69.911499,-60.5054398,-508.331757
11858,59.293319,69.911499,-60.5054398,-508.331757
11859,59.298302,69.911499,-60.5054398,-508.331757
11860,59.303322,69.911499,-60.5054398,-508.331757
11861,59.308308,69.911499,-60.5054398,-508.331757
11862,59.313320,69.911499,-60.5054398,-508.331757
11863,59.318306,69.911499,-60.5054398,-508.331757
11864,59.323307,69.911499,-60.5054398,-508.331757
11865,59.328316,69.911499,-60.5054398,-508.331757
11866,59.333301,69.911499,-60.5054398,-508.331757
11867,59.338316,69.911499,-60.5054398,-508.331757
11868,59.343316,69.911499,-60.5054398,-508.331757
11869,59.348315,69.911499,-60.5054398,-508.331757
11870,59.353306,69.911499,-60.5054398,-508.331757
11871,59.358317,69.911499,-60.5054398,-508.331757
11872,59.363304,69.911499,-60.5054398,-508.331757
11873,59.368321,69.911499,-60.5054398,-508.331757
11874,59.373301,69.911499,-60.5054398,-508.331757
11875,59.378318,69.911499,-60.5054398,-508.331757
11876,59.383307,69.911499,-60.5054398,-508.331757
11877,59.388305,69.911499,-60.5054398,-508.331757
11878,59.393321,69.911499,-60.5054398,-508.331757
11879,59.398307,69.911499,-60.5054398,-508.331757
11880,59.403318,69.911499,-60.5054398,-508.331757
11881,59.408308,69.911499,-60.5054398,-508.331757
11882,59.413321,69.911499,-60.5054398,-508.331757
11883,59.418304,69.911499,-60.5054398,-508.331757
11884,59.423321,69.911499,-60.5054398,-508.331757
11885,59.428305,69.911499,-60.5054398,-508.331757
11886,59.433318,69.911499,-60.5054398,-508.331757
11887,59.438304,69.911499,-60.5054398,-508.331757
11888,59.443316,69.911499,-60.5054398,-508.331757
11889,59.448306,69.911499,-60.5054398,-508.331757
11890,59.453320,69.911499,-60.5054398,-508.331757
11891,59.458322,69.911499,-60.5054398,-508.331757
11892,59.463323,69.911499,-60.5054398,-508.331757
11893,59.468305,69.911499,-60.5054398,-508.331757
11894,59.473316,69.911499,-60.5054398,-508.331757
11895,59.478306,69.911499,-60.5054398,-508.331757
11896,59.483321,69.911499,-60.5054398,-508.331757
11897,59.488308,69.911499,-60.5054398,-508.331757
11898,59.493317,69.911499,-60.5054398,-508.331757
11899,59.498307,69.911499,-60.5054398,-508.331757
11900,59.503303,69.911499,-60.5054398,-508.331757
11901,59.508319,69.911499,-60.5054398,-508.331757
11902,59.513317,69.911499,-60.5054398,-508.331757
11903,59.518317,69.911499,-60.5054398,-508.331757
11904,59.523303,69.911499,-60.5054398,-508.331757
11905,59.528321,69.911499,-60.5054398,-508.331757
11906,59.533303,69.911499,-60.5054398,-508.331757
11907,59.538320,69.911499,-60.5054398,-508.331757
11908,59.543302,69.911499,-60.5054398,-508.331757
11909,59.548317,69.911499,-60.5054398,-508.331757
11910,59.553303,69.911499,-60.5054398,-508.331757
11911,59.558322,69.911499,-60.5054398,-508.331757
11912,59.563303,69.911499,-60.5054398,-508.331757
11913,59.568323,69.911499,-60.5054398,-508.331757
11914,59.573323,69.911499,-60.5054398,-508.331757
11915,59.578305,69.911499,-60.5054398,-508.331757
11916,59.583319,69.911499,-60.5054398,-508.331757
11917,59.588301,69.911499,-60.5054398,-508.331757
11918,59.593321,69.911499,-60.5054398,-508.331757
11919,59.598308,69.911499,-60.5054398,-508.331757
11920,59.603319,69.911499,-60.5054398,-508.331757
11921,59.608305,69.911499,-60.5054398,-508.331757
11922,59.613320,69.911499,-60.5054398,-508.331757
11923,59.618307,69.911499,-60.5054398,-508.331757
11924,59.623316,69.911499,-60.5054398,-508.331757
11925,59.628306,69.911499,-60.5054398,-508.331757
11926,59.633323,69.911499,-60.5054398,-508.331757
11927,59.638304,69.911499,-60.5054398,-508.331757
11928,59.643322,69.911499,-60.5054398,-508.331757
11929,59.648305,69.911499,-60.5054398,-508.331757
11930,59.653321,69.911499,-60.5054398,-508.331757
11931,59.658306,69.911499,-60.5054398,-508.331757
11932,59.663318,69.911499,-60.5054398,-508.331757
11933,59.668305,69.911499,-60.5054398,-508.331757
11934,59.673318,69.911499,-60.5054398,-508.331757
11935,59.678305,69.911499,-60.5054398,-508.331757
11936,59.683323,69.911499,-60.5054398,-508.331757
11937,59.688323,69.911499,-60.5054398,-508.331757
11938,59.693328,69.911499,-60.5054398,-508.331757
11939,59.698320,69.911499,-60.5054398,-508.331757
11940,59.703305,69.911499,-60.5054398,-508.331757
11941,59.708320,69.911499,-60.5054398,-508.331757
11942,59.713309,69.911499,-60.5054398,-508.331757
11943,59.718318,69.911499,-60.5054398,-508.331757
11944,59.723305,69.911499,-60.5054398,-508.331757
11945,59.728321,69.911499,-60.5054398,-508.331757
11946,59.733302,69.911499,-60.5054398,-508.331757
11947,59.738323,69.911499,-60.5054398,-508.331757
11948,59.743317,69.911499,-60.5054398,-508.331757
11949,59.748316,69.911499,-60.5054398,-508.331757
11950,59.753307,69.911499,-60.5054398,-508.331757
11951,59.758316,69.911499,-60.5054398,-508.331757
11952,59.763301,69.911499,-60.5054398,-508.331757
11953,59.768323,69.911499,-60.5054398,-508.331757
11954,59.773308,69.911499,-60.5054398,-508.331757
11955,59.778319,69.911499,-60.5054398,-508.331757
11956,59.783308,69.911499,-60.5054398,-508.331757
11957,59.788462,69.911499,-60.5054398,-508.331757
11958,59.793303,69.911499,-60.5054398,-508.331757
11959,59.798316,69.911499,-60.5054398,-508.331757
11960,59.803323,69.911499,-60.5054398,-508.331757
11961,59.808305,69.911499,-60.5054398,-508.331757
11962,59.813316,69.911499,-60.5054398,-508.331757
11963,59.818305,69.911499,-60.5054398,-508.331757
11964,59.823323,69.911499,-60.5054398,-508.331757
11965,59.828301,69.911499,-60.5054398,-508.331757
11966,59.833319,69.911499,-60.5054398,-508.331757
11967,59.838304,69.911499,-60.5054398,-508.331757
11968,59.843321,69.911499,-60.5054398,-508.331757
11969,59.848303,69.911499,-60.5054398,-508.331757
11970,59.853321,69.911499,-60.5054398,-508.331757
11971,59.858308,69.911499,-60.5054398,-508.331757
11972,59.863316,69.911499,-60.5054398,-508.331757
11973,59.868307,69.911499,-60.5054398,-508.331757
11974,59.873316,69.911499,-60.5054398,-508.331757
11975,59.878306,69.911499,-60.5054398,-508.331757
11976,59.883317,69.911499,-60.5054398,-508.331757
11977,59.888308,69.911499,-60.5054398,-508.331757
11978,59.893323,69.911499,-60.5054398,-508.331757
11979,59.898305,69.911499,-60.5054398,-508.331757
11980,59.903318,69.911499,-60.5054398,-508.331757
11981,59.908304,69.911499,-60.5054398,-508.331757
11982,59.913305,69.911499,-60.5054398,-508.331757
11983,59.918316,69.911499,-60.5054398,-508.331757
11984,59.923302,69.911499,-60.5054398,-508.331757
11985,59.928322,69.911499,-60.5054398,-508.331757
11986,59.933307,69.911499,-60.5054398,-508.331757
11987,59.938322,69.911499,-60.5054398,-508.331757
11988,59.943304,69.911499,-60.5054398,-508.331757
11989,59.948318,69.911499,-60.5054398,-508.331757
11990,59.953301,69.911499,-60.5054398,-508.331757
11991,59.958320,69.911499,-60.5054398,-508.331757
11992,59.963323,69.911499,-60.5054398,-508.331757
11993,59.968322,69.911499,-60.5054398,-508.331757
11994,59.973307,69.911499,-60.5054398,-508.331757
11995,59.978322,69.911499,-60.5054398,-508.331757
11996,59.983307,69.911499,-60.5054398,-508.331757
11997,59.988323,69.911499,-60.5054398,-508.331757
11998,59.993308,69.911499,-60.5054398,-508.331757
11999,59.998322,69.911499,-60.5054398,-508.331757
12000,60.003308,69.911499,-60.5054398,-508.331757
12001,60.008316,69.911499,-60.5054398,-508.331757
12002,60.013306,69.911499,-60.5054398,-508.331757
12003,60.018348,69.911499,-60.5054398,-508.331757
12004,60.023305,69.911499,-60.5054398,-508.331757
12005,60.028316,69.911499,-60.5054398,-508.331757
12006,60.033301,69.911499,-60.5054398,-508.331757
12007,60.038302,69.911499,-60.5054398,-508.331757
12008,60.043303,69.911499,-60.5054398,-508.331757
12009,60.048316,69.911499,-60.5054398,-508.331757
12010,60.053306,69.911499,-60.5054398,-508.331757
12011,60.058319,69.911499,-60.5054398,-508.331757
12012,60.063301,69.911499,-60.5054398,-508.331757
12013,60.068315,69.911499,-60.5054398,-508.331757
12014,60.073306,69.911499,-60.5054398,-508.331757
12015,60.078322,69.911499,-60.5054398,-508.331757
12016,60.083306,69.911499,-60.5054398,-508.331757
12017,60.088320,69.911499,-60.5054398,-508.331757
12018,60.093305,69.911499,-60.5054398,-508.331757
12019,60.098317,69.911499,-60.5054398,-508.331757
12020,60.103305,69.911499,-60.5054398,-508.331757
12021,60.108319,69.911499,-60.5054398,-508.331757
12022,60.113308,69.911499,-60.5054398,-508.331757
12023,60.118316,69.911499,-60.5054398,-508.331757
12024,60.123306,69.911499,-60.5054398,-508.331757
12025,60.128520,69.911499,-60.5054398,-508.331757
12026,60.133306,69.911499,-60.5054398,-508.331757
12027,60.138318,69.911499,-60.5054398,-508.331757
12028,60.143303,69.911499,-60.5054398,-508.331757
12029,60.148325,69.911499,-60.5054398,-508.331757
12030,60.153318,69.911499,-60.5054398,-508.331757
12031,60.158308,69.911499,-60.5054398,-508.331757
12032,60.163321,69.911499,-60.5054398,-508.331757
12033,60.168306,69.911499,-60.5054398,-508.331757
12034,60.173319,69.911499,-60.5054398,-508.331757
12035,60.178301,69.911499,-60.5054398,-508.331757
12036,60.183319,69.911499,-60.5054398,-508.331757
12037,60.188307,69.911499,-60.5054398,-508.331757
12038,60.193321,69.911499,-60.5054398,-508.331757
12039,60.198304,69.911499,-60.5054398,-508.331757
12040,60.203321,69.911499,-60.5054398,-508.331757
12041,60.208308,69.911499,-60.5054398,-508.331757
12042,60.213321,69.911499,-60.5054398,-508.331757
12043,60.218303,69.911499,-60.5054398,-508.331757
12044,60.223308,69.911499,-60.5054398,-508.331757
12045,60.228319,69.911499,-60.5054398,-508.331757
12046,60.233304,69.911499,-60.5054398,-508.331757
12047,60.238322,69.911499,-60.5054398,-508.331757
12048,60.243303,69.911499,-60.5054398,-508.331757
12049,60.248316,69.911499,-60.5054398,-508.331757
12050,60.253306,69.911499,-60.5054398,-508.331757
12051,60.258316,69.911499,-60.5054398,-508.331757
12052,60.263301,69.911499,-60.5054398,-508.331757
12053,60.268317,69.911499,-60.5054398,-508.331757
12054,60.273302,69.911499,-60.5054398,-508.331757
12055,60.278321,69.911499,-60.5054398,-508.331757
12056,60.283302,69.911499,-60.5054398,-508.331757
12057,60.288321,69.911499,-60.5054398,-508.331757
12058,60.293301,69.911499,-60.5054398,-508.331757
12059,60.298316,69.911499,-60.5054398,-508.331757
12060,60.303305,69.911499,-60.5054398,-508.331757
12061,60.308322,69.911499,-60.5054398,-508.331757
12062,60.313304,69.911499,-60.5054398,-508.331757
12063,60.318307,69.911499,-60.5054398,-508.331757
12064,60.323320,69.911499,-60.5054398,-508.331757
12065,60.328307,69.911499,-60.5054398,-508.331757
12066,60.333323,69.911499,-60.5054398,-508.331757
12067,60.338305,69.911499,-60.5054398,-508.331757
12068,60.343318,69.911499,-60.5054398,-508.331757
12069,60.348308,69.911499,-60.5054398,-508.331757
12070,60.353318,69.911499,-60.5054398,-508.331757
12071,60.358303,69.911499,-60.5054398,-508.331757
12072,60.363323,69.911499,-60.5054398,-508.331757
12073,60.368308,69.911499,-60.5054398,-508.331757
12074,60.373316,69.911499,-60.5054398,-508.331757
12075,60.378307,69.911499,-60.5054398,-508.331757
12076,60.383319,69.911499,-60.5054398,-508.331757
12077,60.388306,69.911499,-60.5054398,-508.331757
12078,60.393319,69.911499,-60.5054398,-508.331757
12079,60.398302,69.911499,-60.5054398,-508.331757
12080,60.403322,69.911499,-60.5054398,-508.331757
12081,60.408328,69.911499,-60.5054398,-508.331757
12082,60.413308,69.911499,-60.5054398,-508.331757
12083,60.418319,69.911499,-60.5054398,-508.331757
12084,60.423308,69.911499,-60.5054398,-508.331757
12085,60.428322,69.911499,-60.5054398,-508.331757
12086,60.433303,69.911499,-60.5054398,-508.331757
12087,60.438318,69.911499,-60.5054398,-508.331757
12088,60.443308,69.911499,-60.5054398,-508.331757
12089,60.448316,69.911499,-60.5054398,-508.331757
12090,60.453301,69.911499,-60.5054398,-508.331757
12091,60.458317,69.911499,-60.5054398,-508.331757
12092,60.463307,69.911499,-60.5054398,-508.331757
12093,60.468315,69.911499,-60.5054398,-508.331757
12094,60.473305,69.911499,-60.5054398,-508.331757
12095,60.478318,69.911499,-60.5054398,-508.331757
12096,60.483306,69.911499,-60.5054398,-508.331757
12097,60.488317,69.911499,-60.5054398,-508.331757
12098,60.493302,69.911499,-60.5054398,-508.331757
12099,60.498315,69.911499,-60.5054398,-508.331757
12100,60.503309,69.911499,-60.5054398,-508.331757
12101,60.508317,69.911499,-60.5054398,-508.331757
12102,60.513307,69.911499,-60.5054398,-508.331757
12103,60.518399,69.911499,-60.5054398,-508.331757
12104,60.523305,69.911499,-60.5054398,-508.331757
12105,60.528308,69.911499,-60.5054398,-508.331757
12106,60.533317,69.911499,-60.5054398,-508.331757
12107,60.538307,69.911499,-60.5054398,-508.331757
12108,60.543321,69.911499,-60.5054398,-508.331757
12109,60.548307,69.911499,-60.5054398,-508.331757
12110,60.553317,69.911499,-60.5054398,-508.331757
12111,60.558307,69.911499,-60.5054398,-508.331757
12112,60.563318,69.911499,-60.5054398,-508.331757
12113,60.568303,69.911499,-60.5054398,-508.331757
12114,60.573323,69.911499,-60.5054398,-508.331757
12115,60.578322,69.911499,-60.5054398,-508.331757
12116,60.583323,69.911499,-60.5054398,-508.331757
12117,60.588305,69.911499,-60.5054398,-508.331757
12118,60.593320,69.911499,-60.5054398,-508.331757
12119,60.598307,69.911499,-60.5054398,-508.331757
12120,60.603317,69.911499,-60.5054398,-508.331757
12121,60.608306,69.911499,-60.5054398,-508.331757
12122,60.613302,69.911499,-60.5054398,-508.331757
12123,60.618322,69.911499,-60.5054398,-508.331757
12124,60.623307,69.911499,-60.5054398,-508.331757
12125,60.628322,69.911499,-60.5054398,-508.331757
12126,60.633320,69.911499,-60.5054398,-508.331757
12127,60.638318,69.911499,-60.5054398,-508.331757
12128,60.643308,69.911499,-60.5054398,-508.331757
12129,60.648321,69.911499,-60.5054398,-508.331757
12130,60.653303,69.911499,-60.5054398,-508.331757
12131,60.658318,69.911499,-60.5054398,-508.331757
12132,60.663307,69.911499,-60.5054398,-508.331757
12133,60.668323,69.911499,-60.5054398,-508.331757
12134,60.673307,69.911499,-60.5054398,-508.331757
12135,60.678316,69.911499,-60.5054398,-508.331757
12136,60.683301,69.911499,-60.5054398,-508.331757
12137,60.688321,69.911499,-60.5054398,-508.331757
12138,60.693301,69.911499,-60.5054398,-508.331757
12139,60.698317,69.911499,-60.5054398,-508.331757
12140,60.703305,69.911499,-60.5054398,-508.331757
12141,60.708318,69.911499,-60.5054398,-508.331757
12142,60.713301,69.911499,-60.5054398,-508.331757
12143,60.718316,69.911499,-60.5054398,-508.331757
12144,60.723306,69.911499,-60.5054398,-508.331757
12145,60.728320,69.911499,-60.5054398,-508.331757
12146,60.733305,69.911499,-60.5054398,-508.331757
12147,60.738303,69.911499,-60.5054398,-508.331757
12148,60.743318,69.911499,-60.5054398,-508.331757
12149,60.748301,69.911499,-60.5054398,-508.331757
12150,60.753323,69.911499,-60.5054398,-508.331757
12151,60.758308,69.911499,-60.5054398,-508.331757
12152,60.763322,69.911499,-60.5054398,-508.331757
12153,60.768304,69.911499,-60.5054398,-508.331757
12154,60.773322,69.911499,-60.5054398,-508.331757
12155,60.778304,69.911499,-60.5054398,-508.331757
12156,60.783319,69.911499,-60.5054398,-508.331757
12157,60.788301,69.911499,-60.5054398,-508.331757
12158,60.793320,69.911499,-60.5054398,-508.331757
12159,60.798307,69.911499,-60.5054398,-508.331757
12160,60.803319,69.911499,-60.5054398,-508.331757
12161,60.808301,69.911499,-60.5054398,-508.331757
12162,60.813319,69.911499,-60.5054398,-508.331757
12163,60.818302,69.911499,-60.5054398,-508.331757
12164,60.823317,69.911499,-60.5054398,-508.331757
12165,60.828303,69.911499,-60.5054398,-508.331757
12166,60.833305,69.911499,-60.5054398,-508.331757
12167,60.838321,69.911499,-60.5054398,-508.331757
12168,60.843306,69.911499,-60.5054398,-508.331757
12169,60.848319,69.911499,-60.5054398,-508.331757
12170,60.853322,69.911499,-60.5054398,-508.331757
12171,60.858319,69.911499,-60.5054398,-508.331757
12172,60.863304,69.911499,-60.5054398,-508.331757
12173,60.868316,69.911499,-60.5054398,-508.331757
12174,60.873305,69.911499,-60.5054398,-508.331757
12175,60.878317,69.911499,-60.5054398,-508.331757
12176,60.883306,69.911499,-60.5054398,-508.331757
12177,60.888320,69.911499,-60.5054398,-508.331757
12178,60.893305,69.911499,-60.5054398,-508.331757
12179,60.898322,69.911499,-60.5054398,-508.331757
12180,60.903301,69.911499,-60.5054398,-508.331757
12181,60.908317,69.911499,-60.5054398,-508.331757
12182,60.913307,69.911499,-60.5054398,-508.331757
12183,60.918320,69.911499,-60.5054398,-508.331757
12184,60.923306,69.911499,-60.5054398,-508.331757
12185,60.928321,69.911499,-60.5054398,-508.331757
12186,60.933307,69.911499,-60.5054398,-508.331757
12187,60.938429,69.911499,-60.5054398,-508.331757
12188,60.943305,69.911499,-60.5054398,-508.331757
12189,60.948327,69.911499,-60.5054398,-508.331757
12190,60.953319,69.911499,-60.5054398,-508.331757
12191,60.958325,69.911499,-60.5054398,-508.331757
12192,60.963318,69.911499,-60.5054398,-508.331757
12193,60.968318,69.911499,-60.5054398,-508.331757
12194,60.973317,69.911499,-60.5054398,-508.331757
12195,60.978308,69.911499,-60.5054398,-508.331757
12196,60.983318,69.911499,-60.5054398,-508.331757
12197,60.988305,69.911499,-60.5054398,-508.331757
12198,60.993318,69.911499,-60.5054398,-508.331757
12199,60.998306,69.911499,-60.5054398,-508.331757
12200,61.003317,69.911499,-60.5054398,-508.331757
12201,61.008302,69.911499,-60.5054398,-508.331757
12202,61.013316,69.911499,-60.5054398,-508.331757
12203,61.018301,69.911499,-60.5054398,-508.331757
12204,61.023318,69.911499,-60.5054398,-508.331757
12205,61.028322,69.911499,-60.5054398,-508.331757
12206,61.033321,69.911499,-60.5054398,-508.331757
12207,61.038303,69.911499,-60.5054398,-508.331757
12208,61.043323,69.911499,-60.5054398,-508.331757
12209,61.048306,69.911499,-60.5054398,-508.331757
12210,61.053303,69.911499,-60.5054398,-508.331757
12211,61.058315,69.911499,-60.5054398,-508.331757
12212,61.063304,69.911499,-60.5054398,-508.331757
12213,61.068317,69.911499,-60.5054398,-508.331757
12214,61.073302,69.911499,-60.5054398,-508.331757
12215,61.078317,69.911499,-60.5054398,-508.331757
12216,61.083323,69.911499,-60.5054398,-508.331757
12217,61.088317,69.911499,-60.5054398,-508.331757
12218,61.093305,69.911499,-60.5054398,-508.331757
12219,61.098320,69.911499,-60.5054398,-508.331757
12220,61.103305,69.911499,-60.5054398,-508.331757
12221,61.108318,69.911499,-60.5054398,-508.331757
12222,61.113307,69.911499,-60.5054398,-508.331757
12223,61.118317,69.911499,-60.5054398,-508.331757
12224,61.123307,69.911499,-60.5054398,-508.331757
12225,61.128320,69.911499,-60.5054398,-508.331757
12226,61.133306,69.911499,-60.5054398,-508.331757
12227,61.138319,69.911499,-60.5054398,-508.331757
12228,61.143319,69.911499,-60.5054398,-508.331757
12229,61.148321,69.911499,-60.5054398,-508.331757
12230,61.153306,69.911499,-60.5054398,-508.331757
12231,61.158317,69.911499,-60.5054398,-508.331757
12232,61.163306,69.911499,-60.5054398,-508.331757
12233,61.168301,69.911499,-60.5054398,-508.331757
12234,61.173315,69.911499,-60.5054398,-508.331757
12235,61.178302,69.911499,-60.5054398,-508.331757
12236,61.183321,69.911499,-60.5054398,-508.331757
12237,61.188308,69.911499,-60.5054398,-508.331757
12238,61.193315,69.911499,-60.5054398,-508.331757
12239,61.198307,69.911499,-60.5054398,-508.331757
12240,61.203316,69.911499,-60.5054398,-508.331757
12241,61.208301,69.911499,-60.5054398,-508.331757
12242,61.213323,69.911499,-60.5054398,-508.331757
12243,61.218305,69.911499,-60.5054398,-508.331757
12244,61.223316,69.911499,-60.5054398,-508.331757
12245,61.228301,69.911499,-60.5054398,-508.331757
12246,61.233317,69.911499,-60.5054398,-508.331757
12247,61.238307,69.911499,-60.5054398,-508.331757
12248,61.243316,69.911499,-60.5054398,-508.331757
12249,61.248304,69.911499,-60.5054398,-508.331757
12250,61.253317,69.911499,-60.5054398,-508.331757
12251,61.258304,69.911499,-60.5054398,-508.331757
12252,61.263307,69.911499,-60.5054398,-508.331757
12253,61.268323,69.911499,-60.5054398,-508.331757
12254,61.273308,69.911499,-60.5054398,-508.331757
12255,61.278320,69.911499,-60.5054398,-508.331757
12256,61.283305,69.911499,-60.5054398,-508.331757
12257,61.288316,69.911499,-60.5054398,-508.331757
12258,61.293301,69.911499,-60.5054398,-508.331757
12259,61.298322,69.911499,-60.5054398,-508.331757
12260,61.303307,69.911499,-60.5054398,-508.331757
12261,61.308320,69.911499,-60.5054398,-508.331757
12262,61.313322,69.911499,-60.5054398,-508.331757
12263,61.318323,69.911499,-60.5054398,-508.331757
12264,61.323305,69.911499,-60.5054398,-508.331757
12265,61.328322,69.911499,-60.5054398,-508.331757
12266,61.333307,69.911499,-60.5054398,-508.331757
12267,61.338321,69.911499,-60.5054398,-508.331757
12268,61.343301,69.911499,-60.5054398,-508.331757
12269,61.348322,69.911499,-60.5054398,-508.331757
12270,61.353308,69.911499,-60.5054398,-508.331757
12271,61.358323,69.911499,-60.5054398,-508.331757
12272,61.363307,69.911499,-60.5054398,-508.331757
12273,61.368302,69.911499,-60.5054398,-508.331757
12274,61.373317,69.911499,-60.5054398,-508.331757
12275,61.378303,69.911499,-60.5054398,-508.331757
12276,61.383321,69.911499,-60.5054398,-508.331757
12277,61.388308,69.911499,-60.5054398,-508.331757
12278,61.393321,69.911499,-60.5054398,-508.331757
12279,61.398307,69.911499,-60.5054398,-508.331757
12280,61.403321,69.911499,-60.5054398,-508.331757
12281,61.408307,69.911499,-60.5054398,-508.331757
12282,61.413320,69.911499,-60.5054398,-508.331757
12283,61.418306,69.911499,-60.5054398,-508.331757
12284,61.423315,69.911499,-60.5054398,-508.331757
12285,61.428318,69.911499,-60.5054398,-508.331757
12286,61.433321,69.911499,-60.5054398,-508.331757
12287,61.438303,69.911499,-60.5054398,-508.331757
12288,61.443322,69.911499,-60.5054398,-508.331757
12289,61.448301,69.911499,-60.5054398,-508.331757
12290,61.453318,69.911499,-60.5054398,-508.331757
12291,61.458304,69.911499,-60.5054398,-508.331757
12292,61.463318,69.911499,-60.5054398,-508.331757
12293,61.468303,69.911499,-60.5054398,-508.331757
12294,61.473305,69.911499,-60.5054398,-508.331757
12295,61.478316,69.911499,-60.5054398,-508.331757
12296,61.483315,69.911499,-60.5054398,-508.331757
12297,61.488320,69.911499,-60.5054398,-508.331757
12298,61.493302,69.911499,-60.5054398,-508.331757
12299,61.498318,69.911499,-60.5054398,-508.331757
12300,61.503308,69.911499,-60.5054398,-508.331757
12301,61.508323,69.911499,-60.5054398,-508.331757
12302,61.513308,69.911499,-60.5054398,-508.331757
12303,61.518320,69.911499,-60.5054398,-508.331757
12304,61.523302,69.911499,-60.5054398,-508.331757
12305,61.528316,69.911499,-60.5054398,-508.331757
12306,61.533301,69.911499,-60.5054398,-508.331757
12307,61.538316,69.911499,-60.5054398,-508.331757
12308,61.543316,69.911499,-60.5054398,-508.331757
12309,61.548306,69.911499,-60.5054398,-508.331757
12310,61.553323,69.911499,-60.5054398,-508.331757
12311,61.558302,69.911499,-60.5054398,-508.331757
12312,61.563322,69.911499,-60.5054398,-508.331757
12313,61.568304,69.911499,-60.5054398,-508.331757
12314,61.573319,69.911499,-60.5054398,-508.331757
12315,61.578301,69.911499,-60.5054398,-508.331757
12316,61.583320,69.911499,-60.5054398,-508.331757
12317,61.588308,69.911499,-60.5054398,-508.331757
12318,61.593323,69.911499,-60.5054398,-508.331757
12319,61.598308,69.911499,-60.5054398,-508.331757
12320,61.603347,69.911499,-60.5054398,-508.331757
12321,61.608301,69.911499,-60.5054398,-508.331757
12322,61.613321,69.911499,-60.5054398,-508.331757
12323,61.618307,69.911499,-60.5054398,-508.331757
12324,61.623322,69.911499,-60.5054398,-508.331757
12325,61.628304,69.911499,-60.5054398,-508.331757
12326,61.633323,69.911499,-60.5054398,-508.331757
12327,61.638308,69.911499,-60.5054398,-508.331757
12328,61.643316,69.911499,-60.5054398,-508.331757
12329,61.648304,69.911499,-60.5054398,-508.331757
12330,61.653317,69.911499,-60.5054398,-508.331757
12331,61.658319,69.911499,-60.5054398,-508.331757
12332,61.663307,69.911499,-60.5054398,-508.331757
12333,61.668322,69.911499,-60.5054398,-508.331757
12334,61.673307,69.911499,-60.5054398,-508.331757
12335,61.678322,69.911499,-60.5054398,-508.331757
12336,61.683303,69.911499,-60.5054398,-508.331757
12337,61.688317,69.911499,-60.5054398,-508.331757
12338,61.693307,69.911499,-60.5054398,-508.331757
12339,61.698317,69.911499,-60.5054398,-508.331757
12340,61.703306,69.911499,-60.5054398,-508.331757
12341,61.708316,69.911499,-60.5054398,-508.331757
12342,61.713317,69.911499,-60.5054398,-508.331757
12343,61.718316,69.911499,-60.5054398,-508.331757
12344,61.723303,69.911499,-60.5054398,-508.331757
12345,61.728318,69.911499,-60.5054398,-508.331757
12346,61.733304,69.911499,-60.5054398,-508.331757
12347,61.738467,69.911499,-60.5054398,-508.331757
12348,61.743304,69.911499,-60.5054398,-508.331757
12349,61.748372,69.911499,-60.5054398,-508.331757
12350,61.753306,69.911499,-60.5054398,-508.331757
12351,61.758308,69.911499,-60.5054398,-508.331757
12352,61.763320,69.911499,-60.5054398,-508.331757
12353,61.768303,69.911499,-60.5054398,-508.331757
12354,61.773321,69.911499,-60.5054398,-508.331757
12355,61.778308,69.911499,-60.5054398,-508.331757
12356,61.783319,69.911499,-60.5054398,-508.331757
12357,61.788302,69.911499,-60.5054398,-508.331757
12358,61.793317,69.911499,-60.5054398,-508.331757
12359,61.798303,69.911499,-60.5054398,-508.331757
12360,61.803321,69.911499,-60.5054398,-508.331757
12361,61.808307,69.911499,-60.5054398,-508.331757
12362,61.813318,69.911499,-60.5054398,-508.331757
12363,61.818304,69.911499,-60.5054398,-508.331757
12364,61.823317,69.911499,-60.5054398,-508.331757
12365,61.828307,69.911499,-60.5054398,-508.331757
12366,61.833323,69.911499,-60.5054398,-508.331757
12367,61.838305,69.911499,-60.5054398,-508.331757
12368,61.843316,69.911499,-60.5054398,-508.331757
12369,61.848307,69.911499,-60.5054398,-508.331757
12370,61.853316,69.911499,-60.5054398,-508.331757
12371,61.858301,69.911499,-60.5054398,-508.331757
12372,61.863318,69.911499,-60.5054398,-508.331757
12373,61.868304,69.911499,-60.5054398,-508.331757
12374,61.873322,69.911499,-60.5054398,-508.331757
12375,61.878304,69.911499,-60.5054398,-508.331757
12376,61.883319,69.911499,-60.5054398,-508.331757
12377,61.888305,69.911499,-60.5054398,-508.331757
12378,61.893320,69.911499,-60.5054398,-508.331757
12379,61.898303,69.911499,-60.5054398,-508.331757
12380,61.903316,69.911499,-60.5054398,-508.331757
12381,61.908302,69.911499,-60.5054398,-508.331757
12382,61.913320,69.911499,-60.5054398,-508.331757
12383,61.918304,69.911499,-60.5054398,-508.331757
12384,61.923305,69.911499,-60.5054398,-508.331757
12385,61.928318,69.911499,-60.5054398,-508.331757
12386,61.933323,69.911499,-60.5054398,-508.331757
12387,61.938317,69.911499,-60.5054398,-508.331757
12388,61.943305,69.911499,-60.5054398,-508.331757
12389,61.948316,69.911499,-60.5054398,-508.331757
12390,61.953304,69.911499,-60.5054398,-508.331757
12391,61.958319,69.911499,-60.5054398,-508.331757
12392,61.963301,69.911499,-60.5054398,-508.331757
12393,61.968321,69.911499,-60.5054398,-508.331757
12394,61.973303,69.911499,-60.5054398,-508.331757
12395,61.978318,69.911499,-60.5054398,-508.331757
12396,61.983306,69.911499,-60.5054398,-508.331757
12397,61.988322,69.911499,-60.5054398,-508.331757
12398,61.993315,69.911499,-60.5054398,-508.331757
12399,61.998317,69.911499,-60.5054398,-508.331757
12400,62.003303,69.911499,-60.5054398,-508.331757
12401,62.008323,69.911499,-60.5054398,-508.331757
12402,62.013308,69.911499,-60.5054398,-508.331757
12403,62.018304,69.911499,-60.5054398,-508.331757
12404,62.023319,69.911499,-60.5054398,-508.331757
12405,62.028306,69.911499,-60.5054398,-508.331757
12406,62.033323,69.911499,-60.5054398,-508.331757
12407,62.038305,69.911499,-60.5054398,-508.331757
12408,62.043320,69.911499,-60.5054398,-508.331757
12409,62.048302,69.911499,-60.5054398,-508.331757
12410,62.053317,69.911499,-60.5054398,-508.331757
12411,62.058302,69.911499,-60.5054398,-508.331757
12412,62.063323,69.911499,-60.5054398,-508.331757
12413,62.068301,69.911499,-60.5054398,-508.331757
12414,62.073322,69.911499,-60.5054398,-508.331757
12415,62.078307,69.911499,-60.5054398,-508.331757
12416,62.083316,69.911499,-60.5054398,-508.331757
12417,62.088307,69.911499,-60.5054398,-508.331757
12418,62.093317,69.911499,-60.5054398,-508.331757
12419,62.098304,69.911499,-60.5054398,-508.331757
12420,62.103305,69.911499,-60.5054398,-508.331757
12421,62.108318,69.911499,-60.5054398,-508.331757
12422,62.113317,69.911499,-60.5054398,-508.331757
12423,62.118320,69.911499,-60.5054398,-508.331757
12424,62.123308,69.911499,-60.5054398,-508.331757
12425,62.128315,69.911499,-60.5054398,-508.331757
12426,62.133308,69.911499,-60.5054398,-508.331757
12427,62.138320,69.911499,-60.5054398,-508.331757
12428,62.143308,69.911499,-60.5054398,-508.331757
12429,62.148317,69.911499,-60.5054398,-508.331757
12430,62.153308,69.911499,-60.5054398,-508.331757
12431,62.158320,69.911499,-60.5054398,-508.331757
12432,62.163302,69.911499,-60.5054398,-508.331757
12433,62.168345,69.911499,-60.5054398,-508.331757
12434,62.173322,69.911499,-60.5054398,-508.331757
12435,62.178306,69.911499,-60.5054398,-508.331757
12436,62.183318,69.911499,-60.5054398,-508.331757
12437,62.188308,69.911499,-60.5054398,-508.331757
12438,62.193322,69.911499,-60.5054398,-508.331757
12439,62.198304,69.911499,-60.5054398,-508.331757
12440,62.203315,69.911499,-60.5054398,-508.331757
12441,62.208301,69.911499,-60.5054398,-508.331757
12442,62.213317,69.911499,-60.5054398,-508.331757
12443,62.218307,69.911499,-60.5054398,-508.331757
12444,62.223321,69.911499,-60.5054398,-508.331757
12445,62.228301,69.911499,-60.5054398,-508.331757
12446,62.233323,69.911499,-60.5054398,-508.331757
12447,62.238305,69.911499,-60.5054398,-508.331757
12448,62.243322,69.911499,-60.5054398,-508.331757
12449,62.248303,69.911499,-60.5054398,-508.331757
12450,62.253319,69.911499,-60.5054398,-508.331757
12451,62.258305,69.911499,-60.5054398,-508.331757
12452,62.263322,69.911499,-60.5054398,-508.331757
12453,62.268307,69.911499,-60.5054398,-508.331757
12454,62.273320,69.911499,-60.5054398,-508.331757
12455,62.278307,69.911499,-60.5054398,-508.331757
12456,62.283316,69.911499,-60.5054398,-508.331757
12457,62.288303,69.911499,-60.5054398,-508.331757
12458,62.293321,69.911499,-60.5054398,-508.331757
12459,62.298304,69.911499,-60.5054398,-508.331757
12460,62.303326,69.911499,-60.5054398,-508.331757
12461,62.308319,69.911499,-60.5054398,-508.331757
12462,62.313302,69.911499,-60.5054398,-508.331757
12463,62.318318,69.911499,-60.5054398,-508.331757
12464,62.323306,69.911499,-60.5054398,-508.331757
12465,62.328317,69.911499,-60.5054398,-508.331757
12466,62.333302,69.911499,-60.5054398,-508.331757
12467,62.338318,69.911499,-60.5054398,-508.331757
12468,62.343307,69.911499,-60.5054398,-508.331757
12469,62.348322,69.911499,-60.5054398,-508.331757
12470,62.353308,69.911499,-60.5054398,-508.331757
12471,62.358320,69.911499,-60.5054398,-508.331757
12472,62.363305,69.911499,-60.5054398,-508.331757
12473,62.368317,69.911499,-60.5054398,-508.331757
12474,62.373302,69.911499,-60.5054398,-508.331757
12475,62.378319,69.911499,-60.5054398,-508.331757
12476,62.383304,69.911499,-60.5054398,-508.331757
12477,62.388322,69.911499,-60.5054398,-508.331757
12478,62.393302,69.911499,-60.5054398,-508.331757
12479,62.398321,69.911499,-60.5054398,-508.331757
12480,62.403302,69.911499,-60.5054398,-508.331757
12481,62.408316,69.911499,-60.5054398,-508.331757
12482,62.413301,69.911499,-60.5054398,-508.331757
12483,62.418304,69.911499,-60.5054398,-508.331757
12484,62.423317,69.911499,-60.5054398,-508.331757
12485,62.428304,69.911499,-60.5054398,-508.331757
12486,62.433316,69.911499,-60.5054398,-508.331757
12487,62.438306,69.911499,-60.5054398,-508.331757
12488,62.443316,69.911499,-60.5054398,-508.331757
12489,62.448301,69.911499,-60.5054398,-508.331757
12490,62.453316,69.911499,-60.5054398,-508.331757
12491,62.458307,69.911499,-60.5054398,-508.331757
12492,62.463321,69.911499,-60.5054398,-508.331757
12493,62.468306,69.911499,-60.5054398,-508.331757
12494,62.473320,69.911499,-60.5054398,-508.331757
12495,62.478301,69.911499,-60.5054398,-508.331757
12496,62.483316,69.911499,-60.5054398,-508.331757
12497,62.488307,69.911499,-60.5054398,-508.331757
12498,62.493321,69.911499,-60.5054398,-508.331757
12499,62.498301,69.911499,-60.5054398,-508.331757
12500,62.503320,69.911499,-60.5054398,-508.331757
12501,62.508301,69.911499,-60.5054398,-508.331757
12502,62.513317,69.911499,-60.5054398,-508.331757
12503,62.518323,69.911499,-60.5054398,-508.331757
12504,62.523304,69.911499,-60.5054398,-508.331757
12505,62.528317,69.911499,-60.5054398,-508.331757
12506,62.533305,69.911499,-60.5054398,-508.331757
12507,62.538318,69.911499,-60.5054398,-508.331757
12508,62.543302,69.911499,-60.5054398,-508.331757
12509,62.548319,69.911499,-60.5054398,-508.331757
12510,62.553301,69.911499,-60.5054398,-508.331757
12511,62.558323,69.911499,-60.5054398,-508.331757
12512,62.563305,69.911499,-60.5054398,-508.331757
12513,62.568320,69.911499,-60.5054398,-508.331757
12514,62.573315,69.911499,-60.5054398,-508.331757
12515,62.578319,69.911499,-60.5054398,-508.331757
12516,62.583308,69.911499,-60.5054398,-508.331757
12517,62.588318,69.911499,-60.5054398,-508.331757
12518,62.593306,69.911499,-60.5054398,-508.331757
12519,62.598316,69.911499,-60.5054398,-508.331757
12520,62.603301,69.911499,-60.5054398,-508.331757
12521,62.608315,69.911499,-60.5054398,-508.331757
12522,62.613306,69.911499,-60.5054398,-508.331757
12523,62.618321,69.911499,-60.5054398,-508.331757
12524,62.623319,69.911499,-60.5054398,-508.331757
12525,62.628301,69.911499,-60.5054398,-508.331757
12526,62.633323,69.911499,-60.5054398,-508.331757
12527,62.638308,69.911499,-60.5054398,-508.331757
12528,62.643318,69.911499,-60.5054398,-508.331757
12529,62.648304,69.911499,-60.5054398,-508.331757
12530,62.653318,69.911499,-60.5054398,-508.331757
12531,62.658308,69.911499,-60.5054398,-508.331757
12532,62.663319,69.911499,-60.5054398,-508.331757
12533,62.668304,69.911499,-60.5054398,-508.331757
12534,62.673320,69.911499,-60.5054398,-508.331757
12535,62.678307,69.911499,-60.5054398,-508.331757
12536,62.683316,69.911499,-60.5054398,-508.331757
12537,62.688307,69.911499,-60.5054398,-508.331757
12538,62.693318,69.911499,-60.5054398,-508.331757
12539,62.698305,69.911499,-60.5054398,-508.331757
12540,62.703318,69.911499,-60.5054398,-508.331757
12541,62.708308,69.911499,-60.5054398,-508.331757
12542,62.713317,69.911499,-60.5054398,-508.331757
12543,62.718303,69.911499,-60.5054398,-508.331757
12544,62.723304,69.911499,-60.5054398,-508.331757
12545,62.728322,69.911499,-60.5054398,-508.331757
12546,62.733440,69.911499,-60.5054398,-508.331757
12547,62.738323,69.911499,-60.5054398,-508.331757
12548,62.743308,69.911499,-60.5054398,-508.331757
12549,62.748318,69.911499,-60.5054398,-508.331757
12550,62.753303,69.911499,-60.5054398,-508.331757
12551,62.758318,69.911499,-60.5054398,-508.331757
12552,62.763303,69.911499,-60.5054398,-508.331757
12553,62.768316,69.911499,-60.5054398,-508.331757
12554,62.773308,69.911499,-60.5054398,-508.331757
12555,62.778319,69.911499,-60.5054398,-508.331757
12556,62.783304,69.911499,-60.5054398,-508.331757
12557,62.788318,69.911499,-60.5054398,-508.331757
12558,62.793321,69.911499,-60.5054398,-508.331757
12559,62.798321,69.911499,-60.5054398,-508.331757
12560,62.803303,69.911499,-60.5054398,-508.331757
12561,62.808322,69.911499,-60.5054398,-508.331757
12562,62.813307,69.911499,-60.5054398,-508.331757
12563,62.818323,69.911499,-60.5054398,-508.331757
12564,62.823305,69.911499,-60.5054398,-508.331757
12565,62.828322,69.911499,-60.5054398,-508.331757
12566,62.833302,69.911499,-60.5054398,-508.331757
12567,62.838320,69.911499,-60.5054398,-508.331757
12568,62.843484,69.911499,-60.5054398,-508.331757
12569,62.848319,69.911499,-60.5054398,-508.331757
12570,62.853305,69.911499,-60.5054398,-508.331757
12571,62.858318,69.911499,-60.5054398,-508.331757
12572,62.863304,69.911499,-60.5054398,-508.331757
12573,62.868322,69.911499,-60.5054398,-508.331757
12574,62.873308,69.911499,-60.5054398,-508.331757
12575,62.878302,69.911499,-60.5054398,-508.331757
12576,62.883317,69.911499,-60.5054398,-508.331757
12577,62.888307,69.911499,-60.5054398,-508.331757
12578,62.893321,69.911499,-60.5054398,-508.331757
12579,62.898307,69.911499,-60.5054398,-508.331757
12580,62.903381,69.911499,-60.5054398,-508.331757
12581,62.908303,69.911499,-60.5054398,-508.331757
12582,62.913322,69.911499,-60.5054398,-508.331757
12583,62.918307,69.911499,-60.5054398,-508.331757
12584,62.923320,69.911499,-60.5054398,-508.331757
12585,62.928306,69.911499,-60.5054398,-508.331757
12586,62.933318,69.911499,-60.5054398,-508.331757
12587,62.938301,69.911499,-60.5054398,-508.331757
12588,62.943322,69.911499,-60.5054398,-508.331757
12589,62.948302,69.911499,-60.5054398,-508.331757
12590,62.953320,69.911499,-60.5054398,-508.331757
12591,62.958307,69.911499,-60.5054398,-508.331757
12592,62.963317,69.911499,-60.5054398,-508.331757
12593,62.968319,69.911499,-60.5054398,-508.331757
12594,62.973304,69.911499,-60.5054398,-508.331757
12595,62.978319,69.911499,-60.5054398,-508.331757
12596,62.983304,69.911499,-60.5054398,-508.331757
12597,62.988318,69.911499,-60.5054398,-508.331757
12598,62.993307,69.911499,-60.5054398,-508.331757
12599,62.998321,69.911499,-60.5054398,-508.331757
12600,63.003307,69.911499,-60.5054398,-508.331757
12601,63.008318,69.911499,-60.5054398,-508.331757
12602,63.013303,69.911499,-60.5054398,-508.331757
12603,63.018323,69.911499,-60.5054398,-508.331757
12604,63.023323,69.911499,-60.5054398,-508.331757
12605,63.028315,69.911499,-60.5054398,-508.331757
12606,63.033302,69.911499,-60.5054398,-508.331757
12607,63.038316,69.911499,-60.5054398,-508.331757
12608,63.043302,69.911499,-60.5054398,-508.331757
12609,63.048316,69.911499,-60.5054398,-508.331757
12610,63.053301,69.911499,-60.5054398,-508.331757
12611,63.058320,69.911499,-60.5054398,-508.331757
12612,63.063305,69.911499,-60.5054398,-508.331757
12613,63.068318,69.911499,-60.5054398,-508.331757
12614,63.073303,69.911499,-60.5054398,-508.331757
12615,63.078323,69.911499,-60.5054398,-508.331757
12616,63.083321,69.911499,-60.5054398,-508.331757
12617,63.088308,69.911499,-60.5054398,-508.331757
12618,63.093317,69.911499,-60.5054398,-508.331757
12619,63.098301,69.911499,-60.5054398,-508.331757
12620,63.103319,69.911499,-60.5054398,-508.331757
12621,63.108304,69.911499,-60.5054398,-508.331757
12622,63.113321,69.911499,-60.5054398,-508.331757
12623,63.118302,69.911499,-60.5054398,-508.331757
12624,63.123320,69.911499,-60.5054398,-508.331757
12625,63.128302,69.911499,-60.5054398,-508.331757
12626,63.133320,69.911499,-60.5054398,-508.331757
12627,63.138307,69.911499,-60.5054398,-508.331757
12628,63.143321,69.911499,-60.5054398,-508.331757
12629,63.148301,69.911499,-60.5054398,-508.331757
12630,63.153320,69.911499,-60.5054398,-508.331757
12631,63.158307,69.911499,-60.5054398,-508.331757
12632,63.163316,69.911499,-60.5054398,-508.331757
12633,63.168306,69.911499,-60.5054398,-508.331757
12634,63.173303,69.911499,-60.5054398,-508.331757
12635,63.178320,69.911499,-60.5054398,-508.331757
12636,63.183305,69.911499,-60.5054398,-508.331757
12637,63.188315,69.911499,-60.5054398,-508.331757
12638,63.193308,69.911499,-60.5054398,-508.331757
12639,63.198322,69.911499,-60.5054398,-508.331757
12640,63.203316,69.911499,-60.5054398,-508.331757
12641,63.208316,69.911499,-60.5054398,-508.331757
12642,63.213306,69.911499,-60.5054398,-508.331757
12643,63.218319,69.911499,-60.5054398,-508.331757
12644,63.223301,69.911499,-60.5054398,-508.331757
12645,63.228321,69.911499,-60.5054398,-508.331757
12646,63.233301,69.911499,-60.5054398,-508.331757
12647,63.238320,69.911499,-60.5054398,-508.331757
12648,63.243301,69.911499,-60.5054398,-508.331757
12649,63.248315,69.911499,-60.5054398,-508.331757
12650,63.253321,69.911499,-60.5054398,-508.331757
12651,63.258320,69.911499,-60.5054398,-508.331757
12652,63.263308,69.911499,-60.5054398,-508.331757
12653,63.268319,69.911499,-60.5054398,-508.331757
12654,63.273301,69.911499,-60.5054398,-508.331757
12655,63.278318,69.911499,-60.5054398,-508.331757
12656,63.283303,69.911499,-60.5054398,-508.331757
12657,63.288331,69.911499,-60.5054398,-508.331757
12658,63.293317,69.911499,-60.5054398,-508.331757
12659,63.298307,69.911499,-60.5054398,-508.331757
12660,63.303320,69.911499,-60.5054398,-508.331757
12661,63.308302,69.911499,-60.5054398,-508.331757
12662,63.313318,69.911499,-60.5054398,-508.331757
12663,63.318303,69.911499,-60.5054398,-508.331757
12664,63.323317,69.911499,-60.5054398,-508.331757
12665,63.328305,69.911499,-60.5054398,-508.331757
12666,63.333318,69.911499,-60.5054398,-508.331757
12667,63.338305,69.911499,-60.5054398,-508.331757
12668,63.343322,69.911499,-60.5054398,-508.331757
12669,63.348301,69.911499,-60.5054398,-508.331757
12670,63.353302,69.911499,-60.5054398,-508.331757
12671,63.358319,69.911499,-60.5054398,-508.331757
12672,63.363307,69.911499,-60.5054398,-508.331757
12673,63.368317,69.911499,-60.5054398,-508.331757
12674,63.373318,69.911499,-60.5054398,-508.331757
12675,63.378320,69.911499,-60.5054398,-508.331757
12676,63.383305,69.911499,-60.5054398,-508.331757
12677,63.388316,69.911499,-60.5054398,-508.331757
12678,63.393307,69.911499,-60.5054398,-508.331757
12679,63.398320,69.911499,-60.5054398,-508.331757
12680,63.403305,69.911499,-60.5054398,-508.331757
12681,63.408320,69.911499,-60.5054398,-508.331757
12682,63.413302,69.911499,-60.5054398,-508.331757
12683,63.418316,69.911499,-60.5054398,-508.331757
12684,63.423316,69.911499,-60.5054398,-508.331757
12685,63.428318,69.911499,-60.5054398,-508.331757
12686,63.433304,69.911499,-60.5054398,-508.331757
12687,63.438321,69.911499,-60.5054398,-508.331757
12688,63.443307,69.911499,-60.5054398,-508.331757
12689,63.448315,69.911499,-60.5054398,-508.331757
12690,63.453304,69.911499,-60.5054398,-508.331757
12691,63.458320,69.911499,-60.5054398,-508.331757
12692,63.463306,69.911499,-60.5054398,-508.331757
12693,63.468308,69.911499,-60.5054398,-508.331757
12694,63.473319,69.911499,-60.5054398,-508.331757
12695,63.478318,69.911499,-60.5054398,-508.331757
12696,63.483317,69.911499,-60.5054398,-508.331757
12697,63.488302,69.911499,-60.5054398,-508.331757
12698,63.493316,69.911499,-60.5054398,-508.331757
12699,63.498301,69.911499,-60.5054398,-508.331757
12700,63.503316,69.911499,-60.5054398,-508.331757
12701,63.508302,69.911499,-60.5054398,-508.331757
12702,63.513321,69.911499,-60.5054398,-508.331757
12703,63.518303,69.911499,-60.5054398,-508.331757
12704,63.523321,69.911499,-60.5054398,-508.331757
12705,63.528308,69.911499,-60.5054398,-508.331757
12706,63.533319,69.911499,-60.5054398,-508.331757
12707,63.538321,69.911499,-60.5054398,-508.331757
12708,63.543323,69.911499,-60.5054398,-508.331757
12709,63.548306,69.911499,-60.5054398,-508.331757
12710,63.553317,69.911499,-60.5054398,-508.331757
12711,63.558301,69.911499,-60.5054398,-508.331757
12712,63.563320,69.911499,-60.5054398,-508.331757
12713,63.568303,69.911499,-60.5054398,-508.331757
12714,63.573317,69.911499,-60.5054398,-508.331757
12715,63.578307,69.911499,-60.5054398,-508.331757
12716,63.583327,69.911499,-60.5054398,-508.331757
12717,63.588318,69.911499,-60.5054398,-508.331757
12718,63.593316,69.911499,-60.5054398,-508.331757
12719,63.598317,69.911499,-60.5054398,-508.331757
12720,63.603307,69.911499,-60.5054398,-508.331757
12721,63.608319,69.911499,-60.5054398,-508.331757
12722,63.613301,69.911499,-60.5054398,-508.331757
12723,63.618322,69.911499,-60.5054398,-508.331757
12724,63.623305,69.911499,-60.5054398,-508.331757
12725,63.628322,69.911499,-60.5054398,-508.331757
12726,63.633303,69.911499,-60.5054398,-508.331757
12727,63.638317,69.911499,-60.5054398,-508.331757
12728,63.643302,69.911499,-60.5054398,-508.331757
12729,63.648321,69.911499,-60.5054398,-508.331757
12730,63.653302,69.911499,-60.5054398,-508.331757
12731,63.658323,69.911499,-60.5054398,-508.331757
12732,63.663305,69.911499,-60.5054398,-508.331757
12733,63.668320,69.911499,-60.5054398,-508.331757
12734,63.673306,69.911499,-60.5054398,-508.331757
12735,63.678301,69.911499,-60.5054398,-508.331757
12736,63.683317,69.911499,-60.5054398,-508.331757
12737,63.688305,69.911499,-60.5054398,-508.331757
12738,63.693316,69.911499,-60.5054398,-508.331757
12739,63.698302,69.911499,-60.5054398,-508.331757
12740,63.703318,69.911499,-60.5054398,-508.331757
12741,63.708321,69.911499,-60.5054398,-508.331757
12742,63.713322,69.911499,-60.5054398,-508.331757
12743,63.718304,69.911499,-60.5054398,-508.331757
12744,63.723321,69.911499,-60.5054398,-508.331757
12745,63.728308,69.911499,-60.5054398,-508.331757
12746,63.733319,69.911499,-60.5054398,-508.331757
12747,63.738301,69.911499,-60.5054398,-508.331757
12748,63.743323,69.911499,-60.5054398,-508.331757
12749,63.748305,69.911499,-60.5054398,-508.331757
12750,63.753318,69.911499,-60.5054398,-508.331757
12751,63.758321,69.911499,-60.5054398,-508.331757
12752,63.763320,69.911499,-60.5054398,-508.331757
12753,63.768302,69.911499,-60.5054398,-508.331757
12754,63.773322,69.911499,-60.5054398,-508.331757
12755,63.778308,69.911499,-60.5054398,-508.331757
12756,63.783320,69.911499,-60.5054398,-508.331757
12757,63.788301,69.911499,-60.5054398,-508.331757
12758,63.793364,69.911499,-60.5054398,-508.331757
12759,63.798306,69.911499,-60.5054398,-508.331757
12760,63.803464,69.911499,-60.5054398,-508.331757
12761,63.808303,69.911499,-60.5054398,-508.331757
12762,63.813308,69.911499,-60.5054398,-508.331757
12763,63.818317,69.911499,-60.5054398,-508.331757
12764,63.823306,69.911499,-60.5054398,-508.331757
12765,63.828315,69.911499,-60.5054398,-508.331757
12766,63.833308,69.911499,-60.5054398,-508.331757
12767,63.838317,69.911499,-60.5054398,-508.331757
12768,63.843305,69.911499,-60.5054398,-508.331757
12769,63.848318,69.911499,-60.5054398,-508.331757
12770,63.853306,69.911499,-60.5054398,-508.331757
12771,63.858322,69.911499,-60.5054398,-508.331757
12772,63.863303,69.911499,-60.5054398,-508.331757
12773,63.868318,69.911499,-60.5054398,-508.331757
12774,63.873304,69.911499,-60.5054398,-508.331757
12775,63.878320,69.911499,-60.5054398,-508.331757
12776,63.883305,69.911499,-60.5054398,-508.331757
12777,63.888318,69.911499,-60.5054398,-508.331757
12778,63.893306,69.911499,-60.5054398,-508.331757
12779,63.898316,69.911499,-60.5054398,-508.331757
12780,63.903309,69.911499,-60.5054398,-508.331757
12781,63.908320,69.911499,-60.5054398,-508.331757
12782,63.913301,69.911499,-60.5054398,-508.331757
12783,63.918326,69.911499,-60.5054398,-508.331757
12784,63.923321,69.911499,-60.5054398,-508.331757
12785,63.928307,69.911499,-60.5054398,-508.331757
12786,63.933320,69.911499,-60.5054398,-508.331757
12787,63.938318,69.911499,-60.5054398,-508.331757
12788,63.943321,69.911499,-60.5054398,-508.331757
12789,63.948304,69.911499,-60.5054398,-508.331757
12790,63.953322,69.911499,-60.5054398,-508.331757
12791,63.958307,69.911499,-60.5054398,-508.331757
12792,63.963323,69.911499,-60.5054398,-508.331757
12793,63.968305,69.911499,-60.5054398,-508.331757
12794,63.973316,69.911499,-60.5054398,-508.331757
12795,63.978306,69.911499,-60.5054398,-508.331757
12796,63.983316,69.911499,-60.5054398,-508.331757
12797,63.988303,69.911499,-60.5054398,-508.331757
12798,63.993329,69.911499,-60.5054398,-508.331757
12799,63.998322,69.911499,-60.5054398,-508.331757
12800,64.003304,69.911499,-60.5054398,-508.331757
12801,64.008322,69.911499,-60.5054398,-508.331757
12802,64.013308,69.911499,-60.5054398,-508.331757
12803,64.018318,69.911499,-60.5054398,-508.331757
12804,64.023303,69.911499,-60.5054398,-508.331757
12805,64.028317,69.911499,-60.5054398,-508.331757
12806,64.033306,69.911499,-60.5054398,-508.331757
12807,64.038319,69.911499,-60.5054398,-508.331757
12808,64.043304,69.911499,-60.5054398,-508.331757
12809,64.048319,69.911499,-60.5054398,-508.331757
12810,64.053321,69.911499,-60.5054398,-508.331757
12811,64.058319,69.911499,-60.5054398,-508.331757
12812,64.063304,69.911499,-60.5054398,-508.331757
12813,64.068320,69.911499,-60.5054398,-508.331757
12814,64.073302,69.911499,-60.5054398,-508.331757
12815,64.078318,69.911499,-60.5054398,-508.331757
12816,64.083302,69.911499,-60.5054398,-508.331757
12817,64.088318,69.911499,-60.5054398,-508.331757
12818,64.093304,69.911499,-60.5054398,-508.331757
12819,64.098322,69.911499,-60.5054398,-508.331757
12820,64.103307,69.911499,-60.5054398,-508.331757
12821,64.108332,69.911499,-60.5054398,-508.331757
12822,64.113322,69.911499,-60.5054398,-508.331757
12823,64.118304,69.911499,-60.5054398,-508.331757
12824,64.123318,69.911499,-60.5054398,-508.331757
12825,64.128308,69.911499,-60.5054398,-508.331757
12826,64.133322,69.911499,-60.5054398,-508.331757
12827,64.138304,69.911499,-60.5054398,-508.331757
12828,64.143316,69.911499,-60.5054398,-508.331757
12829,64.148305,69.911499,-60.5054398,-508.331757
12830,64.153319,69.911499,-60.5054398,-508.331757
12831,64.158301,69.911499,-60.5054398,-508.331757
12832,64.163323,69.911499,-60.5054398,-508.331757
12833,64.168322,69.911499,-60.5054398,-508.331757
12834,64.173322,69.911499,-60.5054398,-508.331757
12835,64.178304,69.911499,-60.5054398,-508.331757
12836,64.183323,69.911499,-60.5054398,-508.331757
12837,64.188301,69.911499,-60.5054398,-508.331757
12838,64.193317,69.911499,-60.5054398,-508.331757
12839,64.198304,69.911499,-60.5054398,-508.331757
12840,64.203322,69.911499,-60.5054398,-508.331757
12841,64.208301,69.911499,-60.5054398,-508.331757
12842,64.213321,69.911499,-60.5054398,-508.331757
12843,64.218306,69.911499,-60.5054398,-508.331757
12844,64.223322,69.911499,-60.5054398,-508.331757
12845,64.228304,69.911499,-60.5054398,-508.331757
12846,64.233318,69.911499,-60.5054398,-508.331757
12847,64.238308,69.911499,-60.5054398,-508.331757
12848,64.243320,69.911499,-60.5054398,-508.331757
12849,64.248307,69.911499,-60.5054398,-508.331757
12850,64.253319,69.911499,-60.5054398,-508.331757
12851,64.258302,69.911499,-60.5054398,-508.331757
12852,64.263308,69.911499,-60.5054398,-508.331757
12853,64.268318,69.911499,-60.5054398,-508.331757
12854,64.273308,69.911499,-60.5054398,-508.331757
12855,64.278320,69.911499,-60.5054398,-508.331757
12856,64.283305,69.911499,-60.5054398,-508.331757
12857,64.288317,69.911499,-60.5054398,-508.331757
12858,64.293302,69.911499,-60.5054398,-508.331757
12859,64.298322,69.911499,-60.5054398,-508.331757
12860,64.303307,69.911499,-60.5054398,-508.331757
12861,64.308316,69.911499,-60.5054398,-508.331757
12862,64.313301,69.911499,-60.5054398,-508.331757
12863,64.318316,69.911499,-60.5054398,-508.331757
12864,64.323302,69.911499,-60.5054398,-508.331757
12865,64.328316,69.911499,-60.5054398,-508.331757
12866,64.333306,69.911499,-60.5054398,-508.331757
12867,64.338321,69.911499,-60.5054398,-508.331757
12868,64.343305,69.911499,-60.5054398,-508.331757
12869,64.348316,69.911499,-60.5054398,-508.331757
12870,64.353301,69.911499,-60.5054398,-508.331757
12871,64.358322,69.911499,-60.5054398,-508.331757
12872,64.363308,69.911499,-60.5054398,-508.331757
12873,64.368360,69.911499,-60.5054398,-508.331757
12874,64.373301,69.911499,-60.5054398,-508.331757
12875,64.378303,69.911499,-60.5054398,-508.331757
12876,64.383323,69.911499,-60.5054398,-508.331757
12877,64.388305,69.911499,-60.5054398,-508.331757
12878,64.393320,69.911499,-60.5054398,-508.331757
12879,64.398320,69.911499,-60.5054398,-508.331757
12880,64.403316,69.911499,-60.5054398,-508.331757
12881,64.408301,69.911499,-60.5054398,-508.331757
12882,64.413315,69.911499,-60.5054398,-508.331757
12883,64.418301,69.911499,-60.5054398,-508.331757
12884,64.423322,69.911499,-60.5054398,-508.331757
12885,64.428304,69.911499,-60.5054398,-508.331757
12886,64.433315,69.911499,-60.5054398,-508.331757
12887,64.438305,69.911499,-60.5054398,-508.331757
12888,64.443321,69.911499,-60.5054398,-508.331757
12889,64.448308,69.911499,-60.5054398,-508.331757
12890,64.453319,69.911499,-60.5054398,-508.331757
12891,64.458323,69.911499,-60.5054398,-508.331757
12892,64.463321,69.911499,-60.5054398,-508.331757
12893,64.468303,69.911499,-60.5054398,-508.331757
12894,64.473319,69.911499,-60.5054398,-508.331757
12895,64.478302,69.911499,-60.5054398,-508.331757
12896,64.483322,69.911499,-60.5054398,-508.331757
12897,64.488308,69.911499,-60.5054398,-508.331757
12898,64.493329,69.911499,-60.5054398,-508.331757
12899,64.498307,69.911499,-60.5054398,-508.331757
12900,64.503322,69.911499,-60.5054398,-508.331757
12901,64.508302,69.911499,-60.5054398,-508.331757
12902,64.513445,69.911499,-60.5054398,-508.331757
12903,64.518319,69.911499,-60.5054398,-508.331757
12904,64.523301,69.911499,-60.5054398,-508.331757
12905,64.528318,69.911499,-60.5054398,-508.331757
12906,64.533303,69.911499,-60.5054398,-508.331757
12907,64.538317,69.911499,-60.5054398,-508.331757
12908,64.543306,69.911499,-60.5054398,-508.331757
12909,64.548316,69.911499,-60.5054398,-508.331757
12910,64.553305,69.911499,-60.5054398,-508.331757
12911,64.558319,69.911499,-60.5054398,-508.331757
12912,64.563304,69.911499,-60.5054398,-508.331757
12913,64.568322,69.911499,-60.5054398,-508.331757
12914,64.573305,69.911499,-60.5054398,-508.331757
12915,64.578321,69.911499,-60.5054398,-508.331757
12916,64.583306,69.911499,-60.5054398,-508.331757
12917,64.588317,69.911499,-60.5054398,-508.331757
12918,64.593303,69.911499,-60.5054398,-508.331757
12919,64.598319,69.911499,-60.5054398,-508.331757
12920,64.603301,69.911499,-60.5054398,-508.331757
12921,64.608317,69.911499,-60.5054398,-508.331757
12922,64.613305,69.911499,-60.5054398,-508.331757
12923,64.618317,69.911499,-60.5054398,-508.331757
12924,64.623302,69.911499,-60.5054398,-508.331757
12925,64.628319,69.911499,-60.5054398,-508.331757
12926,64.633305,69.911499,-60.5054398,-508.331757
12927,64.638321,69.911499,-60.5054398,-508.331757
12928,64.643304,69.911499,-60.5054398,-508.331757
12929,64.648303,69.911499,-60.5054398,-508.331757
12930,64.653319,69.911499,-60.5054398,-508.331757
12931,64.658301,69.911499,-60.5054398,-508.331757
12932,64.663319,69.911499,-60.5054398,-508.331757
12933,64.668304,69.911499,-60.5054398,-508.331757
12934,64.673320,69.911499,-60.5054398,-508.331757
12935,64.678301,69.911499,-60.5054398,-508.331757
12936,64.683316,69.911499,-60.5054398,-508.331757
12937,64.688302,69.911499,-60.5054398,-508.331757
12938,64.693316,69.911499,-60.5054398,-508.331757
12939,64.698302,69.911499,-60.5054398,-508.331757
12940,64.703322,69.911499,-60.5054398,-508.331757
12941,64.708301,69.911499,-60.5054398,-508.331757
12942,64.713323,69.911499,-60.5054398,-508.331757
12943,64.718301,69.911499,-60.5054398,-508.331757
12944,64.723466,69.911499,-60.5054398,-508.331757
12945,64.728305,69.911499,-60.5054398,-508.331757
12946,64.733302,69.911499,-60.5054398,-508.331757
12947,64.738323,69.911499,-60.5054398,-508.331757
12948,64.743308,69.911499,-60.5054398,-508.331757
12949,64.748318,69.911499,-60.5054398,-508.331757
12950,64.753322,69.911499,-60.5054398,-508.331757
12951,64.758320,69.911499,-60.5054398,-508.331757
12952,64.763305,69.911499,-60.5054398,-508.331757
12953,64.768320,69.911499,-60.5054398,-508.331757
12954,64.773302,69.911499,-60.5054398,-508.331757
12955,64.778318,69.911499,-60.5054398,-508.331757
12956,64.783303,69.911499,-60.5054398,-508.331757
12957,64.788317,69.911499,-60.5054398,-508.331757
12958,64.793303,69.911499,-60.5054398,-508.331757
12959,64.798317,69.911499,-60.5054398,-508.331757
12960,64.803301,69.911499,-60.5054398,-508.331757
12961,64.808302,69.911499,-60.5054398,-508.331757
12962,64.813315,69.911499,-60.5054398,-508.331757
12963,64.818301,69.911499,-60.5054398,-508.331757
12964,64.823316,69.911499,-60.5054398,-508.331757
12965,64.828301,69.911499,-60.5054398,-508.331757
12966,64.833320,69.911499,-60.5054398,-508.331757
12967,64.838302,69.911499,-60.5054398,-508.331757
12968,64.843322,69.911499,-60.5054398,-508.331757
12969,64.848308,69.911499,-60.5054398,-508.331757
12970,64.853323,69.911499,-60.5054398,-508.331757
12971,64.858301,69.911499,-60.5054398,-508.331757
12972,64.863455,69.911499,-60.5054398,-508.331757
12973,64.868303,69.911499,-60.5054398,-508.331757
12974,64.873319,69.911499,-60.5054398,-508.331757
12975,64.878301,69.911499,-60.5054398,-508.331757
12976,64.883315,69.911499,-60.5054398,-508.331757
12977,64.888306,69.911499,-60.5054398,-508.331757
12978,64.893317,69.911499,-60.5054398,-508.331757
12979,64.898303,69.911499,-60.5054398,-508.331757
12980,64.903384,69.911499,-60.5054398,-508.331757
12981,64.908302,69.911499,-60.5054398,-508.331757
12982,64.913333,69.911499,-60.5054398,-508.331757
12983,64.918307,69.911499,-60.5054398,-508.331757
12984,64.923319,69.911499,-60.5054398,-508.331757
12985,64.928322,69.911499,-60.5054398,-508.331757
12986,64.933305,69.911499,-60.5054398,-508.331757
12987,64.938319,69.911499,-60.5054398,-508.331757
12988,64.943307,69.911499,-60.5054398,-508.331757
12989,64.948321,69.911499,-60.5054398,-508.331757
12990,64.953302,69.911499,-60.5054398,-508.331757
12991,64.958321,69.911499,-60.5054398,-508.331757
12992,64.963305,69.911499,-60.5054398,-508.331757
12993,64.968319,69.911499,-60.5054398,-508.331757
12994,64.973308,69.911499,-60.5054398,-508.331757
12995,64.978316,69.911499,-60.5054398,-508.331757
12996,64.983318,69.911499,-60.5054398,-508.331757
12997,64.988322,69.911499,-60.5054398,-508.331757
12998,64.993308,69.911499,-60.5054398,-508.331757
12999,64.998322,69.911499,-60.5054398,-508.331757
13000,65.003302,69.911499,-60.5054398,-508.331757
13001,65.008316,69.911499,-60.5054398,-508.331757
13002,65.013302,69.911499,-60.5054398,-508.331757
13003,65.018319,69.911499,-60.5054398,-508.331757
13004,65.023304,69.911499,-60.5054398,-508.331757
13005,65.028306,69.911499,-60.5054398,-508.331757
13006,65.033321,69.911499,-60.5054398,-508.331757
13007,65.038303,69.911499,-60.5054398,-508.331757
13008,65.043319,69.911499,-60.5054398,-508.331757
13009,65.048306,69.911499,-60.5054398,-508.331757
13010,65.053316,69.911499,-60.5054398,-508.331757
13011,65.058306,69.911499,-60.5054398,-508.331757
13012,65.063323,69.911499,-60.5054398,-508.331757
13013,65.068308,69.911499,-60.5054398,-508.331757
13014,65.073318,69.911499,-60.5054398,-508.331757
13015,65.078308,69.911499,-60.5054398,-508.331757
13016,65.083318,69.911499,-60.5054398,-508.331757
13017,65.088301,69.911499,-60.5054398,-508.331757
13018,65.093318,69.911499,-60.5054398,-508.331757
13019,65.098303,69.911499,-60.5054398,-508.331757
13020,65.103319,69.911499,-60.5054398,-508.331757
13021,65.108306,69.911499,-60.5054398,-508.331757
13022,65.113318,69.911499,-60.5054398,-508.331757
13023,65.118301,69.911499,-60.5054398,-508.331757
13024,65.123317,69.911499,-60.5054398,-508.331757
13025,65.128303,69.911499,-60.5054398,-508.331757
13026,65.133304,69.911499,-60.5054398,-508.331757
13027,65.138319,69.911499,-60.5054398,-508.331757
13028,65.143307,69.911499,-60.5054398,-508.331757
13029,65.148322,69.911499,-60.5054398,-508.331757
13030,65.153316,69.911499,-60.5054398,-508.331757
13031,65.158322,69.911499,-60.5054398,-508.331757
13032,65.163301,69.911499,-60.5054398,-508.331757
13033,65.168323,69.911499,-60.5054398,-508.331757
13034,65.173308,69.911499,-60.5054398,-508.331757
13035,65.178322,69.911499,-60.5054398,-508.331757
13036,65.183304,69.911499,-60.5054398,-508.331757
13037,65.188303,69.911499,-60.5054398,-508.331757
13038,65.193322,69.911499,-60.5054398,-508.331757
13039,65.198303,69.911499,-60.5054398,-508.331757
13040,65.203316,69.911499,-60.5054398,-508.331757
13041,65.208306,69.911499,-60.5054398,-508.331757
13042,65.213319,69.911499,-60.5054398,-508.331757
13043,65.218304,69.911499,-60.5054398,-508.331757
13044,65.223323,69.911499,-60.5054398,-508.331757
13045,65.228302,69.911499,-60.5054398,-508.331757
13046,65.233323,69.911499,-60.5054398,-508.331757
13047,65.238305,69.911499,-60.5054398,-508.331757
13048,65.243316,69.911499,-60.5054398,-508.331757
13049,65.248303,69.911499,-60.5054398,-508.331757
13050,65.253323,69.911499,-60.5054398,-508.331757
13051,65.258307,69.911499,-60.5054398,-508.331757
13052,65.263320,69.911499,-60.5054398,-508.331757
13053,65.268302,69.911499,-60.5054398,-508.331757
13054,65.273316,69.911499,-60.5054398,-508.331757
13055,65.278306,69.911499,-60.5054398,-508.331757
13056,65.283319,69.911499,-60.5054398,-508.331757
13057,65.288304,69.911499,-60.5054398,-508.331757
13058,65.293317,69.911499,-60.5054398,-508.331757
13059,65.298304,69.911499,-60.5054398,-508.331757
13060,65.303318,69.911499,-60.5054398,-508.331757
13061,65.308306,69.911499,-60.5054398,-508.331757
13062,65.313318,69.911499,-60.5054398,-508.331757
13063,65.318305,69.911499,-60.5054398,-508.331757
13064,65.323320,69.911499,-60.5054398,-508.331757
13065,65.328304,69.911499,-60.5054398,-508.331757
13066,65.333323,69.911499,-60.5054398,-508.331757
13067,65.338301,69.911499,-60.5054398,-508.331757
13068,65.343302,69.911499,-60.5054398,-508.331757
13069,65.348318,69.911499,-60.5054398,-508.331757
13070,65.353303,69.911499,-60.5054398,-508.331757
13071,65.358323,69.911499,-60.5054398,-508.331757
13072,65.363305,69.911499,-60.5054398,-508.331757
13073,65.368318,69.911499,-60.5054398,-508.331757
13074,65.373303,69.911499,-60.5054398,-508.331757
13075,65.378316,69.911499,-60.5054398,-508.331757
13076,65.383301,69.911499,-60.5054398,-508.331757
13077,65.388319,69.911499,-60.5054398,-508.331757
13078,65.393306,69.911499,-60.5054398,-508.331757
13079,65.398318,69.911499,-60.5054398,-508.331757
13080,65.403304,69.911499,-60.5054398,-508.331757
13081,65.408318,69.911499,-60.5054398,-508.331757
13082,65.413304,69.911499,-60.5054398,-508.331757
13083,65.418317,69.911499,-60.5054398,-508.331757
13084,65.423320,69.911499,-60.5054398,-508.331757
13085,65.428322,69.911499,-60.5054398,-508.331757
13086,65.433304,69.911499,-60.5054398,-508.331757
13087,65.438319,69.911499,-60.5054398,-508.331757
13088,65.443302,69.911499,-60.5054398,-508.331757
13089,65.448322,69.911499,-60.5054398,-508.331757
13090,65.453304,69.911499,-60.5054398,-508.331757
13091,65.458304,69.911499,-60.5054398,-508.331757
13092,65.463318,69.911499,-60.5054398,-508.331757
13093,65.468308,69.911499,-60.5054398,-508.331757
13094,65.473315,69.911499,-60.5054398,-508.331757
13095,65.478319,69.911499,-60.5054398,-508.331757
13096,65.483322,69.911499,-60.5054398,-508.331757
13097,65.488308,69.911499,-60.5054398,-508.331757
13098,65.493318,69.911499,-60.5054398,-508.331757
13099,65.498305,69.911499,-60.5054398,-508.331757
13100,65.503318,69.911499,-60.5054398,-508.331757
13101,65.508308,69.911499,-60.5054398,-508.331757
13102,65.513319,69.911499,-60.5054398,-508.331757
13103,65.518301,69.911499,-60.5054398,-508.331757
13104,65.523321,69.911499,-60.5054398,-508.331757
13105,65.528303,69.911499,-60.5054398,-508.331757
13106,65.533322,69.911499,-60.5054398,-508.331757
13107,65.538317,69.911499,-60.5054398,-508.331757
13108,65.543317,69.911499,-60.5054398,-508.331757
13109,65.548307,69.911499,-60.5054398,-508.331757
13110,65.553303,69.911499,-60.5054398,-508.331757
13111,65.558321,69.911499,-60.5054398,-508.331757
13112,65.563303,69.911499,-60.5054398,-508.331757
13113,65.568321,69.911499,-60.5054398,-508.331757
13114,65.573306,69.911499,-60.5054398,-508.331757
13115,65.578322,69.911499,-60.5054398,-508.331757
13116,65.583304,69.911499,-60.5054398,-508.331757
13117,65.588320,69.911499,-60.5054398,-508.331757
13118,65.593322,69.911499,-60.5054398,-508.331757
13119,65.598317,69.911499,-60.5054398,-508.331757
13120,65.603302,69.911499,-60.5054398,-508.331757
13121,65.608316,69.911499,-60.5054398,-508.331757
13122,65.613305,69.911499,-60.5054398,-508.331757
13123,65.618303,69.911499,-60.5054398,-508.331757
13124,65.623319,69.911499,-60.5054398,-508.331757
13125,65.628306,69.911499,-60.5054398,-508.331757
13126,65.633319,69.911499,-60.5054398,-508.331757
13127,65.638305,69.911499,-60.5054398,-508.331757
13128,65.643320,69.911499,-60.5054398,-508.331757
13129,65.648302,69.911499,-60.5054398,-508.331757
13130,65.653319,69.911499,-60.5054398,-508.331757
13131,65.658301,69.911499,-60.5054398,-508.331757
13132,65.663323,69.911499,-60.5054398,-508.331757
13133,65.668305,69.911499,-60.5054398,-508.331757
13134,65.673323,69.911499,-60.5054398,-508.331757
13135,65.678308,69.911499,-60.5054398,-508.331757
13136,65.683318,69.911499,-60.5054398,-508.331757
13137,65.688304,69.911499,-60.5054398,-508.331757
13138,65.693318,69.911499,-60.5054398,-508.331757
13139,65.698305,69.911499,-60.5054398,-508.331757
13140,65.703316,69.911499,-60.5054398,-508.331757
13141,65.708307,69.911499,-60.5054398,-508.331757
13142,65.713317,69.911499,-60.5054398,-508.331757
13143,65.718318,69.911499,-60.5054398,-508.331757
13144,65.723306,69.911499,-60.5054398,-508.331757
13145,65.728315,69.911499,-60.5054398,-508.331757
13146,65.733304,69.911499,-60.5054398,-508.331757
13147,65.738315,69.911499,-60.5054398,-508.331757
13148,65.743304,69.911499,-60.5054398,-508.331757
13149,65.748317,69.911499,-60.5054398,-508.331757
13150,65.753304,69.911499,-60.5054398,-508.331757
13151,65.758321,69.911499,-60.5054398,-508.331757
13152,65.763319,69.911499,-60.5054398,-508.331757
13153,65.768323,69.911499,-60.5054398,-508.331757
13154,65.773308,69.911499,-60.5054398,-508.331757
13155,65.778319,69.911499,-60.5054398,-508.331757
13156,65.783305,69.911499,-60.5054398,-508.331757
13157,65.788319,69.911499,-60.5054398,-508.331757
13158,65.793305,69.911499,-60.5054398,-508.331757
13159,65.798364,69.911499,-60.5054398,-508.331757
13160,65.803305,69.911499,-60.5054398,-508.331757
13161,65.808303,69.911499,-60.5054398,-508.331757
13162,65.813317,69.911499,-60.5054398,-508.331757
13163,65.818305,69.911499,-60.5054398,-508.331757
13164,65.823317,69.911499,-60.5054398,-508.331757
13165,65.828308,69.911499,-60.5054398,-508.331757
13166,65.833321,69.911499,-60.5054398,-508.331757
13167,65.838304,69.911499,-60.5054398,-508.331757
13168,65.843317,69.911499,-60.5054398,-508.331757
13169,65.848305,69.911499,-60.5054398,-508.331757
13170,65.853322,69.911499,-60.5054398,-508.331757
13171,65.858307,69.911499,-60.5054398,-508.331757
13172,65.863321,69.911499,-60.5054398,-508.331757
13173,65.868303,69.911499,-60.5054398,-508.331757
13174,65.873322,69.911499,-60.5054398,-508.331757
13175,65.878317,69.911499,-60.5054398,-508.331757
13176,65.883317,69.911499,-60.5054398,-508.331757
13177,65.888305,69.911499,-60.5054398,-508.331757
13178,65.893306,69.911499,-60.5054398,-508.331757
13179,65.898321,69.911499,-60.5054398,-508.331757
13180,65.903303,69.911499,-60.5054398,-508.331757
13181,65.908317,69.911499,-60.5054398,-508.331757
13182,65.913305,69.911499,-60.5054398,-508.331757
13183,65.918322,69.911499,-60.5054398,-508.331757
13184,65.923307,69.911499,-60.5054398,-508.331757
13185,65.928315,69.911499,-60.5054398,-508.331757
13186,65.933304,69.911499,-60.5054398,-508.331757
13187,65.938323,69.911499,-60.5054398,-508.331757
13188,65.943308,69.911499,-60.5054398,-508.331757
13189,65.948319,69.911499,-60.5054398,-508.331757
13190,65.953304,69.911499,-60.5054398,-508.331757
13191,65.958316,69.911499,-60.5054398,-508.331757
13192,65.963307,69.911499,-60.5054398,-508.331757
13193,65.968318,69.911499,-60.5054398,-508.331757
13194,65.973308,69.911499,-60.5054398,-508.331757
13195,65.978318,69.911499,-60.5054398,-508.331757
13196,65.983305,69.911499,-60.5054398,-508.331757
13197,65.988303,69.911499,-60.5054398,-508.331757
13198,65.993317,69.911499,-60.5054398,-508.331757
13199,65.998322,69.911499,-60.5054398,-508.331757
13200,66.003319,69.911499,-60.5054398,-508.331757
13201,66.008305,69.911499,-60.5054398,-508.331757
13202,66.013318,69.911499,-60.5054398,-508.331757
13203,66.018301,69.911499,-60.5054398,-508.331757
13204,66.023317,69.911499,-60.5054398,-508.331757
13205,66.028304,69.911499,-60.5054398,-508.331757
13206,66.033322,69.911499,-60.5054398,-508.331757
13207,66.038301,69.911499,-60.5054398,-508.331757
13208,66.043322,69.911499,-60.5054398,-508.331757
13209,66.048318,69.911499,-60.5054398,-508.331757
13210,66.053320,69.911499,-60.5054398,-508.331757
13211,66.058305,69.911499,-60.5054398,-508.331757
13212,66.063321,69.911499,-60.5054398,-508.331757
13213,66.068307,69.911499,-60.5054398,-508.331757
13214,66.073323,69.911499,-60.5054398,-508.331757
13215,66.078308,69.911499,-60.5054398,-508.331757
13216,66.083321,69.911499,-60.5054398,-508.331757
13217,66.088303,69.911499,-60.5054398,-508.331757
13218,66.093320,69.911499,-60.5054398,-508.331757
13219,66.098307,69.911499,-60.5054398,-508.331757
13220,66.103341,69.911499,-60.5054398,-508.331757
13221,66.108316,69.911499,-60.5054398,-508.331757
13222,66.113308,69.911499,-60.5054398,-508.331757
13223,66.118322,69.911499,-60.5054398,-508.331757
13224,66.123302,69.911499,-60.5054398,-508.331757
13225,66.128316,69.911499,-60.5054398,-508.331757
13226,66.133309,69.911499,-60.5054398,-508.331757
13227,66.138317,69.911499,-60.5054398,-508.331757
13228,66.143305,69.911499,-60.5054398,-508.331757
13229,66.148317,69.911499,-60.5054398,-508.331757
13230,66.153307,69.911499,-60.5054398,-508.331757
13231,66.158376,69.911499,-60.5054398,-508.331757
13232,66.163306,69.911499,-60.5054398,-508.331757
13233,66.168321,69.911499,-60.5054398,-508.331757
13234,66.173306,69.911499,-60.5054398,-508.331757
13235,66.178302,69.911499,-60.5054398,-508.331757
13236,66.183316,69.911499,-60.5054398,-508.331757
13237,66.188306,69.911499,-60.5054398,-508.331757
13238,66.193322,69.911499,-60.5054398,-508.331757
13239,66.198304,69.911499,-60.5054398,-508.331757
13240,66.203316,69.911499,-60.5054398,-508.331757
13241,66.208301,69.911499,-60.5054398,-508.331757
13242,66.213315,69.911499,-60.5054398,-508.331757
13243,66.218306,69.911499,-60.5054398,-508.331757
13244,66.223322,69.911499,-60.5054398,-508.331757
13245,66.228301,69.911499,-60.5054398,-508.331757
13246,66.233322,69.911499,-60.5054398,-508.331757
13247,66.238304,69.911499,-60.5054398,-508.331757
13248,66.243321,69.911499,-60.5054398,-508.331757
13249,66.248307,69.911499,-60.5054398,-508.331757
13250,66.253307,69.911499,-60.5054398,-508.331757
13251,66.258317,69.911499,-60.5054398,-508.331757
13252,66.263305,69.911499,-60.5054398,-508.331757
13253,66.268319,69.911499,-60.5054398,-508.331757
13254,66.273308,69.911499,-60.5054398,-508.331757
13255,66.278320,69.911499,-60.5054398,-508.331757
13256,66.283302,69.911499,-60.5054398,-508.331757
13257,66.288319,69.911499,-60.5054398,-508.331757
13258,66.293308,69.911499,-60.5054398,-508.331757
13259,66.298323,69.911499,-60.5054398,-508.331757
13260,66.303308,69.911499,-60.5054398,-508.331757
13261,66.308317,69.911499,-60.5054398,-508.331757
13262,66.313306,69.911499,-60.5054398,-508.331757
13263,66.318316,69.911499,-60.5054398,-508.331757
13264,66.323305,69.911499,-60.5054398,-508.331757
13265,66.328323,69.911499,-60.5054398,-508.331757
13266,66.333308,69.911499,-60.5054398,-508.331757
13267,66.338322,69.911499,-60.5054398,-508.331757
13268,66.343301,69.911499,-60.5054398,-508.331757
13269,66.348322,69.911499,-60.5054398,-508.331757
13270,66.353308,69.911499,-60.5054398,-508.331757
13271,66.358302,69.911499,-60.5054398,-508.331757
13272,66.363321,69.911499,-60.5054398,-508.331757
13273,66.368303,69.911499,-60.5054398,-508.331757
13274,66.373321,69.911499,-60.5054398,-508.331757
13275,66.378306,69.911499,-60.5054398,-508.331757
13276,66.383320,69.911499,-60.5054398,-508.331757
13277,66.388302,69.911499,-60.5054398,-508.331757
13278,66.393316,69.911499,-60.5054398,-508.331757
13279,66.398301,69.911499,-60.5054398,-508.331757
13280,66.403323,69.911499,-60.5054398,-508.331757
13281,66.408307,69.911499,-60.5054398,-508.331757
13282,66.413319,69.911499,-60.5054398,-508.331757
13283,66.418302,69.911499,-60.5054398,-508.331757
13284,66.423317,69.911499,-60.5054398,-508.331757
13285,66.428307,69.911499,-60.5054398,-508.331757
13286,66.433323,69.911499,-60.5054398,-508.331757
13287,66.438306,69.911499,-60.5054398,-508.331757
13288,66.443316,69.911499,-60.5054398,-508.331757
13289,66.448302,69.911499,-60.5054398,-508.331757
13290,66.453379,69.911499,-60.5054398,-508.331757
13291,66.458301,69.911499,-60.5054398,-508.331757
13292,66.463302,69.911499,-60.5054398,-508.331757
13293,66.468316,69.911499,-60.5054398,-508.331757
13294,66.473306,69.911499,-60.5054398,-508.331757
13295,66.478322,69.911499,-60.5054398,-508.331757
13296,66.483303,69.911499,-60.5054398,-508.331757
13297,66.488321,69.911499,-60.5054398,-508.331757
13298,66.493303,69.911499,-60.5054398,-508.331757
13299,66.498317,69.911499,-60.5054398,-508.331757
13300,66.503308,69.911499,-60.5054398,-508.331757
13301,66.508317,69.911499,-60.5054398,-508.331757
13302,66.513321,69.911499,-60.5054398,-508.331757
13303,66.518317,69.911499,-60.5054398,-508.331757
13304,66.523302,69.911499,-60.5054398,-508.331757
13305,66.528320,69.911499,-60.5054398,-508.331757
13306,66.533305,69.911499,-60.5054398,-508.331757
13307,66.538321,69.911499,-60.5054398,-508.331757
13308,66.543306,69.911499,-60.5054398,-508.331757
13309,66.548301,69.911499,-60.5054398,-508.331757
13310,66.553316,69.911499,-60.5054398,-508.331757
13311,66.558303,69.911499,-60.5054398,-508.331757
13312,66.563321,69.911499,-60.5054398,-508.331757
13313,66.568303,69.911499,-60.5054398,-508.331757
13314,66.573318,69.911499,-60.5054398,-508.331757
13315,66.578308,69.911499,-60.5054398,-508.331757
13316,66.583322,69.911499,-60.5054398,-508.331757
13317,66.588307,69.911499,-60.5054398,-508.331757
13318,66.593317,69.911499,-60.5054398,-508.331757
13319,66.598302,69.911499,-60.5054398,-508.331757
13320,66.603321,69.911499,-60.5054398,-508.331757
13321,66.608304,69.911499,-60.5054398,-508.331757
13322,66.613319,69.911499,-60.5054398,-508.331757
13323,66.618301,69.911499,-60.5054398,-508.331757
13324,66.623322,69.911499,-60.5054398,-508.331757
13325,66.628301,69.911499,-60.5054398,-508.331757
13326,66.633317,69.911499,-60.5054398,-508.331757
13327,66.638305,69.911499,-60.5054398,-508.331757
13328,66.643321,69.911499,-60.5054398,-508.331757
13329,66.648303,69.911499,-60.5054398,-508.331757
13330,66.653319,69.911499,-60.5054398,-508.331757
13331,66.658302,69.911499,-60.5054398,-508.331757
13332,66.663306,69.911499,-60.5054398,-508.331757
13333,66.668321,69.911499,-60.5054398,-508.331757
13334,66.673306,69.911499,-60.5054398,-508.331757
13335,66.678321,69.911499,-60.5054398,-508.331757
13336,66.683307,69.911499,-60.5054398,-508.331757
13337,66.688320,69.911499,-60.5054398,-508.331757
13338,66.693301,69.911499,-60.5054398,-508.331757
13339,66.698319,69.911499,-60.5054398,-508.331757
13340,66.703305,69.911499,-60.5054398,-508.331757
13341,66.708320,69.911499,-60.5054398,-508.331757
13342,66.713305,69.911499,-60.5054398,-508.331757
13343,66.718323,69.911499,-60.5054398,-508.331757
13344,66.723308,69.911499,-60.5054398,-508.331757
13345,66.728302,69.911499,-60.5054398,-508.331757
13346,66.733320,69.911499,-60.5054398,-508.331757
13347,66.738318,69.911499,-60.5054398,-508.331757
13348,66.743321,69.911499,-60.5054398,-508.331757
13349,66.748303,69.911499,-60.5054398,-508.331757
13350,66.753318,69.911499,-60.5054398,-508.331757
13351,66.758308,69.911499,-60.5054398,-508.331757
13352,66.763322,69.911499,-60.5054398,-508.331757
13353,66.768306,69.911499,-60.5054398,-508.331757
13354,66.773322,69.911499,-60.5054398,-508.331757
13355,66.778304,69.911499,-60.5054398,-508.331757
13356,66.783317,69.911499,-60.5054398,-508.331757
13357,66.788307,69.911499,-60.5054398,-508.331757
13358,66.793304,69.911499,-60.5054398,-508.331757
13359,66.798320,69.911499,-60.5054398,-508.331757
13360,66.803305,69.911499,-60.5054398,-508.331757
13361,66.808320,69.911499,-60.5054398,-508.331757
13362,66.813301,69.911499,-60.5054398,-508.331757
13363,66.818323,69.911499,-60.5054398,-508.331757
13364,66.823304,69.911499,-60.5054398,-508.331757
13365,66.828319,69.911499,-60.5054398,-508.331757
13366,66.833303,69.911499,-60.5054398,-508.331757
13367,66.838322,69.911499,-60.5054398,-508.331757
13368,66.843302,69.911499,-60.5054398,-508.331757
13369,66.848322,69.911499,-60.5054398,-508.331757
13370,66.853302,69.911499,-60.5054398,-508.331757
13371,66.858318,69.911499,-60.5054398,-508.331757
13372,66.863303,69.911499,-60.5054398,-508.331757
13373,66.868323,69.911499,-60.5054398,-508.331757
13374,66.873306,69.911499,-60.5054398,-508.331757
13375,66.878304,69.911499,-60.5054398,-508.331757
13376,66.883317,69.911499,-60.5054398,-508.331757
13377,66.888304,69.911499,-60.5054398,-508.331757
13378,66.893321,69.911499,-60.5054398,-508.331757
13379,66.898303,69.911499,-60.5054398,-508.331757
13380,66.903323,69.911499,-60.5054398,-508.331757
13381,66.908301,69.911499,-60.5054398,-508.331757
13382,66.913323,69.911499,-60.5054398,-508.331757
13383,66.918305,69.911499,-60.5054398,-508.331757
13384,66.923323,69.911499,-60.5054398,-508.331757
13385,66.928301,69.911499,-60.5054398,-508.331757
13386,66.933321,69.911499,-60.5054398,-508.331757
13387,66.938308,69.911499,-60.5054398,-508.331757
13388,66.943318,69.911499,-60.5054398,-508.331757
13389,66.948301,69.911499,-60.5054398,-508.331757
13390,66.953318,69.911499,-60.5054398,-508.331757
13391,66.958308,69.911499,-60.5054398,-508.331757
13392,66.963368,69.911499,-60.5054398,-508.331757
13393,66.968306,69.911499,-60.5054398,-508.331757
13394,66.973347,69.911499,-60.5054398,-508.331757
13395,66.978320,69.911499,-60.5054398,-508.331757
13396,66.983305,69.911499,-60.5054398,-508.331757
13397,66.988317,69.911499,-60.5054398,-508.331757
13398,66.993305,69.911499,-60.5054398,-508.331757
13399,66.998322,69.911499,-60.5054398,-508.331757
13400,67.003307,69.911499,-60.5054398,-508.331757
13401,67.008319,69.911499,-60.5054398,-508.331757
13402,67.013301,69.911499,-60.5054398,-508.331757
13403,67.018322,69.911499,-60.5054398,-508.331757
13404,67.023303,69.911499,-60.5054398,-508.331757
13405,67.028320,69.911499,-60.5054398,-508.331757
13406,67.033305,69.911499,-60.5054398,-508.331757
13407,67.038320,69.911499,-60.5054398,-508.331757
13408,67.043305,69.911499,-60.5054398,-508.331757
13409,67.048323,69.911499,-60.5054398,-508.331757
13410,67.053308,69.911499,-60.5054398,-508.331757
13411,67.058319,69.911499,-60.5054398,-508.331757
13412,67.063306,69.911499,-60.5054398,-508.331757
13413,67.068395,69.911499,-60.5054398,-508.331757
13414,67.073301,69.911499,-60.5054398,-508.331757
13415,67.078328,69.911499,-60.5054398,-508.331757
13416,67.083322,69.911499,-60.5054398,-508.331757
13417,67.088318,69.911499,-60.5054398,-508.331757
13418,67.093319,69.911499,-60.5054398,-508.331757
13419,67.098308,69.911499,-60.5054398,-508.331757
13420,67.103317,69.911499,-60.5054398,-508.331757
13421,67.108302,69.911499,-60.5054398,-508.331757
13422,67.113322,69.911499,-60.5054398,-508.331757
13423,67.118307,69.911499,-60.5054398,-508.331757
13424,67.123322,69.911499,-60.5054398,-508.331757
13425,67.128305,69.911499,-60.5054398,-508.331757
13426,67.133316,69.911499,-60.5054398,-508.331757
13427,67.138306,69.911499,-60.5054398,-508.331757
13428,67.143321,69.911499,-60.5054398,-508.331757
13429,67.148322,69.911499,-60.5054398,-508.331757
13430,67.153315,69.911499,-60.5054398,-508.331757
13431,67.158301,69.911499,-60.5054398,-508.331757
13432,67.163321,69.911499,-60.5054398,-508.331757
13433,67.168303,69.911499,-60.5054398,-508.331757
13434,67.173319,69.911499,-60.5054398,-508.331757
13435,67.178305,69.911499,-60.5054398,-508.331757
13436,67.183306,69.911499,-60.5054398,-508.331757
13437,67.188320,69.911499,-60.5054398,-508.331757